address,label,next_candidate,span_upper_bound,direct_callers,evidence,linear_instruction_boundary
0x00401000,sub_00401000,0x00401030,48,0,aligned_or_padded_ebp_prologue,True
0x00401030,sub_00401030,0x00401060,48,0,aligned_or_padded_ebp_prologue,True
0x00401060,sub_00401060,0x00401090,48,0,aligned_or_padded_ebp_prologue,True
0x00401090,sub_00401090,0x004010b0,32,0,aligned_or_padded_ebp_prologue,True
0x004010b0,sub_004010b0,0x004010d0,32,0,aligned_or_padded_ebp_prologue,True
0x004010d0,sub_004010d0,0x004010f0,32,0,aligned_or_padded_ebp_prologue,True
0x004010f0,sub_004010f0,0x00401100,16,0,aligned_or_padded_ebp_prologue,True
0x00401100,sub_00401100,0x00401120,32,0,aligned_or_padded_ebp_prologue,True
0x00401120,sub_00401120,0x00401140,32,0,aligned_or_padded_ebp_prologue,True
0x00401140,sub_00401140,0x00401160,32,0,aligned_or_padded_ebp_prologue,True
0x00401160,sub_00401160,0x00401180,32,0,aligned_or_padded_ebp_prologue,True
0x00401180,sub_00401180,0x00401190,16,0,aligned_or_padded_ebp_prologue,True
0x00401190,sub_00401190,0x004011c0,48,0,aligned_or_padded_ebp_prologue,True
0x004011c0,sub_004011c0,0x004011f0,48,0,aligned_or_padded_ebp_prologue,True
0x004011f0,sub_004011f0,0x00401210,32,0,aligned_or_padded_ebp_prologue,True
0x00401210,sub_00401210,0x00401240,48,0,aligned_or_padded_ebp_prologue,True
0x00401240,sub_00401240,0x00401280,64,0,aligned_or_padded_ebp_prologue,True
0x00401280,sub_00401280,0x0040a990,38672,0,aligned_or_padded_ebp_prologue,True
0x0040a990,sub_0040a990,0x0040a9c0,48,0,aligned_or_padded_ebp_prologue,True
0x0040a9c0,sub_0040a9c0,0x0040a9f0,48,0,aligned_or_padded_ebp_prologue,True
0x0040a9f0,sub_0040a9f0,0x0040aa10,32,0,aligned_or_padded_ebp_prologue,True
0x0040aa10,sub_0040aa10,0x0040aa40,48,0,aligned_or_padded_ebp_prologue,True
0x0040aa40,sub_0040aa40,0x0040ae40,1024,0,aligned_or_padded_ebp_prologue,True
0x0040ae40,sub_0040ae40,0x0040ae50,16,0,aligned_or_padded_ebp_prologue,True
0x0040ae50,sub_0040ae50,0x0040ae60,16,0,aligned_or_padded_ebp_prologue,True
0x0040ae60,sub_0040ae60,0x0040ae70,16,0,aligned_or_padded_ebp_prologue,True
0x0040ae70,sub_0040ae70,0x0040ae80,16,0,aligned_or_padded_ebp_prologue,True
0x0040ae80,sub_0040ae80,0x0040ae90,16,0,aligned_or_padded_ebp_prologue,True
0x0040ae90,sub_0040ae90,0x0040af10,128,0,aligned_or_padded_ebp_prologue,True
0x0040af10,sub_0040af10,0x0040af40,48,5,aligned_or_padded_ebp_prologue;direct_call_target,True
0x0040af40,sub_0040af40,0x0040afd0,144,1,aligned_or_padded_ebp_prologue;direct_call_target,True
0x0040afd0,sub_0040afd0,0x0040b070,160,1,aligned_or_padded_ebp_prologue;direct_call_target,True
0x0040b070,sub_0040b070,0x0040b0a0,48,1,aligned_or_padded_ebp_prologue;direct_call_target,True
0x0040b0a0,sub_0040b0a0,0x0040b0d0,48,1,aligned_or_padded_ebp_prologue;direct_call_target,True
0x0040b0d0,sub_0040b0d0,0x0040b0f0,32,1,aligned_or_padded_ebp_prologue;direct_call_target,True
0x0040b0f0,sub_0040b0f0,0x0040b120,48,7,aligned_or_padded_ebp_prologue;direct_call_target,True
0x0040b120,sub_0040b120,0x0040b130,16,13,aligned_or_padded_ebp_prologue;direct_call_target,True
0x0040b130,sub_0040b130,0x0040b190,96,1,aligned_or_padded_ebp_prologue;direct_call_target,True
0x0040b190,sub_0040b190,0x0040b1d0,64,2,aligned_or_padded_ebp_prologue;direct_call_target,True
0x0040b1d0,sub_0040b1d0,0x0040b280,176,5,aligned_or_padded_ebp_prologue;direct_call_target,True
0x0040b280,sub_0040b280,0x0040b290,16,1034,aligned_or_padded_ebp_prologue;direct_call_target,True
0x0040b290,sub_0040b290,0x0040b2a0,16,1,aligned_or_padded_ebp_prologue;direct_call_target,True
0x0040b2a0,sub_0040b2a0,0x0040b2b0,16,72,aligned_or_padded_ebp_prologue;direct_call_target,True
0x0040b2b0,sub_0040b2b0,0x0040b310,96,1,aligned_or_padded_ebp_prologue;direct_call_target,True
0x0040b310,sub_0040b310,0x0040b3e0,208,0,aligned_or_padded_ebp_prologue,True
0x0040b3e0,sub_0040b3e0,0x0040b4d0,240,1,aligned_or_padded_ebp_prologue;direct_call_target,True
0x0040b4d0,sub_0040b4d0,0x0040b4f0,32,24,aligned_or_padded_ebp_prologue;direct_call_target,True
0x0040b4f0,sub_0040b4f0,0x0040b520,48,1,aligned_or_padded_ebp_prologue;direct_call_target,True
0x0040b520,sub_0040b520,0x0040b530,16,3,aligned_or_padded_ebp_prologue;direct_call_target,True
0x0040b530,sub_0040b530,0x0040b550,32,1,aligned_or_padded_ebp_prologue;direct_call_target,True
0x0040b550,sub_0040b550,0x0040b5d0,128,2,aligned_or_padded_ebp_prologue;direct_call_target,True
0x0040b5d0,sub_0040b5d0,0x0040b630,96,3,aligned_or_padded_ebp_prologue;direct_call_target,True
0x0040b630,sub_0040b630,0x0040b650,32,2,aligned_or_padded_ebp_prologue;direct_call_target,True
0x0040b650,sub_0040b650,0x0040b670,32,1,aligned_or_padded_ebp_prologue;direct_call_target,True
0x0040b670,sub_0040b670,0x0040b690,32,36,aligned_or_padded_ebp_prologue;direct_call_target,True
0x0040b690,sub_0040b690,0x0040b6b0,32,1,aligned_or_padded_ebp_prologue;direct_call_target,True
0x0040b6b0,sub_0040b6b0,0x0040b6d0,32,1,aligned_or_padded_ebp_prologue;direct_call_target,True
0x0040b6d0,sub_0040b6d0,0x0040b6f0,32,3,aligned_or_padded_ebp_prologue;direct_call_target,True
0x0040b6f0,sub_0040b6f0,0x0040b710,32,1,aligned_or_padded_ebp_prologue;direct_call_target,True
0x0040b710,sub_0040b710,0x0040b730,32,3,aligned_or_padded_ebp_prologue;direct_call_target,True
0x0040b730,sub_0040b730,0x0040b760,48,137,aligned_or_padded_ebp_prologue;direct_call_target,True
0x0040b760,sub_0040b760,0x0040b780,32,1,aligned_or_padded_ebp_prologue;direct_call_target,True
0x0040b780,sub_0040b780,0x0040b7b0,48,11,aligned_or_padded_ebp_prologue;direct_call_target,True
0x0040b7b0,sub_0040b7b0,0x0040b810,96,1,aligned_or_padded_ebp_prologue;direct_call_target,True
0x0040b810,sub_0040b810,0x0040b850,64,1,aligned_or_padded_ebp_prologue;direct_call_target,True
0x0040b850,sub_0040b850,0x0040b880,48,1,aligned_or_padded_ebp_prologue;direct_call_target,True
0x0040b880,sub_0040b880,0x0040b8a0,32,1,aligned_or_padded_ebp_prologue;direct_call_target,True
0x0040b8a0,sub_0040b8a0,0x0040b8e0,64,3,aligned_or_padded_ebp_prologue;direct_call_target,True
0x0040b8e0,sub_0040b8e0,0x0040b900,32,4,aligned_or_padded_ebp_prologue;direct_call_target,True
0x0040b900,sub_0040b900,0x0040b920,32,182,aligned_or_padded_ebp_prologue;direct_call_target,True
0x0040b920,sub_0040b920,0x0040b960,64,4,aligned_or_padded_ebp_prologue;direct_call_target,True
0x0040b960,sub_0040b960,0x0040b980,32,1,aligned_or_padded_ebp_prologue;direct_call_target,True
0x0040b980,sub_0040b980,0x0040b9d0,80,11,aligned_or_padded_ebp_prologue;direct_call_target,True
0x0040b9d0,sub_0040b9d0,0x0040ba00,48,4,aligned_or_padded_ebp_prologue;direct_call_target,True
0x0040ba00,sub_0040ba00,0x0040ba80,128,2,aligned_or_padded_ebp_prologue;direct_call_target,True
0x0040ba80,sub_0040ba80,0x0040baa0,32,1,aligned_or_padded_ebp_prologue;direct_call_target,True
0x0040baa0,sub_0040baa0,0x0040bac0,32,9,aligned_or_padded_ebp_prologue;direct_call_target,True
0x0040bac0,sub_0040bac0,0x0040bb20,96,3,aligned_or_padded_ebp_prologue;direct_call_target,True
0x0040bb20,sub_0040bb20,0x0040bb60,64,1,aligned_or_padded_ebp_prologue;direct_call_target,True
0x0040bb60,sub_0040bb60,0x0040bbc0,96,1,aligned_or_padded_ebp_prologue;direct_call_target,True
0x0040bbc0,sub_0040bbc0,0x0040bbe0,32,63,aligned_or_padded_ebp_prologue;direct_call_target,True
0x0040bbe0,sub_0040bbe0,0x0040bc20,64,1,aligned_or_padded_ebp_prologue;direct_call_target,True
0x0040bc20,sub_0040bc20,0x0040bc60,64,112,aligned_or_padded_ebp_prologue;direct_call_target,True
0x0040bc60,sub_0040bc60,0x0040bcf0,144,4,aligned_or_padded_ebp_prologue;direct_call_target,True
0x0040bcf0,sub_0040bcf0,0x0040bd90,160,13,aligned_or_padded_ebp_prologue;direct_call_target,True
0x0040bd90,sub_0040bd90,0x0040bda0,16,3,aligned_or_padded_ebp_prologue;direct_call_target,True
0x0040bda0,sub_0040bda0,0x0040bdb0,16,399,aligned_or_padded_ebp_prologue;direct_call_target,True
0x0040bdb0,sub_0040bdb0,0x0040be90,224,1,aligned_or_padded_ebp_prologue;direct_call_target,True
0x0040be90,sub_0040be90,0x0040bea0,16,1,aligned_or_padded_ebp_prologue;direct_call_target,True
0x0040bea0,sub_0040bea0,0x0040bfb0,272,1,aligned_or_padded_ebp_prologue;direct_call_target,True
0x0040bfb0,sub_0040bfb0,0x0040bff0,64,2,aligned_or_padded_ebp_prologue;direct_call_target,True
0x0040bff0,sub_0040bff0,0x0040c050,96,2,aligned_or_padded_ebp_prologue;direct_call_target,True
0x0040c050,sub_0040c050,0x0040c080,48,1,aligned_or_padded_ebp_prologue;direct_call_target,True
0x0040c080,sub_0040c080,0x0040c0a0,32,295,aligned_or_padded_ebp_prologue;direct_call_target,True
0x0040c0a0,sub_0040c0a0,0x0040c140,160,1,aligned_or_padded_ebp_prologue;direct_call_target,True
0x0040c140,sub_0040c140,0x0040c160,32,2,aligned_or_padded_ebp_prologue;direct_call_target,True
0x0040c160,sub_0040c160,0x0040c180,32,1,aligned_or_padded_ebp_prologue;direct_call_target,True
0x0040c180,sub_0040c180,0x0040c1e0,96,1,aligned_or_padded_ebp_prologue;direct_call_target,True
0x0040c1e0,sub_0040c1e0,0x0040c240,96,1,aligned_or_padded_ebp_prologue;direct_call_target,True
0x0040c240,sub_0040c240,0x0040c280,64,1,aligned_or_padded_ebp_prologue;direct_call_target,True
0x0040c280,sub_0040c280,0x0040c2d0,80,1,aligned_or_padded_ebp_prologue;direct_call_target,True
0x0040c2d0,sub_0040c2d0,0x0040c300,48,2,aligned_or_padded_ebp_prologue;direct_call_target,True
0x0040c300,sub_0040c300,0x0040c310,16,621,aligned_or_padded_ebp_prologue;direct_call_target,True
0x0040c310,sub_0040c310,0x0040c340,48,137,aligned_or_padded_ebp_prologue;direct_call_target,True
0x0040c340,sub_0040c340,0x0040c360,32,1,aligned_or_padded_ebp_prologue;direct_call_target,True
0x0040c360,sub_0040c360,0x0040c3d0,112,2,aligned_or_padded_ebp_prologue;direct_call_target,True
0x0040c3d0,sub_0040c3d0,0x0040c3f0,32,3,aligned_or_padded_ebp_prologue;direct_call_target,True
0x0040c3f0,sub_0040c3f0,0x0040c420,48,6,aligned_or_padded_ebp_prologue;direct_call_target,True
0x0040c420,sub_0040c420,0x0040c470,80,4,aligned_or_padded_ebp_prologue;direct_call_target,True
0x0040c470,sub_0040c470,0x0040c4b0,64,3,aligned_or_padded_ebp_prologue;direct_call_target,True
0x0040c4b0,sub_0040c4b0,0x0040c4e0,48,2,aligned_or_padded_ebp_prologue;direct_call_target,True
0x0040c4e0,sub_0040c4e0,0x0040c510,48,5,aligned_or_padded_ebp_prologue;direct_call_target,True
0x0040c510,sub_0040c510,0x0040c550,64,1,aligned_or_padded_ebp_prologue;direct_call_target,True
0x0040c550,sub_0040c550,0x0040c590,64,2,aligned_or_padded_ebp_prologue;direct_call_target,True
0x0040c590,sub_0040c590,0x0040c600,112,1,aligned_or_padded_ebp_prologue;direct_call_target,True
0x0040c600,sub_0040c600,0x0040c640,64,1,aligned_or_padded_ebp_prologue;direct_call_target,True
0x0040c640,sub_0040c640,0x0040c660,32,1,aligned_or_padded_ebp_prologue;direct_call_target,True
0x0040c660,sub_0040c660,0x0040c680,32,2,aligned_or_padded_ebp_prologue;direct_call_target,True
0x0040c680,sub_0040c680,0x0040c6b0,48,1,aligned_or_padded_ebp_prologue;direct_call_target,True
0x0040c6b0,sub_0040c6b0,0x0040c6c0,16,291,aligned_or_padded_ebp_prologue;direct_call_target,True
0x0040c6c0,sub_0040c6c0,0x0040c6f0,48,4,aligned_or_padded_ebp_prologue;direct_call_target,True
0x0040c6f0,sub_0040c6f0,0x0040c720,48,5,aligned_or_padded_ebp_prologue;direct_call_target,True
0x0040c720,sub_0040c720,0x0040c750,48,5,aligned_or_padded_ebp_prologue;direct_call_target,True
0x0040c750,sub_0040c750,0x0040c770,32,3,aligned_or_padded_ebp_prologue;direct_call_target,True
0x0040c770,sub_0040c770,0x0040c7c0,80,21,aligned_or_padded_ebp_prologue;direct_call_target,True
0x0040c7c0,sub_0040c7c0,0x0040c7e0,32,3,aligned_or_padded_ebp_prologue;direct_call_target,True
0x0040c7e0,sub_0040c7e0,0x0040c800,32,1,aligned_or_padded_ebp_prologue;direct_call_target,True
0x0040c800,sub_0040c800,0x0040c890,144,6,aligned_or_padded_ebp_prologue;direct_call_target,True
0x0040c890,sub_0040c890,0x0040c920,144,6,aligned_or_padded_ebp_prologue;direct_call_target,True
0x0040c920,sub_0040c920,0x0040c990,112,1,aligned_or_padded_ebp_prologue;direct_call_target,True
0x0040c990,sub_0040c990,0x0040c9b0,32,9,aligned_or_padded_ebp_prologue;direct_call_target,True
0x0040c9b0,sub_0040c9b0,0x0040c9e0,48,3,aligned_or_padded_ebp_prologue;direct_call_target,True
0x0040c9e0,sub_0040c9e0,0x0040cb30,336,2,aligned_or_padded_ebp_prologue;direct_call_target,True
0x0040cb30,sub_0040cb30,0x0040cc50,288,1,aligned_or_padded_ebp_prologue;direct_call_target,True
0x0040cc50,sub_0040cc50,0x0040cd70,288,1,aligned_or_padded_ebp_prologue;direct_call_target,True
0x0040cd70,sub_0040cd70,0x0040cdf0,128,32,aligned_or_padded_ebp_prologue;direct_call_target,True
0x0040cdf0,sub_0040cdf0,0x0040ce40,80,1,aligned_or_padded_ebp_prologue;direct_call_target,True
0x0040ce40,sub_0040ce40,0x0040ce80,64,2,aligned_or_padded_ebp_prologue;direct_call_target,True
0x0040ce80,sub_0040ce80,0x0040cfc0,320,2,aligned_or_padded_ebp_prologue;direct_call_target,True
0x0040cfc0,sub_0040cfc0,0x0040d040,128,16,aligned_or_padded_ebp_prologue;direct_call_target,True
0x0040d040,sub_0040d040,0x0040d050,16,2,aligned_or_padded_ebp_prologue;direct_call_target,True
0x0040d050,sub_0040d050,0x0040d080,48,1,aligned_or_padded_ebp_prologue;direct_call_target,True
0x0040d080,sub_0040d080,0x0040d090,16,1,aligned_or_padded_ebp_prologue;direct_call_target,True
0x0040d090,sub_0040d090,0x0040d0a0,16,1,aligned_or_padded_ebp_prologue;direct_call_target,True
0x0040d0a0,sub_0040d0a0,0x0040d0e0,64,3,aligned_or_padded_ebp_prologue;direct_call_target,True
0x0040d0e0,sub_0040d0e0,0x0040d100,32,16,aligned_or_padded_ebp_prologue;direct_call_target,True
0x0040d100,sub_0040d100,0x0040d240,320,1,aligned_or_padded_ebp_prologue;direct_call_target,True
0x0040d240,sub_0040d240,0x0040d370,304,1,aligned_or_padded_ebp_prologue;direct_call_target,True
0x0040d370,sub_0040d370,0x0040d4b0,320,1,aligned_or_padded_ebp_prologue;direct_call_target,True
0x0040d4b0,sub_0040d4b0,0x0040d5e0,304,1,aligned_or_padded_ebp_prologue;direct_call_target,True
0x0040d5e0,sub_0040d5e0,0x0040d700,288,1,aligned_or_padded_ebp_prologue;direct_call_target,True
0x0040d700,sub_0040d700,0x0040d720,32,1,aligned_or_padded_ebp_prologue;direct_call_target,True
0x0040d720,sub_0040d720,0x0040d790,112,1,aligned_or_padded_ebp_prologue;direct_call_target,True
0x0040d790,sub_0040d790,0x0040d7d0,64,2,aligned_or_padded_ebp_prologue;direct_call_target,True
0x0040d7d0,sub_0040d7d0,0x0040d800,48,2,aligned_or_padded_ebp_prologue;direct_call_target,True
0x0040d800,sub_0040d800,0x0040d840,64,1,aligned_or_padded_ebp_prologue;direct_call_target,True
0x0040d840,sub_0040d840,0x0040d8c0,128,12,aligned_or_padded_ebp_prologue;direct_call_target,True
0x0040d8c0,sub_0040d8c0,0x0040d950,144,3,aligned_or_padded_ebp_prologue;direct_call_target,True
0x0040d950,sub_0040d950,0x0040d980,48,6,aligned_or_padded_ebp_prologue;direct_call_target,True
0x0040d980,sub_0040d980,0x0040d9b0,48,22,aligned_or_padded_ebp_prologue;direct_call_target,True
0x0040d9b0,sub_0040d9b0,0x0040d9e0,48,4,aligned_or_padded_ebp_prologue;direct_call_target,True
0x0040d9e0,sub_0040d9e0,0x0040da50,112,1,aligned_or_padded_ebp_prologue;direct_call_target,True
0x0040da50,sub_0040da50,0x0040db00,176,2,aligned_or_padded_ebp_prologue;direct_call_target,True
0x0040db00,sub_0040db00,0x0040db70,112,2,aligned_or_padded_ebp_prologue;direct_call_target,True
0x0040db70,sub_0040db70,0x0040dbf0,128,10,aligned_or_padded_ebp_prologue;direct_call_target,True
0x0040dbf0,sub_0040dbf0,0x0040dc60,112,3,aligned_or_padded_ebp_prologue;direct_call_target,True
0x0040dc60,sub_0040dc60,0x0040dcc0,96,10,aligned_or_padded_ebp_prologue;direct_call_target,True
0x0040dcc0,sub_0040dcc0,0x0040dd70,176,1,aligned_or_padded_ebp_prologue;direct_call_target,True
0x0040dd70,sub_0040dd70,0x0040ddd0,96,2,aligned_or_padded_ebp_prologue;direct_call_target,True
0x0040ddd0,sub_0040ddd0,0x0040de00,48,78,aligned_or_padded_ebp_prologue;direct_call_target,True
0x0040de00,sub_0040de00,0x0040de30,48,43,aligned_or_padded_ebp_prologue;direct_call_target,True
0x0040de30,sub_0040de30,0x0040de70,64,6,aligned_or_padded_ebp_prologue;direct_call_target,True
0x0040de70,sub_0040de70,0x0040de90,32,1,aligned_or_padded_ebp_prologue;direct_call_target,True
0x0040de90,sub_0040de90,0x0040dea0,16,10,aligned_or_padded_ebp_prologue;direct_call_target,True
0x0040dea0,sub_0040dea0,0x0040dec0,32,1,aligned_or_padded_ebp_prologue;direct_call_target,True
0x0040dec0,sub_0040dec0,0x0040df50,144,1,aligned_or_padded_ebp_prologue;direct_call_target,True
0x0040df50,sub_0040df50,0x0040e000,176,3,aligned_or_padded_ebp_prologue;direct_call_target,True
0x0040e000,sub_0040e000,0x0040e040,64,1,aligned_or_padded_ebp_prologue;direct_call_target,True
0x0040e040,sub_0040e040,0x0040e070,48,1,aligned_or_padded_ebp_prologue;direct_call_target,True
0x0040e070,sub_0040e070,0x0040e0a0,48,1,aligned_or_padded_ebp_prologue;direct_call_target,True
0x0040e0a0,sub_0040e0a0,0x0040e0d0,48,1,aligned_or_padded_ebp_prologue;direct_call_target,True
0x0040e0d0,sub_0040e0d0,0x0040e100,48,0,aligned_or_padded_ebp_prologue,True
0x0040e100,sub_0040e100,0x0040e130,48,2,aligned_or_padded_ebp_prologue;direct_call_target,True
0x0040e130,sub_0040e130,0x0040e160,48,1,aligned_or_padded_ebp_prologue;direct_call_target,True
0x0040e160,sub_0040e160,0x0040e1a0,64,9,aligned_or_padded_ebp_prologue;direct_call_target,True
0x0040e1a0,sub_0040e1a0,0x0040e200,96,5,aligned_or_padded_ebp_prologue;direct_call_target,True
0x0040e200,sub_0040e200,0x0040e230,48,2,aligned_or_padded_ebp_prologue;direct_call_target,True
0x0040e230,sub_0040e230,0x0040e260,48,1,aligned_or_padded_ebp_prologue;direct_call_target,True
0x0040e260,sub_0040e260,0x0040e310,176,0,aligned_or_padded_ebp_prologue,True
0x0040e310,sub_0040e310,0x0040e420,272,2,aligned_or_padded_ebp_prologue;direct_call_target,True
0x0040e420,sub_0040e420,0x0040e450,48,3,aligned_or_padded_ebp_prologue;direct_call_target,True
0x0040e450,sub_0040e450,0x0040e470,32,3,aligned_or_padded_ebp_prologue;direct_call_target,True
0x0040e470,sub_0040e470,0x0040e4a0,48,2,aligned_or_padded_ebp_prologue;direct_call_target,True
0x0040e4a0,sub_0040e4a0,0x0040e4d0,48,2,aligned_or_padded_ebp_prologue;direct_call_target,True
0x0040e4d0,sub_0040e4d0,0x0040e500,48,2,aligned_or_padded_ebp_prologue;direct_call_target,True
0x0040e500,sub_0040e500,0x0040e530,48,2,aligned_or_padded_ebp_prologue;direct_call_target,True
0x0040e530,sub_0040e530,0x0040e560,48,1,aligned_or_padded_ebp_prologue;direct_call_target,True
0x0040e560,sub_0040e560,0x0040e580,32,2,aligned_or_padded_ebp_prologue;direct_call_target,True
0x0040e580,sub_0040e580,0x0040e5a0,32,3,aligned_or_padded_ebp_prologue;direct_call_target,True
0x0040e5a0,sub_0040e5a0,0x0040e5c0,32,59,aligned_or_padded_ebp_prologue;direct_call_target,True
0x0040e5c0,sub_0040e5c0,0x0040e5e0,32,2,aligned_or_padded_ebp_prologue;direct_call_target,True
0x0040e5e0,sub_0040e5e0,0x0040e5f0,16,73,aligned_or_padded_ebp_prologue;direct_call_target,True
0x0040e5f0,sub_0040e5f0,0x0040e610,32,3,aligned_or_padded_ebp_prologue;direct_call_target,True
0x0040e610,sub_0040e610,0x0040e630,32,3,aligned_or_padded_ebp_prologue;direct_call_target,True
0x0040e630,sub_0040e630,0x0040e650,32,2,aligned_or_padded_ebp_prologue;direct_call_target,True
0x0040e650,sub_0040e650,0x0040e680,48,2,aligned_or_padded_ebp_prologue;direct_call_target,True
0x0040e680,sub_0040e680,0x0040e6c0,64,1,aligned_or_padded_ebp_prologue;direct_call_target,True
0x0040e6c0,sub_0040e6c0,0x0040e6e0,32,29,aligned_or_padded_ebp_prologue;direct_call_target,True
0x0040e6e0,sub_0040e6e0,0x0040e700,32,3,aligned_or_padded_ebp_prologue;direct_call_target,True
0x0040e700,sub_0040e700,0x0040e710,16,189,aligned_or_padded_ebp_prologue;direct_call_target,True
0x0040e710,sub_0040e710,0x0040e760,80,2,aligned_or_padded_ebp_prologue;direct_call_target,True
0x0040e760,sub_0040e760,0x0040e7c0,96,1,aligned_or_padded_ebp_prologue;direct_call_target,True
0x0040e7c0,sub_0040e7c0,0x0040e800,64,6,aligned_or_padded_ebp_prologue;direct_call_target,True
0x0040e800,sub_0040e800,0x0040e830,48,1,aligned_or_padded_ebp_prologue;direct_call_target,True
0x0040e830,sub_0040e830,0x0040e840,16,1,aligned_or_padded_ebp_prologue;direct_call_target,True
0x0040e840,sub_0040e840,0x0040e8a0,96,4,aligned_or_padded_ebp_prologue;direct_call_target,True
0x0040e8a0,sub_0040e8a0,0x0040e900,96,4,aligned_or_padded_ebp_prologue;direct_call_target,True
0x0040e900,sub_0040e900,0x0040e960,96,2,aligned_or_padded_ebp_prologue;direct_call_target,True
0x0040e960,sub_0040e960,0x0040e9c0,96,4,aligned_or_padded_ebp_prologue;direct_call_target,True
0x0040e9c0,sub_0040e9c0,0x0040e9f0,48,2,aligned_or_padded_ebp_prologue;direct_call_target,True
0x0040e9f0,sub_0040e9f0,0x0040ea10,32,2,aligned_or_padded_ebp_prologue;direct_call_target,True
0x0040ea10,sub_0040ea10,0x0040ea30,32,1,aligned_or_padded_ebp_prologue;direct_call_target,True
0x0040ea30,sub_0040ea30,0x0040ea60,48,0,aligned_or_padded_ebp_prologue,True
0x0040ea60,sub_0040ea60,0x0040ea90,48,0,aligned_or_padded_ebp_prologue,True
0x0040ea90,sub_0040ea90,0x0040eac0,48,0,aligned_or_padded_ebp_prologue,True
0x0040eac0,sub_0040eac0,0x0040eaf0,48,0,aligned_or_padded_ebp_prologue,True
0x0040eaf0,sub_0040eaf0,0x0040eb20,48,0,aligned_or_padded_ebp_prologue,True
0x0040eb20,sub_0040eb20,0x0040eb50,48,0,aligned_or_padded_ebp_prologue,True
0x0040eb50,sub_0040eb50,0x0040eb80,48,0,aligned_or_padded_ebp_prologue,True
0x0040eb80,sub_0040eb80,0x0040eba0,32,17,aligned_or_padded_ebp_prologue;direct_call_target,True
0x0040eba0,sub_0040eba0,0x0040ebe0,64,6,aligned_or_padded_ebp_prologue;direct_call_target,True
0x0040ebe0,sub_0040ebe0,0x0040ec20,64,3,aligned_or_padded_ebp_prologue;direct_call_target,True
0x0040ec20,sub_0040ec20,0x0040ec90,112,1,aligned_or_padded_ebp_prologue;direct_call_target,True
0x0040ec90,sub_0040ec90,0x0040eca0,16,15,aligned_or_padded_ebp_prologue;direct_call_target,True
0x0040eca0,sub_0040eca0,0x0040ecc0,32,3,aligned_or_padded_ebp_prologue;direct_call_target,True
0x0040ecc0,sub_0040ecc0,0x0040ed00,64,4,aligned_or_padded_ebp_prologue;direct_call_target,True
0x0040ed00,sub_0040ed00,0x0040ed70,112,6,aligned_or_padded_ebp_prologue;direct_call_target,True
0x0040ed70,sub_0040ed70,0x0040edb0,64,4,aligned_or_padded_ebp_prologue;direct_call_target,True
0x0040edb0,sub_0040edb0,0x0040ee20,112,3,aligned_or_padded_ebp_prologue;direct_call_target,True
0x0040ee20,sub_0040ee20,0x0040ee40,32,6,aligned_or_padded_ebp_prologue;direct_call_target,True
0x0040ee40,sub_0040ee40,0x0040eea0,96,2,aligned_or_padded_ebp_prologue;direct_call_target,True
0x0040eea0,sub_0040eea0,0x0040ef00,96,1,aligned_or_padded_ebp_prologue;direct_call_target,True
0x0040ef00,sub_0040ef00,0x0040f040,320,1,aligned_or_padded_ebp_prologue;direct_call_target,True
0x0040f040,sub_0040f040,0x0040f060,32,5,aligned_or_padded_ebp_prologue;direct_call_target,True
0x0040f060,sub_0040f060,0x0040f080,32,5,aligned_or_padded_ebp_prologue;direct_call_target,True
0x0040f080,sub_0040f080,0x0040f0c0,64,1,aligned_or_padded_ebp_prologue;direct_call_target,True
0x0040f0c0,sub_0040f0c0,0x0040f100,64,2,aligned_or_padded_ebp_prologue;direct_call_target,True
0x0040f100,sub_0040f100,0x0040f160,96,1,aligned_or_padded_ebp_prologue;direct_call_target,True
0x0040f160,sub_0040f160,0x0040f180,32,454,aligned_or_padded_ebp_prologue;direct_call_target,True
0x0040f180,sub_0040f180,0x0040f1b0,48,5,aligned_or_padded_ebp_prologue;direct_call_target,True
0x0040f1b0,sub_0040f1b0,0x0040f1e0,48,3,aligned_or_padded_ebp_prologue;direct_call_target,True
0x0040f1e0,sub_0040f1e0,0x0040f200,32,3,aligned_or_padded_ebp_prologue;direct_call_target,True
0x0040f200,sub_0040f200,0x0040f2c0,192,1,aligned_or_padded_ebp_prologue;direct_call_target,True
0x0040f2c0,sub_0040f2c0,0x0040f300,64,27,aligned_or_padded_ebp_prologue;direct_call_target,True
0x0040f300,sub_0040f300,0x0040f340,64,9,aligned_or_padded_ebp_prologue;direct_call_target,True
0x0040f340,sub_0040f340,0x0040f560,544,1,direct_call_target,True
0x0040f560,sub_0040f560,0x0040f670,272,1,aligned_or_padded_ebp_prologue;direct_call_target,True
0x0040f670,sub_0040f670,0x0040f6a0,48,2,aligned_or_padded_ebp_prologue;direct_call_target,True
0x0040f6a0,sub_0040f6a0,0x0040f6f0,80,4,aligned_or_padded_ebp_prologue;direct_call_target,True
0x0040f6f0,sub_0040f6f0,0x0040f740,80,2,aligned_or_padded_ebp_prologue;direct_call_target,True
0x0040f740,sub_0040f740,0x0040f880,320,2,aligned_or_padded_ebp_prologue;direct_call_target,True
0x0040f880,sub_0040f880,0x0040f8b0,48,14,aligned_or_padded_ebp_prologue;direct_call_target,True
0x0040f8b0,sub_0040f8b0,0x0040f960,176,1,direct_call_target,True
0x0040f960,sub_0040f960,0x0040f9a0,64,3,aligned_or_padded_ebp_prologue;direct_call_target,True
0x0040f9a0,sub_0040f9a0,0x0040f9e0,64,1,aligned_or_padded_ebp_prologue;direct_call_target,True
0x0040f9e0,sub_0040f9e0,0x0040fa70,144,3,aligned_or_padded_ebp_prologue;direct_call_target,True
0x0040fa70,sub_0040fa70,0x0040fb00,144,2,aligned_or_padded_ebp_prologue;direct_call_target,True
0x0040fb00,sub_0040fb00,0x0040fb10,16,18,aligned_or_padded_ebp_prologue;direct_call_target,True
0x0040fb10,sub_0040fb10,0x0040fb40,48,1,aligned_or_padded_ebp_prologue;direct_call_target,True
0x0040fb40,sub_0040fb40,0x0040fb70,48,1,aligned_or_padded_ebp_prologue;direct_call_target,True
0x0040fb70,sub_0040fb70,0x0040fbb0,64,2,aligned_or_padded_ebp_prologue;direct_call_target,True
0x0040fbb0,sub_0040fbb0,0x0040fc40,144,1,aligned_or_padded_ebp_prologue;direct_call_target,True
0x0040fc40,sub_0040fc40,0x0040fc70,48,1,aligned_or_padded_ebp_prologue;direct_call_target,True
0x0040fc70,sub_0040fc70,0x0040fd00,144,3,aligned_or_padded_ebp_prologue;direct_call_target,True
0x0040fd00,sub_0040fd00,0x0040fda0,160,1,aligned_or_padded_ebp_prologue;direct_call_target,True
0x0040fda0,sub_0040fda0,0x0040fde0,64,1,aligned_or_padded_ebp_prologue;direct_call_target,True
0x0040fde0,sub_0040fde0,0x0040fdf0,16,1,aligned_or_padded_ebp_prologue;direct_call_target,True
0x0040fdf0,sub_0040fdf0,0x0040fe30,64,1,aligned_or_padded_ebp_prologue;direct_call_target,True
0x0040fe30,sub_0040fe30,0x0040fe50,32,1,aligned_or_padded_ebp_prologue;direct_call_target,True
0x0040fe50,sub_0040fe50,0x0040fe90,64,3,aligned_or_padded_ebp_prologue;direct_call_target,True
0x0040fe90,sub_0040fe90,0x0040fec0,48,28,aligned_or_padded_ebp_prologue;direct_call_target,True
0x0040fec0,sub_0040fec0,0x0040ff00,64,2,aligned_or_padded_ebp_prologue;direct_call_target,True
0x0040ff00,sub_0040ff00,0x0040ff30,48,17,aligned_or_padded_ebp_prologue;direct_call_target,True
0x0040ff30,sub_0040ff30,0x0040ff50,32,19,aligned_or_padded_ebp_prologue;direct_call_target,True
0x0040ff50,sub_0040ff50,0x0040ff70,32,5,aligned_or_padded_ebp_prologue;direct_call_target,True
0x0040ff70,sub_0040ff70,0x0040ff90,32,4,aligned_or_padded_ebp_prologue;direct_call_target,True
0x0040ff90,sub_0040ff90,0x0040ffb0,32,351,aligned_or_padded_ebp_prologue;direct_call_target,True
0x0040ffb0,sub_0040ffb0,0x0040ffd0,32,1,aligned_or_padded_ebp_prologue;direct_call_target,True
0x0040ffd0,sub_0040ffd0,0x00410030,96,21,aligned_or_padded_ebp_prologue;direct_call_target,True
0x00410030,sub_00410030,0x004100a0,112,10,aligned_or_padded_ebp_prologue;direct_call_target,True
0x004100a0,sub_004100a0,0x004100c0,32,3,aligned_or_padded_ebp_prologue;direct_call_target,True
0x004100c0,sub_004100c0,0x004100e0,32,1,aligned_or_padded_ebp_prologue;direct_call_target,True
0x004100e0,sub_004100e0,0x004102a0,448,6,aligned_or_padded_ebp_prologue;direct_call_target,True
0x004102a0,sub_004102a0,0x00410340,160,0,aligned_or_padded_ebp_prologue,True
0x00410340,sub_00410340,0x00410360,32,0,aligned_or_padded_ebp_prologue,True
0x00410360,sub_00410360,0x00410390,48,3,aligned_or_padded_ebp_prologue;direct_call_target,True
0x00410390,sub_00410390,0x004103c0,48,4,aligned_or_padded_ebp_prologue;direct_call_target,True
0x004103c0,sub_004103c0,0x00410580,448,3,aligned_or_padded_ebp_prologue;direct_call_target,True
0x00410580,sub_00410580,0x004105d0,80,0,aligned_or_padded_ebp_prologue,True
0x004105d0,sub_004105d0,0x00410610,64,0,aligned_or_padded_ebp_prologue,True
0x00410610,sub_00410610,0x00410680,112,1,aligned_or_padded_ebp_prologue;direct_call_target,True
0x00410680,sub_00410680,0x004106e0,96,1,aligned_or_padded_ebp_prologue;direct_call_target,True
0x004106e0,sub_004106e0,0x004107a0,192,4,aligned_or_padded_ebp_prologue;direct_call_target,True
0x004107a0,sub_004107a0,0x00410840,160,3,aligned_or_padded_ebp_prologue;direct_call_target,True
0x00410840,sub_00410840,0x00410990,336,2,aligned_or_padded_ebp_prologue;direct_call_target,True
0x00410990,sub_00410990,0x00410aa0,272,2,aligned_or_padded_ebp_prologue;direct_call_target,True
0x00410aa0,sub_00410aa0,0x00410cf0,592,19,aligned_or_padded_ebp_prologue;direct_call_target,True
0x00410cf0,sub_00410cf0,0x00410e70,384,1,aligned_or_padded_ebp_prologue;direct_call_target,True
0x00410e70,sub_00410e70,0x00411060,496,3,aligned_or_padded_ebp_prologue;direct_call_target,True
0x00411060,sub_00411060,0x00411160,256,6,aligned_or_padded_ebp_prologue;direct_call_target,True
0x00411160,sub_00411160,0x00411170,16,4,aligned_or_padded_ebp_prologue;direct_call_target,True
0x00411170,sub_00411170,0x00411180,16,48,aligned_or_padded_ebp_prologue;direct_call_target,True
0x00411180,sub_00411180,0x004111c0,64,6,aligned_or_padded_ebp_prologue;direct_call_target,True
0x004111c0,sub_004111c0,0x004111e0,32,1,aligned_or_padded_ebp_prologue;direct_call_target,True
0x004111e0,sub_004111e0,0x004111f0,16,36,aligned_or_padded_ebp_prologue;direct_call_target,True
0x004111f0,sub_004111f0,0x00411200,16,1,aligned_or_padded_ebp_prologue;direct_call_target,True
0x00411200,sub_00411200,0x00411280,128,9,aligned_or_padded_ebp_prologue;direct_call_target,True
0x00411280,sub_00411280,0x00411300,128,9,aligned_or_padded_ebp_prologue;direct_call_target,True
0x00411300,sub_00411300,0x00411340,64,0,aligned_or_padded_ebp_prologue,True
0x00411340,sub_00411340,0x00411420,224,0,aligned_or_padded_ebp_prologue,True
0x00411420,sub_00411420,0x00411480,96,2,aligned_or_padded_ebp_prologue;direct_call_target,True
0x00411480,sub_00411480,0x00411550,208,4,aligned_or_padded_ebp_prologue;direct_call_target,True
0x00411550,sub_00411550,0x00411560,16,0,aligned_or_padded_ebp_prologue,True
0x00411560,sub_00411560,0x00411570,16,0,aligned_or_padded_ebp_prologue,True
0x00411570,sub_00411570,0x00411590,32,25,aligned_or_padded_ebp_prologue;direct_call_target,True
0x00411590,sub_00411590,0x00411610,128,1,aligned_or_padded_ebp_prologue;direct_call_target,True
0x00411610,sub_00411610,0x00411660,80,1,aligned_or_padded_ebp_prologue;direct_call_target,True
0x00411660,sub_00411660,0x004116b0,80,2,aligned_or_padded_ebp_prologue;direct_call_target,True
0x004116b0,sub_004116b0,0x00411700,80,1,aligned_or_padded_ebp_prologue;direct_call_target,True
0x00411700,sub_00411700,0x00411720,32,78,aligned_or_padded_ebp_prologue;direct_call_target,True
0x00411720,sub_00411720,0x00411790,112,1,aligned_or_padded_ebp_prologue;direct_call_target,True
0x00411790,sub_00411790,0x004117a0,16,4,aligned_or_padded_ebp_prologue;direct_call_target,True
0x004117a0,sub_004117a0,0x004117c0,32,97,aligned_or_padded_ebp_prologue;direct_call_target,True
0x004117c0,sub_004117c0,0x004117f0,48,1,aligned_or_padded_ebp_prologue;direct_call_target,True
0x004117f0,sub_004117f0,0x00411810,32,0,aligned_or_padded_ebp_prologue,True
0x00411810,sub_00411810,0x00411860,80,1,aligned_or_padded_ebp_prologue;direct_call_target,True
0x00411860,sub_00411860,0x004118a0,64,1,aligned_or_padded_ebp_prologue;direct_call_target,True
0x004118a0,sub_004118a0,0x00411910,112,1,aligned_or_padded_ebp_prologue;direct_call_target,True
0x00411910,sub_00411910,0x00411960,80,1,aligned_or_padded_ebp_prologue;direct_call_target,True
0x00411960,sub_00411960,0x00411970,16,1,aligned_or_padded_ebp_prologue;direct_call_target,True
0x00411970,sub_00411970,0x004119b0,64,10,aligned_or_padded_ebp_prologue;direct_call_target,True
0x004119b0,sub_004119b0,0x00411a70,192,3,aligned_or_padded_ebp_prologue;direct_call_target,True
0x00411a70,sub_00411a70,0x00411b00,144,1,aligned_or_padded_ebp_prologue;direct_call_target,True
0x00411b00,sub_00411b00,0x00411b80,128,95,aligned_or_padded_ebp_prologue;direct_call_target,True
0x00411b80,sub_00411b80,0x00411bb0,48,1,aligned_or_padded_ebp_prologue;direct_call_target,True
0x00411bb0,sub_00411bb0,0x00411c10,96,75,aligned_or_padded_ebp_prologue;direct_call_target,True
0x00411c10,sub_00411c10,0x00411c30,32,19,aligned_or_padded_ebp_prologue;direct_call_target,True
0x00411c30,sub_00411c30,0x00411cb0,128,75,aligned_or_padded_ebp_prologue;direct_call_target,True
0x00411cb0,sub_00411cb0,0x00411ce0,48,1,aligned_or_padded_ebp_prologue;direct_call_target,True
0x00411ce0,sub_00411ce0,0x00411d20,64,25,aligned_or_padded_ebp_prologue;direct_call_target,True
0x00411d20,sub_00411d20,0x00411d50,48,1,aligned_or_padded_ebp_prologue;direct_call_target,True
0x00411d50,sub_00411d50,0x00411e30,224,2,aligned_or_padded_ebp_prologue;direct_call_target,True
0x00411e30,sub_00411e30,0x00411e70,64,1,aligned_or_padded_ebp_prologue;direct_call_target,True
0x00411e70,sub_00411e70,0x00411ea0,48,2,aligned_or_padded_ebp_prologue;direct_call_target,True
0x00411ea0,sub_00411ea0,0x00411ee0,64,16,aligned_or_padded_ebp_prologue;direct_call_target,True
0x00411ee0,sub_00411ee0,0x00411f30,80,7,aligned_or_padded_ebp_prologue;direct_call_target,True
0x00411f30,sub_00411f30,0x00411f80,80,2,aligned_or_padded_ebp_prologue;direct_call_target,True
0x00411f80,sub_00411f80,0x00412100,384,3,aligned_or_padded_ebp_prologue;direct_call_target,True
0x00412100,sub_00412100,0x00412280,384,2,aligned_or_padded_ebp_prologue;direct_call_target,True
0x00412280,sub_00412280,0x004122c0,64,67,aligned_or_padded_ebp_prologue;direct_call_target,True
0x004122c0,sub_004122c0,0x00412310,80,20,aligned_or_padded_ebp_prologue;direct_call_target,True
0x00412310,sub_00412310,0x00412360,80,22,aligned_or_padded_ebp_prologue;direct_call_target,True
0x00412360,sub_00412360,0x004123b0,80,77,aligned_or_padded_ebp_prologue;direct_call_target,True
0x004123b0,sub_004123b0,0x00412400,80,26,aligned_or_padded_ebp_prologue;direct_call_target,True
0x00412400,sub_00412400,0x004124b0,176,3,aligned_or_padded_ebp_prologue;direct_call_target,True
0x004124b0,sub_004124b0,0x00412540,144,67,aligned_or_padded_ebp_prologue;direct_call_target,True
0x00412540,sub_00412540,0x00412550,16,87,aligned_or_padded_ebp_prologue;direct_call_target,True
0x00412550,sub_00412550,0x004125b0,96,4,aligned_or_padded_ebp_prologue;direct_call_target,True
0x004125b0,sub_004125b0,0x00412710,352,1,aligned_or_padded_ebp_prologue;direct_call_target,True
0x00412710,sub_00412710,0x00412730,32,19,aligned_or_padded_ebp_prologue;direct_call_target,True
0x00412730,sub_00412730,0x00412750,32,629,aligned_or_padded_ebp_prologue;direct_call_target,True
0x00412750,sub_00412750,0x004127b0,96,4,aligned_or_padded_ebp_prologue;direct_call_target,True
0x004127b0,sub_004127b0,0x004127f0,64,5,aligned_or_padded_ebp_prologue;direct_call_target,True
0x004127f0,sub_004127f0,0x00412810,32,9,aligned_or_padded_ebp_prologue;direct_call_target,True
0x00412810,sub_00412810,0x00412aa0,656,4,aligned_or_padded_ebp_prologue;direct_call_target,True
0x00412aa0,sub_00412aa0,0x00412d10,624,3,aligned_or_padded_ebp_prologue;direct_call_target,True
0x00412d10,sub_00412d10,0x00412d30,32,9,aligned_or_padded_ebp_prologue;direct_call_target,True
0x00412d30,sub_00412d30,0x00412d50,32,1,aligned_or_padded_ebp_prologue;direct_call_target,True
0x00412d50,sub_00412d50,0x00412d80,48,1,aligned_or_padded_ebp_prologue;direct_call_target,True
0x00412d80,sub_00412d80,0x00412da0,32,41,aligned_or_padded_ebp_prologue;direct_call_target,True
0x00412da0,sub_00412da0,0x00412dc0,32,28,aligned_or_padded_ebp_prologue;direct_call_target,True
0x00412dc0,sub_00412dc0,0x00412de0,32,14,aligned_or_padded_ebp_prologue;direct_call_target,True
0x00412de0,sub_00412de0,0x00412e10,48,2,aligned_or_padded_ebp_prologue;direct_call_target,True
0x00412e10,sub_00412e10,0x00412e40,48,1,aligned_or_padded_ebp_prologue;direct_call_target,True
0x00412e40,sub_00412e40,0x00412e90,80,1,aligned_or_padded_ebp_prologue;direct_call_target,True
0x00412e90,sub_00412e90,0x00412ed0,64,3,aligned_or_padded_ebp_prologue;direct_call_target,True
0x00412ed0,sub_00412ed0,0x00412f20,80,1,aligned_or_padded_ebp_prologue;direct_call_target,True
0x00412f20,sub_00412f20,0x00412f90,112,1,aligned_or_padded_ebp_prologue;direct_call_target,True
0x00412f90,sub_00412f90,0x00413000,112,1,aligned_or_padded_ebp_prologue;direct_call_target,True
0x00413000,sub_00413000,0x004130a0,160,1,aligned_or_padded_ebp_prologue;direct_call_target,True
0x004130a0,sub_004130a0,0x004130e0,64,1,aligned_or_padded_ebp_prologue;direct_call_target,True
0x004130e0,sub_004130e0,0x00413120,64,1,aligned_or_padded_ebp_prologue;direct_call_target,True
0x00413120,sub_00413120,0x00413140,32,2,aligned_or_padded_ebp_prologue;direct_call_target,True
0x00413140,sub_00413140,0x00413190,80,1,aligned_or_padded_ebp_prologue;direct_call_target,True
0x00413190,sub_00413190,0x004131e0,80,1,aligned_or_padded_ebp_prologue;direct_call_target,True
0x004131e0,sub_004131e0,0x00413280,160,1,aligned_or_padded_ebp_prologue;direct_call_target,True
0x00413280,sub_00413280,0x004132e0,96,1,aligned_or_padded_ebp_prologue;direct_call_target,True
0x004132e0,sub_004132e0,0x00413370,144,1,aligned_or_padded_ebp_prologue;direct_call_target,True
0x00413370,sub_00413370,0x004133e0,112,1,aligned_or_padded_ebp_prologue;direct_call_target,True
0x004133e0,sub_004133e0,0x004135d0,496,1,aligned_or_padded_ebp_prologue;direct_call_target,True
0x004135d0,sub_004135d0,0x00413620,80,1,aligned_or_padded_ebp_prologue;direct_call_target,True
0x00413620,sub_00413620,0x00413690,112,2,aligned_or_padded_ebp_prologue;direct_call_target,True
0x00413690,sub_00413690,0x00413700,112,2,aligned_or_padded_ebp_prologue;direct_call_target,True
0x00413700,sub_00413700,0x00413730,48,2,aligned_or_padded_ebp_prologue;direct_call_target,True
0x00413730,sub_00413730,0x00413760,48,2,aligned_or_padded_ebp_prologue;direct_call_target,True
0x00413760,sub_00413760,0x00413810,176,1,aligned_or_padded_ebp_prologue;direct_call_target,True
0x00413810,sub_00413810,0x004138c0,176,1,aligned_or_padded_ebp_prologue;direct_call_target,True
0x004138c0,sub_004138c0,0x00413910,80,1,aligned_or_padded_ebp_prologue;direct_call_target,True
0x00413910,sub_00413910,0x00413920,16,53,aligned_or_padded_ebp_prologue;direct_call_target,True
0x00413920,sub_00413920,0x004139f0,208,6,aligned_or_padded_ebp_prologue;direct_call_target,True
0x004139f0,sub_004139f0,0x00413a40,80,2,aligned_or_padded_ebp_prologue;direct_call_target,True
0x00413a40,sub_00413a40,0x00413a90,80,1,aligned_or_padded_ebp_prologue;direct_call_target,True
0x00413a90,sub_00413a90,0x00413ab0,32,4,aligned_or_padded_ebp_prologue;direct_call_target,True
0x00413ab0,sub_00413ab0,0x00413b00,80,1,aligned_or_padded_ebp_prologue;direct_call_target,True
0x00413b00,sub_00413b00,0x00413b20,32,1,aligned_or_padded_ebp_prologue;direct_call_target,True
0x00413b20,sub_00413b20,0x00413b70,80,1,aligned_or_padded_ebp_prologue;direct_call_target,True
0x00413b70,sub_00413b70,0x00413be0,112,15,aligned_or_padded_ebp_prologue;direct_call_target,True
0x00413be0,sub_00413be0,0x00413c50,112,1,aligned_or_padded_ebp_prologue;direct_call_target,True
0x00413c50,sub_00413c50,0x00413ca0,80,1,aligned_or_padded_ebp_prologue;direct_call_target,True
0x00413ca0,sub_00413ca0,0x00413cc0,32,4,aligned_or_padded_ebp_prologue;direct_call_target,True
0x00413cc0,sub_00413cc0,0x00413cd0,16,1,aligned_or_padded_ebp_prologue;direct_call_target,True
0x00413cd0,sub_00413cd0,0x00413ce0,16,1,aligned_or_padded_ebp_prologue;direct_call_target,True
0x00413ce0,sub_00413ce0,0x00413d00,32,1,aligned_or_padded_ebp_prologue;direct_call_target,True
0x00413d00,sub_00413d00,0x00413d10,16,1,aligned_or_padded_ebp_prologue;direct_call_target,True
0x00413d10,sub_00413d10,0x00413d30,32,1,aligned_or_padded_ebp_prologue;direct_call_target,True
0x00413d30,sub_00413d30,0x00413d50,32,1,aligned_or_padded_ebp_prologue;direct_call_target,True
0x00413d50,sub_00413d50,0x00413d80,48,10,aligned_or_padded_ebp_prologue;direct_call_target,True
0x00413d80,sub_00413d80,0x00413e20,160,1,aligned_or_padded_ebp_prologue;direct_call_target,True
0x00413e20,sub_00413e20,0x00413ec0,160,1,aligned_or_padded_ebp_prologue;direct_call_target,True
0x00413ec0,sub_00413ec0,0x00413f50,144,1,aligned_or_padded_ebp_prologue;direct_call_target,True
0x00413f50,sub_00413f50,0x00413f80,48,9,aligned_or_padded_ebp_prologue;direct_call_target,True
0x00413f80,sub_00413f80,0x00413fa0,32,58,aligned_or_padded_ebp_prologue;direct_call_target,True
0x00413fa0,sub_00413fa0,0x00413fd0,48,9,aligned_or_padded_ebp_prologue;direct_call_target,True
0x00413fd0,sub_00413fd0,0x00414000,48,6,aligned_or_padded_ebp_prologue;direct_call_target,True
0x00414000,sub_00414000,0x00414030,48,1,aligned_or_padded_ebp_prologue;direct_call_target,True
0x00414030,sub_00414030,0x00414060,48,29,aligned_or_padded_ebp_prologue;direct_call_target,True
0x00414060,sub_00414060,0x00414090,48,18,aligned_or_padded_ebp_prologue;direct_call_target,True
0x00414090,sub_00414090,0x004140c0,48,7,aligned_or_padded_ebp_prologue;direct_call_target,True
0x004140c0,sub_004140c0,0x004140f0,48,2,aligned_or_padded_ebp_prologue;direct_call_target,True
0x004140f0,sub_004140f0,0x00414150,96,10,aligned_or_padded_ebp_prologue;direct_call_target,True
0x00414150,sub_00414150,0x00414170,32,2,aligned_or_padded_ebp_prologue;direct_call_target,True
0x00414170,sub_00414170,0x004141a0,48,1,aligned_or_padded_ebp_prologue;direct_call_target,True
0x004141a0,sub_004141a0,0x004141c0,32,7,aligned_or_padded_ebp_prologue;direct_call_target,True
0x004141c0,sub_004141c0,0x00414200,64,16,aligned_or_padded_ebp_prologue;direct_call_target,True
0x00414200,sub_00414200,0x00414280,128,1,aligned_or_padded_ebp_prologue;direct_call_target,True
0x00414280,sub_00414280,0x004142a0,32,1,aligned_or_padded_ebp_prologue;direct_call_target,True
0x004142a0,sub_004142a0,0x004142c0,32,46,aligned_or_padded_ebp_prologue;direct_call_target,True
0x004142c0,sub_004142c0,0x004142e0,32,2,aligned_or_padded_ebp_prologue;direct_call_target,True
0x004142e0,sub_004142e0,0x00414310,48,1,aligned_or_padded_ebp_prologue;direct_call_target,True
0x00414310,sub_00414310,0x00414330,32,2,aligned_or_padded_ebp_prologue;direct_call_target,True
0x00414330,sub_00414330,0x00414350,32,1,aligned_or_padded_ebp_prologue;direct_call_target,True
0x00414350,sub_00414350,0x004143d0,128,1,aligned_or_padded_ebp_prologue;direct_call_target,True
0x004143d0,sub_004143d0,0x00414400,48,17,aligned_or_padded_ebp_prologue;direct_call_target,True
0x00414400,sub_00414400,0x00414420,32,20,aligned_or_padded_ebp_prologue;direct_call_target,True
0x00414420,sub_00414420,0x00414440,32,1,aligned_or_padded_ebp_prologue;direct_call_target,True
0x00414440,sub_00414440,0x00414460,32,3,aligned_or_padded_ebp_prologue;direct_call_target,True
0x00414460,sub_00414460,0x004144b0,80,1,aligned_or_padded_ebp_prologue;direct_call_target,True
0x004144b0,sub_004144b0,0x004144e0,48,2,aligned_or_padded_ebp_prologue;direct_call_target,True
0x004144e0,sub_004144e0,0x00414540,96,2,aligned_or_padded_ebp_prologue;direct_call_target,True
0x00414540,sub_00414540,0x00414580,64,3,aligned_or_padded_ebp_prologue;direct_call_target,True
0x00414580,sub_00414580,0x004145a0,32,543,aligned_or_padded_ebp_prologue;direct_call_target,True
0x004145a0,sub_004145a0,0x004145d0,48,2,aligned_or_padded_ebp_prologue;direct_call_target,True
0x004145d0,sub_004145d0,0x00414740,368,1,aligned_or_padded_ebp_prologue;direct_call_target,True
0x00414740,sub_00414740,0x00414780,64,3,aligned_or_padded_ebp_prologue;direct_call_target,True
0x00414780,sub_00414780,0x004147b0,48,1,aligned_or_padded_ebp_prologue;direct_call_target,True
0x004147b0,sub_004147b0,0x004147e0,48,1,aligned_or_padded_ebp_prologue;direct_call_target,True
0x004147e0,sub_004147e0,0x00414820,64,1,aligned_or_padded_ebp_prologue;direct_call_target,True
0x00414820,sub_00414820,0x00414840,32,0,aligned_or_padded_ebp_prologue,True
0x00414840,sub_00414840,0x004148d0,144,1,aligned_or_padded_ebp_prologue;direct_call_target,True
0x004148d0,sub_004148d0,0x00414900,48,1,aligned_or_padded_ebp_prologue;direct_call_target,True
0x00414900,sub_00414900,0x00414960,96,2,aligned_or_padded_ebp_prologue;direct_call_target,True
0x00414960,sub_00414960,0x00414a10,176,2,aligned_or_padded_ebp_prologue;direct_call_target,True
0x00414a10,sub_00414a10,0x00414a30,32,0,aligned_or_padded_ebp_prologue,True
0x00414a30,sub_00414a30,0x00414a60,48,0,aligned_or_padded_ebp_prologue,True
0x00414a60,sub_00414a60,0x00414a80,32,0,aligned_or_padded_ebp_prologue,True
0x00414a80,sub_00414a80,0x00414ab0,48,7,aligned_or_padded_ebp_prologue;direct_call_target,True
0x00414ab0,sub_00414ab0,0x00414ad0,32,0,aligned_or_padded_ebp_prologue,True
0x00414ad0,sub_00414ad0,0x00414af0,32,11,aligned_or_padded_ebp_prologue;direct_call_target,True
0x00414af0,sub_00414af0,0x00414b20,48,4,aligned_or_padded_ebp_prologue;direct_call_target,True
0x00414b20,sub_00414b20,0x00414b50,48,1,aligned_or_padded_ebp_prologue;direct_call_target,True
0x00414b50,sub_00414b50,0x00414b60,16,0,aligned_or_padded_ebp_prologue,True
0x00414b60,sub_00414b60,0x00414b70,16,21,aligned_or_padded_ebp_prologue;direct_call_target,True
0x00414b70,sub_00414b70,0x00414b90,32,19,aligned_or_padded_ebp_prologue;direct_call_target,True
0x00414b90,sub_00414b90,0x00414be0,80,1,aligned_or_padded_ebp_prologue;direct_call_target,True
0x00414be0,sub_00414be0,0x00414c60,128,4,aligned_or_padded_ebp_prologue;direct_call_target,True
0x00414c60,sub_00414c60,0x00414c80,32,61,aligned_or_padded_ebp_prologue;direct_call_target,True
0x00414c80,sub_00414c80,0x00414d40,192,1,aligned_or_padded_ebp_prologue;direct_call_target,True
0x00414d40,sub_00414d40,0x00414d50,16,0,aligned_or_padded_ebp_prologue,True
0x00414d50,sub_00414d50,0x00414dc0,112,3,aligned_or_padded_ebp_prologue;direct_call_target,True
0x00414dc0,sub_00414dc0,0x00414e10,80,1,aligned_or_padded_ebp_prologue;direct_call_target,True
0x00414e10,sub_00414e10,0x00414eb0,160,1,aligned_or_padded_ebp_prologue;direct_call_target,True
0x00414eb0,sub_00414eb0,0x00414f30,128,3,aligned_or_padded_ebp_prologue;direct_call_target,True
0x00414f30,sub_00414f30,0x00414f50,32,24,aligned_or_padded_ebp_prologue;direct_call_target,True
0x00414f50,sub_00414f50,0x00414f70,32,1,aligned_or_padded_ebp_prologue;direct_call_target,True
0x00414f70,sub_00414f70,0x00414f90,32,20,aligned_or_padded_ebp_prologue;direct_call_target,True
0x00414f90,sub_00414f90,0x00414fe0,80,2,aligned_or_padded_ebp_prologue;direct_call_target,True
0x00414fe0,sub_00414fe0,0x00414ff0,16,15,aligned_or_padded_ebp_prologue;direct_call_target,True
0x00414ff0,sub_00414ff0,0x00415030,64,2,aligned_or_padded_ebp_prologue;direct_call_target,True
0x00415030,sub_00415030,0x00415070,64,2,aligned_or_padded_ebp_prologue;direct_call_target,True
0x00415070,sub_00415070,0x004150b0,64,13,aligned_or_padded_ebp_prologue;direct_call_target,True
0x004150b0,sub_004150b0,0x004150f0,64,1,aligned_or_padded_ebp_prologue;direct_call_target,True
0x004150f0,sub_004150f0,0x00415120,48,1,aligned_or_padded_ebp_prologue;direct_call_target,True
0x00415120,sub_00415120,0x004153d0,688,3,aligned_or_padded_ebp_prologue;direct_call_target,True
0x004153d0,sub_004153d0,0x00415440,112,1,aligned_or_padded_ebp_prologue;direct_call_target,True
0x00415440,sub_00415440,0x00415460,32,1,aligned_or_padded_ebp_prologue;direct_call_target,True
0x00415460,sub_00415460,0x004154c0,96,2,aligned_or_padded_ebp_prologue;direct_call_target,True
0x004154c0,sub_004154c0,0x00415520,96,4,aligned_or_padded_ebp_prologue;direct_call_target,True
0x00415520,sub_00415520,0x00415550,48,13,aligned_or_padded_ebp_prologue;direct_call_target,True
0x00415550,sub_00415550,0x004155b0,96,1,aligned_or_padded_ebp_prologue;direct_call_target,True
0x004155b0,sub_004155b0,0x00415600,80,1,aligned_or_padded_ebp_prologue;direct_call_target,True
0x00415600,sub_00415600,0x00415620,32,1,aligned_or_padded_ebp_prologue;direct_call_target,True
0x00415620,sub_00415620,0x00415640,32,1,aligned_or_padded_ebp_prologue;direct_call_target,True
0x00415640,sub_00415640,0x004156a0,96,1,aligned_or_padded_ebp_prologue;direct_call_target,True
0x004156a0,sub_004156a0,0x004156c0,32,3,aligned_or_padded_ebp_prologue;direct_call_target,True
0x004156c0,sub_004156c0,0x004156e0,32,12,aligned_or_padded_ebp_prologue;direct_call_target,True
0x004156e0,sub_004156e0,0x00415800,288,2,aligned_or_padded_ebp_prologue;direct_call_target,True
0x00415800,sub_00415800,0x00415820,32,16,aligned_or_padded_ebp_prologue;direct_call_target,True
0x00415820,sub_00415820,0x00415830,16,1,aligned_or_padded_ebp_prologue;direct_call_target,True
0x00415830,sub_00415830,0x00416140,2320,2,aligned_or_padded_ebp_prologue;direct_call_target,True
0x00416140,sub_00416140,0x00416240,256,1,aligned_or_padded_ebp_prologue;direct_call_target,True
0x00416240,sub_00416240,0x00416260,32,1,aligned_or_padded_ebp_prologue;direct_call_target,True
0x00416260,sub_00416260,0x00416270,16,1,aligned_or_padded_ebp_prologue;direct_call_target,True
0x00416270,sub_00416270,0x004162b0,64,1,aligned_or_padded_ebp_prologue;direct_call_target,True
0x004162b0,sub_004162b0,0x004162f0,64,3,aligned_or_padded_ebp_prologue;direct_call_target,True
0x004162f0,sub_004162f0,0x00416330,64,1,aligned_or_padded_ebp_prologue;direct_call_target,True
0x00416330,sub_00416330,0x00416360,48,2,aligned_or_padded_ebp_prologue;direct_call_target,True
0x00416360,sub_00416360,0x00416420,192,3,aligned_or_padded_ebp_prologue;direct_call_target,True
0x00416420,sub_00416420,0x00416cf0,2256,2,aligned_or_padded_ebp_prologue;direct_call_target,True
0x00416cf0,sub_00416cf0,0x00416d20,48,4,aligned_or_padded_ebp_prologue;direct_call_target,True
0x00416d20,sub_00416d20,0x00417a90,3440,1,aligned_or_padded_ebp_prologue;direct_call_target,True
0x00417a90,sub_00417a90,0x00417ab0,32,1,aligned_or_padded_ebp_prologue;direct_call_target,True
0x00417ab0,sub_00417ab0,0x00417cd0,544,1,aligned_or_padded_ebp_prologue;direct_call_target,True
0x00417cd0,sub_00417cd0,0x00417d00,48,10,aligned_or_padded_ebp_prologue;direct_call_target,True
0x00417d00,sub_00417d00,0x00417dc0,192,1,aligned_or_padded_ebp_prologue;direct_call_target,True
0x00417dc0,sub_00417dc0,0x00417df0,48,3,aligned_or_padded_ebp_prologue;direct_call_target,True
0x00417df0,sub_00417df0,0x00417e40,80,7,aligned_or_padded_ebp_prologue;direct_call_target,True
0x00417e40,sub_00417e40,0x00417ec0,128,15,aligned_or_padded_ebp_prologue;direct_call_target,True
0x00417ec0,sub_00417ec0,0x00418020,352,1,aligned_or_padded_ebp_prologue;direct_call_target,True
0x00418020,sub_00418020,0x00418070,80,2,aligned_or_padded_ebp_prologue;direct_call_target,True
0x00418070,sub_00418070,0x004180c0,80,1,aligned_or_padded_ebp_prologue;direct_call_target,True
0x004180c0,sub_004180c0,0x00418100,64,1,aligned_or_padded_ebp_prologue;direct_call_target,True
0x00418100,sub_00418100,0x00418140,64,1,aligned_or_padded_ebp_prologue;direct_call_target,True
0x00418140,sub_00418140,0x00418280,320,1,aligned_or_padded_ebp_prologue;direct_call_target,True
0x00418280,sub_00418280,0x004182a0,32,2,aligned_or_padded_ebp_prologue;direct_call_target,True
0x004182a0,sub_004182a0,0x00418380,224,1,aligned_or_padded_ebp_prologue;direct_call_target,True
0x00418380,sub_00418380,0x004184b0,304,1,aligned_or_padded_ebp_prologue;direct_call_target,True
0x004184b0,sub_004184b0,0x004185e0,304,1,aligned_or_padded_ebp_prologue;direct_call_target,True
0x004185e0,sub_004185e0,0x00418600,32,21,aligned_or_padded_ebp_prologue;direct_call_target,True
0x00418600,sub_00418600,0x00418620,32,1,aligned_or_padded_ebp_prologue;direct_call_target,True
0x00418620,sub_00418620,0x00418660,64,1,aligned_or_padded_ebp_prologue;direct_call_target,True
0x00418660,sub_00418660,0x004186c0,96,1,aligned_or_padded_ebp_prologue;direct_call_target,True
0x004186c0,sub_004186c0,0x00418730,112,1,aligned_or_padded_ebp_prologue;direct_call_target,True
0x00418730,sub_00418730,0x004187a0,112,1,aligned_or_padded_ebp_prologue;direct_call_target,True
0x004187a0,sub_004187a0,0x00418830,144,1,aligned_or_padded_ebp_prologue;direct_call_target,True
0x00418830,sub_00418830,0x00418880,80,1,aligned_or_padded_ebp_prologue;direct_call_target,True
0x00418880,sub_00418880,0x00418890,16,1,aligned_or_padded_ebp_prologue;direct_call_target,True
0x00418890,sub_00418890,0x004188a0,16,1,aligned_or_padded_ebp_prologue;direct_call_target,True
0x004188a0,sub_004188a0,0x00418930,144,1,aligned_or_padded_ebp_prologue;direct_call_target,True
0x00418930,sub_00418930,0x004189c0,144,1,aligned_or_padded_ebp_prologue;direct_call_target,True
0x004189c0,sub_004189c0,0x00418a10,80,3,aligned_or_padded_ebp_prologue;direct_call_target,True
0x00418a10,sub_00418a10,0x00418a50,64,12,aligned_or_padded_ebp_prologue;direct_call_target,True
0x00418a50,sub_00418a50,0x00418a80,48,21,aligned_or_padded_ebp_prologue;direct_call_target,True
0x00418a80,sub_00418a80,0x00418ac0,64,1,aligned_or_padded_ebp_prologue;direct_call_target,True
0x00418ac0,sub_00418ac0,0x00418db0,752,1,aligned_or_padded_ebp_prologue;direct_call_target,True
0x00418db0,sub_00418db0,0x00418dd0,32,2,aligned_or_padded_ebp_prologue;direct_call_target,True
0x00418dd0,sub_00418dd0,0x00418e40,112,1,aligned_or_padded_ebp_prologue;direct_call_target,True
0x00418e40,sub_00418e40,0x00418e90,80,1,aligned_or_padded_ebp_prologue;direct_call_target,True
0x00418e90,sub_00418e90,0x00418eb0,32,3,aligned_or_padded_ebp_prologue;direct_call_target,True
0x00418eb0,sub_00418eb0,0x00418f20,112,12,aligned_or_padded_ebp_prologue;direct_call_target,True
0x00418f20,sub_00418f20,0x00418f90,112,2,aligned_or_padded_ebp_prologue;direct_call_target,True
0x00418f90,sub_00418f90,0x00419010,128,1,aligned_or_padded_ebp_prologue;direct_call_target,True
0x00419010,sub_00419010,0x00419030,32,2,aligned_or_padded_ebp_prologue;direct_call_target,True
0x00419030,sub_00419030,0x00419050,32,2,aligned_or_padded_ebp_prologue;direct_call_target,True
0x00419050,sub_00419050,0x004190b0,96,2,aligned_or_padded_ebp_prologue;direct_call_target,True
0x004190b0,sub_004190b0,0x004190f0,64,1,aligned_or_padded_ebp_prologue;direct_call_target,True
0x004190f0,sub_004190f0,0x00419150,96,2,aligned_or_padded_ebp_prologue;direct_call_target,True
0x00419150,sub_00419150,0x00419180,48,14,aligned_or_padded_ebp_prologue;direct_call_target,True
0x00419180,sub_00419180,0x004192f0,368,2,aligned_or_padded_ebp_prologue;direct_call_target,True
0x004192f0,sub_004192f0,0x00419320,48,1,aligned_or_padded_ebp_prologue;direct_call_target,True
0x00419320,sub_00419320,0x00419350,48,1,aligned_or_padded_ebp_prologue;direct_call_target,True
0x00419350,sub_00419350,0x00419390,64,1,aligned_or_padded_ebp_prologue;direct_call_target,True
0x00419390,sub_00419390,0x004193c0,48,0,aligned_or_padded_ebp_prologue,True
0x004193c0,sub_004193c0,0x004193e0,32,3,aligned_or_padded_ebp_prologue;direct_call_target,True
0x004193e0,sub_004193e0,0x00419760,896,1,aligned_or_padded_ebp_prologue;direct_call_target,True
0x00419760,sub_00419760,0x004199a0,576,3,aligned_or_padded_ebp_prologue;direct_call_target,True
0x004199a0,sub_004199a0,0x00419a50,176,1,aligned_or_padded_ebp_prologue;direct_call_target,True
0x00419a50,sub_00419a50,0x00419be0,400,1,aligned_or_padded_ebp_prologue;direct_call_target,True
0x00419be0,sub_00419be0,0x00419c00,32,1,aligned_or_padded_ebp_prologue;direct_call_target,True
0x00419c00,sub_00419c00,0x00419c20,32,77,aligned_or_padded_ebp_prologue;direct_call_target,True
0x00419c20,sub_00419c20,0x00419de0,448,1,aligned_or_padded_ebp_prologue;direct_call_target,True
0x00419de0,sub_00419de0,0x0041a030,592,1,aligned_or_padded_ebp_prologue;direct_call_target,True
0x0041a030,sub_0041a030,0x0041a1b0,384,1,aligned_or_padded_ebp_prologue;direct_call_target,True
0x0041a1b0,sub_0041a1b0,0x0041a200,80,1,aligned_or_padded_ebp_prologue;direct_call_target,True
0x0041a200,sub_0041a200,0x0041a240,64,2,aligned_or_padded_ebp_prologue;direct_call_target,True
0x0041a240,sub_0041a240,0x0041a280,64,2,aligned_or_padded_ebp_prologue;direct_call_target,True
0x0041a280,sub_0041a280,0x0041a2c0,64,76,aligned_or_padded_ebp_prologue;direct_call_target,True
0x0041a2c0,sub_0041a2c0,0x0041aa70,1968,5,aligned_or_padded_ebp_prologue;direct_call_target,True
0x0041aa70,sub_0041aa70,0x0041ab30,192,2,aligned_or_padded_ebp_prologue;direct_call_target,True
0x0041ab30,sub_0041ab30,0x0041abe0,176,2,aligned_or_padded_ebp_prologue;direct_call_target,True
0x0041abe0,sub_0041abe0,0x0041ae70,656,0,aligned_or_padded_ebp_prologue,True
0x0041ae70,sub_0041ae70,0x0041b480,1552,1,aligned_or_padded_ebp_prologue;direct_call_target,True
0x0041b480,sub_0041b480,0x0041b490,16,1,aligned_or_padded_ebp_prologue;direct_call_target,True
0x0041b490,sub_0041b490,0x0041b4f0,96,1,aligned_or_padded_ebp_prologue;direct_call_target,True
0x0041b4f0,sub_0041b4f0,0x0041b880,912,1,aligned_or_padded_ebp_prologue;direct_call_target,True
0x0041b880,sub_0041b880,0x0041b8a0,32,3,aligned_or_padded_ebp_prologue;direct_call_target,True
0x0041b8a0,sub_0041b8a0,0x0041b8e0,64,3,aligned_or_padded_ebp_prologue;direct_call_target,True
0x0041b8e0,sub_0041b8e0,0x0041b920,64,2,aligned_or_padded_ebp_prologue;direct_call_target,True
0x0041b920,sub_0041b920,0x0041bad0,432,4,aligned_or_padded_ebp_prologue;direct_call_target,True
0x0041bad0,sub_0041bad0,0x0041bb10,64,2,aligned_or_padded_ebp_prologue;direct_call_target,True
0x0041bb10,sub_0041bb10,0x0041bb70,96,1,aligned_or_padded_ebp_prologue;direct_call_target,True
0x0041bb70,sub_0041bb70,0x0041bc30,192,1,aligned_or_padded_ebp_prologue;direct_call_target,True
0x0041bc30,sub_0041bc30,0x0041bc60,48,1,aligned_or_padded_ebp_prologue;direct_call_target,True
0x0041bc60,sub_0041bc60,0x0041bdb0,336,1,aligned_or_padded_ebp_prologue;direct_call_target,True
0x0041bdb0,sub_0041bdb0,0x0041be70,192,1,direct_call_target,True
0x0041be70,sub_0041be70,0x0041be90,32,5,aligned_or_padded_ebp_prologue;direct_call_target,True
0x0041be90,sub_0041be90,0x0041bea0,16,1,aligned_or_padded_ebp_prologue;direct_call_target,True
0x0041bea0,sub_0041bea0,0x0041bf40,160,1,aligned_or_padded_ebp_prologue;direct_call_target,True
0x0041bf40,sub_0041bf40,0x0041bfc0,128,1,aligned_or_padded_ebp_prologue;direct_call_target,True
0x0041bfc0,sub_0041bfc0,0x0041c020,96,1,aligned_or_padded_ebp_prologue;direct_call_target,True
0x0041c020,sub_0041c020,0x0041c0e0,192,1,aligned_or_padded_ebp_prologue;direct_call_target,True
0x0041c0e0,sub_0041c0e0,0x0041c100,32,2,aligned_or_padded_ebp_prologue;direct_call_target,True
0x0041c100,sub_0041c100,0x0041c1a0,160,1,aligned_or_padded_ebp_prologue;direct_call_target,True
0x0041c1a0,sub_0041c1a0,0x0041c2e0,320,1,aligned_or_padded_ebp_prologue;direct_call_target,True
0x0041c2e0,sub_0041c2e0,0x0041c320,64,5,aligned_or_padded_ebp_prologue;direct_call_target,True
0x0041c320,sub_0041c320,0x0041c3e0,192,1,aligned_or_padded_ebp_prologue;direct_call_target,True
0x0041c3e0,sub_0041c3e0,0x0041c730,848,1,aligned_or_padded_ebp_prologue;direct_call_target,True
0x0041c730,sub_0041c730,0x0041c9f0,704,2,aligned_or_padded_ebp_prologue;direct_call_target,True
0x0041c9f0,sub_0041c9f0,0x0041ca00,16,0,aligned_or_padded_ebp_prologue,True
0x0041ca00,sub_0041ca00,0x0041ca30,48,1,aligned_or_padded_ebp_prologue;direct_call_target,True
0x0041ca30,sub_0041ca30,0x0041ca50,32,1,aligned_or_padded_ebp_prologue;direct_call_target,True
0x0041ca50,sub_0041ca50,0x0041ca70,32,14,aligned_or_padded_ebp_prologue;direct_call_target,True
0x0041ca70,sub_0041ca70,0x0041ca90,32,3,aligned_or_padded_ebp_prologue;direct_call_target,True
0x0041ca90,sub_0041ca90,0x0041cab0,32,67,aligned_or_padded_ebp_prologue;direct_call_target,True
0x0041cab0,sub_0041cab0,0x0041cad0,32,53,aligned_or_padded_ebp_prologue;direct_call_target,True
0x0041cad0,sub_0041cad0,0x0041caf0,32,35,aligned_or_padded_ebp_prologue;direct_call_target,True
0x0041caf0,sub_0041caf0,0x0041cb10,32,59,aligned_or_padded_ebp_prologue;direct_call_target,True
0x0041cb10,sub_0041cb10,0x0041cc70,352,25,aligned_or_padded_ebp_prologue;direct_call_target,True
0x0041cc70,sub_0041cc70,0x0041cc90,32,27,aligned_or_padded_ebp_prologue;direct_call_target,True
0x0041cc90,sub_0041cc90,0x0041ccc0,48,4,aligned_or_padded_ebp_prologue;direct_call_target,True
0x0041ccc0,sub_0041ccc0,0x0041ccf0,48,1,aligned_or_padded_ebp_prologue;direct_call_target,True
0x0041ccf0,sub_0041ccf0,0x0041d080,912,1,aligned_or_padded_ebp_prologue;direct_call_target,True
0x0041d080,sub_0041d080,0x0041d0a0,32,3,aligned_or_padded_ebp_prologue;direct_call_target,True
0x0041d0a0,sub_0041d0a0,0x0041d0c0,32,2,aligned_or_padded_ebp_prologue;direct_call_target,True
0x0041d0c0,sub_0041d0c0,0x0041d0f0,48,2,aligned_or_padded_ebp_prologue;direct_call_target,True
0x0041d0f0,sub_0041d0f0,0x0041d130,64,1,aligned_or_padded_ebp_prologue;direct_call_target,True
0x0041d130,sub_0041d130,0x0041d210,224,1,aligned_or_padded_ebp_prologue;direct_call_target,True
0x0041d210,sub_0041d210,0x0041d2f0,224,2,aligned_or_padded_ebp_prologue;direct_call_target,True
0x0041d2f0,sub_0041d2f0,0x0041d350,96,1,aligned_or_padded_ebp_prologue;direct_call_target,True
0x0041d350,sub_0041d350,0x0041d960,1552,0,aligned_or_padded_ebp_prologue,True
0x0041d960,sub_0041d960,0x0041d9f0,144,2,aligned_or_padded_ebp_prologue;direct_call_target,True
0x0041d9f0,sub_0041d9f0,0x0041db40,336,4,aligned_or_padded_ebp_prologue;direct_call_target,True
0x0041db40,sub_0041db40,0x0041db60,32,7,aligned_or_padded_ebp_prologue;direct_call_target,True
0x0041db60,sub_0041db60,0x0041db80,32,4,aligned_or_padded_ebp_prologue;direct_call_target,True
0x0041db80,sub_0041db80,0x0041dba0,32,4,aligned_or_padded_ebp_prologue;direct_call_target,True
0x0041dba0,sub_0041dba0,0x0041dbc0,32,4,aligned_or_padded_ebp_prologue;direct_call_target,True
0x0041dbc0,sub_0041dbc0,0x0041dbe0,32,3,aligned_or_padded_ebp_prologue;direct_call_target,True
0x0041dbe0,sub_0041dbe0,0x0041dcc0,224,4,aligned_or_padded_ebp_prologue;direct_call_target,True
0x0041dcc0,sub_0041dcc0,0x0041dce0,32,1,aligned_or_padded_ebp_prologue;direct_call_target,True
0x0041dce0,sub_0041dce0,0x0041de00,288,18,aligned_or_padded_ebp_prologue;direct_call_target,True
0x0041de00,sub_0041de00,0x0041de30,48,4,aligned_or_padded_ebp_prologue;direct_call_target,True
0x0041de30,sub_0041de30,0x0041de50,32,1,aligned_or_padded_ebp_prologue;direct_call_target,True
0x0041de50,sub_0041de50,0x0041de70,32,7,aligned_or_padded_ebp_prologue;direct_call_target,True
0x0041de70,sub_0041de70,0x0041de90,32,6,aligned_or_padded_ebp_prologue;direct_call_target,True
0x0041de90,sub_0041de90,0x0041deb0,32,11,aligned_or_padded_ebp_prologue;direct_call_target,True
0x0041deb0,sub_0041deb0,0x0041ded0,32,2,aligned_or_padded_ebp_prologue;direct_call_target,True
0x0041ded0,sub_0041ded0,0x0041def0,32,2,aligned_or_padded_ebp_prologue;direct_call_target,True
0x0041def0,sub_0041def0,0x0041df10,32,2,aligned_or_padded_ebp_prologue;direct_call_target,True
0x0041df10,sub_0041df10,0x0041df30,32,2,aligned_or_padded_ebp_prologue;direct_call_target,True
0x0041df30,sub_0041df30,0x0041df50,32,5,aligned_or_padded_ebp_prologue;direct_call_target,True
0x0041df50,sub_0041df50,0x0041df70,32,19,aligned_or_padded_ebp_prologue;direct_call_target,True
0x0041df70,sub_0041df70,0x0041df90,32,2,aligned_or_padded_ebp_prologue;direct_call_target,True
0x0041df90,sub_0041df90,0x0041dfb0,32,2,aligned_or_padded_ebp_prologue;direct_call_target,True
0x0041dfb0,sub_0041dfb0,0x0041dfd0,32,4,aligned_or_padded_ebp_prologue;direct_call_target,True
0x0041dfd0,sub_0041dfd0,0x0041dff0,32,1,aligned_or_padded_ebp_prologue;direct_call_target,True
0x0041dff0,sub_0041dff0,0x0041e010,32,1,aligned_or_padded_ebp_prologue;direct_call_target,True
0x0041e010,sub_0041e010,0x0041e030,32,1,aligned_or_padded_ebp_prologue;direct_call_target,True
0x0041e030,sub_0041e030,0x0041e050,32,47,aligned_or_padded_ebp_prologue;direct_call_target,True
0x0041e050,sub_0041e050,0x0041e770,1824,2,aligned_or_padded_ebp_prologue;direct_call_target,True
0x0041e770,sub_0041e770,0x0041e790,32,1,aligned_or_padded_ebp_prologue;direct_call_target,True
0x0041e790,sub_0041e790,0x0041e7d0,64,14,aligned_or_padded_ebp_prologue;direct_call_target,True
0x0041e7d0,sub_0041e7d0,0x0041f1c0,2544,1,aligned_or_padded_ebp_prologue;direct_call_target,True
0x0041f1c0,sub_0041f1c0,0x0041f1d0,16,2,aligned_or_padded_ebp_prologue;direct_call_target,True
0x0041f1d0,sub_0041f1d0,0x0041f220,80,2,aligned_or_padded_ebp_prologue;direct_call_target,True
0x0041f220,sub_0041f220,0x0041f260,64,22,aligned_or_padded_ebp_prologue;direct_call_target,True
0x0041f260,sub_0041f260,0x0041f5b0,848,1,direct_call_target,True
0x0041f5b0,sub_0041f5b0,0x0041f5f0,64,1,aligned_or_padded_ebp_prologue;direct_call_target,True
0x0041f5f0,sub_0041f5f0,0x0041f610,32,1,aligned_or_padded_ebp_prologue;direct_call_target,True
0x0041f610,sub_0041f610,0x0041f670,96,28,aligned_or_padded_ebp_prologue;direct_call_target,True
0x0041f670,sub_0041f670,0x0041f6d0,96,58,aligned_or_padded_ebp_prologue;direct_call_target,True
0x0041f6d0,sub_0041f6d0,0x0041f760,144,0,aligned_or_padded_ebp_prologue,True
0x0041f760,sub_0041f760,0x0041f7c0,96,0,aligned_or_padded_ebp_prologue,True
0x0041f7c0,sub_0041f7c0,0x0041f830,112,53,aligned_or_padded_ebp_prologue;direct_call_target,True
0x0041f830,sub_0041f830,0x0041f880,80,1,aligned_or_padded_ebp_prologue;direct_call_target,True
0x0041f880,sub_0041f880,0x0041f8a0,32,2,aligned_or_padded_ebp_prologue;direct_call_target,True
0x0041f8a0,sub_0041f8a0,0x0041f9b0,272,1,aligned_or_padded_ebp_prologue;direct_call_target,True
0x0041f9b0,sub_0041f9b0,0x0041fb10,352,1,aligned_or_padded_ebp_prologue;direct_call_target,True
0x0041fb10,sub_0041fb10,0x0041fc50,320,1,aligned_or_padded_ebp_prologue;direct_call_target,True
0x0041fc50,sub_0041fc50,0x0041fcb0,96,3,aligned_or_padded_ebp_prologue;direct_call_target,True
0x0041fcb0,sub_0041fcb0,0x0041fd20,112,0,aligned_or_padded_ebp_prologue,True
0x0041fd20,sub_0041fd20,0x0041fd70,80,30,aligned_or_padded_ebp_prologue;direct_call_target,True
0x0041fd70,sub_0041fd70,0x0041fdf0,128,1,aligned_or_padded_ebp_prologue;direct_call_target,True
0x0041fdf0,sub_0041fdf0,0x0041fe10,32,31,aligned_or_padded_ebp_prologue;direct_call_target,True
0x0041fe10,sub_0041fe10,0x0041fe50,64,0,aligned_or_padded_ebp_prologue,True
0x0041fe50,sub_0041fe50,0x0041fe80,48,0,aligned_or_padded_ebp_prologue,True
0x0041fe80,sub_0041fe80,0x00420180,768,1,aligned_or_padded_ebp_prologue;direct_call_target,True
0x00420180,sub_00420180,0x00420220,160,0,aligned_or_padded_ebp_prologue,True
0x00420220,sub_00420220,0x004202c0,160,0,aligned_or_padded_ebp_prologue,True
0x004202c0,sub_004202c0,0x004204a0,480,2,aligned_or_padded_ebp_prologue;direct_call_target,True
0x004204a0,sub_004204a0,0x00420510,112,4,aligned_or_padded_ebp_prologue;direct_call_target,True
0x00420510,sub_00420510,0x00420580,112,4,aligned_or_padded_ebp_prologue;direct_call_target,True
0x00420580,sub_00420580,0x00420760,480,1,aligned_or_padded_ebp_prologue;direct_call_target,True
0x00420760,sub_00420760,0x00420990,560,2,aligned_or_padded_ebp_prologue;direct_call_target,True
0x00420990,sub_00420990,0x00420aa0,272,1,aligned_or_padded_ebp_prologue;direct_call_target,True
0x00420aa0,sub_00420aa0,0x00420d80,736,1,aligned_or_padded_ebp_prologue;direct_call_target,True
0x00420d80,sub_00420d80,0x00420f80,512,5,aligned_or_padded_ebp_prologue;direct_call_target,True
0x00420f80,sub_00420f80,0x00421040,192,1,aligned_or_padded_ebp_prologue;direct_call_target,True
0x00421040,sub_00421040,0x004210d0,144,1,aligned_or_padded_ebp_prologue;direct_call_target,True
0x004210d0,sub_004210d0,0x00421180,176,1,aligned_or_padded_ebp_prologue;direct_call_target,True
0x00421180,sub_00421180,0x00421680,1280,1,aligned_or_padded_ebp_prologue;direct_call_target,True
0x00421680,sub_00421680,0x004216a0,32,3,aligned_or_padded_ebp_prologue;direct_call_target,True
0x004216a0,sub_004216a0,0x004216e0,64,2,aligned_or_padded_ebp_prologue;direct_call_target,True
0x004216e0,sub_004216e0,0x00421720,64,4,aligned_or_padded_ebp_prologue;direct_call_target,True
0x00421720,sub_00421720,0x00421760,64,1,aligned_or_padded_ebp_prologue;direct_call_target,True
0x00421760,sub_00421760,0x00421780,32,1,aligned_or_padded_ebp_prologue;direct_call_target,True
0x00421780,sub_00421780,0x004217c0,64,2,aligned_or_padded_ebp_prologue;direct_call_target,True
0x004217c0,sub_004217c0,0x004217f0,48,44,aligned_or_padded_ebp_prologue;direct_call_target,True
0x004217f0,sub_004217f0,0x00421810,32,10,aligned_or_padded_ebp_prologue;direct_call_target,True
0x00421810,sub_00421810,0x00421830,32,37,aligned_or_padded_ebp_prologue;direct_call_target,True
0x00421830,sub_00421830,0x00421850,32,49,aligned_or_padded_ebp_prologue;direct_call_target,True
0x00421850,sub_00421850,0x00421870,32,2,aligned_or_padded_ebp_prologue;direct_call_target,True
0x00421870,sub_00421870,0x00421890,32,1,aligned_or_padded_ebp_prologue;direct_call_target,True
0x00421890,sub_00421890,0x00421950,192,1,aligned_or_padded_ebp_prologue;direct_call_target,True
0x00421950,sub_00421950,0x00421970,32,5,aligned_or_padded_ebp_prologue;direct_call_target,True
0x00421970,sub_00421970,0x00421990,32,30,aligned_or_padded_ebp_prologue;direct_call_target,True
0x00421990,sub_00421990,0x004219d0,64,8,aligned_or_padded_ebp_prologue;direct_call_target,True
0x004219d0,sub_004219d0,0x00421ab0,224,1,aligned_or_padded_ebp_prologue;direct_call_target,True
0x00421ab0,sub_00421ab0,0x00421ad0,32,1,aligned_or_padded_ebp_prologue;direct_call_target,True
0x00421ad0,sub_00421ad0,0x00421b00,48,1,aligned_or_padded_ebp_prologue;direct_call_target,True
0x00421b00,sub_00421b00,0x004228b0,3504,1,aligned_or_padded_ebp_prologue;direct_call_target,True
0x004228b0,sub_004228b0,0x00422b00,592,4,aligned_or_padded_ebp_prologue;direct_call_target,True
0x00422b00,sub_00422b00,0x00422b60,96,1,aligned_or_padded_ebp_prologue;direct_call_target,True
0x00422b60,sub_00422b60,0x00422b80,32,3,aligned_or_padded_ebp_prologue;direct_call_target,True
0x00422b80,sub_00422b80,0x00422b90,16,2,aligned_or_padded_ebp_prologue;direct_call_target,True
0x00422b90,sub_00422b90,0x00422bc0,48,1,aligned_or_padded_ebp_prologue;direct_call_target,True
0x00422bc0,sub_00422bc0,0x00422c00,64,2,aligned_or_padded_ebp_prologue;direct_call_target,True
0x00422c00,sub_00422c00,0x00422c30,48,2,aligned_or_padded_ebp_prologue;direct_call_target,True
0x00422c30,sub_00422c30,0x00422c50,32,1,aligned_or_padded_ebp_prologue;direct_call_target,True
0x00422c50,sub_00422c50,0x00422cb0,96,4,aligned_or_padded_ebp_prologue;direct_call_target,True
0x00422cb0,candidate_rng_mod48271,0x00422d40,144,1,aligned_or_padded_ebp_prologue;direct_call_target;manual_candidate_anchor,True
0x00422d40,sub_00422d40,0x00422d90,80,1,aligned_or_padded_ebp_prologue;direct_call_target,True
0x00422d90,sub_00422d90,0x00422dd0,64,129,aligned_or_padded_ebp_prologue;direct_call_target,True
0x00422dd0,sub_00422dd0,0x00422e10,64,212,aligned_or_padded_ebp_prologue;direct_call_target,True
0x00422e10,sub_00422e10,0x00422e40,48,294,aligned_or_padded_ebp_prologue;direct_call_target,True
0x00422e40,sub_00422e40,0x00422f20,224,1,aligned_or_padded_ebp_prologue;direct_call_target,True
0x00422f20,sub_00422f20,0x00423050,304,2,aligned_or_padded_ebp_prologue;direct_call_target,True
0x00423050,sub_00423050,0x00423320,720,0,aligned_or_padded_ebp_prologue,True
0x00423320,sub_00423320,0x004233b0,144,0,aligned_or_padded_ebp_prologue,True
0x004233b0,sub_004233b0,0x00423470,192,2,aligned_or_padded_ebp_prologue;direct_call_target,True
0x00423470,sub_00423470,0x004234a0,48,0,aligned_or_padded_ebp_prologue,True
0x004234a0,sub_004234a0,0x00423520,128,2,aligned_or_padded_ebp_prologue;direct_call_target,True
0x00423520,sub_00423520,0x00423540,32,344,aligned_or_padded_ebp_prologue;direct_call_target,True
0x00423540,sub_00423540,0x00423560,32,116,aligned_or_padded_ebp_prologue;direct_call_target,True
0x00423560,sub_00423560,0x00423590,48,45,aligned_or_padded_ebp_prologue;direct_call_target,True
0x00423590,sub_00423590,0x004235c0,48,39,aligned_or_padded_ebp_prologue;direct_call_target,True
0x004235c0,sub_004235c0,0x004235f0,48,131,aligned_or_padded_ebp_prologue;direct_call_target,True
0x004235f0,candidate_rng_next,0x00423620,48,3,aligned_or_padded_ebp_prologue;direct_call_target;manual_candidate_anchor,True
0x00423620,sub_00423620,0x00423650,48,0,aligned_or_padded_ebp_prologue,True
0x00423650,sub_00423650,0x00423bd0,1408,4,aligned_or_padded_ebp_prologue;direct_call_target,True
0x00423bd0,sub_00423bd0,0x00423bf0,32,60,aligned_or_padded_ebp_prologue;direct_call_target,True
0x00423bf0,sub_00423bf0,0x00423ea0,688,1,aligned_or_padded_ebp_prologue;direct_call_target,True
0x00423ea0,candidate_rng_bounded,0x00423ee0,64,13,aligned_or_padded_ebp_prologue;direct_call_target;manual_candidate_anchor,True
0x00423ee0,candidate_rng_locked,0x00423f50,112,29,aligned_or_padded_ebp_prologue;direct_call_target;manual_candidate_anchor,True
0x00423f50,candidate_timer_reset,0x00423f80,48,6,aligned_or_padded_ebp_prologue;direct_call_target;manual_candidate_anchor,True
0x00423f80,candidate_timer_set,0x00423fe0,96,2,aligned_or_padded_ebp_prologue;direct_call_target;manual_candidate_anchor,True
0x00423fe0,candidate_timer_set_mode,0x00424010,48,4,aligned_or_padded_ebp_prologue;direct_call_target;manual_candidate_anchor,True
0x00424010,sub_00424010,0x00424030,32,18,aligned_or_padded_ebp_prologue;direct_call_target,True
0x00424030,sub_00424030,0x00424060,48,7,aligned_or_padded_ebp_prologue;direct_call_target,True
0x00424060,sub_00424060,0x00424080,32,5,aligned_or_padded_ebp_prologue;direct_call_target,True
0x00424080,sub_00424080,0x004240a0,32,3,aligned_or_padded_ebp_prologue;direct_call_target,True
0x004240a0,sub_004240a0,0x004240c0,32,3,aligned_or_padded_ebp_prologue;direct_call_target,True
0x004240c0,sub_004240c0,0x00424180,192,0,aligned_or_padded_ebp_prologue,True
0x00424180,sub_00424180,0x00424260,224,0,aligned_or_padded_ebp_prologue,True
0x00424260,sub_00424260,0x00424350,240,0,aligned_or_padded_ebp_prologue,True
0x00424350,sub_00424350,0x00424460,272,0,aligned_or_padded_ebp_prologue,True
0x00424460,sub_00424460,0x004244c0,96,0,aligned_or_padded_ebp_prologue,True
0x004244c0,sub_004244c0,0x004249f0,1328,0,aligned_or_padded_ebp_prologue,True
0x004249f0,sub_004249f0,0x00424e00,1040,0,aligned_or_padded_ebp_prologue,True
0x00424e00,sub_00424e00,0x00424e80,128,0,aligned_or_padded_ebp_prologue,True
0x00424e80,sub_00424e80,0x00424f30,176,0,aligned_or_padded_ebp_prologue,True
0x00424f30,sub_00424f30,0x00424fa0,112,0,aligned_or_padded_ebp_prologue,True
0x00424fa0,sub_00424fa0,0x00425070,208,0,aligned_or_padded_ebp_prologue,True
0x00425070,sub_00425070,0x00425090,32,0,aligned_or_padded_ebp_prologue,True
0x00425090,sub_00425090,0x004250c0,48,7,aligned_or_padded_ebp_prologue;direct_call_target,True
0x004250c0,sub_004250c0,0x004250f0,48,6,aligned_or_padded_ebp_prologue;direct_call_target,True
0x004250f0,sub_004250f0,0x00425150,96,3,aligned_or_padded_ebp_prologue;direct_call_target,True
0x00425150,sub_00425150,0x00425190,64,1,aligned_or_padded_ebp_prologue;direct_call_target,True
0x00425190,sub_00425190,0x004251e0,80,1,aligned_or_padded_ebp_prologue;direct_call_target,True
0x004251e0,sub_004251e0,0x00425200,32,1,aligned_or_padded_ebp_prologue;direct_call_target,True
0x00425200,sub_00425200,0x00425220,32,1,aligned_or_padded_ebp_prologue;direct_call_target,True
0x00425220,sub_00425220,0x00425270,80,1,aligned_or_padded_ebp_prologue;direct_call_target,True
0x00425270,sub_00425270,0x004252c0,80,1,aligned_or_padded_ebp_prologue;direct_call_target,True
0x004252c0,sub_004252c0,0x00425320,96,1,aligned_or_padded_ebp_prologue;direct_call_target,True
0x00425320,sub_00425320,0x00425350,48,2,aligned_or_padded_ebp_prologue;direct_call_target,True
0x00425350,sub_00425350,0x00425380,48,1,aligned_or_padded_ebp_prologue;direct_call_target,True
0x00425380,sub_00425380,0x004253d0,80,1,aligned_or_padded_ebp_prologue;direct_call_target,True
0x004253d0,sub_004253d0,0x004254d0,256,1,aligned_or_padded_ebp_prologue;direct_call_target,True
0x004254d0,sub_004254d0,0x00425620,336,1,aligned_or_padded_ebp_prologue;direct_call_target,True
0x00425620,sub_00425620,0x00425640,32,22,aligned_or_padded_ebp_prologue;direct_call_target,True
0x00425640,sub_00425640,0x00425710,208,1,aligned_or_padded_ebp_prologue;direct_call_target,True
0x00425710,sub_00425710,0x004257b0,160,2,aligned_or_padded_ebp_prologue;direct_call_target,True
0x004257b0,sub_004257b0,0x00425800,80,1,aligned_or_padded_ebp_prologue;direct_call_target,True
0x00425800,sub_00425800,0x00425850,80,1,aligned_or_padded_ebp_prologue;direct_call_target,True
0x00425850,sub_00425850,0x00425870,32,1,aligned_or_padded_ebp_prologue;direct_call_target,True
0x00425870,sub_00425870,0x004258c0,80,1,aligned_or_padded_ebp_prologue;direct_call_target,True
0x004258c0,sub_004258c0,0x004258e0,32,1,aligned_or_padded_ebp_prologue;direct_call_target,True
0x004258e0,sub_004258e0,0x00425930,80,1,aligned_or_padded_ebp_prologue;direct_call_target,True
0x00425930,sub_00425930,0x004259a0,112,2,aligned_or_padded_ebp_prologue;direct_call_target,True
0x004259a0,sub_004259a0,0x004259f0,80,1,aligned_or_padded_ebp_prologue;direct_call_target,True
0x004259f0,sub_004259f0,0x00425a00,16,1,aligned_or_padded_ebp_prologue;direct_call_target,True
0x00425a00,sub_00425a00,0x00425ad0,208,5,aligned_or_padded_ebp_prologue;direct_call_target,True
0x00425ad0,sub_00425ad0,0x00425b60,144,1,aligned_or_padded_ebp_prologue;direct_call_target,True
0x00425b60,sub_00425b60,0x00425b70,16,1,aligned_or_padded_ebp_prologue;direct_call_target,True
0x00425b70,sub_00425b70,0x00425b90,32,1,aligned_or_padded_ebp_prologue;direct_call_target,True
0x00425b90,sub_00425b90,0x00425bb0,32,8,aligned_or_padded_ebp_prologue;direct_call_target,True
0x00425bb0,sub_00425bb0,0x00425c10,96,1,aligned_or_padded_ebp_prologue;direct_call_target,True
0x00425c10,sub_00425c10,0x00425c70,96,1,aligned_or_padded_ebp_prologue;direct_call_target,True
0x00425c70,sub_00425c70,0x00425cc0,80,1,aligned_or_padded_ebp_prologue;direct_call_target,True
0x00425cc0,sub_00425cc0,0x00425ce0,32,110,aligned_or_padded_ebp_prologue;direct_call_target,True
0x00425ce0,sub_00425ce0,0x00425d20,64,0,aligned_or_padded_ebp_prologue,True
0x00425d20,sub_00425d20,0x00425d70,80,0,aligned_or_padded_ebp_prologue,True
0x00425d70,sub_00425d70,0x00425fc0,592,1,aligned_or_padded_ebp_prologue;direct_call_target,True
0x00425fc0,sub_00425fc0,0x00426010,80,0,aligned_or_padded_ebp_prologue,True
0x00426010,sub_00426010,0x00426030,32,1,aligned_or_padded_ebp_prologue;direct_call_target,True
0x00426030,sub_00426030,0x00426050,32,1,aligned_or_padded_ebp_prologue;direct_call_target,True
0x00426050,sub_00426050,0x004260b0,96,1,aligned_or_padded_ebp_prologue;direct_call_target,True
0x004260b0,sub_004260b0,0x004260d0,32,5,aligned_or_padded_ebp_prologue;direct_call_target,True
0x004260d0,sub_004260d0,0x004260f0,32,9,aligned_or_padded_ebp_prologue;direct_call_target,True
0x004260f0,sub_004260f0,0x00426110,32,9,aligned_or_padded_ebp_prologue;direct_call_target,True
0x00426110,sub_00426110,0x00426140,48,15,aligned_or_padded_ebp_prologue;direct_call_target,True
0x00426140,sub_00426140,0x00426170,48,1,aligned_or_padded_ebp_prologue;direct_call_target,True
0x00426170,sub_00426170,0x004262f0,384,1,aligned_or_padded_ebp_prologue;direct_call_target,True
0x004262f0,sub_004262f0,0x00426330,64,1,aligned_or_padded_ebp_prologue;direct_call_target,True
0x00426330,sub_00426330,0x00426370,64,1,aligned_or_padded_ebp_prologue;direct_call_target,True
0x00426370,sub_00426370,0x00426390,32,6,aligned_or_padded_ebp_prologue;direct_call_target,True
0x00426390,sub_00426390,0x004263e0,80,1,aligned_or_padded_ebp_prologue;direct_call_target,True
0x004263e0,sub_004263e0,0x00426760,896,1,aligned_or_padded_ebp_prologue;direct_call_target,True
0x00426760,sub_00426760,0x00426840,224,1,aligned_or_padded_ebp_prologue;direct_call_target,True
0x00426840,sub_00426840,0x00426890,80,1,aligned_or_padded_ebp_prologue;direct_call_target,True
0x00426890,sub_00426890,0x00426be0,848,1,direct_call_target,True
0x00426be0,sub_00426be0,0x00426c70,144,1,aligned_or_padded_ebp_prologue;direct_call_target,True
0x00426c70,sub_00426c70,0x00426d70,256,0,aligned_or_padded_ebp_prologue,True
0x00426d70,sub_00426d70,0x00426eb0,320,156,aligned_or_padded_ebp_prologue;direct_call_target,True
0x00426eb0,sub_00426eb0,0x00426ef0,64,32,aligned_or_padded_ebp_prologue;direct_call_target,True
0x00426ef0,sub_00426ef0,0x00427050,352,1,aligned_or_padded_ebp_prologue;direct_call_target,True
0x00427050,sub_00427050,0x00427360,784,1,aligned_or_padded_ebp_prologue;direct_call_target,True
0x00427360,sub_00427360,0x004277f0,1168,2,aligned_or_padded_ebp_prologue;direct_call_target,True
0x004277f0,sub_004277f0,0x00428380,2960,5,aligned_or_padded_ebp_prologue;direct_call_target,True
0x00428380,sub_00428380,0x004283b0,48,1,aligned_or_padded_ebp_prologue;direct_call_target,True
0x004283b0,sub_004283b0,0x00428420,112,2,aligned_or_padded_ebp_prologue;direct_call_target,True
0x00428420,sub_00428420,0x00428560,320,4,aligned_or_padded_ebp_prologue;direct_call_target,True
0x00428560,sub_00428560,0x004286b0,336,1,aligned_or_padded_ebp_prologue;direct_call_target,True
0x004286b0,sub_004286b0,0x00428810,352,1,aligned_or_padded_ebp_prologue;direct_call_target,True
0x00428810,sub_00428810,0x00428890,128,3,aligned_or_padded_ebp_prologue;direct_call_target,True
0x00428890,sub_00428890,0x00428990,256,4,aligned_or_padded_ebp_prologue;direct_call_target,True
0x00428990,sub_00428990,0x00428a90,256,3,aligned_or_padded_ebp_prologue;direct_call_target,True
0x00428a90,sub_00428a90,0x00428af0,96,1,aligned_or_padded_ebp_prologue;direct_call_target,True
0x00428af0,sub_00428af0,0x00428ba0,176,1,aligned_or_padded_ebp_prologue;direct_call_target,True
0x00428ba0,sub_00428ba0,0x00428c40,160,1,aligned_or_padded_ebp_prologue;direct_call_target,True
0x00428c40,sub_00428c40,0x00428c60,32,4,aligned_or_padded_ebp_prologue;direct_call_target,True
0x00428c60,sub_00428c60,0x00428c80,32,1,aligned_or_padded_ebp_prologue;direct_call_target,True
0x00428c80,sub_00428c80,0x00428c90,16,8,aligned_or_padded_ebp_prologue;direct_call_target,True
0x00428c90,sub_00428c90,0x00428de0,336,11,aligned_or_padded_ebp_prologue;direct_call_target,True
0x00428de0,sub_00428de0,0x00428e20,64,1,aligned_or_padded_ebp_prologue;direct_call_target,True
0x00428e20,sub_00428e20,0x00428e50,48,1,aligned_or_padded_ebp_prologue;direct_call_target,True
0x00428e50,sub_00428e50,0x00428e80,48,1,aligned_or_padded_ebp_prologue;direct_call_target,True
0x00428e80,sub_00428e80,0x00428ee0,96,3,aligned_or_padded_ebp_prologue;direct_call_target,True
0x00428ee0,sub_00428ee0,0x00428f60,128,2,aligned_or_padded_ebp_prologue;direct_call_target,True
0x00428f60,sub_00428f60,0x00428f80,32,1,aligned_or_padded_ebp_prologue;direct_call_target,True
0x00428f80,sub_00428f80,0x00428fa0,32,1,aligned_or_padded_ebp_prologue;direct_call_target,True
0x00428fa0,sub_00428fa0,0x00428fc0,32,8,aligned_or_padded_ebp_prologue;direct_call_target,True
0x00428fc0,sub_00428fc0,0x00428ff0,48,1,aligned_or_padded_ebp_prologue;direct_call_target,True
0x00428ff0,sub_00428ff0,0x00429000,16,1,aligned_or_padded_ebp_prologue;direct_call_target,True
0x00429000,sub_00429000,0x00429040,64,2,aligned_or_padded_ebp_prologue;direct_call_target,True
0x00429040,sub_00429040,0x00429060,32,2,aligned_or_padded_ebp_prologue;direct_call_target,True
0x00429060,sub_00429060,0x00429090,48,1,aligned_or_padded_ebp_prologue;direct_call_target,True
0x00429090,sub_00429090,0x004290f0,96,2,aligned_or_padded_ebp_prologue;direct_call_target,True
0x004290f0,sub_004290f0,0x00429120,48,3,aligned_or_padded_ebp_prologue;direct_call_target,True
0x00429120,sub_00429120,0x00429150,48,2,aligned_or_padded_ebp_prologue;direct_call_target,True
0x00429150,sub_00429150,0x00429180,48,4,aligned_or_padded_ebp_prologue;direct_call_target,True
0x00429180,sub_00429180,0x004291e0,96,5,aligned_or_padded_ebp_prologue;direct_call_target,True
0x004291e0,sub_004291e0,0x00429210,48,6,aligned_or_padded_ebp_prologue;direct_call_target,True
0x00429210,sub_00429210,0x00429250,64,32,aligned_or_padded_ebp_prologue;direct_call_target,True
0x00429250,sub_00429250,0x00429280,48,37,aligned_or_padded_ebp_prologue;direct_call_target,True
0x00429280,sub_00429280,0x004292a0,32,2,aligned_or_padded_ebp_prologue;direct_call_target,True
0x004292a0,sub_004292a0,0x004292c0,32,31,aligned_or_padded_ebp_prologue;direct_call_target,True
0x004292c0,sub_004292c0,0x004292e0,32,6,aligned_or_padded_ebp_prologue;direct_call_target,True
0x004292e0,candidate_rate_access,0x004292f0,16,273,aligned_or_padded_ebp_prologue;direct_call_target;manual_candidate_anchor,True
0x004292f0,sub_004292f0,0x00429340,80,50,aligned_or_padded_ebp_prologue;direct_call_target,True
0x00429340,sub_00429340,0x00429390,80,5,aligned_or_padded_ebp_prologue;direct_call_target,True
0x00429390,sub_00429390,0x004293c0,48,9,aligned_or_padded_ebp_prologue;direct_call_target,True
0x004293c0,sub_004293c0,0x00429400,64,8,aligned_or_padded_ebp_prologue;direct_call_target,True
0x00429400,sub_00429400,0x00429420,32,9,aligned_or_padded_ebp_prologue;direct_call_target,True
0x00429420,sub_00429420,0x00429440,32,50,aligned_or_padded_ebp_prologue;direct_call_target,True
0x00429440,sub_00429440,0x004294a0,96,33,aligned_or_padded_ebp_prologue;direct_call_target,True
0x004294a0,sub_004294a0,0x004294e0,64,1,aligned_or_padded_ebp_prologue;direct_call_target,True
0x004294e0,sub_004294e0,0x00429520,64,8,aligned_or_padded_ebp_prologue;direct_call_target,True
0x00429520,sub_00429520,0x00429570,80,8,aligned_or_padded_ebp_prologue;direct_call_target,True
0x00429570,sub_00429570,0x004295d0,96,68,aligned_or_padded_ebp_prologue;direct_call_target,True
0x004295d0,sub_004295d0,0x00429610,64,7,aligned_or_padded_ebp_prologue;direct_call_target,True
0x00429610,sub_00429610,0x00429640,48,9,aligned_or_padded_ebp_prologue;direct_call_target,True
0x00429640,sub_00429640,0x00429690,80,8,aligned_or_padded_ebp_prologue;direct_call_target,True
0x00429690,sub_00429690,0x004296e0,80,4,aligned_or_padded_ebp_prologue;direct_call_target,True
0x004296e0,sub_004296e0,0x00429740,96,134,aligned_or_padded_ebp_prologue;direct_call_target,True
0x00429740,sub_00429740,0x004297a0,96,10,aligned_or_padded_ebp_prologue;direct_call_target,True
0x004297a0,sub_004297a0,0x004297d0,48,2,aligned_or_padded_ebp_prologue;direct_call_target,True
0x004297d0,sub_004297d0,0x00429800,48,20,aligned_or_padded_ebp_prologue;direct_call_target,True
0x00429800,sub_00429800,0x00429830,48,5,aligned_or_padded_ebp_prologue;direct_call_target,True
0x00429830,candidate_rng_float,0x004298b0,128,21,aligned_or_padded_ebp_prologue;direct_call_target;manual_candidate_anchor,True
0x004298b0,sub_004298b0,0x004298e0,48,16,aligned_or_padded_ebp_prologue;direct_call_target,True
0x004298e0,sub_004298e0,0x00429970,144,34,aligned_or_padded_ebp_prologue;direct_call_target,True
0x00429970,sub_00429970,0x00429990,32,20,aligned_or_padded_ebp_prologue;direct_call_target,True
0x00429990,sub_00429990,0x004299b0,32,11,aligned_or_padded_ebp_prologue;direct_call_target,True
0x004299b0,sub_004299b0,0x004299d0,32,7,aligned_or_padded_ebp_prologue;direct_call_target,True
0x004299d0,sub_004299d0,0x00429e30,1120,13,aligned_or_padded_ebp_prologue;direct_call_target,True
0x00429e30,sub_00429e30,0x00429e50,32,7,aligned_or_padded_ebp_prologue;direct_call_target,True
0x00429e50,sub_00429e50,0x00429e70,32,1,aligned_or_padded_ebp_prologue;direct_call_target,True
0x00429e70,sub_00429e70,0x00429e90,32,2,aligned_or_padded_ebp_prologue;direct_call_target,True
0x00429e90,sub_00429e90,0x0042a110,640,2,aligned_or_padded_ebp_prologue;direct_call_target,True
0x0042a110,sub_0042a110,0x0042a3a0,656,14,aligned_or_padded_ebp_prologue;direct_call_target,True
0x0042a3a0,sub_0042a3a0,0x0042a980,1504,2,direct_call_target,True
0x0042a980,sub_0042a980,0x0042ad80,1024,4,aligned_or_padded_ebp_prologue;direct_call_target,True
0x0042ad80,sub_0042ad80,0x0042b1f0,1136,7,aligned_or_padded_ebp_prologue;direct_call_target,True
0x0042b1f0,sub_0042b1f0,0x0042b590,928,1,aligned_or_padded_ebp_prologue;direct_call_target,True
0x0042b590,sub_0042b590,0x0042b5d0,64,9,aligned_or_padded_ebp_prologue;direct_call_target,True
0x0042b5d0,sub_0042b5d0,0x00435500,40752,36,aligned_or_padded_ebp_prologue;direct_call_target,True
0x00435500,sub_00435500,0x00435520,32,2,aligned_or_padded_ebp_prologue;direct_call_target,False
0x00435520,sub_00435520,0x004358d0,944,1,aligned_or_padded_ebp_prologue;direct_call_target,True
0x004358d0,sub_004358d0,0x00435c80,944,1,aligned_or_padded_ebp_prologue;direct_call_target,True
0x00435c80,sub_00435c80,0x004371d0,5456,1,aligned_or_padded_ebp_prologue;direct_call_target,True
0x004371d0,sub_004371d0,0x004371f0,32,3,aligned_or_padded_ebp_prologue;direct_call_target,True
0x004371f0,sub_004371f0,0x00437220,48,1,aligned_or_padded_ebp_prologue;direct_call_target,True
0x00437220,sub_00437220,0x00437310,240,13,aligned_or_padded_ebp_prologue;direct_call_target,True
0x00437310,sub_00437310,0x00437470,352,22,aligned_or_padded_ebp_prologue;direct_call_target,True
0x00437470,sub_00437470,0x00437490,32,18,aligned_or_padded_ebp_prologue;direct_call_target,True
0x00437490,sub_00437490,0x004374b0,32,3,aligned_or_padded_ebp_prologue;direct_call_target,True
0x004374b0,sub_004374b0,0x00437500,80,4,aligned_or_padded_ebp_prologue;direct_call_target,True
0x00437500,sub_00437500,0x00437520,32,3,aligned_or_padded_ebp_prologue;direct_call_target,True
0x00437520,sub_00437520,0x00437540,32,44,aligned_or_padded_ebp_prologue;direct_call_target,True
0x00437540,sub_00437540,0x004375a0,96,4,aligned_or_padded_ebp_prologue;direct_call_target,True
0x004375a0,sub_004375a0,0x00437600,96,2,aligned_or_padded_ebp_prologue;direct_call_target,True
0x00437600,sub_00437600,0x00437660,96,1,aligned_or_padded_ebp_prologue;direct_call_target,True
0x00437660,sub_00437660,0x00437680,32,11,aligned_or_padded_ebp_prologue;direct_call_target,True
0x00437680,sub_00437680,0x004376a0,32,1,aligned_or_padded_ebp_prologue;direct_call_target,True
0x004376a0,sub_004376a0,0x004376c0,32,9,aligned_or_padded_ebp_prologue;direct_call_target,True
0x004376c0,sub_004376c0,0x004376e0,32,1,aligned_or_padded_ebp_prologue;direct_call_target,True
0x004376e0,sub_004376e0,0x00437750,112,22,aligned_or_padded_ebp_prologue;direct_call_target,True
0x00437750,sub_00437750,0x00437770,32,7,aligned_or_padded_ebp_prologue;direct_call_target,True
0x00437770,sub_00437770,0x00437840,208,6,aligned_or_padded_ebp_prologue;direct_call_target,True
0x00437840,sub_00437840,0x00437930,240,2,aligned_or_padded_ebp_prologue;direct_call_target,True
0x00437930,sub_00437930,0x00437950,32,25,aligned_or_padded_ebp_prologue;direct_call_target,True
0x00437950,sub_00437950,0x00437970,32,18,aligned_or_padded_ebp_prologue;direct_call_target,True
0x00437970,sub_00437970,0x004379a0,48,4,aligned_or_padded_ebp_prologue;direct_call_target,True
0x004379a0,sub_004379a0,0x004379c0,32,11,aligned_or_padded_ebp_prologue;direct_call_target,True
0x004379c0,sub_004379c0,0x004379e0,32,37,aligned_or_padded_ebp_prologue;direct_call_target,True
0x004379e0,sub_004379e0,0x00437c80,672,2,aligned_or_padded_ebp_prologue;direct_call_target,True
0x00437c80,sub_00437c80,0x00437ca0,32,4,aligned_or_padded_ebp_prologue;direct_call_target,True
0x00437ca0,sub_00437ca0,0x00437cd0,48,2,aligned_or_padded_ebp_prologue;direct_call_target,True
0x00437cd0,sub_00437cd0,0x00437d00,48,56,aligned_or_padded_ebp_prologue;direct_call_target,True
0x00437d00,sub_00437d00,0x00437eb0,432,117,aligned_or_padded_ebp_prologue;direct_call_target,True
0x00437eb0,sub_00437eb0,0x00438290,992,156,aligned_or_padded_ebp_prologue;direct_call_target,True
0x00438290,sub_00438290,0x004382b0,32,17,aligned_or_padded_ebp_prologue;direct_call_target,True
0x004382b0,sub_004382b0,0x00438380,208,26,aligned_or_padded_ebp_prologue;direct_call_target,True
0x00438380,sub_00438380,0x004383a0,32,18,aligned_or_padded_ebp_prologue;direct_call_target,True
0x004383a0,sub_004383a0,0x00438500,352,8,aligned_or_padded_ebp_prologue;direct_call_target,True
0x00438500,sub_00438500,0x00438520,32,10,aligned_or_padded_ebp_prologue;direct_call_target,True
0x00438520,sub_00438520,0x00438540,32,21,aligned_or_padded_ebp_prologue;direct_call_target,True
0x00438540,sub_00438540,0x00438600,192,77,aligned_or_padded_ebp_prologue;direct_call_target,True
0x00438600,sub_00438600,0x00438620,32,39,aligned_or_padded_ebp_prologue;direct_call_target,True
0x00438620,sub_00438620,0x004388f0,720,8,aligned_or_padded_ebp_prologue;direct_call_target,True
0x004388f0,sub_004388f0,0x00438940,80,33,aligned_or_padded_ebp_prologue;direct_call_target,True
0x00438940,sub_00438940,0x00438a30,240,1,aligned_or_padded_ebp_prologue;direct_call_target,True
0x00438a30,sub_00438a30,0x00438a50,32,6,aligned_or_padded_ebp_prologue;direct_call_target,True
0x00438a50,sub_00438a50,0x00438a70,32,7,aligned_or_padded_ebp_prologue;direct_call_target,True
0x00438a70,sub_00438a70,0x00438a90,32,11,aligned_or_padded_ebp_prologue;direct_call_target,True
0x00438a90,sub_00438a90,0x00438ac0,48,15,aligned_or_padded_ebp_prologue;direct_call_target,True
0x00438ac0,sub_00438ac0,0x00438ae0,32,4,aligned_or_padded_ebp_prologue;direct_call_target,True
0x00438ae0,sub_00438ae0,0x00438b00,32,1,aligned_or_padded_ebp_prologue;direct_call_target,True
0x00438b00,sub_00438b00,0x00438b20,32,9,aligned_or_padded_ebp_prologue;direct_call_target,True
0x00438b20,sub_00438b20,0x00438b50,48,11,aligned_or_padded_ebp_prologue;direct_call_target,True
0x00438b50,sub_00438b50,0x00438b70,32,1,aligned_or_padded_ebp_prologue;direct_call_target,True
0x00438b70,sub_00438b70,0x00438bd0,96,3,aligned_or_padded_ebp_prologue;direct_call_target,True
0x00438bd0,sub_00438bd0,0x00438c60,144,1,aligned_or_padded_ebp_prologue;direct_call_target,True
0x00438c60,sub_00438c60,0x00438cc0,96,9,aligned_or_padded_ebp_prologue;direct_call_target,True
0x00438cc0,sub_00438cc0,0x00438d50,144,1,aligned_or_padded_ebp_prologue;direct_call_target,True
0x00438d50,sub_00438d50,0x00438db0,96,1,aligned_or_padded_ebp_prologue;direct_call_target,True
0x00438db0,sub_00438db0,0x00438df0,64,1,aligned_or_padded_ebp_prologue;direct_call_target,True
0x00438df0,sub_00438df0,0x00438e30,64,4,aligned_or_padded_ebp_prologue;direct_call_target,True
0x00438e30,sub_00438e30,0x00438e70,64,1,aligned_or_padded_ebp_prologue;direct_call_target,True
0x00438e70,sub_00438e70,0x00438e90,32,15,aligned_or_padded_ebp_prologue;direct_call_target,True
0x00438e90,sub_00438e90,0x00438eb0,32,4,aligned_or_padded_ebp_prologue;direct_call_target,True
0x00438eb0,sub_00438eb0,0x00438f10,96,8,aligned_or_padded_ebp_prologue;direct_call_target,True
0x00438f10,sub_00438f10,0x00439280,880,6,aligned_or_padded_ebp_prologue;direct_call_target,True
0x00439280,sub_00439280,0x004392d0,80,1,aligned_or_padded_ebp_prologue;direct_call_target,True
0x004392d0,sub_004392d0,0x00439330,96,1,aligned_or_padded_ebp_prologue;direct_call_target,True
0x00439330,sub_00439330,0x00439390,96,142,aligned_or_padded_ebp_prologue;direct_call_target,True
0x00439390,sub_00439390,0x004393d0,64,1,aligned_or_padded_ebp_prologue;direct_call_target,True
0x004393d0,sub_004393d0,0x004393f0,32,11,aligned_or_padded_ebp_prologue;direct_call_target,True
0x004393f0,sub_004393f0,0x00439420,48,30,aligned_or_padded_ebp_prologue;direct_call_target,True
0x00439420,sub_00439420,0x00439440,32,4,aligned_or_padded_ebp_prologue;direct_call_target,True
0x00439440,sub_00439440,0x00439460,32,1,aligned_or_padded_ebp_prologue;direct_call_target,True
0x00439460,sub_00439460,0x00439480,32,9,aligned_or_padded_ebp_prologue;direct_call_target,True
0x00439480,sub_00439480,0x004394b0,48,11,aligned_or_padded_ebp_prologue;direct_call_target,True
0x004394b0,sub_004394b0,0x004394d0,32,1,aligned_or_padded_ebp_prologue;direct_call_target,True
0x004394d0,sub_004394d0,0x004394f0,32,12,aligned_or_padded_ebp_prologue;direct_call_target,True
0x004394f0,sub_004394f0,0x00439510,32,12,aligned_or_padded_ebp_prologue;direct_call_target,True
0x00439510,sub_00439510,0x00439530,32,4,aligned_or_padded_ebp_prologue;direct_call_target,True
0x00439530,sub_00439530,0x00439550,32,7,aligned_or_padded_ebp_prologue;direct_call_target,True
0x00439550,sub_00439550,0x004395b0,96,12,aligned_or_padded_ebp_prologue;direct_call_target,True
0x004395b0,sub_004395b0,0x004395d0,32,11,aligned_or_padded_ebp_prologue;direct_call_target,True
0x004395d0,sub_004395d0,0x00439640,112,5,aligned_or_padded_ebp_prologue;direct_call_target,True
0x00439640,sub_00439640,0x004396a0,96,4,aligned_or_padded_ebp_prologue;direct_call_target,True
0x004396a0,sub_004396a0,0x004396c0,32,13,aligned_or_padded_ebp_prologue;direct_call_target,True
0x004396c0,sub_004396c0,0x00439760,160,7,aligned_or_padded_ebp_prologue;direct_call_target,True
0x00439760,sub_00439760,0x00439790,48,1,aligned_or_padded_ebp_prologue;direct_call_target,True
0x00439790,sub_00439790,0x004397c0,48,1,aligned_or_padded_ebp_prologue;direct_call_target,True
0x004397c0,sub_004397c0,0x004397f0,48,25,aligned_or_padded_ebp_prologue;direct_call_target,True
0x004397f0,sub_004397f0,0x00439820,48,2,aligned_or_padded_ebp_prologue;direct_call_target,True
0x00439820,sub_00439820,0x00439850,48,60,aligned_or_padded_ebp_prologue;direct_call_target,True
0x00439850,sub_00439850,0x00439880,48,2,aligned_or_padded_ebp_prologue;direct_call_target,True
0x00439880,sub_00439880,0x004398a0,32,6,aligned_or_padded_ebp_prologue;direct_call_target,True
0x004398a0,sub_004398a0,0x004398d0,48,37,aligned_or_padded_ebp_prologue;direct_call_target,True
0x004398d0,sub_004398d0,0x00439910,64,1,aligned_or_padded_ebp_prologue;direct_call_target,True
0x00439910,sub_00439910,0x00439960,80,1,aligned_or_padded_ebp_prologue;direct_call_target,True
0x00439960,sub_00439960,0x004399b0,80,9,aligned_or_padded_ebp_prologue;direct_call_target,True
0x004399b0,sub_004399b0,0x00439a00,80,1,aligned_or_padded_ebp_prologue;direct_call_target,True
0x00439a00,sub_00439a00,0x0043a1c0,1984,4,aligned_or_padded_ebp_prologue;direct_call_target,True
0x0043a1c0,sub_0043a1c0,0x0043a2b0,240,2,aligned_or_padded_ebp_prologue;direct_call_target,True
0x0043a2b0,sub_0043a2b0,0x0043a750,1184,2,aligned_or_padded_ebp_prologue;direct_call_target,True
0x0043a750,sub_0043a750,0x0043ab20,976,1,aligned_or_padded_ebp_prologue;direct_call_target,True
0x0043ab20,sub_0043ab20,0x0043b0e0,1472,4,aligned_or_padded_ebp_prologue;direct_call_target,True
0x0043b0e0,sub_0043b0e0,0x0043b960,2176,1,aligned_or_padded_ebp_prologue;direct_call_target,True
0x0043b960,sub_0043b960,0x0043bc60,768,6,aligned_or_padded_ebp_prologue;direct_call_target,True
0x0043bc60,sub_0043bc60,0x0043be80,544,2,aligned_or_padded_ebp_prologue;direct_call_target,True
0x0043be80,sub_0043be80,0x0043c180,768,3,aligned_or_padded_ebp_prologue;direct_call_target,True
0x0043c180,sub_0043c180,0x0043c4e0,864,1,aligned_or_padded_ebp_prologue;direct_call_target,True
0x0043c4e0,sub_0043c4e0,0x0043c780,672,1,aligned_or_padded_ebp_prologue;direct_call_target,True
0x0043c780,sub_0043c780,0x0043cb70,1008,3,aligned_or_padded_ebp_prologue;direct_call_target,True
0x0043cb70,sub_0043cb70,0x0043cd40,464,6,aligned_or_padded_ebp_prologue;direct_call_target,True
0x0043cd40,sub_0043cd40,0x0043d1a0,1120,1,aligned_or_padded_ebp_prologue;direct_call_target,True
0x0043d1a0,sub_0043d1a0,0x0043d370,464,7,aligned_or_padded_ebp_prologue;direct_call_target,True
0x0043d370,sub_0043d370,0x0043d830,1216,1,aligned_or_padded_ebp_prologue;direct_call_target,True
0x0043d830,sub_0043d830,0x0043d9b0,384,1,aligned_or_padded_ebp_prologue;direct_call_target,True
0x0043d9b0,sub_0043d9b0,0x0043dce0,816,1,aligned_or_padded_ebp_prologue;direct_call_target,True
0x0043dce0,sub_0043dce0,0x0043df30,592,1,aligned_or_padded_ebp_prologue;direct_call_target,True
0x0043df30,sub_0043df30,0x0043e2c0,912,3,aligned_or_padded_ebp_prologue;direct_call_target,True
0x0043e2c0,sub_0043e2c0,0x0043e910,1616,1,aligned_or_padded_ebp_prologue;direct_call_target,True
0x0043e910,sub_0043e910,0x0043e9b0,160,5,aligned_or_padded_ebp_prologue;direct_call_target,True
0x0043e9b0,sub_0043e9b0,0x0043eb10,352,1,aligned_or_padded_ebp_prologue;direct_call_target,True
0x0043eb10,sub_0043eb10,0x0043eb40,48,3,aligned_or_padded_ebp_prologue;direct_call_target,True
0x0043eb40,sub_0043eb40,0x0043ef20,992,4,aligned_or_padded_ebp_prologue;direct_call_target,True
0x0043ef20,sub_0043ef20,0x0043f4f0,1488,2,aligned_or_padded_ebp_prologue;direct_call_target,True
0x0043f4f0,sub_0043f4f0,0x0043f520,48,8,aligned_or_padded_ebp_prologue;direct_call_target,True
0x0043f520,sub_0043f520,0x0043f550,48,44,aligned_or_padded_ebp_prologue;direct_call_target,True
0x0043f550,sub_0043f550,0x0043f5c0,112,6,aligned_or_padded_ebp_prologue;direct_call_target,True
0x0043f5c0,sub_0043f5c0,0x0043f630,112,1,aligned_or_padded_ebp_prologue;direct_call_target,True
0x0043f630,sub_0043f630,0x0043f6a0,112,6,aligned_or_padded_ebp_prologue;direct_call_target,True
0x0043f6a0,sub_0043f6a0,0x00440310,3184,7,aligned_or_padded_ebp_prologue;direct_call_target,True
0x00440310,sub_00440310,0x00440340,48,1,aligned_or_padded_ebp_prologue;direct_call_target,True
0x00440340,sub_00440340,0x004408b0,1392,2,aligned_or_padded_ebp_prologue;direct_call_target,True
0x004408b0,sub_004408b0,0x004413a0,2800,1,aligned_or_padded_ebp_prologue;direct_call_target,True
0x004413a0,sub_004413a0,0x00441430,144,1,aligned_or_padded_ebp_prologue;direct_call_target,True
0x00441430,sub_00441430,0x00441c00,2000,2,aligned_or_padded_ebp_prologue;direct_call_target,True
0x00441c00,sub_00441c00,0x00441f00,768,1,aligned_or_padded_ebp_prologue;direct_call_target,True
0x00441f00,sub_00441f00,0x00443020,4384,2,aligned_or_padded_ebp_prologue;direct_call_target,True
0x00443020,sub_00443020,0x00443880,2144,3,aligned_or_padded_ebp_prologue;direct_call_target,True
0x00443880,sub_00443880,0x00445130,6320,5,aligned_or_padded_ebp_prologue;direct_call_target,True
0x00445130,sub_00445130,0x00445350,544,1,aligned_or_padded_ebp_prologue;direct_call_target,True
0x00445350,sub_00445350,0x004455c0,624,2,aligned_or_padded_ebp_prologue;direct_call_target,True
0x004455c0,sub_004455c0,0x00445680,192,74,aligned_or_padded_ebp_prologue;direct_call_target,True
0x00445680,sub_00445680,0x004456c0,64,23,aligned_or_padded_ebp_prologue;direct_call_target,True
0x004456c0,sub_004456c0,0x004456e0,32,22,aligned_or_padded_ebp_prologue;direct_call_target,True
0x004456e0,sub_004456e0,0x00445700,32,39,aligned_or_padded_ebp_prologue;direct_call_target,True
0x00445700,sub_00445700,0x00445720,32,2,aligned_or_padded_ebp_prologue;direct_call_target,True
0x00445720,sub_00445720,0x00445770,80,2,aligned_or_padded_ebp_prologue;direct_call_target,True
0x00445770,sub_00445770,0x00445880,272,3,aligned_or_padded_ebp_prologue;direct_call_target,True
0x00445880,sub_00445880,0x004458e0,96,13,aligned_or_padded_ebp_prologue;direct_call_target,True
0x004458e0,sub_004458e0,0x00445940,96,2,aligned_or_padded_ebp_prologue;direct_call_target,True
0x00445940,sub_00445940,0x004459a0,96,2,aligned_or_padded_ebp_prologue;direct_call_target,True
0x004459a0,sub_004459a0,0x004459d0,48,6,aligned_or_padded_ebp_prologue;direct_call_target,True
0x004459d0,sub_004459d0,0x00445a00,48,6,aligned_or_padded_ebp_prologue;direct_call_target,True
0x00445a00,sub_00445a00,0x00445a40,64,8,aligned_or_padded_ebp_prologue;direct_call_target,True
0x00445a40,sub_00445a40,0x00445ab0,112,3,aligned_or_padded_ebp_prologue;direct_call_target,True
0x00445ab0,sub_00445ab0,0x00445ad0,32,9,aligned_or_padded_ebp_prologue;direct_call_target,True
0x00445ad0,sub_00445ad0,0x00445b20,80,17,aligned_or_padded_ebp_prologue;direct_call_target,True
0x00445b20,sub_00445b20,0x00445b80,96,4,aligned_or_padded_ebp_prologue;direct_call_target,True
0x00445b80,sub_00445b80,0x00445ba0,32,4,aligned_or_padded_ebp_prologue;direct_call_target,True
0x00445ba0,sub_00445ba0,0x00445bc0,32,3,aligned_or_padded_ebp_prologue;direct_call_target,True
0x00445bc0,sub_00445bc0,0x00446690,2768,15,aligned_or_padded_ebp_prologue;direct_call_target,True
0x00446690,sub_00446690,0x00446b30,1184,24,aligned_or_padded_ebp_prologue;direct_call_target,False
0x00446b30,sub_00446b30,0x00446b60,48,13,aligned_or_padded_ebp_prologue;direct_call_target,True
0x00446b60,sub_00446b60,0x00446ba0,64,14,aligned_or_padded_ebp_prologue;direct_call_target,True
0x00446ba0,sub_00446ba0,0x00446bc0,32,3,aligned_or_padded_ebp_prologue;direct_call_target,True
0x00446bc0,sub_00446bc0,0x00446bf0,48,0,aligned_or_padded_ebp_prologue,True
0x00446bf0,sub_00446bf0,0x00446c10,32,1,aligned_or_padded_ebp_prologue;direct_call_target,True
0x00446c10,sub_00446c10,0x00446c40,48,2,aligned_or_padded_ebp_prologue;direct_call_target,True
0x00446c40,sub_00446c40,0x00446c80,64,3,aligned_or_padded_ebp_prologue;direct_call_target,True
0x00446c80,sub_00446c80,0x00446cc0,64,3,aligned_or_padded_ebp_prologue;direct_call_target,True
0x00446cc0,sub_00446cc0,0x00446d30,112,1,aligned_or_padded_ebp_prologue;direct_call_target,True
0x00446d30,sub_00446d30,0x00446da0,112,1,aligned_or_padded_ebp_prologue;direct_call_target,True
0x00446da0,sub_00446da0,0x00446dc0,32,9,aligned_or_padded_ebp_prologue;direct_call_target,True
0x00446dc0,sub_00446dc0,0x00446de0,32,2,aligned_or_padded_ebp_prologue;direct_call_target,True
0x00446de0,sub_00446de0,0x00446e00,32,4,aligned_or_padded_ebp_prologue;direct_call_target,True
0x00446e00,sub_00446e00,0x00446e40,64,1,aligned_or_padded_ebp_prologue;direct_call_target,True
0x00446e40,sub_00446e40,0x00446ea0,96,1,aligned_or_padded_ebp_prologue;direct_call_target,True
0x00446ea0,sub_00446ea0,0x00446ec0,32,1,aligned_or_padded_ebp_prologue;direct_call_target,True
0x00446ec0,sub_00446ec0,0x00446f50,144,6,aligned_or_padded_ebp_prologue;direct_call_target,True
0x00446f50,sub_00446f50,0x00446f90,64,1,aligned_or_padded_ebp_prologue;direct_call_target,True
0x00446f90,sub_00446f90,0x00447030,160,1,aligned_or_padded_ebp_prologue;direct_call_target,True
0x00447030,sub_00447030,0x00447050,32,1,aligned_or_padded_ebp_prologue;direct_call_target,True
0x00447050,sub_00447050,0x00447140,240,1,aligned_or_padded_ebp_prologue;direct_call_target,True
0x00447140,sub_00447140,0x004471a0,96,1,aligned_or_padded_ebp_prologue;direct_call_target,True
0x004471a0,sub_004471a0,0x00447200,96,1,aligned_or_padded_ebp_prologue;direct_call_target,True
0x00447200,sub_00447200,0x00447250,80,3,aligned_or_padded_ebp_prologue;direct_call_target,True
0x00447250,sub_00447250,0x004472c0,112,1,aligned_or_padded_ebp_prologue;direct_call_target,True
0x004472c0,sub_004472c0,0x00447330,112,1,aligned_or_padded_ebp_prologue;direct_call_target,True
0x00447330,sub_00447330,0x004473a0,112,1,aligned_or_padded_ebp_prologue;direct_call_target,True
0x004473a0,sub_004473a0,0x00447410,112,1,aligned_or_padded_ebp_prologue;direct_call_target,True
0x00447410,sub_00447410,0x00447480,112,6,aligned_or_padded_ebp_prologue;direct_call_target,True
0x00447480,sub_00447480,0x00447520,160,3,aligned_or_padded_ebp_prologue;direct_call_target,True
0x00447520,sub_00447520,0x004475f0,208,1,aligned_or_padded_ebp_prologue;direct_call_target,True
0x004475f0,sub_004475f0,0x004476c0,208,1,aligned_or_padded_ebp_prologue;direct_call_target,True
0x004476c0,sub_004476c0,0x004477b0,240,1,aligned_or_padded_ebp_prologue;direct_call_target,True
0x004477b0,sub_004477b0,0x00447800,80,1,aligned_or_padded_ebp_prologue;direct_call_target,True
0x00447800,sub_00447800,0x00447850,80,6,aligned_or_padded_ebp_prologue;direct_call_target,True
0x00447850,sub_00447850,0x00447860,16,2,aligned_or_padded_ebp_prologue;direct_call_target,True
0x00447860,sub_00447860,0x00447870,16,1,aligned_or_padded_ebp_prologue;direct_call_target,True
0x00447870,sub_00447870,0x004478b0,64,1,aligned_or_padded_ebp_prologue;direct_call_target,True
0x004478b0,sub_004478b0,0x00447920,112,1,aligned_or_padded_ebp_prologue;direct_call_target,True
0x00447920,sub_00447920,0x00447940,32,1,aligned_or_padded_ebp_prologue;direct_call_target,True
0x00447940,sub_00447940,0x00447960,32,3,aligned_or_padded_ebp_prologue;direct_call_target,True
0x00447960,sub_00447960,0x00447980,32,2,aligned_or_padded_ebp_prologue;direct_call_target,True
0x00447980,sub_00447980,0x004479e0,96,3,aligned_or_padded_ebp_prologue;direct_call_target,True
0x004479e0,sub_004479e0,0x00447a50,112,12,aligned_or_padded_ebp_prologue;direct_call_target,True
0x00447a50,sub_00447a50,0x00447ac0,112,2,aligned_or_padded_ebp_prologue;direct_call_target,True
0x00447ac0,sub_00447ac0,0x00447b30,112,5,aligned_or_padded_ebp_prologue;direct_call_target,True
0x00447b30,sub_00447b30,0x00447ba0,112,7,aligned_or_padded_ebp_prologue;direct_call_target,True
0x00447ba0,sub_00447ba0,0x00447c10,112,1,aligned_or_padded_ebp_prologue;direct_call_target,True
0x00447c10,sub_00447c10,0x00447c60,80,1,aligned_or_padded_ebp_prologue;direct_call_target,True
0x00447c60,sub_00447c60,0x00447cc0,96,1,aligned_or_padded_ebp_prologue;direct_call_target,True
0x00447cc0,sub_00447cc0,0x00447d20,96,8,aligned_or_padded_ebp_prologue;direct_call_target,True
0x00447d20,sub_00447d20,0x00447d40,32,4,aligned_or_padded_ebp_prologue;direct_call_target,True
0x00447d40,sub_00447d40,0x00447dc0,128,0,aligned_or_padded_ebp_prologue,True
0x00447dc0,sub_00447dc0,0x00447de0,32,5,aligned_or_padded_ebp_prologue;direct_call_target,True
0x00447de0,sub_00447de0,0x00447e00,32,30,aligned_or_padded_ebp_prologue;direct_call_target,True
0x00447e00,sub_00447e00,0x004488f0,2800,1,aligned_or_padded_ebp_prologue;direct_call_target,True
0x004488f0,sub_004488f0,0x004489f0,256,1,aligned_or_padded_ebp_prologue;direct_call_target,True
0x004489f0,sub_004489f0,0x00448a30,64,0,aligned_or_padded_ebp_prologue,True
0x00448a30,sub_00448a30,0x00448af0,192,1,aligned_or_padded_ebp_prologue;direct_call_target,True
0x00448af0,sub_00448af0,0x00448b40,80,0,aligned_or_padded_ebp_prologue,True
0x00448b40,sub_00448b40,0x00448d40,512,22,aligned_or_padded_ebp_prologue;direct_call_target,True
0x00448d40,sub_00448d40,0x00448d70,48,0,aligned_or_padded_ebp_prologue,True
0x00448d70,sub_00448d70,0x00449050,736,1,aligned_or_padded_ebp_prologue;direct_call_target,True
0x00449050,sub_00449050,0x00449110,192,1,aligned_or_padded_ebp_prologue;direct_call_target,True
0x00449110,sub_00449110,0x00449140,48,0,aligned_or_padded_ebp_prologue,True
0x00449140,sub_00449140,0x00449170,48,0,aligned_or_padded_ebp_prologue,True
0x00449170,sub_00449170,0x004491c0,80,0,aligned_or_padded_ebp_prologue,True
0x004491c0,sub_004491c0,0x004491e0,32,1,aligned_or_padded_ebp_prologue;direct_call_target,True
0x004491e0,sub_004491e0,0x00449240,96,1,aligned_or_padded_ebp_prologue;direct_call_target,True
0x00449240,sub_00449240,0x00449260,32,28,aligned_or_padded_ebp_prologue;direct_call_target,True
0x00449260,sub_00449260,0x004492f0,144,1,aligned_or_padded_ebp_prologue;direct_call_target,True
0x004492f0,sub_004492f0,0x00449310,32,0,aligned_or_padded_ebp_prologue,True
0x00449310,sub_00449310,0x00449370,96,1,aligned_or_padded_ebp_prologue;direct_call_target,True
0x00449370,sub_00449370,0x004493c0,80,23,aligned_or_padded_ebp_prologue;direct_call_target,True
0x004493c0,sub_004493c0,0x004493e0,32,3,aligned_or_padded_ebp_prologue;direct_call_target,True
0x004493e0,sub_004493e0,0x00449400,32,1,aligned_or_padded_ebp_prologue;direct_call_target,True
0x00449400,sub_00449400,0x00449430,48,8,aligned_or_padded_ebp_prologue;direct_call_target,True
0x00449430,sub_00449430,0x00449460,48,22,aligned_or_padded_ebp_prologue;direct_call_target,True
0x00449460,sub_00449460,0x00449490,48,17,aligned_or_padded_ebp_prologue;direct_call_target,True
0x00449490,sub_00449490,0x004494b0,32,15,aligned_or_padded_ebp_prologue;direct_call_target,True
0x004494b0,sub_004494b0,0x004494d0,32,21,aligned_or_padded_ebp_prologue;direct_call_target,True
0x004494d0,sub_004494d0,0x004494f0,32,10,aligned_or_padded_ebp_prologue;direct_call_target,True
0x004494f0,sub_004494f0,0x00449530,64,17,aligned_or_padded_ebp_prologue;direct_call_target,True
0x00449530,sub_00449530,0x00449570,64,1,aligned_or_padded_ebp_prologue;direct_call_target,True
0x00449570,sub_00449570,0x004495a0,48,2,aligned_or_padded_ebp_prologue;direct_call_target,True
0x004495a0,sub_004495a0,0x004495c0,32,10,aligned_or_padded_ebp_prologue;direct_call_target,True
0x004495c0,sub_004495c0,0x00449600,64,1,aligned_or_padded_ebp_prologue;direct_call_target,True
0x00449600,sub_00449600,0x00449630,48,1,aligned_or_padded_ebp_prologue;direct_call_target,True
0x00449630,sub_00449630,0x00449690,96,2,aligned_or_padded_ebp_prologue;direct_call_target,True
0x00449690,sub_00449690,0x004496b0,32,1,aligned_or_padded_ebp_prologue;direct_call_target,True
0x004496b0,sub_004496b0,0x00449760,176,1,aligned_or_padded_ebp_prologue;direct_call_target,True
0x00449760,sub_00449760,0x00449790,48,1,aligned_or_padded_ebp_prologue;direct_call_target,True
0x00449790,sub_00449790,0x004497d0,64,1,aligned_or_padded_ebp_prologue;direct_call_target,True
0x004497d0,sub_004497d0,0x00449870,160,1,aligned_or_padded_ebp_prologue;direct_call_target,True
0x00449870,sub_00449870,0x00449a70,512,1,aligned_or_padded_ebp_prologue;direct_call_target,True
0x00449a70,sub_00449a70,0x00449b20,176,1,aligned_or_padded_ebp_prologue;direct_call_target,True
0x00449b20,sub_00449b20,0x00449d20,512,1,aligned_or_padded_ebp_prologue;direct_call_target,True
0x00449d20,sub_00449d20,0x00449d80,96,5,aligned_or_padded_ebp_prologue;direct_call_target,True
0x00449d80,sub_00449d80,0x00449e40,192,2,aligned_or_padded_ebp_prologue;direct_call_target,True
0x00449e40,sub_00449e40,0x00449fa0,352,53,aligned_or_padded_ebp_prologue;direct_call_target,True
0x00449fa0,sub_00449fa0,0x0044a090,240,2,aligned_or_padded_ebp_prologue;direct_call_target,True
0x0044a090,sub_0044a090,0x0044a210,384,1,aligned_or_padded_ebp_prologue;direct_call_target,True
0x0044a210,sub_0044a210,0x0044a3a0,400,1,aligned_or_padded_ebp_prologue;direct_call_target,True
0x0044a3a0,sub_0044a3a0,0x0044a500,352,1,aligned_or_padded_ebp_prologue;direct_call_target,True
0x0044a500,sub_0044a500,0x0044a5a0,160,1,aligned_or_padded_ebp_prologue;direct_call_target,True
0x0044a5a0,sub_0044a5a0,0x0044a640,160,2,aligned_or_padded_ebp_prologue;direct_call_target,True
0x0044a640,sub_0044a640,0x0044a670,48,18,aligned_or_padded_ebp_prologue;direct_call_target,True
0x0044a670,sub_0044a670,0x0044a6b0,64,24,aligned_or_padded_ebp_prologue;direct_call_target,True
0x0044a6b0,sub_0044a6b0,0x0044a700,80,15,aligned_or_padded_ebp_prologue;direct_call_target,True
0x0044a700,sub_0044a700,0x0044ab00,1024,1,aligned_or_padded_ebp_prologue;direct_call_target,True
0x0044ab00,sub_0044ab00,0x0044ac20,288,2,aligned_or_padded_ebp_prologue;direct_call_target,True
0x0044ac20,sub_0044ac20,0x0044add0,432,17,aligned_or_padded_ebp_prologue;direct_call_target,True
0x0044add0,sub_0044add0,0x0044b020,592,7,aligned_or_padded_ebp_prologue;direct_call_target,True
0x0044b020,sub_0044b020,0x0044b270,592,1,aligned_or_padded_ebp_prologue;direct_call_target,True
0x0044b270,sub_0044b270,0x0044b2b0,64,4,aligned_or_padded_ebp_prologue;direct_call_target,True
0x0044b2b0,sub_0044b2b0,0x0044b320,112,1,aligned_or_padded_ebp_prologue;direct_call_target,True
0x0044b320,sub_0044b320,0x0044b350,48,0,aligned_or_padded_ebp_prologue,True
0x0044b350,sub_0044b350,0x0044b380,48,0,aligned_or_padded_ebp_prologue,True
0x0044b380,sub_0044b380,0x0044b3a0,32,5,aligned_or_padded_ebp_prologue;direct_call_target,True
0x0044b3a0,sub_0044b3a0,0x0044b3d0,48,0,aligned_or_padded_ebp_prologue,True
0x0044b3d0,sub_0044b3d0,0x0044b400,48,0,aligned_or_padded_ebp_prologue,True
0x0044b400,sub_0044b400,0x0044b450,80,1,aligned_or_padded_ebp_prologue;direct_call_target,True
0x0044b450,sub_0044b450,0x0044b4e0,144,1,aligned_or_padded_ebp_prologue;direct_call_target,True
0x0044b4e0,sub_0044b4e0,0x0044b530,80,2,aligned_or_padded_ebp_prologue;direct_call_target,True
0x0044b530,sub_0044b530,0x0044b550,32,0,aligned_or_padded_ebp_prologue,True
0x0044b550,sub_0044b550,0x0044b5c0,112,0,aligned_or_padded_ebp_prologue,True
0x0044b5c0,sub_0044b5c0,0x0044b630,112,0,aligned_or_padded_ebp_prologue,True
0x0044b630,sub_0044b630,0x0044b690,96,1,aligned_or_padded_ebp_prologue;direct_call_target,True
0x0044b690,sub_0044b690,0x0044b720,144,1,aligned_or_padded_ebp_prologue;direct_call_target,True
0x0044b720,sub_0044b720,0x0044b730,16,0,aligned_or_padded_ebp_prologue,True
0x0044b730,sub_0044b730,0x0044b740,16,0,aligned_or_padded_ebp_prologue,True
0x0044b740,sub_0044b740,0x0044b7d0,144,1,aligned_or_padded_ebp_prologue;direct_call_target,True
0x0044b7d0,sub_0044b7d0,0x0044b7f0,32,1,aligned_or_padded_ebp_prologue;direct_call_target,True
0x0044b7f0,sub_0044b7f0,0x0044b840,80,3,aligned_or_padded_ebp_prologue;direct_call_target,True
0x0044b840,sub_0044b840,0x0044b890,80,3,aligned_or_padded_ebp_prologue;direct_call_target,True
0x0044b890,sub_0044b890,0x0044b8e0,80,3,aligned_or_padded_ebp_prologue;direct_call_target,True
0x0044b8e0,sub_0044b8e0,0x0044b930,80,3,aligned_or_padded_ebp_prologue;direct_call_target,True
0x0044b930,sub_0044b930,0x0044b970,64,1,aligned_or_padded_ebp_prologue;direct_call_target,True
0x0044b970,sub_0044b970,0x0044b9f0,128,2,aligned_or_padded_ebp_prologue;direct_call_target,True
0x0044b9f0,sub_0044b9f0,0x0044baf0,256,8,aligned_or_padded_ebp_prologue;direct_call_target,True
0x0044baf0,sub_0044baf0,0x0044bb10,32,33,aligned_or_padded_ebp_prologue;direct_call_target,True
0x0044bb10,sub_0044bb10,0x0044bcd0,448,1,aligned_or_padded_ebp_prologue;direct_call_target,True
0x0044bcd0,sub_0044bcd0,0x0044bd50,128,3,aligned_or_padded_ebp_prologue;direct_call_target,True
0x0044bd50,sub_0044bd50,0x0044bd70,32,2,aligned_or_padded_ebp_prologue;direct_call_target,True
0x0044bd70,sub_0044bd70,0x0044bdc0,80,3,aligned_or_padded_ebp_prologue;direct_call_target,True
0x0044bdc0,sub_0044bdc0,0x0044be00,64,2,aligned_or_padded_ebp_prologue;direct_call_target,True
0x0044be00,sub_0044be00,0x0044be40,64,1,aligned_or_padded_ebp_prologue;direct_call_target,True
0x0044be40,sub_0044be40,0x0044c090,592,1,aligned_or_padded_ebp_prologue;direct_call_target,True
0x0044c090,sub_0044c090,0x0044c0b0,32,8,aligned_or_padded_ebp_prologue;direct_call_target,True
0x0044c0b0,sub_0044c0b0,0x0044c150,160,2,aligned_or_padded_ebp_prologue;direct_call_target,True
0x0044c150,sub_0044c150,0x0044c1e0,144,2,aligned_or_padded_ebp_prologue;direct_call_target,True
0x0044c1e0,sub_0044c1e0,0x0044c240,96,1,aligned_or_padded_ebp_prologue;direct_call_target,True
0x0044c240,sub_0044c240,0x0044c2f0,176,5,aligned_or_padded_ebp_prologue;direct_call_target,True
0x0044c2f0,sub_0044c2f0,0x0044c430,320,5,aligned_or_padded_ebp_prologue;direct_call_target,True
0x0044c430,sub_0044c430,0x0044c510,224,29,aligned_or_padded_ebp_prologue;direct_call_target,True
0x0044c510,sub_0044c510,0x0044c570,96,1,aligned_or_padded_ebp_prologue;direct_call_target,True
0x0044c570,sub_0044c570,0x0044c590,32,16,aligned_or_padded_ebp_prologue;direct_call_target,True
0x0044c590,sub_0044c590,0x0044c5f0,96,2,aligned_or_padded_ebp_prologue;direct_call_target,True
0x0044c5f0,sub_0044c5f0,0x0044c650,96,1,aligned_or_padded_ebp_prologue;direct_call_target,True
0x0044c650,sub_0044c650,0x0044c670,32,3,aligned_or_padded_ebp_prologue;direct_call_target,True
0x0044c670,sub_0044c670,0x0044c6b0,64,18,aligned_or_padded_ebp_prologue;direct_call_target,True
0x0044c6b0,sub_0044c6b0,0x0044c7b0,256,3,aligned_or_padded_ebp_prologue;direct_call_target,True
0x0044c7b0,sub_0044c7b0,0x0044c830,128,21,aligned_or_padded_ebp_prologue;direct_call_target,True
0x0044c830,sub_0044c830,0x0044c8a0,112,1,aligned_or_padded_ebp_prologue;direct_call_target,True
0x0044c8a0,sub_0044c8a0,0x0044c8c0,32,1,aligned_or_padded_ebp_prologue;direct_call_target,True
0x0044c8c0,sub_0044c8c0,0x0044c8f0,48,2,aligned_or_padded_ebp_prologue;direct_call_target,True
0x0044c8f0,sub_0044c8f0,0x0044c9b0,192,4,aligned_or_padded_ebp_prologue;direct_call_target,True
0x0044c9b0,sub_0044c9b0,0x0044cae0,304,4,aligned_or_padded_ebp_prologue;direct_call_target,True
0x0044cae0,sub_0044cae0,0x0044cb00,32,3,aligned_or_padded_ebp_prologue;direct_call_target,True
0x0044cb00,sub_0044cb00,0x0044cb20,32,21,aligned_or_padded_ebp_prologue;direct_call_target,True
0x0044cb20,sub_0044cb20,0x0044cb40,32,8,aligned_or_padded_ebp_prologue;direct_call_target,True
0x0044cb40,sub_0044cb40,0x0044cb60,32,2,aligned_or_padded_ebp_prologue;direct_call_target,True
0x0044cb60,sub_0044cb60,0x0044cb80,32,8,aligned_or_padded_ebp_prologue;direct_call_target,True
0x0044cb80,sub_0044cb80,0x0044cc70,240,2,aligned_or_padded_ebp_prologue;direct_call_target,True
0x0044cc70,sub_0044cc70,0x0044cca0,48,1,aligned_or_padded_ebp_prologue;direct_call_target,True
0x0044cca0,sub_0044cca0,0x0044ccc0,32,1,aligned_or_padded_ebp_prologue;direct_call_target,True
0x0044ccc0,sub_0044ccc0,0x0044cce0,32,1,aligned_or_padded_ebp_prologue;direct_call_target,True
0x0044cce0,sub_0044cce0,0x0044cd00,32,1,aligned_or_padded_ebp_prologue;direct_call_target,True
0x0044cd00,sub_0044cd00,0x0044ced0,464,16,aligned_or_padded_ebp_prologue;direct_call_target,True
0x0044ced0,sub_0044ced0,0x0044cf10,64,143,aligned_or_padded_ebp_prologue;direct_call_target,True
0x0044cf10,sub_0044cf10,0x0044cf50,64,7,aligned_or_padded_ebp_prologue;direct_call_target,True
0x0044cf50,sub_0044cf50,0x0044cfb0,96,1,aligned_or_padded_ebp_prologue;direct_call_target,True
0x0044cfb0,sub_0044cfb0,0x0044d000,80,3,aligned_or_padded_ebp_prologue;direct_call_target,True
0x0044d000,sub_0044d000,0x0044d020,32,1,aligned_or_padded_ebp_prologue;direct_call_target,True
0x0044d020,sub_0044d020,0x0044d880,2144,1,aligned_or_padded_ebp_prologue;direct_call_target,True
0x0044d880,sub_0044d880,0x0044d970,240,2,aligned_or_padded_ebp_prologue;direct_call_target,True
0x0044d970,sub_0044d970,0x0044d9d0,96,1,aligned_or_padded_ebp_prologue;direct_call_target,True
0x0044d9d0,sub_0044d9d0,0x0044dc20,592,1,aligned_or_padded_ebp_prologue;direct_call_target,True
0x0044dc20,sub_0044dc20,0x0044dd50,304,2,aligned_or_padded_ebp_prologue;direct_call_target,True
0x0044dd50,sub_0044dd50,0x0044dd60,16,1,aligned_or_padded_ebp_prologue;direct_call_target,True
0x0044dd60,sub_0044dd60,0x0044dde0,128,10,aligned_or_padded_ebp_prologue;direct_call_target,True
0x0044dde0,sub_0044dde0,0x0044dfb0,464,2,aligned_or_padded_ebp_prologue;direct_call_target,True
0x0044dfb0,sub_0044dfb0,0x0044e150,416,1,aligned_or_padded_ebp_prologue;direct_call_target,True
0x0044e150,sub_0044e150,0x0044e350,512,1,aligned_or_padded_ebp_prologue;direct_call_target,True
0x0044e350,sub_0044e350,0x0044e8f0,1440,1,aligned_or_padded_ebp_prologue;direct_call_target,True
0x0044e8f0,sub_0044e8f0,0x0044eb30,576,1,aligned_or_padded_ebp_prologue;direct_call_target,True
0x0044eb30,sub_0044eb30,0x0044ebf0,192,16,aligned_or_padded_ebp_prologue;direct_call_target,True
0x0044ebf0,sub_0044ebf0,0x0044ed40,336,1,aligned_or_padded_ebp_prologue;direct_call_target,True
0x0044ed40,sub_0044ed40,0x0044ee50,272,1,aligned_or_padded_ebp_prologue;direct_call_target,True
0x0044ee50,sub_0044ee50,0x0044ee70,32,9,aligned_or_padded_ebp_prologue;direct_call_target,True
0x0044ee70,sub_0044ee70,0x0044ee90,32,8,aligned_or_padded_ebp_prologue;direct_call_target,True
0x0044ee90,sub_0044ee90,0x0044ef90,256,12,aligned_or_padded_ebp_prologue;direct_call_target,True
0x0044ef90,sub_0044ef90,0x0044efc0,48,79,aligned_or_padded_ebp_prologue;direct_call_target,True
0x0044efc0,sub_0044efc0,0x0044f0d0,272,6,aligned_or_padded_ebp_prologue;direct_call_target,True
0x0044f0d0,sub_0044f0d0,0x0044f100,48,14,aligned_or_padded_ebp_prologue;direct_call_target,True
0x0044f100,sub_0044f100,0x0044f130,48,8,aligned_or_padded_ebp_prologue;direct_call_target,True
0x0044f130,sub_0044f130,0x0044f170,64,5,aligned_or_padded_ebp_prologue;direct_call_target,True
0x0044f170,sub_0044f170,0x0044f280,272,2,aligned_or_padded_ebp_prologue;direct_call_target,True
0x0044f280,sub_0044f280,0x0044f2c0,64,3,aligned_or_padded_ebp_prologue;direct_call_target,True
0x0044f2c0,sub_0044f2c0,0x0044f3d0,272,2,aligned_or_padded_ebp_prologue;direct_call_target,True
0x0044f3d0,sub_0044f3d0,0x0044f700,816,9,aligned_or_padded_ebp_prologue;direct_call_target,True
0x0044f700,sub_0044f700,0x0044f720,32,2,aligned_or_padded_ebp_prologue;direct_call_target,True
0x0044f720,sub_0044f720,0x0044f840,288,6,aligned_or_padded_ebp_prologue;direct_call_target,True
0x0044f840,sub_0044f840,0x0044f9e0,416,5,aligned_or_padded_ebp_prologue;direct_call_target,True
0x0044f9e0,sub_0044f9e0,0x0044fa10,48,2,aligned_or_padded_ebp_prologue;direct_call_target,True
0x0044fa10,sub_0044fa10,0x0044fa30,32,23,aligned_or_padded_ebp_prologue;direct_call_target,True
0x0044fa30,sub_0044fa30,0x0044fa70,64,25,aligned_or_padded_ebp_prologue;direct_call_target,True
0x0044fa70,sub_0044fa70,0x0044fb80,272,7,aligned_or_padded_ebp_prologue;direct_call_target,True
0x0044fb80,sub_0044fb80,0x0044fca0,288,2,aligned_or_padded_ebp_prologue;direct_call_target,True
0x0044fca0,sub_0044fca0,0x0044fcd0,48,2,aligned_or_padded_ebp_prologue;direct_call_target,True
0x0044fcd0,sub_0044fcd0,0x0044fd00,48,134,aligned_or_padded_ebp_prologue;direct_call_target,True
0x0044fd00,sub_0044fd00,0x0044fd30,48,4,aligned_or_padded_ebp_prologue;direct_call_target,True
0x0044fd30,sub_0044fd30,0x0044fff0,704,2,aligned_or_padded_ebp_prologue;direct_call_target,True
0x0044fff0,sub_0044fff0,0x00450120,304,3,aligned_or_padded_ebp_prologue;direct_call_target,True
0x00450120,sub_00450120,0x00450160,64,38,aligned_or_padded_ebp_prologue;direct_call_target,True
0x00450160,sub_00450160,0x00450270,272,11,aligned_or_padded_ebp_prologue;direct_call_target,True
0x00450270,sub_00450270,0x004502c0,80,1,aligned_or_padded_ebp_prologue;direct_call_target,True
0x004502c0,sub_004502c0,0x004502f0,48,24,aligned_or_padded_ebp_prologue;direct_call_target,True
0x004502f0,sub_004502f0,0x00450320,48,1,aligned_or_padded_ebp_prologue;direct_call_target,True
0x00450320,sub_00450320,0x00450350,48,1,aligned_or_padded_ebp_prologue;direct_call_target,True
0x00450350,sub_00450350,0x00450430,224,25,aligned_or_padded_ebp_prologue;direct_call_target,True
0x00450430,sub_00450430,0x00450460,48,1,aligned_or_padded_ebp_prologue;direct_call_target,True
0x00450460,sub_00450460,0x00450490,48,1,aligned_or_padded_ebp_prologue;direct_call_target,True
0x00450490,sub_00450490,0x004504c0,48,1,aligned_or_padded_ebp_prologue;direct_call_target,True
0x004504c0,sub_004504c0,0x004504f0,48,2,aligned_or_padded_ebp_prologue;direct_call_target,True
0x004504f0,sub_004504f0,0x00450520,48,1,aligned_or_padded_ebp_prologue;direct_call_target,True
0x00450520,sub_00450520,0x00450560,64,1,aligned_or_padded_ebp_prologue;direct_call_target,True
0x00450560,sub_00450560,0x00450590,48,1,aligned_or_padded_ebp_prologue;direct_call_target,True
0x00450590,sub_00450590,0x004505c0,48,27,aligned_or_padded_ebp_prologue;direct_call_target,True
0x004505c0,sub_004505c0,0x004505f0,48,2,aligned_or_padded_ebp_prologue;direct_call_target,True
0x004505f0,sub_004505f0,0x00450630,64,1,aligned_or_padded_ebp_prologue;direct_call_target,True
0x00450630,sub_00450630,0x00450670,64,1,aligned_or_padded_ebp_prologue;direct_call_target,True
0x00450670,sub_00450670,0x004506b0,64,1,aligned_or_padded_ebp_prologue;direct_call_target,True
0x004506b0,sub_004506b0,0x004506f0,64,15,aligned_or_padded_ebp_prologue;direct_call_target,True
0x004506f0,sub_004506f0,0x00450850,352,1,aligned_or_padded_ebp_prologue;direct_call_target,True
0x00450850,sub_00450850,0x00450870,32,7,aligned_or_padded_ebp_prologue;direct_call_target,True
0x00450870,sub_00450870,0x00450880,16,1,aligned_or_padded_ebp_prologue;direct_call_target,True
0x00450880,sub_00450880,0x004508c0,64,0,aligned_or_padded_ebp_prologue,True
0x004508c0,sub_004508c0,0x004508d0,16,0,aligned_or_padded_ebp_prologue,True
0x004508d0,sub_004508d0,0x004508e0,16,0,aligned_or_padded_ebp_prologue,True
0x004508e0,sub_004508e0,0x004508f0,16,0,aligned_or_padded_ebp_prologue,True
0x004508f0,sub_004508f0,0x00450900,16,0,aligned_or_padded_ebp_prologue,True
0x00450900,sub_00450900,0x00450910,16,0,aligned_or_padded_ebp_prologue,True
0x00450910,sub_00450910,0x00450920,16,0,aligned_or_padded_ebp_prologue,True
0x00450920,sub_00450920,0x00450930,16,0,aligned_or_padded_ebp_prologue,True
0x00450930,sub_00450930,0x00450940,16,0,aligned_or_padded_ebp_prologue,True
0x00450940,sub_00450940,0x00450950,16,0,aligned_or_padded_ebp_prologue,True
0x00450950,sub_00450950,0x00450960,16,0,aligned_or_padded_ebp_prologue,True
0x00450960,sub_00450960,0x00450970,16,0,aligned_or_padded_ebp_prologue,True
0x00450970,sub_00450970,0x00450980,16,0,aligned_or_padded_ebp_prologue,True
0x00450980,sub_00450980,0x00450990,16,0,aligned_or_padded_ebp_prologue,True
0x00450990,sub_00450990,0x004509a0,16,0,aligned_or_padded_ebp_prologue,True
0x004509a0,sub_004509a0,0x004509b0,16,0,aligned_or_padded_ebp_prologue,True
0x004509b0,sub_004509b0,0x004509c0,16,0,aligned_or_padded_ebp_prologue,True
0x004509c0,sub_004509c0,0x004509d0,16,0,aligned_or_padded_ebp_prologue,True
0x004509d0,sub_004509d0,0x004509e0,16,0,aligned_or_padded_ebp_prologue,True
0x004509e0,sub_004509e0,0x004509f0,16,0,aligned_or_padded_ebp_prologue,True
0x004509f0,sub_004509f0,0x00450a00,16,0,aligned_or_padded_ebp_prologue,True
0x00450a00,sub_00450a00,0x00450a10,16,0,aligned_or_padded_ebp_prologue,True
0x00450a10,sub_00450a10,0x00450a30,32,0,aligned_or_padded_ebp_prologue,True
0x00450a30,sub_00450a30,0x00450a40,16,0,aligned_or_padded_ebp_prologue,True
0x00450a40,sub_00450a40,0x00450a50,16,0,aligned_or_padded_ebp_prologue,True
0x00450a50,sub_00450a50,0x00450a70,32,0,aligned_or_padded_ebp_prologue,True
0x00450a70,sub_00450a70,0x00450a80,16,0,aligned_or_padded_ebp_prologue,True
0x00450a80,sub_00450a80,0x00450a90,16,0,aligned_or_padded_ebp_prologue,True
0x00450a90,sub_00450a90,0x00450ab0,32,0,aligned_or_padded_ebp_prologue,True
0x00450ab0,sub_00450ab0,0x00450ac0,16,0,aligned_or_padded_ebp_prologue,True
0x00450ac0,sub_00450ac0,0x00450ae0,32,0,aligned_or_padded_ebp_prologue,True
0x00450ae0,sub_00450ae0,0x00450af0,16,0,aligned_or_padded_ebp_prologue,True
0x00450af0,sub_00450af0,0x00450b10,32,0,aligned_or_padded_ebp_prologue,True
0x00450b10,sub_00450b10,0x00450b20,16,0,aligned_or_padded_ebp_prologue,True
0x00450b20,sub_00450b20,0x00450b30,16,0,aligned_or_padded_ebp_prologue,True
0x00450b30,sub_00450b30,0x00450b40,16,0,aligned_or_padded_ebp_prologue,True
0x00450b40,sub_00450b40,0x00450b60,32,0,aligned_or_padded_ebp_prologue,True
0x00450b60,sub_00450b60,0x00450b70,16,0,aligned_or_padded_ebp_prologue,True
0x00450b70,sub_00450b70,0x00450b90,32,0,aligned_or_padded_ebp_prologue,True
0x00450b90,sub_00450b90,0x00450ba0,16,0,aligned_or_padded_ebp_prologue,True
0x00450ba0,sub_00450ba0,0x00450bb0,16,0,aligned_or_padded_ebp_prologue,True
0x00450bb0,sub_00450bb0,0x00450bc0,16,0,aligned_or_padded_ebp_prologue,True
0x00450bc0,sub_00450bc0,0x00450bd0,16,0,aligned_or_padded_ebp_prologue,True
0x00450bd0,sub_00450bd0,0x00450be0,16,0,aligned_or_padded_ebp_prologue,True
0x00450be0,sub_00450be0,0x00450bf0,16,0,aligned_or_padded_ebp_prologue,True
0x00450bf0,sub_00450bf0,0x00450c00,16,0,aligned_or_padded_ebp_prologue,True
0x00450c00,sub_00450c00,0x00450c10,16,0,aligned_or_padded_ebp_prologue,True
0x00450c10,sub_00450c10,0x00450c30,32,0,aligned_or_padded_ebp_prologue,True
0x00450c30,sub_00450c30,0x00450c40,16,0,aligned_or_padded_ebp_prologue,True
0x00450c40,sub_00450c40,0x00450c50,16,0,aligned_or_padded_ebp_prologue,True
0x00450c50,sub_00450c50,0x00450c60,16,0,aligned_or_padded_ebp_prologue,True
0x00450c60,sub_00450c60,0x00450c70,16,0,aligned_or_padded_ebp_prologue,True
0x00450c70,sub_00450c70,0x00450cb0,64,88,aligned_or_padded_ebp_prologue;direct_call_target,True
0x00450cb0,sub_00450cb0,0x00451050,928,9,aligned_or_padded_ebp_prologue;direct_call_target,True
0x00451050,sub_00451050,0x004512b0,608,6,aligned_or_padded_ebp_prologue;direct_call_target,True
0x004512b0,sub_004512b0,0x00451520,624,2,aligned_or_padded_ebp_prologue;direct_call_target,True
0x00451520,sub_00451520,0x00451580,96,3,aligned_or_padded_ebp_prologue;direct_call_target,True
0x00451580,sub_00451580,0x004515e0,96,1,aligned_or_padded_ebp_prologue;direct_call_target,True
0x004515e0,sub_004515e0,0x00451620,64,2,aligned_or_padded_ebp_prologue;direct_call_target,True
0x00451620,sub_00451620,0x00451640,32,9,aligned_or_padded_ebp_prologue;direct_call_target,True
0x00451640,sub_00451640,0x00451700,192,4,aligned_or_padded_ebp_prologue;direct_call_target,True
0x00451700,sub_00451700,0x004517c0,192,4,aligned_or_padded_ebp_prologue;direct_call_target,True
0x004517c0,sub_004517c0,0x00451880,192,4,aligned_or_padded_ebp_prologue;direct_call_target,True
0x00451880,sub_00451880,0x00451910,144,4,aligned_or_padded_ebp_prologue;direct_call_target,True
0x00451910,sub_00451910,0x00452400,2800,2,aligned_or_padded_ebp_prologue;direct_call_target,True
0x00452400,sub_00452400,0x00452450,80,1,aligned_or_padded_ebp_prologue;direct_call_target,True
0x00452450,sub_00452450,0x00452490,64,5,aligned_or_padded_ebp_prologue;direct_call_target,True
0x00452490,sub_00452490,0x004524f0,96,5,aligned_or_padded_ebp_prologue;direct_call_target,True
0x004524f0,sub_004524f0,0x004527d0,736,1,aligned_or_padded_ebp_prologue;direct_call_target,True
0x004527d0,sub_004527d0,0x00452c20,1104,1,aligned_or_padded_ebp_prologue;direct_call_target,True
0x00452c20,sub_00452c20,0x00452d60,320,1,aligned_or_padded_ebp_prologue;direct_call_target,True
0x00452d60,sub_00452d60,0x00452d80,32,2,aligned_or_padded_ebp_prologue;direct_call_target,True
0x00452d80,sub_00452d80,0x00452dd0,80,1,aligned_or_padded_ebp_prologue;direct_call_target,True
0x00452dd0,sub_00452dd0,0x00452e00,48,1,aligned_or_padded_ebp_prologue;direct_call_target,True
0x00452e00,sub_00452e00,0x00452e40,64,1,aligned_or_padded_ebp_prologue;direct_call_target,True
0x00452e40,sub_00452e40,0x00452ee0,160,1,aligned_or_padded_ebp_prologue;direct_call_target,True
0x00452ee0,sub_00452ee0,0x00452f00,32,0,aligned_or_padded_ebp_prologue,True
0x00452f00,sub_00452f00,0x00452f20,32,1,aligned_or_padded_ebp_prologue;direct_call_target,True
0x00452f20,sub_00452f20,0x00452f50,48,59,aligned_or_padded_ebp_prologue;direct_call_target,True
0x00452f50,candidate_rate_multiply,0x00452f80,48,1,aligned_or_padded_ebp_prologue;direct_call_target;manual_candidate_anchor,True
0x00452f80,sub_00452f80,0x00452fc0,64,3,aligned_or_padded_ebp_prologue;direct_call_target,True
0x00452fc0,sub_00452fc0,0x00452ff0,48,17,aligned_or_padded_ebp_prologue;direct_call_target,True
0x00452ff0,sub_00452ff0,0x00453040,80,17,aligned_or_padded_ebp_prologue;direct_call_target,True
0x00453040,sub_00453040,0x004530a0,96,1,aligned_or_padded_ebp_prologue;direct_call_target,True
0x004530a0,sub_004530a0,0x004530c0,32,2,aligned_or_padded_ebp_prologue;direct_call_target,True
0x004530c0,sub_004530c0,0x004530f0,48,28,aligned_or_padded_ebp_prologue;direct_call_target,True
0x004530f0,candidate_timer_add,0x00453220,304,3,aligned_or_padded_ebp_prologue;direct_call_target;manual_candidate_anchor,True
0x00453220,sub_00453220,0x004532c0,160,1,aligned_or_padded_ebp_prologue;direct_call_target,True
0x004532c0,sub_004532c0,0x004533b0,240,7,aligned_or_padded_ebp_prologue;direct_call_target,True
0x004533b0,candidate_timer_tick,0x00453500,336,2,aligned_or_padded_ebp_prologue;direct_call_target;manual_candidate_anchor,True
0x00453500,sub_00453500,0x00453ac0,1472,2,aligned_or_padded_ebp_prologue;direct_call_target,True
0x00453ac0,sub_00453ac0,0x00453e00,832,4,aligned_or_padded_ebp_prologue;direct_call_target,True
0x00453e00,sub_00453e00,0x00453e40,64,5,aligned_or_padded_ebp_prologue;direct_call_target,False
0x00453e40,sub_00453e40,0x00454110,720,3,aligned_or_padded_ebp_prologue;direct_call_target,True
0x00454110,sub_00454110,0x00454150,64,1,aligned_or_padded_ebp_prologue;direct_call_target,True
0x00454150,sub_00454150,0x00454230,224,51,aligned_or_padded_ebp_prologue;direct_call_target,True
0x00454230,sub_00454230,0x00454310,224,16,aligned_or_padded_ebp_prologue;direct_call_target,True
0x00454310,sub_00454310,0x00454340,48,1,aligned_or_padded_ebp_prologue;direct_call_target,True
0x00454340,sub_00454340,0x004543d0,144,1,aligned_or_padded_ebp_prologue;direct_call_target,True
0x004543d0,sub_004543d0,0x00454450,128,1,aligned_or_padded_ebp_prologue;direct_call_target,True
0x00454450,sub_00454450,0x00454480,48,1,aligned_or_padded_ebp_prologue;direct_call_target,True
0x00454480,sub_00454480,0x004545d0,336,1,aligned_or_padded_ebp_prologue;direct_call_target,True
0x004545d0,sub_004545d0,0x004547e0,528,5,aligned_or_padded_ebp_prologue;direct_call_target,True
0x004547e0,sub_004547e0,0x00454d80,1440,1,aligned_or_padded_ebp_prologue;direct_call_target,True
0x00454d80,sub_00454d80,0x00454ef0,368,3,aligned_or_padded_ebp_prologue;direct_call_target,True
0x00454ef0,sub_00454ef0,0x00455fb0,4288,7,aligned_or_padded_ebp_prologue;direct_call_target,True
0x00455fb0,sub_00455fb0,0x00455fe0,48,3,aligned_or_padded_ebp_prologue;direct_call_target,True
0x00455fe0,sub_00455fe0,0x00456030,80,1,aligned_or_padded_ebp_prologue;direct_call_target,True
0x00456030,sub_00456030,0x00456050,32,5,aligned_or_padded_ebp_prologue;direct_call_target,True
0x00456050,sub_00456050,0x00456080,48,3,aligned_or_padded_ebp_prologue;direct_call_target,True
0x00456080,sub_00456080,0x004560d0,80,1,aligned_or_padded_ebp_prologue;direct_call_target,True
0x004560d0,sub_004560d0,0x00456130,96,15,aligned_or_padded_ebp_prologue;direct_call_target,True
0x00456130,sub_00456130,0x00456170,64,4,aligned_or_padded_ebp_prologue;direct_call_target,True
0x00456170,sub_00456170,0x00456210,160,2,aligned_or_padded_ebp_prologue;direct_call_target,True
0x00456210,sub_00456210,0x00456240,48,13,aligned_or_padded_ebp_prologue;direct_call_target,True
0x00456240,sub_00456240,0x00456270,48,3,aligned_or_padded_ebp_prologue;direct_call_target,True
0x00456270,sub_00456270,0x004562c0,80,1,aligned_or_padded_ebp_prologue;direct_call_target,True
0x004562c0,sub_004562c0,0x004562e0,32,16,aligned_or_padded_ebp_prologue;direct_call_target,True
0x004562e0,sub_004562e0,0x00456690,944,1,aligned_or_padded_ebp_prologue;direct_call_target,True
0x00456690,sub_00456690,0x004567d0,320,1,aligned_or_padded_ebp_prologue;direct_call_target,True
0x004567d0,sub_004567d0,0x00456920,336,1,aligned_or_padded_ebp_prologue;direct_call_target,True
0x00456920,sub_00456920,0x00456b40,544,6,aligned_or_padded_ebp_prologue;direct_call_target,True
0x00456b40,sub_00456b40,0x00456d50,528,4,aligned_or_padded_ebp_prologue;direct_call_target,True
0x00456d50,sub_00456d50,0x00456fe0,656,4,aligned_or_padded_ebp_prologue;direct_call_target,True
0x00456fe0,sub_00456fe0,0x00457040,96,3,aligned_or_padded_ebp_prologue;direct_call_target,True
0x00457040,sub_00457040,0x004570f0,176,4,aligned_or_padded_ebp_prologue;direct_call_target,True
0x004570f0,sub_004570f0,0x00457300,528,3,aligned_or_padded_ebp_prologue;direct_call_target,True
0x00457300,sub_00457300,0x00457380,128,3,aligned_or_padded_ebp_prologue;direct_call_target,True
0x00457380,sub_00457380,0x00457610,656,3,aligned_or_padded_ebp_prologue;direct_call_target,True
0x00457610,sub_00457610,0x004578b0,672,11,aligned_or_padded_ebp_prologue;direct_call_target,True
0x004578b0,sub_004578b0,0x00457c10,864,3,aligned_or_padded_ebp_prologue;direct_call_target,True
0x00457c10,sub_00457c10,0x004580c0,1200,3,aligned_or_padded_ebp_prologue;direct_call_target,True
0x004580c0,sub_004580c0,0x00458670,1456,3,aligned_or_padded_ebp_prologue;direct_call_target,True
0x00458670,sub_00458670,0x00458b60,1264,3,aligned_or_padded_ebp_prologue;direct_call_target,True
0x00458b60,sub_00458b60,0x00458e90,816,2,aligned_or_padded_ebp_prologue;direct_call_target,True
0x00458e90,sub_00458e90,0x00458f70,224,2,aligned_or_padded_ebp_prologue;direct_call_target,True
0x00458f70,sub_00458f70,0x00458fa0,48,1,aligned_or_padded_ebp_prologue;direct_call_target,True
0x00458fa0,sub_00458fa0,0x00459030,144,45,aligned_or_padded_ebp_prologue;direct_call_target,True
0x00459030,sub_00459030,0x004590e0,176,4,aligned_or_padded_ebp_prologue;direct_call_target,True
0x004590e0,sub_004590e0,0x00459190,176,2,aligned_or_padded_ebp_prologue;direct_call_target,True
0x00459190,sub_00459190,0x004591f0,96,3,aligned_or_padded_ebp_prologue;direct_call_target,True
0x004591f0,sub_004591f0,0x00459210,32,1,aligned_or_padded_ebp_prologue;direct_call_target,True
0x00459210,sub_00459210,0x00459240,48,8,aligned_or_padded_ebp_prologue;direct_call_target,True
0x00459240,sub_00459240,0x00459280,64,6,aligned_or_padded_ebp_prologue;direct_call_target,True
0x00459280,sub_00459280,0x004592b0,48,12,aligned_or_padded_ebp_prologue;direct_call_target,True
0x004592b0,sub_004592b0,0x004592e0,48,5,aligned_or_padded_ebp_prologue;direct_call_target,True
0x004592e0,sub_004592e0,0x00459350,112,2,aligned_or_padded_ebp_prologue;direct_call_target,True
0x00459350,sub_00459350,0x004593f0,160,3,aligned_or_padded_ebp_prologue;direct_call_target,True
0x004593f0,sub_004593f0,0x004594d0,224,2,aligned_or_padded_ebp_prologue;direct_call_target,True
0x004594d0,sub_004594d0,0x00459520,80,2,aligned_or_padded_ebp_prologue;direct_call_target,True
0x00459520,sub_00459520,0x00459530,16,1,aligned_or_padded_ebp_prologue;direct_call_target,True
0x00459530,sub_00459530,0x00459630,256,1,aligned_or_padded_ebp_prologue;direct_call_target,True
0x00459630,sub_00459630,0x004596d0,160,1,aligned_or_padded_ebp_prologue;direct_call_target,True
0x004596d0,sub_004596d0,0x004597b0,224,1,aligned_or_padded_ebp_prologue;direct_call_target,True
0x004597b0,sub_004597b0,0x004598a0,240,2,aligned_or_padded_ebp_prologue;direct_call_target,True
0x004598a0,sub_004598a0,0x00459900,96,1,aligned_or_padded_ebp_prologue;direct_call_target,True
0x00459900,sub_00459900,0x00459920,32,1,aligned_or_padded_ebp_prologue;direct_call_target,True
0x00459920,sub_00459920,0x00459970,80,1,aligned_or_padded_ebp_prologue;direct_call_target,True
0x00459970,sub_00459970,0x004599b0,64,0,aligned_or_padded_ebp_prologue,True
0x004599b0,sub_004599b0,0x004599f0,64,0,aligned_or_padded_ebp_prologue,True
0x004599f0,sub_004599f0,0x00459a30,64,1,aligned_or_padded_ebp_prologue;direct_call_target,True
0x00459a30,sub_00459a30,0x00459a70,64,3,aligned_or_padded_ebp_prologue;direct_call_target,True
0x00459a70,sub_00459a70,0x00459d70,768,1,aligned_or_padded_ebp_prologue;direct_call_target,True
0x00459d70,sub_00459d70,0x0045a050,736,1,aligned_or_padded_ebp_prologue;direct_call_target,True
0x0045a050,sub_0045a050,0x0045a0c0,112,1,aligned_or_padded_ebp_prologue;direct_call_target,True
0x0045a0c0,sub_0045a0c0,0x0045a130,112,1,aligned_or_padded_ebp_prologue;direct_call_target,True
0x0045a130,sub_0045a130,0x0045a1a0,112,1,aligned_or_padded_ebp_prologue;direct_call_target,True
0x0045a1a0,sub_0045a1a0,0x0045a240,160,1,aligned_or_padded_ebp_prologue;direct_call_target,True
0x0045a240,sub_0045a240,0x0045a460,544,7,aligned_or_padded_ebp_prologue;direct_call_target,True
0x0045a460,sub_0045a460,0x0045a4a0,64,2,aligned_or_padded_ebp_prologue;direct_call_target,True
0x0045a4a0,sub_0045a4a0,0x0045a580,224,1,aligned_or_padded_ebp_prologue;direct_call_target,True
0x0045a580,sub_0045a580,0x0045aaa0,1312,1,aligned_or_padded_ebp_prologue;direct_call_target,True
0x0045aaa0,sub_0045aaa0,0x0045ab40,160,1,aligned_or_padded_ebp_prologue;direct_call_target,True
0x0045ab40,sub_0045ab40,0x0045ac90,336,2,aligned_or_padded_ebp_prologue;direct_call_target,True
0x0045ac90,sub_0045ac90,0x0045acf0,96,1,aligned_or_padded_ebp_prologue;direct_call_target,True
0x0045acf0,sub_0045acf0,0x0045add0,224,1,aligned_or_padded_ebp_prologue;direct_call_target,True
0x0045add0,sub_0045add0,0x0045af10,320,3,aligned_or_padded_ebp_prologue;direct_call_target,True
0x0045af10,sub_0045af10,0x0045af40,48,3,aligned_or_padded_ebp_prologue;direct_call_target,True
0x0045af40,sub_0045af40,0x0045aff0,176,1,aligned_or_padded_ebp_prologue;direct_call_target,True
0x0045aff0,sub_0045aff0,0x0045b150,352,4,aligned_or_padded_ebp_prologue;direct_call_target,True
0x0045b150,sub_0045b150,0x0045b410,704,2,aligned_or_padded_ebp_prologue;direct_call_target,True
0x0045b410,sub_0045b410,0x0045b490,128,1,aligned_or_padded_ebp_prologue;direct_call_target,True
0x0045b490,sub_0045b490,0x0045b5f0,352,0,aligned_or_padded_ebp_prologue,True
0x0045b5f0,sub_0045b5f0,0x0045b780,400,6,aligned_or_padded_ebp_prologue;direct_call_target,True
0x0045b780,sub_0045b780,0x0045b850,208,4,aligned_or_padded_ebp_prologue;direct_call_target,True
0x0045b850,sub_0045b850,0x0045b9b0,352,1,aligned_or_padded_ebp_prologue;direct_call_target,True
0x0045b9b0,sub_0045b9b0,0x0045bab0,256,6,aligned_or_padded_ebp_prologue;direct_call_target,True
0x0045bab0,sub_0045bab0,0x0045bb00,80,1,aligned_or_padded_ebp_prologue;direct_call_target,True
0x0045bb00,sub_0045bb00,0x0045bbe0,224,4,aligned_or_padded_ebp_prologue;direct_call_target,True
0x0045bbe0,sub_0045bbe0,0x0045bcc0,224,1,aligned_or_padded_ebp_prologue;direct_call_target,True
0x0045bcc0,sub_0045bcc0,0x0045bcf0,48,1,aligned_or_padded_ebp_prologue;direct_call_target,True
0x0045bcf0,sub_0045bcf0,0x0045bd10,32,3,aligned_or_padded_ebp_prologue;direct_call_target,True
0x0045bd10,sub_0045bd10,0x0045beb0,416,2,aligned_or_padded_ebp_prologue;direct_call_target,True
0x0045beb0,sub_0045beb0,0x0045c090,480,2,aligned_or_padded_ebp_prologue;direct_call_target,True
0x0045c090,sub_0045c090,0x0045c130,160,1,aligned_or_padded_ebp_prologue;direct_call_target,True
0x0045c130,sub_0045c130,0x0045c190,96,2,aligned_or_padded_ebp_prologue;direct_call_target,True
0x0045c190,sub_0045c190,0x0045c1f0,96,1,aligned_or_padded_ebp_prologue;direct_call_target,True
0x0045c1f0,sub_0045c1f0,0x0045c2a0,176,1,aligned_or_padded_ebp_prologue;direct_call_target,True
0x0045c2a0,sub_0045c2a0,0x0045c2c0,32,13,aligned_or_padded_ebp_prologue;direct_call_target,True
0x0045c2c0,sub_0045c2c0,0x0045c2e0,32,4,aligned_or_padded_ebp_prologue;direct_call_target,True
0x0045c2e0,sub_0045c2e0,0x0045c300,32,2,aligned_or_padded_ebp_prologue;direct_call_target,True
0x0045c300,sub_0045c300,0x0045c320,32,4,aligned_or_padded_ebp_prologue;direct_call_target,True
0x0045c320,sub_0045c320,0x0045ceb0,2960,0,aligned_or_padded_ebp_prologue,True
0x0045ceb0,sub_0045ceb0,0x0045cf10,96,0,aligned_or_padded_ebp_prologue,True
0x0045cf10,sub_0045cf10,0x0045cfe0,208,4,aligned_or_padded_ebp_prologue;direct_call_target,True
0x0045cfe0,sub_0045cfe0,0x0045d000,32,1,aligned_or_padded_ebp_prologue;direct_call_target,True
0x0045d000,sub_0045d000,0x0045d030,48,0,aligned_or_padded_ebp_prologue,True
0x0045d030,sub_0045d030,0x0045d060,48,44,aligned_or_padded_ebp_prologue;direct_call_target,True
0x0045d060,sub_0045d060,0x0045d0a0,64,0,aligned_or_padded_ebp_prologue,True
0x0045d0a0,sub_0045d0a0,0x0045d0c0,32,1,aligned_or_padded_ebp_prologue;direct_call_target,True
0x0045d0c0,sub_0045d0c0,0x0045d0e0,32,19,aligned_or_padded_ebp_prologue;direct_call_target,True
0x0045d0e0,sub_0045d0e0,0x0045d100,32,17,aligned_or_padded_ebp_prologue;direct_call_target,True
0x0045d100,sub_0045d100,0x0045d130,48,17,aligned_or_padded_ebp_prologue;direct_call_target,True
0x0045d130,sub_0045d130,0x0045d150,32,3,aligned_or_padded_ebp_prologue;direct_call_target,True
0x0045d150,sub_0045d150,0x0045d190,64,2,aligned_or_padded_ebp_prologue;direct_call_target,True
0x0045d190,sub_0045d190,0x0045d210,128,1,aligned_or_padded_ebp_prologue;direct_call_target,True
0x0045d210,sub_0045d210,0x0045d270,96,4,aligned_or_padded_ebp_prologue;direct_call_target,True
0x0045d270,sub_0045d270,0x0045d2c0,80,1,aligned_or_padded_ebp_prologue;direct_call_target,True
0x0045d2c0,sub_0045d2c0,0x0045d360,160,1,aligned_or_padded_ebp_prologue;direct_call_target,True
0x0045d360,sub_0045d360,0x0045d430,208,2,aligned_or_padded_ebp_prologue;direct_call_target,True
0x0045d430,sub_0045d430,0x0045d4b0,128,5,aligned_or_padded_ebp_prologue;direct_call_target,True
0x0045d4b0,sub_0045d4b0,0x0045d500,80,1,aligned_or_padded_ebp_prologue;direct_call_target,True
0x0045d500,sub_0045d500,0x0045d550,80,1,aligned_or_padded_ebp_prologue;direct_call_target,True
0x0045d550,sub_0045d550,0x0045d5b0,96,1,aligned_or_padded_ebp_prologue;direct_call_target,True
0x0045d5b0,sub_0045d5b0,0x0045d610,96,1,aligned_or_padded_ebp_prologue;direct_call_target,True
0x0045d610,sub_0045d610,0x0045d650,64,0,aligned_or_padded_ebp_prologue,True
0x0045d650,sub_0045d650,0x0045d670,32,31,aligned_or_padded_ebp_prologue;direct_call_target,True
0x0045d670,sub_0045d670,0x0045d690,32,68,aligned_or_padded_ebp_prologue;direct_call_target,True
0x0045d690,sub_0045d690,0x0045d6b0,32,4,aligned_or_padded_ebp_prologue;direct_call_target,True
0x0045d6b0,sub_0045d6b0,0x0045d6f0,64,0,aligned_or_padded_ebp_prologue,True
0x0045d6f0,sub_0045d6f0,0x0045d780,144,0,aligned_or_padded_ebp_prologue,True
0x0045d780,sub_0045d780,0x0045da40,704,1,direct_call_target,True
0x0045da40,sub_0045da40,0x0045dae0,160,0,aligned_or_padded_ebp_prologue,True
0x0045dae0,sub_0045dae0,0x0045db30,80,1,aligned_or_padded_ebp_prologue;direct_call_target,True
0x0045db30,sub_0045db30,0x0045dbf0,192,1,aligned_or_padded_ebp_prologue;direct_call_target,True
0x0045dbf0,sub_0045dbf0,0x0045dc70,128,1,aligned_or_padded_ebp_prologue;direct_call_target,True
0x0045dc70,sub_0045dc70,0x0045dca0,48,0,aligned_or_padded_ebp_prologue,True
0x0045dca0,sub_0045dca0,0x0045dcc0,32,4,aligned_or_padded_ebp_prologue;direct_call_target,True
0x0045dcc0,sub_0045dcc0,0x0045dce0,32,2,aligned_or_padded_ebp_prologue;direct_call_target,True
0x0045dce0,sub_0045dce0,0x0045dd00,32,2,aligned_or_padded_ebp_prologue;direct_call_target,True
0x0045dd00,sub_0045dd00,0x0045dd20,32,2,aligned_or_padded_ebp_prologue;direct_call_target,True
0x0045dd20,sub_0045dd20,0x0045dd40,32,2,aligned_or_padded_ebp_prologue;direct_call_target,True
0x0045dd40,sub_0045dd40,0x0045dd60,32,6,aligned_or_padded_ebp_prologue;direct_call_target,True
0x0045dd60,sub_0045dd60,0x0045dd90,48,37,aligned_or_padded_ebp_prologue;direct_call_target,True
0x0045dd90,sub_0045dd90,0x0045de30,160,2,aligned_or_padded_ebp_prologue;direct_call_target,True
0x0045de30,sub_0045de30,0x0045de80,80,1,aligned_or_padded_ebp_prologue;direct_call_target,True
0x0045de80,sub_0045de80,0x0045ded0,80,1,aligned_or_padded_ebp_prologue;direct_call_target,True
0x0045ded0,sub_0045ded0,0x0045df40,112,1,aligned_or_padded_ebp_prologue;direct_call_target,True
0x0045df40,sub_0045df40,0x0045df80,64,0,aligned_or_padded_ebp_prologue,True
0x0045df80,sub_0045df80,0x0045e190,528,0,aligned_or_padded_ebp_prologue,True
0x0045e190,sub_0045e190,0x0045e240,176,0,aligned_or_padded_ebp_prologue,True
0x0045e240,sub_0045e240,0x0045e3a0,352,1,aligned_or_padded_ebp_prologue;direct_call_target,True
0x0045e3a0,sub_0045e3a0,0x0045e520,384,1,aligned_or_padded_ebp_prologue;direct_call_target,True
0x0045e520,sub_0045e520,0x0045e550,48,0,aligned_or_padded_ebp_prologue,True
0x0045e550,sub_0045e550,0x0045e590,64,0,aligned_or_padded_ebp_prologue,True
0x0045e590,sub_0045e590,0x0045e5b0,32,8,aligned_or_padded_ebp_prologue;direct_call_target,True
0x0045e5b0,sub_0045e5b0,0x0045e5d0,32,13,aligned_or_padded_ebp_prologue;direct_call_target,True
0x0045e5d0,sub_0045e5d0,0x0045e670,160,1,aligned_or_padded_ebp_prologue;direct_call_target,True
0x0045e670,sub_0045e670,0x0045e6d0,96,1,aligned_or_padded_ebp_prologue;direct_call_target,True
0x0045e6d0,sub_0045e6d0,0x0045e730,96,1,aligned_or_padded_ebp_prologue;direct_call_target,True
0x0045e730,sub_0045e730,0x0045e770,64,0,aligned_or_padded_ebp_prologue,True
0x0045e770,sub_0045e770,0x0045e800,144,0,aligned_or_padded_ebp_prologue,True
0x0045e800,sub_0045e800,0x0045ea20,544,1,direct_call_target,True
0x0045ea20,sub_0045ea20,0x0045eac0,160,0,aligned_or_padded_ebp_prologue,True
0x0045eac0,sub_0045eac0,0x0045eb10,80,1,aligned_or_padded_ebp_prologue;direct_call_target,True
0x0045eb10,sub_0045eb10,0x0045ec10,256,1,aligned_or_padded_ebp_prologue;direct_call_target,True
0x0045ec10,sub_0045ec10,0x0045ec70,96,3,aligned_or_padded_ebp_prologue;direct_call_target,True
0x0045ec70,sub_0045ec70,0x0045eca0,48,0,aligned_or_padded_ebp_prologue,True
0x0045eca0,sub_0045eca0,0x0045ecc0,32,2,aligned_or_padded_ebp_prologue;direct_call_target,True
0x0045ecc0,sub_0045ecc0,0x0045ecf0,48,1,aligned_or_padded_ebp_prologue;direct_call_target,True
0x0045ecf0,sub_0045ecf0,0x0045ed60,112,1,aligned_or_padded_ebp_prologue;direct_call_target,True
0x0045ed60,sub_0045ed60,0x0045ed90,48,1,aligned_or_padded_ebp_prologue;direct_call_target,True
0x0045ed90,sub_0045ed90,0x0045edf0,96,1,aligned_or_padded_ebp_prologue;direct_call_target,True
0x0045edf0,sub_0045edf0,0x0045ee10,32,2,aligned_or_padded_ebp_prologue;direct_call_target,True
0x0045ee10,sub_0045ee10,0x0045ee30,32,1,aligned_or_padded_ebp_prologue;direct_call_target,True
0x0045ee30,sub_0045ee30,0x0045ee50,32,1,aligned_or_padded_ebp_prologue;direct_call_target,True
0x0045ee50,sub_0045ee50,0x0045ee90,64,1,aligned_or_padded_ebp_prologue;direct_call_target,True
0x0045ee90,sub_0045ee90,0x0045eeb0,32,2,aligned_or_padded_ebp_prologue;direct_call_target,True
0x0045eeb0,sub_0045eeb0,0x0045eed0,32,1,aligned_or_padded_ebp_prologue;direct_call_target,True
0x0045eed0,sub_0045eed0,0x0045eef0,32,1,aligned_or_padded_ebp_prologue;direct_call_target,True
0x0045eef0,sub_0045eef0,0x0045ef10,32,1,aligned_or_padded_ebp_prologue;direct_call_target,True
0x0045ef10,sub_0045ef10,0x0045ef30,32,1,aligned_or_padded_ebp_prologue;direct_call_target,True
0x0045ef30,sub_0045ef30,0x0045ef50,32,1,aligned_or_padded_ebp_prologue;direct_call_target,True
0x0045ef50,sub_0045ef50,0x0045ef70,32,1,aligned_or_padded_ebp_prologue;direct_call_target,True
0x0045ef70,sub_0045ef70,0x0045ef90,32,1,aligned_or_padded_ebp_prologue;direct_call_target,True
0x0045ef90,sub_0045ef90,0x0045efb0,32,1,aligned_or_padded_ebp_prologue;direct_call_target,True
0x0045efb0,sub_0045efb0,0x0045efd0,32,1,aligned_or_padded_ebp_prologue;direct_call_target,True
0x0045efd0,sub_0045efd0,0x0045eff0,32,1,aligned_or_padded_ebp_prologue;direct_call_target,True
0x0045eff0,sub_0045eff0,0x0045f010,32,2,aligned_or_padded_ebp_prologue;direct_call_target,True
0x0045f010,sub_0045f010,0x0045f050,64,2,aligned_or_padded_ebp_prologue;direct_call_target,True
0x0045f050,sub_0045f050,0x0045f0a0,80,1,aligned_or_padded_ebp_prologue;direct_call_target,True
0x0045f0a0,sub_0045f0a0,0x0045f140,160,1,aligned_or_padded_ebp_prologue;direct_call_target,True
0x0045f140,sub_0045f140,0x0045f170,48,8,aligned_or_padded_ebp_prologue;direct_call_target,True
0x0045f170,sub_0045f170,0x0045f190,32,1,aligned_or_padded_ebp_prologue;direct_call_target,True
0x0045f190,sub_0045f190,0x0045f1b0,32,1,aligned_or_padded_ebp_prologue;direct_call_target,True
0x0045f1b0,sub_0045f1b0,0x0045f1e0,48,3,aligned_or_padded_ebp_prologue;direct_call_target,True
0x0045f1e0,sub_0045f1e0,0x0045f210,48,3,aligned_or_padded_ebp_prologue;direct_call_target,True
0x0045f210,sub_0045f210,0x0045f260,80,1,aligned_or_padded_ebp_prologue;direct_call_target,True
0x0045f260,sub_0045f260,0x0045f2b0,80,1,aligned_or_padded_ebp_prologue;direct_call_target,True
0x0045f2b0,sub_0045f2b0,0x0045f310,96,1,aligned_or_padded_ebp_prologue;direct_call_target,True
0x0045f310,sub_0045f310,0x0045f340,48,5,aligned_or_padded_ebp_prologue;direct_call_target,True
0x0045f340,sub_0045f340,0x0045f3c0,128,1,aligned_or_padded_ebp_prologue;direct_call_target,True
0x0045f3c0,sub_0045f3c0,0x0045f400,64,0,aligned_or_padded_ebp_prologue,True
0x0045f400,sub_0045f400,0x0045f420,32,4,aligned_or_padded_ebp_prologue;direct_call_target,True
0x0045f420,sub_0045f420,0x0045f440,32,6,aligned_or_padded_ebp_prologue;direct_call_target,True
0x0045f440,sub_0045f440,0x0045f460,32,1,aligned_or_padded_ebp_prologue;direct_call_target,True
0x0045f460,sub_0045f460,0x0045f480,32,1,aligned_or_padded_ebp_prologue;direct_call_target,True
0x0045f480,sub_0045f480,0x0045f4a0,32,1,aligned_or_padded_ebp_prologue;direct_call_target,True
0x0045f4a0,sub_0045f4a0,0x0045f4c0,32,1,aligned_or_padded_ebp_prologue;direct_call_target,True
0x0045f4c0,sub_0045f4c0,0x0045f4f0,48,1,aligned_or_padded_ebp_prologue;direct_call_target,True
0x0045f4f0,sub_0045f4f0,0x0045f520,48,1,aligned_or_padded_ebp_prologue;direct_call_target,True
0x0045f520,sub_0045f520,0x0045f540,32,1,aligned_or_padded_ebp_prologue;direct_call_target,True
0x0045f540,sub_0045f540,0x0045f560,32,1,aligned_or_padded_ebp_prologue;direct_call_target,True
0x0045f560,sub_0045f560,0x0045f580,32,1,aligned_or_padded_ebp_prologue;direct_call_target,True
0x0045f580,sub_0045f580,0x0045f5a0,32,1,aligned_or_padded_ebp_prologue;direct_call_target,True
0x0045f5a0,sub_0045f5a0,0x0045f5e0,64,0,aligned_or_padded_ebp_prologue,True
0x0045f5e0,sub_0045f5e0,0x0045f670,144,0,aligned_or_padded_ebp_prologue,True
0x0045f670,sub_0045f670,0x0045f9b0,832,1,direct_call_target,True
0x0045f9b0,sub_0045f9b0,0x0045faa0,240,0,aligned_or_padded_ebp_prologue,True
0x0045faa0,sub_0045faa0,0x0045fb10,112,1,aligned_or_padded_ebp_prologue;direct_call_target,True
0x0045fb10,sub_0045fb10,0x0045fb60,80,1,aligned_or_padded_ebp_prologue;direct_call_target,True
0x0045fb60,sub_0045fb60,0x0045fc90,304,1,aligned_or_padded_ebp_prologue;direct_call_target,True
0x0045fc90,sub_0045fc90,0x0045fd10,128,3,aligned_or_padded_ebp_prologue;direct_call_target,True
0x0045fd10,sub_0045fd10,0x0045fd40,48,0,aligned_or_padded_ebp_prologue,True
0x0045fd40,sub_0045fd40,0x0045fd60,32,2,aligned_or_padded_ebp_prologue;direct_call_target,True
0x0045fd60,sub_0045fd60,0x0045fd80,32,2,aligned_or_padded_ebp_prologue;direct_call_target,True
0x0045fd80,sub_0045fd80,0x0045fda0,32,3,aligned_or_padded_ebp_prologue;direct_call_target,True
0x0045fda0,sub_0045fda0,0x0045fe00,96,1,aligned_or_padded_ebp_prologue;direct_call_target,True
0x0045fe00,sub_0045fe00,0x0045fe60,96,1,aligned_or_padded_ebp_prologue;direct_call_target,True
0x0045fe60,sub_0045fe60,0x0045fe90,48,1,aligned_or_padded_ebp_prologue;direct_call_target,True
0x0045fe90,sub_0045fe90,0x0045fec0,48,1,aligned_or_padded_ebp_prologue;direct_call_target,True
0x0045fec0,sub_0045fec0,0x0045fee0,32,1,aligned_or_padded_ebp_prologue;direct_call_target,True
0x0045fee0,sub_0045fee0,0x0045ff00,32,1,aligned_or_padded_ebp_prologue;direct_call_target,True
0x0045ff00,sub_0045ff00,0x0045ff20,32,1,aligned_or_padded_ebp_prologue;direct_call_target,True
0x0045ff20,sub_0045ff20,0x0045ff40,32,1,aligned_or_padded_ebp_prologue;direct_call_target,True
0x0045ff40,sub_0045ff40,0x0045ff70,48,1,aligned_or_padded_ebp_prologue;direct_call_target,True
0x0045ff70,sub_0045ff70,0x0045ffa0,48,1,aligned_or_padded_ebp_prologue;direct_call_target,True
0x0045ffa0,sub_0045ffa0,0x0045ffc0,32,1,aligned_or_padded_ebp_prologue;direct_call_target,True
0x0045ffc0,sub_0045ffc0,0x0045ffe0,32,1,aligned_or_padded_ebp_prologue;direct_call_target,True
0x0045ffe0,sub_0045ffe0,0x0045fff0,16,1,aligned_or_padded_ebp_prologue;direct_call_target,True
0x0045fff0,sub_0045fff0,0x00460000,16,1,aligned_or_padded_ebp_prologue;direct_call_target,True
0x00460000,sub_00460000,0x00460020,32,1,aligned_or_padded_ebp_prologue;direct_call_target,True
0x00460020,sub_00460020,0x00460040,32,1,aligned_or_padded_ebp_prologue;direct_call_target,True
0x00460040,sub_00460040,0x004600e0,160,1,aligned_or_padded_ebp_prologue;direct_call_target,True
0x004600e0,sub_004600e0,0x00460130,80,2,aligned_or_padded_ebp_prologue;direct_call_target,True
0x00460130,sub_00460130,0x00460180,80,2,aligned_or_padded_ebp_prologue;direct_call_target,True
0x00460180,sub_00460180,0x00460200,128,1,aligned_or_padded_ebp_prologue;direct_call_target,True
0x00460200,sub_00460200,0x00460240,64,0,aligned_or_padded_ebp_prologue,True
0x00460240,sub_00460240,0x00460570,816,0,aligned_or_padded_ebp_prologue,True
0x00460570,sub_00460570,0x00460620,176,0,aligned_or_padded_ebp_prologue,True
0x00460620,sub_00460620,0x00460800,480,1,aligned_or_padded_ebp_prologue;direct_call_target,True
0x00460800,sub_00460800,0x00460830,48,0,aligned_or_padded_ebp_prologue,True
0x00460830,sub_00460830,0x00460850,32,175,aligned_or_padded_ebp_prologue;direct_call_target,True
0x00460850,sub_00460850,0x00460870,32,138,aligned_or_padded_ebp_prologue;direct_call_target,True
0x00460870,sub_00460870,0x00460910,160,1,aligned_or_padded_ebp_prologue;direct_call_target,True
0x00460910,sub_00460910,0x004609a0,144,1,aligned_or_padded_ebp_prologue;direct_call_target,True
0x004609a0,sub_004609a0,0x004609e0,64,0,aligned_or_padded_ebp_prologue,True
0x004609e0,sub_004609e0,0x00460b60,384,0,aligned_or_padded_ebp_prologue,True
0x00460b60,sub_00460b60,0x00460f30,976,1,aligned_or_padded_ebp_prologue;direct_call_target,True
0x00460f30,sub_00460f30,0x00460f60,48,0,aligned_or_padded_ebp_prologue,True
0x00460f60,sub_00460f60,0x00461000,160,1,aligned_or_padded_ebp_prologue;direct_call_target,True
0x00461000,sub_00461000,0x00461070,112,1,aligned_or_padded_ebp_prologue;direct_call_target,True
0x00461070,sub_00461070,0x004610a0,48,56,aligned_or_padded_ebp_prologue;direct_call_target,True
0x004610a0,sub_004610a0,0x004610d0,48,0,aligned_or_padded_ebp_prologue,True
0x004610d0,sub_004610d0,0x00461140,112,0,aligned_or_padded_ebp_prologue,True
0x00461140,sub_00461140,0x00461310,464,0,aligned_or_padded_ebp_prologue,True
0x00461310,sub_00461310,0x004613a0,144,1,aligned_or_padded_ebp_prologue;direct_call_target,True
0x004613a0,sub_004613a0,0x004613d0,48,0,aligned_or_padded_ebp_prologue,True
0x004613d0,sub_004613d0,0x004614a0,208,0,aligned_or_padded_ebp_prologue,True
0x004614a0,sub_004614a0,0x004614e0,64,5,aligned_or_padded_ebp_prologue;direct_call_target,True
0x004614e0,sub_004614e0,0x00461510,48,2,aligned_or_padded_ebp_prologue;direct_call_target,True
0x00461510,sub_00461510,0x00461530,32,16,aligned_or_padded_ebp_prologue;direct_call_target,True
0x00461530,sub_00461530,0x004615d0,160,1,aligned_or_padded_ebp_prologue;direct_call_target,True
0x004615d0,sub_004615d0,0x004615f0,32,6,aligned_or_padded_ebp_prologue;direct_call_target,True
0x004615f0,sub_004615f0,0x00461640,80,2,aligned_or_padded_ebp_prologue;direct_call_target,True
0x00461640,sub_00461640,0x00461690,80,2,aligned_or_padded_ebp_prologue;direct_call_target,True
0x00461690,sub_00461690,0x004616e0,80,1,aligned_or_padded_ebp_prologue;direct_call_target,True
0x004616e0,sub_004616e0,0x00461730,80,7,aligned_or_padded_ebp_prologue;direct_call_target,True
0x00461730,sub_00461730,0x00461840,272,1,aligned_or_padded_ebp_prologue;direct_call_target,True
0x00461840,sub_00461840,0x00461860,32,0,aligned_or_padded_ebp_prologue,True
0x00461860,sub_00461860,0x00461880,32,18,aligned_or_padded_ebp_prologue;direct_call_target,True
0x00461880,sub_00461880,0x004618c0,64,0,aligned_or_padded_ebp_prologue,True
0x004618c0,sub_004618c0,0x00461b80,704,0,aligned_or_padded_ebp_prologue,True
0x00461b80,sub_00461b80,0x00462c10,4240,0,aligned_or_padded_ebp_prologue,True
0x00462c10,sub_00462c10,0x00462c80,112,0,aligned_or_padded_ebp_prologue,True
0x00462c80,sub_00462c80,0x00463280,1536,1,direct_call_target,True
0x00463280,sub_00463280,0x004632b0,48,0,aligned_or_padded_ebp_prologue,True
0x004632b0,sub_004632b0,0x00463310,96,2,aligned_or_padded_ebp_prologue;direct_call_target,True
0x00463310,sub_00463310,0x00463ee0,3024,0,aligned_or_padded_ebp_prologue,True
0x00463ee0,sub_00463ee0,0x00463f00,32,3,aligned_or_padded_ebp_prologue;direct_call_target,True
0x00463f00,sub_00463f00,0x00463f20,32,1,aligned_or_padded_ebp_prologue;direct_call_target,True
0x00463f20,sub_00463f20,0x00463fb0,144,2,aligned_or_padded_ebp_prologue;direct_call_target,True
0x00463fb0,sub_00463fb0,0x00463fe0,48,13,aligned_or_padded_ebp_prologue;direct_call_target,True
0x00463fe0,sub_00463fe0,0x00464080,160,1,aligned_or_padded_ebp_prologue;direct_call_target,True
0x00464080,sub_00464080,0x004640a0,32,455,aligned_or_padded_ebp_prologue;direct_call_target,True
0x004640a0,sub_004640a0,0x004640c0,32,93,aligned_or_padded_ebp_prologue;direct_call_target,True
0x004640c0,sub_004640c0,0x004640e0,32,2,aligned_or_padded_ebp_prologue;direct_call_target,True
0x004640e0,sub_004640e0,0x00464100,32,37,aligned_or_padded_ebp_prologue;direct_call_target,True
0x00464100,sub_00464100,0x004641d0,208,36,aligned_or_padded_ebp_prologue;direct_call_target,True
0x004641d0,sub_004641d0,0x00464230,96,6,aligned_or_padded_ebp_prologue;direct_call_target,True
0x00464230,sub_00464230,0x00464250,32,49,aligned_or_padded_ebp_prologue;direct_call_target,True
0x00464250,sub_00464250,0x00464270,32,6,aligned_or_padded_ebp_prologue;direct_call_target,True
0x00464270,sub_00464270,0x004642c0,80,1,aligned_or_padded_ebp_prologue;direct_call_target,True
0x004642c0,sub_004642c0,0x004642e0,32,1,aligned_or_padded_ebp_prologue;direct_call_target,True
0x004642e0,sub_004642e0,0x00464330,80,1,aligned_or_padded_ebp_prologue;direct_call_target,True
0x00464330,sub_00464330,0x00464350,32,1,aligned_or_padded_ebp_prologue;direct_call_target,True
0x00464350,sub_00464350,0x00464390,64,3,aligned_or_padded_ebp_prologue;direct_call_target,True
0x00464390,sub_00464390,0x004643b0,32,1,aligned_or_padded_ebp_prologue;direct_call_target,True
0x004643b0,sub_004643b0,0x00464400,80,1,aligned_or_padded_ebp_prologue;direct_call_target,True
0x00464400,sub_00464400,0x00464420,32,10,aligned_or_padded_ebp_prologue;direct_call_target,True
0x00464420,sub_00464420,0x00464480,96,2,aligned_or_padded_ebp_prologue;direct_call_target,True
0x00464480,sub_00464480,0x004644d0,80,1,aligned_or_padded_ebp_prologue;direct_call_target,True
0x004644d0,sub_004644d0,0x004644f0,32,1,aligned_or_padded_ebp_prologue;direct_call_target,True
0x004644f0,sub_004644f0,0x00464510,32,18,aligned_or_padded_ebp_prologue;direct_call_target,True
0x00464510,sub_00464510,0x00464530,32,12,aligned_or_padded_ebp_prologue;direct_call_target,True
0x00464530,sub_00464530,0x00464550,32,1,aligned_or_padded_ebp_prologue;direct_call_target,True
0x00464550,sub_00464550,0x00464580,48,1,aligned_or_padded_ebp_prologue;direct_call_target,True
0x00464580,sub_00464580,0x004645e0,96,4,aligned_or_padded_ebp_prologue;direct_call_target,True
0x004645e0,sub_004645e0,0x00464600,32,18,aligned_or_padded_ebp_prologue;direct_call_target,True
0x00464600,sub_00464600,0x00464640,64,7,aligned_or_padded_ebp_prologue;direct_call_target,True
0x00464640,sub_00464640,0x004646e0,160,1,aligned_or_padded_ebp_prologue;direct_call_target,True
0x004646e0,sub_004646e0,0x00464790,176,1,aligned_or_padded_ebp_prologue;direct_call_target,True
0x00464790,sub_00464790,0x00464800,112,1,aligned_or_padded_ebp_prologue;direct_call_target,True
0x00464800,sub_00464800,0x00464840,64,0,aligned_or_padded_ebp_prologue,True
0x00464840,sub_00464840,0x004648e0,160,0,aligned_or_padded_ebp_prologue,True
0x004648e0,sub_004648e0,0x004657d0,3824,0,aligned_or_padded_ebp_prologue,True
0x004657d0,sub_004657d0,0x00465960,400,1,aligned_or_padded_ebp_prologue;direct_call_target,True
0x00465960,sub_00465960,0x004659a0,64,0,aligned_or_padded_ebp_prologue,True
0x004659a0,sub_004659a0,0x00465cb0,784,0,aligned_or_padded_ebp_prologue,True
0x00465cb0,sub_00465cb0,0x00465d50,160,1,aligned_or_padded_ebp_prologue;direct_call_target,False
0x00465d50,sub_00465d50,0x00465da0,80,1,aligned_or_padded_ebp_prologue;direct_call_target,True
0x00465da0,sub_00465da0,0x00465df0,80,1,aligned_or_padded_ebp_prologue;direct_call_target,True
0x00465df0,sub_00465df0,0x00465e50,96,1,aligned_or_padded_ebp_prologue;direct_call_target,True
0x00465e50,sub_00465e50,0x00465e90,64,0,aligned_or_padded_ebp_prologue,True
0x00465e90,sub_00465e90,0x004660a0,528,0,aligned_or_padded_ebp_prologue,True
0x004660a0,sub_004660a0,0x00466140,160,0,aligned_or_padded_ebp_prologue,True
0x00466140,sub_00466140,0x00466270,304,1,aligned_or_padded_ebp_prologue;direct_call_target,True
0x00466270,sub_00466270,0x004662a0,48,0,aligned_or_padded_ebp_prologue,True
0x004662a0,sub_004662a0,0x00466340,160,1,aligned_or_padded_ebp_prologue;direct_call_target,True
0x00466340,sub_00466340,0x00466390,80,3,aligned_or_padded_ebp_prologue;direct_call_target,True
0x00466390,sub_00466390,0x004663e0,80,3,aligned_or_padded_ebp_prologue;direct_call_target,True
0x004663e0,sub_004663e0,0x00466440,96,1,aligned_or_padded_ebp_prologue;direct_call_target,True
0x00466440,sub_00466440,0x00466480,64,0,aligned_or_padded_ebp_prologue,True
0x00466480,sub_00466480,0x00466690,528,0,aligned_or_padded_ebp_prologue,True
0x00466690,sub_00466690,0x00466730,160,0,aligned_or_padded_ebp_prologue,True
0x00466730,sub_00466730,0x00466860,304,1,aligned_or_padded_ebp_prologue;direct_call_target,True
0x00466860,sub_00466860,0x00466890,48,0,aligned_or_padded_ebp_prologue,True
0x00466890,sub_00466890,0x00466930,160,1,aligned_or_padded_ebp_prologue;direct_call_target,True
0x00466930,sub_00466930,0x00466990,96,1,aligned_or_padded_ebp_prologue;direct_call_target,True
0x00466990,sub_00466990,0x004669d0,64,1,aligned_or_padded_ebp_prologue;direct_call_target,True
0x004669d0,sub_004669d0,0x00466a00,48,0,aligned_or_padded_ebp_prologue,True
0x00466a00,sub_00466a00,0x00466a20,32,1,aligned_or_padded_ebp_prologue;direct_call_target,True
0x00466a20,sub_00466a20,0x00466a50,48,2,aligned_or_padded_ebp_prologue;direct_call_target,True
0x00466a50,sub_00466a50,0x00466a90,64,0,aligned_or_padded_ebp_prologue,True
0x00466a90,sub_00466a90,0x00466ae0,80,0,aligned_or_padded_ebp_prologue,True
0x00466ae0,sub_00466ae0,0x00466c10,304,0,aligned_or_padded_ebp_prologue,True
0x00466c10,sub_00466c10,0x00466c70,96,1,aligned_or_padded_ebp_prologue;direct_call_target,True
0x00466c70,sub_00466c70,0x00466e20,432,1,aligned_or_padded_ebp_prologue;direct_call_target,True
0x00466e20,sub_00466e20,0x00466f80,352,1,aligned_or_padded_ebp_prologue;direct_call_target,True
0x00466f80,sub_00466f80,0x00466fb0,48,0,aligned_or_padded_ebp_prologue,True
0x00466fb0,sub_00466fb0,0x00466fd0,32,6,aligned_or_padded_ebp_prologue;direct_call_target,True
0x00466fd0,sub_00466fd0,0x00466ff0,32,2,aligned_or_padded_ebp_prologue;direct_call_target,True
0x00466ff0,sub_00466ff0,0x00467000,16,1,aligned_or_padded_ebp_prologue;direct_call_target,True
0x00467000,sub_00467000,0x00467070,112,1,aligned_or_padded_ebp_prologue;direct_call_target,True
0x00467070,sub_00467070,0x00467080,16,5,aligned_or_padded_ebp_prologue;direct_call_target,True
0x00467080,sub_00467080,0x004670e0,96,2,aligned_or_padded_ebp_prologue;direct_call_target,True
0x004670e0,sub_004670e0,0x00467100,32,4,aligned_or_padded_ebp_prologue;direct_call_target,True
0x00467100,sub_00467100,0x004671a0,160,1,aligned_or_padded_ebp_prologue;direct_call_target,True
0x004671a0,sub_004671a0,0x00467230,144,1,aligned_or_padded_ebp_prologue;direct_call_target,True
0x00467230,sub_00467230,0x004672e0,176,1,aligned_or_padded_ebp_prologue;direct_call_target,True
0x004672e0,sub_004672e0,0x00467380,160,1,aligned_or_padded_ebp_prologue;direct_call_target,True
0x00467380,sub_00467380,0x004673b0,48,1,aligned_or_padded_ebp_prologue;direct_call_target,True
0x004673b0,sub_004673b0,0x004673f0,64,2,aligned_or_padded_ebp_prologue;direct_call_target,True
0x004673f0,sub_004673f0,0x00467820,1072,0,aligned_or_padded_ebp_prologue,True
0x00467820,sub_00467820,0x004678c0,160,0,aligned_or_padded_ebp_prologue,True
0x004678c0,sub_004678c0,0x00467990,208,1,aligned_or_padded_ebp_prologue;direct_call_target,True
0x00467990,sub_00467990,0x00467c20,656,1,aligned_or_padded_ebp_prologue;direct_call_target,True
0x00467c20,sub_00467c20,0x00467c50,48,0,aligned_or_padded_ebp_prologue,True
0x00467c50,sub_00467c50,0x00467c70,32,1,aligned_or_padded_ebp_prologue;direct_call_target,True
0x00467c70,sub_00467c70,0x00467c90,32,1,aligned_or_padded_ebp_prologue;direct_call_target,True
0x00467c90,sub_00467c90,0x00467cc0,48,1,aligned_or_padded_ebp_prologue;direct_call_target,True
0x00467cc0,sub_00467cc0,0x00467d00,64,34,aligned_or_padded_ebp_prologue;direct_call_target,True
0x00467d00,sub_00467d00,0x00467d30,48,3,aligned_or_padded_ebp_prologue;direct_call_target,True
0x00467d30,sub_00467d30,0x00467d80,80,1,aligned_or_padded_ebp_prologue;direct_call_target,True
0x00467d80,sub_00467d80,0x00467e20,160,1,aligned_or_padded_ebp_prologue;direct_call_target,True
0x00467e20,sub_00467e20,0x00467e90,112,1,aligned_or_padded_ebp_prologue;direct_call_target,True
0x00467e90,sub_00467e90,0x00467ee0,80,2,aligned_or_padded_ebp_prologue;direct_call_target,True
0x00467ee0,sub_00467ee0,0x00467f50,112,1,aligned_or_padded_ebp_prologue;direct_call_target,True
0x00467f50,sub_00467f50,0x00467fa0,80,4,aligned_or_padded_ebp_prologue;direct_call_target,True
0x00467fa0,sub_00467fa0,0x00467fd0,48,4,aligned_or_padded_ebp_prologue;direct_call_target,True
0x00467fd0,sub_00467fd0,0x00467ff0,32,1,aligned_or_padded_ebp_prologue;direct_call_target,True
0x00467ff0,sub_00467ff0,0x00468010,32,2,aligned_or_padded_ebp_prologue;direct_call_target,True
0x00468010,sub_00468010,0x00468030,32,4,aligned_or_padded_ebp_prologue;direct_call_target,True
0x00468030,sub_00468030,0x00468180,336,2,aligned_or_padded_ebp_prologue;direct_call_target,True
0x00468180,sub_00468180,0x004682a0,288,2,aligned_or_padded_ebp_prologue;direct_call_target,True
0x004682a0,sub_004682a0,0x004682e0,64,1,aligned_or_padded_ebp_prologue;direct_call_target,True
0x004682e0,sub_004682e0,0x00468380,160,1,aligned_or_padded_ebp_prologue;direct_call_target,True
0x00468380,sub_00468380,0x004683b0,48,3,aligned_or_padded_ebp_prologue;direct_call_target,True
0x004683b0,sub_004683b0,0x00468450,160,3,aligned_or_padded_ebp_prologue;direct_call_target,True
0x00468450,sub_00468450,0x00468470,32,1,aligned_or_padded_ebp_prologue;direct_call_target,True
0x00468470,sub_00468470,0x00468700,656,1,aligned_or_padded_ebp_prologue;direct_call_target,True
0x00468700,sub_00468700,0x004687b0,176,2,aligned_or_padded_ebp_prologue;direct_call_target,True
0x004687b0,sub_004687b0,0x00468ca0,1264,1,aligned_or_padded_ebp_prologue;direct_call_target,True
0x00468ca0,sub_00468ca0,0x00468f40,672,1,aligned_or_padded_ebp_prologue;direct_call_target,True
0x00468f40,sub_00468f40,0x00468fe0,160,2,aligned_or_padded_ebp_prologue;direct_call_target,True
0x00468fe0,sub_00468fe0,0x00469030,80,1,aligned_or_padded_ebp_prologue;direct_call_target,True
0x00469030,sub_00469030,0x00469070,64,2,aligned_or_padded_ebp_prologue;direct_call_target,True
0x00469070,sub_00469070,0x004690e0,112,2,aligned_or_padded_ebp_prologue;direct_call_target,True
0x004690e0,sub_004690e0,0x004690f0,16,8,aligned_or_padded_ebp_prologue;direct_call_target,True
0x004690f0,sub_004690f0,0x00469390,672,1,aligned_or_padded_ebp_prologue;direct_call_target,True
0x00469390,sub_00469390,0x004693f0,96,1,aligned_or_padded_ebp_prologue;direct_call_target,True
0x004693f0,sub_004693f0,0x00469450,96,1,aligned_or_padded_ebp_prologue;direct_call_target,True
0x00469450,sub_00469450,0x004694f0,160,2,aligned_or_padded_ebp_prologue;direct_call_target,True
0x004694f0,sub_004694f0,0x00469640,336,2,aligned_or_padded_ebp_prologue;direct_call_target,True
0x00469640,sub_00469640,0x00469720,224,5,aligned_or_padded_ebp_prologue;direct_call_target,True
0x00469720,sub_00469720,0x00469fc0,2208,4,aligned_or_padded_ebp_prologue;direct_call_target,True
0x00469fc0,sub_00469fc0,0x0046a030,112,1,aligned_or_padded_ebp_prologue;direct_call_target,True
0x0046a030,sub_0046a030,0x0046a050,32,1,aligned_or_padded_ebp_prologue;direct_call_target,True
0x0046a050,sub_0046a050,0x0046a090,64,1,aligned_or_padded_ebp_prologue;direct_call_target,True
0x0046a090,sub_0046a090,0x0046a100,112,2,aligned_or_padded_ebp_prologue;direct_call_target,True
0x0046a100,sub_0046a100,0x0046a170,112,2,aligned_or_padded_ebp_prologue;direct_call_target,True
0x0046a170,sub_0046a170,0x0046a1c0,80,1,aligned_or_padded_ebp_prologue;direct_call_target,True
0x0046a1c0,sub_0046a1c0,0x0046a210,80,2,aligned_or_padded_ebp_prologue;direct_call_target,True
0x0046a210,sub_0046a210,0x0046a220,16,2,aligned_or_padded_ebp_prologue;direct_call_target,True
0x0046a220,sub_0046a220,0x0046a230,16,2,aligned_or_padded_ebp_prologue;direct_call_target,True
0x0046a230,sub_0046a230,0x0046a2f0,192,5,aligned_or_padded_ebp_prologue;direct_call_target,True
0x0046a2f0,sub_0046a2f0,0x0046a3b0,192,5,aligned_or_padded_ebp_prologue;direct_call_target,True
0x0046a3b0,sub_0046a3b0,0x0046a420,112,2,aligned_or_padded_ebp_prologue;direct_call_target,True
0x0046a420,sub_0046a420,0x0046a4b0,144,1,aligned_or_padded_ebp_prologue;direct_call_target,True
0x0046a4b0,sub_0046a4b0,0x0046a4c0,16,1,aligned_or_padded_ebp_prologue;direct_call_target,True
0x0046a4c0,sub_0046a4c0,0x0046a4d0,16,1,aligned_or_padded_ebp_prologue;direct_call_target,True
0x0046a4d0,sub_0046a4d0,0x0046a550,128,8,aligned_or_padded_ebp_prologue;direct_call_target,True
0x0046a550,sub_0046a550,0x0046a570,32,1,aligned_or_padded_ebp_prologue;direct_call_target,True
0x0046a570,sub_0046a570,0x0046a5a0,48,2,aligned_or_padded_ebp_prologue;direct_call_target,True
0x0046a5a0,sub_0046a5a0,0x0046a5e0,64,1,aligned_or_padded_ebp_prologue;direct_call_target,True
0x0046a5e0,sub_0046a5e0,0x0046a620,64,1,aligned_or_padded_ebp_prologue;direct_call_target,True
0x0046a620,sub_0046a620,0x0046a660,64,2,aligned_or_padded_ebp_prologue;direct_call_target,True
0x0046a660,sub_0046a660,0x0046a680,32,1,aligned_or_padded_ebp_prologue;direct_call_target,True
0x0046a680,sub_0046a680,0x0046a6b0,48,1,aligned_or_padded_ebp_prologue;direct_call_target,True
0x0046a6b0,sub_0046a6b0,0x0046a710,96,1,aligned_or_padded_ebp_prologue;direct_call_target,True
0x0046a710,sub_0046a710,0x0046a780,112,3,aligned_or_padded_ebp_prologue;direct_call_target,True
0x0046a780,sub_0046a780,0x0046a830,176,8,aligned_or_padded_ebp_prologue;direct_call_target,True
0x0046a830,sub_0046a830,0x0046a8b0,128,63,aligned_or_padded_ebp_prologue;direct_call_target,True
0x0046a8b0,sub_0046a8b0,0x0046a8e0,48,1,aligned_or_padded_ebp_prologue;direct_call_target,True
0x0046a8e0,sub_0046a8e0,0x0046aba0,704,1,aligned_or_padded_ebp_prologue;direct_call_target,True
0x0046aba0,sub_0046aba0,0x0046ac80,224,0,aligned_or_padded_ebp_prologue,True
0x0046ac80,sub_0046ac80,0x0046ade0,352,1,aligned_or_padded_ebp_prologue;direct_call_target,True
0x0046ade0,sub_0046ade0,0x0046ae00,32,12,aligned_or_padded_ebp_prologue;direct_call_target,True
0x0046ae00,sub_0046ae00,0x0046ae30,48,1,aligned_or_padded_ebp_prologue;direct_call_target,True
0x0046ae30,sub_0046ae30,0x0046ae50,32,3,aligned_or_padded_ebp_prologue;direct_call_target,True
0x0046ae50,sub_0046ae50,0x0046aed0,128,1,aligned_or_padded_ebp_prologue;direct_call_target,True
0x0046aed0,sub_0046aed0,0x0046aef0,32,1,aligned_or_padded_ebp_prologue;direct_call_target,True
0x0046aef0,sub_0046aef0,0x0046b0d0,480,1,aligned_or_padded_ebp_prologue;direct_call_target,True
0x0046b0d0,sub_0046b0d0,0x0046b130,96,1,aligned_or_padded_ebp_prologue;direct_call_target,True
0x0046b130,sub_0046b130,0x0046b1b0,128,2,aligned_or_padded_ebp_prologue;direct_call_target,True
0x0046b1b0,sub_0046b1b0,0x0046b1e0,48,39,aligned_or_padded_ebp_prologue;direct_call_target,True
0x0046b1e0,sub_0046b1e0,0x0046b210,48,4,aligned_or_padded_ebp_prologue;direct_call_target,True
0x0046b210,sub_0046b210,0x0046b230,32,6,aligned_or_padded_ebp_prologue;direct_call_target,True
0x0046b230,sub_0046b230,0x0046b250,32,2,aligned_or_padded_ebp_prologue;direct_call_target,True
0x0046b250,sub_0046b250,0x0046b270,32,4,aligned_or_padded_ebp_prologue;direct_call_target,True
0x0046b270,sub_0046b270,0x0046b290,32,1,aligned_or_padded_ebp_prologue;direct_call_target,True
0x0046b290,sub_0046b290,0x0046b2b0,32,1,aligned_or_padded_ebp_prologue;direct_call_target,True
0x0046b2b0,sub_0046b2b0,0x0046b2e0,48,2,aligned_or_padded_ebp_prologue;direct_call_target,True
0x0046b2e0,sub_0046b2e0,0x0046b330,80,1,aligned_or_padded_ebp_prologue;direct_call_target,True
0x0046b330,sub_0046b330,0x0046b360,48,2,aligned_or_padded_ebp_prologue;direct_call_target,True
0x0046b360,sub_0046b360,0x0046b390,48,1,aligned_or_padded_ebp_prologue;direct_call_target,True
0x0046b390,sub_0046b390,0x0046b4e0,336,1,aligned_or_padded_ebp_prologue;direct_call_target,True
0x0046b4e0,sub_0046b4e0,0x0046b510,48,1,aligned_or_padded_ebp_prologue;direct_call_target,True
0x0046b510,sub_0046b510,0x0046b550,64,0,aligned_or_padded_ebp_prologue,True
0x0046b550,sub_0046b550,0x0046b590,64,1,aligned_or_padded_ebp_prologue;direct_call_target,True
0x0046b590,sub_0046b590,0x0046b6e0,336,6,aligned_or_padded_ebp_prologue;direct_call_target,True
0x0046b6e0,sub_0046b6e0,0x0046b7f0,272,1,aligned_or_padded_ebp_prologue;direct_call_target,True
0x0046b7f0,sub_0046b7f0,0x0046b9a0,432,1,direct_call_target,True
0x0046b9a0,sub_0046b9a0,0x0046ba20,128,1,aligned_or_padded_ebp_prologue;direct_call_target,True
0x0046ba20,sub_0046ba20,0x0046bb90,368,5,direct_call_target,True
0x0046bb90,sub_0046bb90,0x0046c080,1264,1,aligned_or_padded_ebp_prologue;direct_call_target,True
0x0046c080,sub_0046c080,0x0046c210,400,1,aligned_or_padded_ebp_prologue;direct_call_target,True
0x0046c210,sub_0046c210,0x0046c930,1824,52,aligned_or_padded_ebp_prologue;direct_call_target,True
0x0046c930,sub_0046c930,0x0046c990,96,0,aligned_or_padded_ebp_prologue,True
0x0046c990,sub_0046c990,0x0046ca40,176,77,aligned_or_padded_ebp_prologue;direct_call_target,True
0x0046ca40,sub_0046ca40,0x0046cc30,496,10,aligned_or_padded_ebp_prologue;direct_call_target,True
0x0046cc30,sub_0046cc30,0x0046cc80,80,2,aligned_or_padded_ebp_prologue;direct_call_target,False
0x0046cc80,sub_0046cc80,0x0046cd40,192,1,aligned_or_padded_ebp_prologue;direct_call_target,True
0x0046cd40,sub_0046cd40,0x0046cd80,64,6,aligned_or_padded_ebp_prologue;direct_call_target,True
0x0046cd80,sub_0046cd80,0x0046ce00,128,2,aligned_or_padded_ebp_prologue;direct_call_target,True
0x0046ce00,sub_0046ce00,0x0046ce90,144,1,aligned_or_padded_ebp_prologue;direct_call_target,True
0x0046ce90,sub_0046ce90,0x0046cf00,112,11,aligned_or_padded_ebp_prologue;direct_call_target,True
0x0046cf00,sub_0046cf00,0x0046cfa0,160,1,aligned_or_padded_ebp_prologue;direct_call_target,True
0x0046cfa0,sub_0046cfa0,0x0046d020,128,6,aligned_or_padded_ebp_prologue;direct_call_target,True
0x0046d020,sub_0046d020,0x0046d090,112,2,aligned_or_padded_ebp_prologue;direct_call_target,True
0x0046d090,sub_0046d090,0x0046d170,224,4,aligned_or_padded_ebp_prologue;direct_call_target,True
0x0046d170,sub_0046d170,0x0046d300,400,2,aligned_or_padded_ebp_prologue;direct_call_target,True
0x0046d300,sub_0046d300,0x0046e9e0,5856,1,aligned_or_padded_ebp_prologue;direct_call_target,True
0x0046e9e0,sub_0046e9e0,0x0046ea70,144,1,aligned_or_padded_ebp_prologue;direct_call_target,True
0x0046ea70,sub_0046ea70,0x0046eaa0,48,1,aligned_or_padded_ebp_prologue;direct_call_target,True
0x0046eaa0,sub_0046eaa0,0x0046eac0,32,1,aligned_or_padded_ebp_prologue;direct_call_target,True
0x0046eac0,sub_0046eac0,0x0046eaf0,48,1,aligned_or_padded_ebp_prologue;direct_call_target,True
0x0046eaf0,sub_0046eaf0,0x0046eb20,48,4,aligned_or_padded_ebp_prologue;direct_call_target,True
0x0046eb20,sub_0046eb20,0x0046eb50,48,0,aligned_or_padded_ebp_prologue,True
0x0046eb50,sub_0046eb50,0x0046eb80,48,0,aligned_or_padded_ebp_prologue,True
0x0046eb80,sub_0046eb80,0x0046ebb0,48,0,aligned_or_padded_ebp_prologue,True
0x0046ebb0,sub_0046ebb0,0x0046ebd0,32,0,aligned_or_padded_ebp_prologue,True
0x0046ebd0,sub_0046ebd0,0x0046ebf0,32,0,aligned_or_padded_ebp_prologue,True
0x0046ebf0,sub_0046ebf0,0x0046ec50,96,1,aligned_or_padded_ebp_prologue;direct_call_target,True
0x0046ec50,sub_0046ec50,0x0046ec80,48,1,aligned_or_padded_ebp_prologue;direct_call_target,True
0x0046ec80,sub_0046ec80,0x0046ecf0,112,0,aligned_or_padded_ebp_prologue,True
0x0046ecf0,sub_0046ecf0,0x0046ed60,112,0,aligned_or_padded_ebp_prologue,True
0x0046ed60,sub_0046ed60,0x0046ed90,48,1,aligned_or_padded_ebp_prologue;direct_call_target,True
0x0046ed90,sub_0046ed90,0x0046eee0,336,2,aligned_or_padded_ebp_prologue;direct_call_target,True
0x0046eee0,sub_0046eee0,0x0046eef0,16,0,aligned_or_padded_ebp_prologue,True
0x0046eef0,sub_0046eef0,0x0046ef00,16,0,aligned_or_padded_ebp_prologue,True
0x0046ef00,sub_0046ef00,0x0046ef50,80,1,aligned_or_padded_ebp_prologue;direct_call_target,True
0x0046ef50,sub_0046ef50,0x0046ef70,32,2,aligned_or_padded_ebp_prologue;direct_call_target,True
0x0046ef70,sub_0046ef70,0x0046ef80,16,1,aligned_or_padded_ebp_prologue;direct_call_target,True
0x0046ef80,sub_0046ef80,0x0046f100,384,3,aligned_or_padded_ebp_prologue;direct_call_target,True
0x0046f100,sub_0046f100,0x0046fb40,2624,2,aligned_or_padded_ebp_prologue;direct_call_target,True
0x0046fb40,sub_0046fb40,0x0046fbd0,144,5,aligned_or_padded_ebp_prologue;direct_call_target,True
0x0046fbd0,sub_0046fbd0,0x0046fc00,48,2,aligned_or_padded_ebp_prologue;direct_call_target,True
0x0046fc00,sub_0046fc00,0x0046fc30,48,2,aligned_or_padded_ebp_prologue;direct_call_target,True
0x0046fc30,sub_0046fc30,0x0046fc70,64,3,aligned_or_padded_ebp_prologue;direct_call_target,True
0x0046fc70,sub_0046fc70,0x0046fc80,16,2,aligned_or_padded_ebp_prologue;direct_call_target,True
0x0046fc80,sub_0046fc80,0x0046fca0,32,2,aligned_or_padded_ebp_prologue;direct_call_target,True
0x0046fca0,sub_0046fca0,0x0046fcb0,16,3,aligned_or_padded_ebp_prologue;direct_call_target,True
0x0046fcb0,sub_0046fcb0,0x0046fce0,48,5,aligned_or_padded_ebp_prologue;direct_call_target,True
0x0046fce0,sub_0046fce0,0x0046ff30,592,4,aligned_or_padded_ebp_prologue;direct_call_target,True
0x0046ff30,sub_0046ff30,0x0046ff80,80,3,aligned_or_padded_ebp_prologue;direct_call_target,True
0x0046ff80,sub_0046ff80,0x0046ffc0,64,4,aligned_or_padded_ebp_prologue;direct_call_target,True
0x0046ffc0,sub_0046ffc0,0x0046ffd0,16,2,aligned_or_padded_ebp_prologue;direct_call_target,True
0x0046ffd0,sub_0046ffd0,0x00470030,96,1,aligned_or_padded_ebp_prologue;direct_call_target,True
0x00470030,sub_00470030,0x00470140,272,6,aligned_or_padded_ebp_prologue;direct_call_target,True
0x00470140,sub_00470140,0x00470180,64,5,aligned_or_padded_ebp_prologue;direct_call_target,True
0x00470180,sub_00470180,0x00470220,160,18,aligned_or_padded_ebp_prologue;direct_call_target,True
0x00470220,sub_00470220,0x00470250,48,2,aligned_or_padded_ebp_prologue;direct_call_target,True
0x00470250,sub_00470250,0x00470270,32,1,aligned_or_padded_ebp_prologue;direct_call_target,True
0x00470270,sub_00470270,0x004702b0,64,1,aligned_or_padded_ebp_prologue;direct_call_target,True
0x004702b0,sub_004702b0,0x00470300,80,3,aligned_or_padded_ebp_prologue;direct_call_target,True
0x00470300,sub_00470300,0x00470310,16,0,aligned_or_padded_ebp_prologue,True
0x00470310,sub_00470310,0x00470360,80,5,aligned_or_padded_ebp_prologue;direct_call_target,True
0x00470360,sub_00470360,0x004703a0,64,1,aligned_or_padded_ebp_prologue;direct_call_target,True
0x004703a0,sub_004703a0,0x004703c0,32,2,aligned_or_padded_ebp_prologue;direct_call_target,True
0x004703c0,sub_004703c0,0x004704a0,224,1,aligned_or_padded_ebp_prologue;direct_call_target,True
0x004704a0,sub_004704a0,0x004704b0,16,0,aligned_or_padded_ebp_prologue,True
0x004704b0,sub_004704b0,0x004704f0,64,0,aligned_or_padded_ebp_prologue,True
0x004704f0,sub_004704f0,0x00470510,32,0,aligned_or_padded_ebp_prologue,True
0x00470510,sub_00470510,0x00470530,32,0,aligned_or_padded_ebp_prologue,True
0x00470530,sub_00470530,0x00470540,16,0,aligned_or_padded_ebp_prologue,True
0x00470540,sub_00470540,0x00470550,16,5,aligned_or_padded_ebp_prologue;direct_call_target,True
0x00470550,sub_00470550,0x004705a0,80,3,aligned_or_padded_ebp_prologue;direct_call_target,True
0x004705a0,sub_004705a0,0x00470600,96,1,aligned_or_padded_ebp_prologue;direct_call_target,True
0x00470600,sub_00470600,0x00470620,32,1,aligned_or_padded_ebp_prologue;direct_call_target,True
0x00470620,sub_00470620,0x00470670,80,9,aligned_or_padded_ebp_prologue;direct_call_target,True
0x00470670,sub_00470670,0x00470680,16,12,aligned_or_padded_ebp_prologue;direct_call_target,True
0x00470680,sub_00470680,0x004708e0,608,1,aligned_or_padded_ebp_prologue;direct_call_target,True
0x004708e0,sub_004708e0,0x00470920,64,5,aligned_or_padded_ebp_prologue;direct_call_target,True
0x00470920,sub_00470920,0x00470970,80,1,aligned_or_padded_ebp_prologue;direct_call_target,True
0x00470970,sub_00470970,0x004709d0,96,1,aligned_or_padded_ebp_prologue;direct_call_target,True
0x004709d0,sub_004709d0,0x004709e0,16,1,aligned_or_padded_ebp_prologue;direct_call_target,True
0x004709e0,sub_004709e0,0x00470a20,64,1,aligned_or_padded_ebp_prologue;direct_call_target,True
0x00470a20,sub_00470a20,0x00470a40,32,1,aligned_or_padded_ebp_prologue;direct_call_target,True
0x00470a40,sub_00470a40,0x00470a60,32,2,aligned_or_padded_ebp_prologue;direct_call_target,True
0x00470a60,sub_00470a60,0x00470a80,32,1,aligned_or_padded_ebp_prologue;direct_call_target,True
0x00470a80,sub_00470a80,0x00470ab0,48,1,aligned_or_padded_ebp_prologue;direct_call_target,True
0x00470ab0,sub_00470ab0,0x00470ad0,32,36,aligned_or_padded_ebp_prologue;direct_call_target,True
0x00470ad0,sub_00470ad0,0x00470af0,32,124,aligned_or_padded_ebp_prologue;direct_call_target,True
0x00470af0,sub_00470af0,0x00470b20,48,8,aligned_or_padded_ebp_prologue;direct_call_target,True
0x00470b20,sub_00470b20,0x00470b40,32,10,aligned_or_padded_ebp_prologue;direct_call_target,True
0x00470b40,sub_00470b40,0x00470b60,32,3,aligned_or_padded_ebp_prologue;direct_call_target,True
0x00470b60,sub_00470b60,0x00470b80,32,11,aligned_or_padded_ebp_prologue;direct_call_target,True
0x00470b80,sub_00470b80,0x00470e50,720,2,aligned_or_padded_ebp_prologue;direct_call_target,True
0x00470e50,sub_00470e50,0x00470e90,64,10,aligned_or_padded_ebp_prologue;direct_call_target,True
0x00470e90,sub_00470e90,0x00470ed0,64,2,aligned_or_padded_ebp_prologue;direct_call_target,True
0x00470ed0,sub_00470ed0,0x00471050,384,36,aligned_or_padded_ebp_prologue;direct_call_target,True
0x00471050,sub_00471050,0x00471060,16,4,aligned_or_padded_ebp_prologue;direct_call_target,True
0x00471060,sub_00471060,0x004710c0,96,1,aligned_or_padded_ebp_prologue;direct_call_target,True
0x004710c0,sub_004710c0,0x004710f0,48,8,aligned_or_padded_ebp_prologue;direct_call_target,True
0x004710f0,sub_004710f0,0x00471130,64,2,aligned_or_padded_ebp_prologue;direct_call_target,True
0x00471130,sub_00471130,0x00471160,48,2,aligned_or_padded_ebp_prologue;direct_call_target,True
0x00471160,sub_00471160,0x00471170,16,8,aligned_or_padded_ebp_prologue;direct_call_target,True
0x00471170,sub_00471170,0x004711a0,48,116,aligned_or_padded_ebp_prologue;direct_call_target,True
0x004711a0,sub_004711a0,0x00471210,112,1,aligned_or_padded_ebp_prologue;direct_call_target,True
0x00471210,sub_00471210,0x00471280,112,3,aligned_or_padded_ebp_prologue;direct_call_target,True
0x00471280,sub_00471280,0x004712d0,80,1,aligned_or_padded_ebp_prologue;direct_call_target,True
0x004712d0,sub_004712d0,0x004713b0,224,6,aligned_or_padded_ebp_prologue;direct_call_target,True
0x004713b0,sub_004713b0,0x004713c0,16,2,aligned_or_padded_ebp_prologue;direct_call_target,True
0x004713c0,sub_004713c0,0x00471410,80,1,aligned_or_padded_ebp_prologue;direct_call_target,True
0x00471410,sub_00471410,0x00471480,112,1,aligned_or_padded_ebp_prologue;direct_call_target,True
0x00471480,sub_00471480,0x004715c0,320,1,aligned_or_padded_ebp_prologue;direct_call_target,True
0x004715c0,sub_004715c0,0x00471790,464,1,aligned_or_padded_ebp_prologue;direct_call_target,True
0x00471790,sub_00471790,0x004718d0,320,1,aligned_or_padded_ebp_prologue;direct_call_target,True
0x004718d0,sub_004718d0,0x00471940,112,5,aligned_or_padded_ebp_prologue;direct_call_target,True
0x00471940,sub_00471940,0x00471980,64,6,aligned_or_padded_ebp_prologue;direct_call_target,True
0x00471980,sub_00471980,0x00471c40,704,1,aligned_or_padded_ebp_prologue;direct_call_target,True
0x00471c40,sub_00471c40,0x00471ca0,96,1,aligned_or_padded_ebp_prologue;direct_call_target,True
0x00471ca0,sub_00471ca0,0x00471db0,272,1,aligned_or_padded_ebp_prologue;direct_call_target,True
0x00471db0,sub_00471db0,0x00471e60,176,5,aligned_or_padded_ebp_prologue;direct_call_target,True
0x00471e60,sub_00471e60,0x00471f50,240,1,aligned_or_padded_ebp_prologue;direct_call_target,True
0x00471f50,sub_00471f50,0x00472040,240,7,aligned_or_padded_ebp_prologue;direct_call_target,True
0x00472040,sub_00472040,0x00472060,32,24,aligned_or_padded_ebp_prologue;direct_call_target,True
0x00472060,sub_00472060,0x00472090,48,8,aligned_or_padded_ebp_prologue;direct_call_target,True
0x00472090,sub_00472090,0x004720d0,64,0,aligned_or_padded_ebp_prologue,True
0x004720d0,sub_004720d0,0x00472100,48,1,aligned_or_padded_ebp_prologue;direct_call_target,True
0x00472100,sub_00472100,0x004722e0,480,1,aligned_or_padded_ebp_prologue;direct_call_target,True
0x004722e0,sub_004722e0,0x00472840,1376,1,aligned_or_padded_ebp_prologue;direct_call_target,True
0x00472840,sub_00472840,0x00472a10,464,1,aligned_or_padded_ebp_prologue;direct_call_target,True
0x00472a10,sub_00472a10,0x00472a30,32,1,aligned_or_padded_ebp_prologue;direct_call_target,True
0x00472a30,sub_00472a30,0x00472d10,736,1,aligned_or_padded_ebp_prologue;direct_call_target,True
0x00472d10,sub_00472d10,0x00473140,1072,1,aligned_or_padded_ebp_prologue;direct_call_target,True
0x00473140,sub_00473140,0x00473160,32,1,aligned_or_padded_ebp_prologue;direct_call_target,True
0x00473160,sub_00473160,0x00473400,672,1,aligned_or_padded_ebp_prologue;direct_call_target,True
0x00473400,sub_00473400,0x00473490,144,1,aligned_or_padded_ebp_prologue;direct_call_target,True
0x00473490,sub_00473490,0x00473590,256,0,aligned_or_padded_ebp_prologue,True
0x00473590,sub_00473590,0x004739d0,1088,1,aligned_or_padded_ebp_prologue;direct_call_target,True
0x004739d0,sub_004739d0,0x004739e0,16,0,aligned_or_padded_ebp_prologue,True
0x004739e0,sub_004739e0,0x00473b20,320,1,aligned_or_padded_ebp_prologue;direct_call_target,True
0x00473b20,sub_00473b20,0x00474780,3168,1,aligned_or_padded_ebp_prologue;direct_call_target,True
0x00474780,sub_00474780,0x00474860,224,1,aligned_or_padded_ebp_prologue;direct_call_target,True
0x00474860,sub_00474860,0x00474870,16,0,aligned_or_padded_ebp_prologue,True
0x00474870,sub_00474870,0x00474880,16,0,aligned_or_padded_ebp_prologue,True
0x00474880,sub_00474880,0x00474ce0,1120,12,aligned_or_padded_ebp_prologue;direct_call_target,True
0x00474ce0,sub_00474ce0,0x00474d40,96,1,aligned_or_padded_ebp_prologue;direct_call_target,True
0x00474d40,sub_00474d40,0x00474d60,32,5,aligned_or_padded_ebp_prologue;direct_call_target,True
0x00474d60,sub_00474d60,0x00474d80,32,48,aligned_or_padded_ebp_prologue;direct_call_target,True
0x00474d80,sub_00474d80,0x00474dd0,80,4,aligned_or_padded_ebp_prologue;direct_call_target,True
0x00474dd0,sub_00474dd0,0x00474e00,48,1,aligned_or_padded_ebp_prologue;direct_call_target,True
0x00474e00,sub_00474e00,0x00474e20,32,10,aligned_or_padded_ebp_prologue;direct_call_target,True
0x00474e20,sub_00474e20,0x00474e40,32,1,aligned_or_padded_ebp_prologue;direct_call_target,True
0x00474e40,sub_00474e40,0x00474e70,48,1,aligned_or_padded_ebp_prologue;direct_call_target,True
0x00474e70,sub_00474e70,0x004750a0,560,1,aligned_or_padded_ebp_prologue;direct_call_target,True
0x004750a0,sub_004750a0,0x00475120,128,1,aligned_or_padded_ebp_prologue;direct_call_target,True
0x00475120,sub_00475120,0x00475150,48,4,aligned_or_padded_ebp_prologue;direct_call_target,True
0x00475150,sub_00475150,0x00475170,32,2,aligned_or_padded_ebp_prologue;direct_call_target,True
0x00475170,sub_00475170,0x004751b0,64,2,aligned_or_padded_ebp_prologue;direct_call_target,True
0x004751b0,sub_004751b0,0x004773c0,8720,1,aligned_or_padded_ebp_prologue;direct_call_target,True
0x004773c0,sub_004773c0,0x00477450,144,1,aligned_or_padded_ebp_prologue;direct_call_target,True
0x00477450,sub_00477450,0x00477480,48,6,aligned_or_padded_ebp_prologue;direct_call_target,True
0x00477480,sub_00477480,0x00477520,160,1,aligned_or_padded_ebp_prologue;direct_call_target,True
0x00477520,sub_00477520,0x00477640,288,4,aligned_or_padded_ebp_prologue;direct_call_target,True
0x00477640,sub_00477640,0x00477670,48,1,aligned_or_padded_ebp_prologue;direct_call_target,True
0x00477670,sub_00477670,0x004776a0,48,1,aligned_or_padded_ebp_prologue;direct_call_target,True
0x004776a0,sub_004776a0,0x004776c0,32,17,aligned_or_padded_ebp_prologue;direct_call_target,True
0x004776c0,sub_004776c0,0x00477750,144,2,aligned_or_padded_ebp_prologue;direct_call_target,True
0x00477750,sub_00477750,0x00477770,32,4,aligned_or_padded_ebp_prologue;direct_call_target,True
0x00477770,sub_00477770,0x00477790,32,1,aligned_or_padded_ebp_prologue;direct_call_target,True
0x00477790,sub_00477790,0x004777c0,48,1,aligned_or_padded_ebp_prologue;direct_call_target,True
0x004777c0,sub_004777c0,0x004777f0,48,3,aligned_or_padded_ebp_prologue;direct_call_target,True
0x004777f0,sub_004777f0,0x00477820,48,12,aligned_or_padded_ebp_prologue;direct_call_target,True
0x00477820,sub_00477820,0x00477840,32,1,aligned_or_padded_ebp_prologue;direct_call_target,True
0x00477840,sub_00477840,0x00477860,32,1,aligned_or_padded_ebp_prologue;direct_call_target,True
0x00477860,sub_00477860,0x00477880,32,1,aligned_or_padded_ebp_prologue;direct_call_target,True
0x00477880,sub_00477880,0x004778e0,96,2,aligned_or_padded_ebp_prologue;direct_call_target,True
0x004778e0,sub_004778e0,0x00477910,48,1,aligned_or_padded_ebp_prologue;direct_call_target,True
0x00477910,sub_00477910,0x00477960,80,1,aligned_or_padded_ebp_prologue;direct_call_target,True
0x00477960,sub_00477960,0x004779b0,80,1,aligned_or_padded_ebp_prologue;direct_call_target,True
0x004779b0,sub_004779b0,0x00477a60,176,1,aligned_or_padded_ebp_prologue;direct_call_target,True
0x00477a60,sub_00477a60,0x00477ae0,128,2,aligned_or_padded_ebp_prologue;direct_call_target,True
0x00477ae0,sub_00477ae0,0x00477b80,160,1,aligned_or_padded_ebp_prologue;direct_call_target,True
0x00477b80,sub_00477b80,0x00477bb0,48,3,aligned_or_padded_ebp_prologue;direct_call_target,True
0x00477bb0,sub_00477bb0,0x00477bf0,64,0,aligned_or_padded_ebp_prologue,True
0x00477bf0,sub_00477bf0,0x00477c20,48,0,aligned_or_padded_ebp_prologue,True
0x00477c20,sub_00477c20,0x00477cb0,144,1,aligned_or_padded_ebp_prologue;direct_call_target,True
0x00477cb0,sub_00477cb0,0x00477ce0,48,1,aligned_or_padded_ebp_prologue;direct_call_target,True
0x00477ce0,sub_00477ce0,0x00477cf0,16,0,aligned_or_padded_ebp_prologue,True
0x00477cf0,sub_00477cf0,0x00477d30,64,1,aligned_or_padded_ebp_prologue;direct_call_target,True
0x00477d30,sub_00477d30,0x00477dc0,144,0,aligned_or_padded_ebp_prologue,True
0x00477dc0,sub_00477dc0,0x00477e30,112,1,aligned_or_padded_ebp_prologue;direct_call_target,True
0x00477e30,sub_00477e30,0x00477f00,208,2,aligned_or_padded_ebp_prologue;direct_call_target,True
0x00477f00,sub_00477f00,0x00477f40,64,1,aligned_or_padded_ebp_prologue;direct_call_target,True
0x00477f40,sub_00477f40,0x00477f60,32,3,aligned_or_padded_ebp_prologue;direct_call_target,True
0x00477f60,sub_00477f60,0x00477fb0,80,8,aligned_or_padded_ebp_prologue;direct_call_target,True
0x00477fb0,sub_00477fb0,0x00477fc0,16,0,aligned_or_padded_ebp_prologue,True
0x00477fc0,sub_00477fc0,0x00477fd0,16,0,aligned_or_padded_ebp_prologue,True
0x00477fd0,sub_00477fd0,0x00477ff0,32,1,aligned_or_padded_ebp_prologue;direct_call_target,True
0x00477ff0,sub_00477ff0,0x00478040,80,9,aligned_or_padded_ebp_prologue;direct_call_target,True
0x00478040,sub_00478040,0x00478060,32,5,aligned_or_padded_ebp_prologue;direct_call_target,True
0x00478060,sub_00478060,0x00478080,32,53,aligned_or_padded_ebp_prologue;direct_call_target,True
0x00478080,sub_00478080,0x004780a0,32,6,aligned_or_padded_ebp_prologue;direct_call_target,True
0x004780a0,sub_004780a0,0x00478130,144,2,aligned_or_padded_ebp_prologue;direct_call_target,True
0x00478130,sub_00478130,0x00478160,48,9,aligned_or_padded_ebp_prologue;direct_call_target,True
0x00478160,sub_00478160,0x00478190,48,29,aligned_or_padded_ebp_prologue;direct_call_target,True
0x00478190,sub_00478190,0x00478260,208,3,aligned_or_padded_ebp_prologue;direct_call_target,True
0x00478260,sub_00478260,0x00478290,48,1,aligned_or_padded_ebp_prologue;direct_call_target,True
0x00478290,sub_00478290,0x004782d0,64,1,aligned_or_padded_ebp_prologue;direct_call_target,True
0x004782d0,sub_004782d0,0x00478300,48,1,aligned_or_padded_ebp_prologue;direct_call_target,True
0x00478300,sub_00478300,0x00478380,128,1,aligned_or_padded_ebp_prologue;direct_call_target,True
0x00478380,sub_00478380,0x004783a0,32,0,aligned_or_padded_ebp_prologue,True
0x004783a0,sub_004783a0,0x00478430,144,1,aligned_or_padded_ebp_prologue;direct_call_target,True
0x00478430,sub_00478430,0x004784e0,176,2,aligned_or_padded_ebp_prologue;direct_call_target,True
0x004784e0,sub_004784e0,0x00478530,80,1,aligned_or_padded_ebp_prologue;direct_call_target,True
0x00478530,sub_00478530,0x004785c0,144,7,aligned_or_padded_ebp_prologue;direct_call_target,True
0x004785c0,sub_004785c0,0x004785e0,32,2,aligned_or_padded_ebp_prologue;direct_call_target,True
0x004785e0,sub_004785e0,0x00478610,48,39,aligned_or_padded_ebp_prologue;direct_call_target,True
0x00478610,sub_00478610,0x00478640,48,1,aligned_or_padded_ebp_prologue;direct_call_target,True
0x00478640,sub_00478640,0x00478680,64,0,aligned_or_padded_ebp_prologue,True
0x00478680,sub_00478680,0x00478bf0,1392,0,aligned_or_padded_ebp_prologue,True
0x00478bf0,sub_00478bf0,0x00478c00,16,1,aligned_or_padded_ebp_prologue;direct_call_target,True
0x00478c00,sub_00478c00,0x00478e00,512,0,aligned_or_padded_ebp_prologue,True
0x00478e00,sub_00478e00,0x00478e40,64,8,aligned_or_padded_ebp_prologue;direct_call_target,True
0x00478e40,sub_00478e40,0x00478e80,64,0,aligned_or_padded_ebp_prologue,True
0x00478e80,sub_00478e80,0x00478ea0,32,26,aligned_or_padded_ebp_prologue;direct_call_target,True
0x00478ea0,sub_00478ea0,0x00478ec0,32,19,aligned_or_padded_ebp_prologue;direct_call_target,True
0x00478ec0,sub_00478ec0,0x00478ee0,32,12,aligned_or_padded_ebp_prologue;direct_call_target,True
0x00478ee0,sub_00478ee0,0x00478f00,32,19,aligned_or_padded_ebp_prologue;direct_call_target,True
0x00478f00,sub_00478f00,0x00478f70,112,2,aligned_or_padded_ebp_prologue;direct_call_target,True
0x00478f70,sub_00478f70,0x00479020,176,1,aligned_or_padded_ebp_prologue;direct_call_target,True
0x00479020,sub_00479020,0x00479040,32,4,aligned_or_padded_ebp_prologue;direct_call_target,True
0x00479040,sub_00479040,0x00479060,32,81,aligned_or_padded_ebp_prologue;direct_call_target,True
0x00479060,sub_00479060,0x00479080,32,4,aligned_or_padded_ebp_prologue;direct_call_target,True
0x00479080,sub_00479080,0x004790a0,32,4,aligned_or_padded_ebp_prologue;direct_call_target,True
0x004790a0,sub_004790a0,0x004790c0,32,1,aligned_or_padded_ebp_prologue;direct_call_target,True
0x004790c0,sub_004790c0,0x004790e0,32,3,aligned_or_padded_ebp_prologue;direct_call_target,True
0x004790e0,sub_004790e0,0x00479120,64,71,aligned_or_padded_ebp_prologue;direct_call_target,True
0x00479120,sub_00479120,0x00479140,32,0,aligned_or_padded_ebp_prologue,True
0x00479140,sub_00479140,0x004791d0,144,1,aligned_or_padded_ebp_prologue;direct_call_target,True
0x004791d0,sub_004791d0,0x00479280,176,0,aligned_or_padded_ebp_prologue,True
0x00479280,sub_00479280,0x004792f0,112,1,aligned_or_padded_ebp_prologue;direct_call_target,True
0x004792f0,sub_004792f0,0x00479320,48,1,aligned_or_padded_ebp_prologue;direct_call_target,True
0x00479320,sub_00479320,0x00479360,64,0,aligned_or_padded_ebp_prologue,True
0x00479360,sub_00479360,0x00479860,1280,1,aligned_or_padded_ebp_prologue;direct_call_target,True
0x00479860,sub_00479860,0x00479e10,1456,0,aligned_or_padded_ebp_prologue,True
0x00479e10,sub_00479e10,0x00479f90,384,2,aligned_or_padded_ebp_prologue;direct_call_target,True
0x00479f90,sub_00479f90,0x00479fd0,64,2,aligned_or_padded_ebp_prologue;direct_call_target,True
0x00479fd0,sub_00479fd0,0x0047a090,192,0,aligned_or_padded_ebp_prologue,True
0x0047a090,sub_0047a090,0x0047a1b0,288,2,aligned_or_padded_ebp_prologue;direct_call_target,True
0x0047a1b0,sub_0047a1b0,0x0047a1f0,64,0,aligned_or_padded_ebp_prologue,True
0x0047a1f0,sub_0047a1f0,0x0047a210,32,3,aligned_or_padded_ebp_prologue;direct_call_target,True
0x0047a210,sub_0047a210,0x0047a240,48,1,aligned_or_padded_ebp_prologue;direct_call_target,True
0x0047a240,sub_0047a240,0x0047a2a0,96,6,aligned_or_padded_ebp_prologue;direct_call_target,True
0x0047a2a0,sub_0047a2a0,0x0047a2c0,32,10,aligned_or_padded_ebp_prologue;direct_call_target,True
0x0047a2c0,sub_0047a2c0,0x0047a2e0,32,70,aligned_or_padded_ebp_prologue;direct_call_target,True
0x0047a2e0,sub_0047a2e0,0x0047a320,64,13,aligned_or_padded_ebp_prologue;direct_call_target,True
0x0047a320,sub_0047a320,0x0047a340,32,23,aligned_or_padded_ebp_prologue;direct_call_target,True
0x0047a340,sub_0047a340,0x0047a370,48,7,aligned_or_padded_ebp_prologue;direct_call_target,True
0x0047a370,sub_0047a370,0x0047a3e0,112,1,aligned_or_padded_ebp_prologue;direct_call_target,True
0x0047a3e0,sub_0047a3e0,0x0047a400,32,5,aligned_or_padded_ebp_prologue;direct_call_target,True
0x0047a400,sub_0047a400,0x0047a4a0,160,1,aligned_or_padded_ebp_prologue;direct_call_target,True
0x0047a4a0,sub_0047a4a0,0x0047a4c0,32,2,aligned_or_padded_ebp_prologue;direct_call_target,True
0x0047a4c0,sub_0047a4c0,0x0047a4e0,32,6,aligned_or_padded_ebp_prologue;direct_call_target,True
0x0047a4e0,sub_0047a4e0,0x0047a500,32,7,aligned_or_padded_ebp_prologue;direct_call_target,True
0x0047a500,sub_0047a500,0x0047a520,32,13,aligned_or_padded_ebp_prologue;direct_call_target,True
0x0047a520,sub_0047a520,0x0047a540,32,5,aligned_or_padded_ebp_prologue;direct_call_target,True
0x0047a540,sub_0047a540,0x0047a560,32,5,aligned_or_padded_ebp_prologue;direct_call_target,True
0x0047a560,sub_0047a560,0x0047a5c0,96,44,aligned_or_padded_ebp_prologue;direct_call_target,True
0x0047a5c0,sub_0047a5c0,0x0047a5e0,32,22,aligned_or_padded_ebp_prologue;direct_call_target,True
0x0047a5e0,sub_0047a5e0,0x0047a610,48,9,aligned_or_padded_ebp_prologue;direct_call_target,True
0x0047a610,sub_0047a610,0x0047a630,32,0,aligned_or_padded_ebp_prologue,True
0x0047a630,sub_0047a630,0x0047a660,48,35,aligned_or_padded_ebp_prologue;direct_call_target,True
0x0047a660,sub_0047a660,0x0047a710,176,2,aligned_or_padded_ebp_prologue;direct_call_target,True
0x0047a710,sub_0047a710,0x0047a770,96,1,aligned_or_padded_ebp_prologue;direct_call_target,True
0x0047a770,sub_0047a770,0x0047a790,32,3,aligned_or_padded_ebp_prologue;direct_call_target,True
0x0047a790,sub_0047a790,0x0047a7d0,64,1,aligned_or_padded_ebp_prologue;direct_call_target,True
0x0047a7d0,sub_0047a7d0,0x0047a820,80,1,aligned_or_padded_ebp_prologue;direct_call_target,True
0x0047a820,sub_0047a820,0x0047a840,32,2,aligned_or_padded_ebp_prologue;direct_call_target,True
0x0047a840,sub_0047a840,0x0047a860,32,2,aligned_or_padded_ebp_prologue;direct_call_target,True
0x0047a860,sub_0047a860,0x0047a880,32,1,aligned_or_padded_ebp_prologue;direct_call_target,True
0x0047a880,sub_0047a880,0x0047a8d0,80,1,aligned_or_padded_ebp_prologue;direct_call_target,True
0x0047a8d0,sub_0047a8d0,0x0047aab0,480,1,aligned_or_padded_ebp_prologue;direct_call_target,True
0x0047aab0,sub_0047aab0,0x0047ab30,128,1,aligned_or_padded_ebp_prologue;direct_call_target,True
0x0047ab30,sub_0047ab30,0x0047ab60,48,1,aligned_or_padded_ebp_prologue;direct_call_target,True
0x0047ab60,sub_0047ab60,0x0047abb0,80,2,aligned_or_padded_ebp_prologue;direct_call_target,True
0x0047abb0,sub_0047abb0,0x0047ac10,96,1,aligned_or_padded_ebp_prologue;direct_call_target,True
0x0047ac10,sub_0047ac10,0x0047ac60,80,1,aligned_or_padded_ebp_prologue;direct_call_target,True
0x0047ac60,sub_0047ac60,0x0047acb0,80,1,aligned_or_padded_ebp_prologue;direct_call_target,True
0x0047acb0,sub_0047acb0,0x0047ad10,96,2,aligned_or_padded_ebp_prologue;direct_call_target,True
0x0047ad10,sub_0047ad10,0x0047ad70,96,1,aligned_or_padded_ebp_prologue;direct_call_target,True
0x0047ad70,sub_0047ad70,0x0047ada0,48,1,aligned_or_padded_ebp_prologue;direct_call_target,True
0x0047ada0,sub_0047ada0,0x0047ade0,64,1,aligned_or_padded_ebp_prologue;direct_call_target,True
0x0047ade0,sub_0047ade0,0x0047aee0,256,1,aligned_or_padded_ebp_prologue;direct_call_target,True
0x0047aee0,sub_0047aee0,0x0047b030,336,1,aligned_or_padded_ebp_prologue;direct_call_target,True
0x0047b030,sub_0047b030,0x0047b050,32,2,aligned_or_padded_ebp_prologue;direct_call_target,True
0x0047b050,sub_0047b050,0x0047b120,208,2,aligned_or_padded_ebp_prologue;direct_call_target,True
0x0047b120,sub_0047b120,0x0047b1f0,208,3,aligned_or_padded_ebp_prologue;direct_call_target,True
0x0047b1f0,sub_0047b1f0,0x0047b290,160,2,aligned_or_padded_ebp_prologue;direct_call_target,True
0x0047b290,sub_0047b290,0x0047b370,224,5,aligned_or_padded_ebp_prologue;direct_call_target,True
0x0047b370,sub_0047b370,0x0047b3c0,80,1,aligned_or_padded_ebp_prologue;direct_call_target,True
0x0047b3c0,sub_0047b3c0,0x0047b410,80,2,aligned_or_padded_ebp_prologue;direct_call_target,True
0x0047b410,sub_0047b410,0x0047b430,32,1,aligned_or_padded_ebp_prologue;direct_call_target,True
0x0047b430,sub_0047b430,0x0047b450,32,1,aligned_or_padded_ebp_prologue;direct_call_target,True
0x0047b450,sub_0047b450,0x0047b4a0,80,1,aligned_or_padded_ebp_prologue;direct_call_target,True
0x0047b4a0,sub_0047b4a0,0x0047b4c0,32,1,aligned_or_padded_ebp_prologue;direct_call_target,True
0x0047b4c0,sub_0047b4c0,0x0047b510,80,1,aligned_or_padded_ebp_prologue;direct_call_target,True
0x0047b510,sub_0047b510,0x0047b530,32,1,aligned_or_padded_ebp_prologue;direct_call_target,True
0x0047b530,sub_0047b530,0x0047b580,80,1,aligned_or_padded_ebp_prologue;direct_call_target,True
0x0047b580,sub_0047b580,0x0047b5b0,48,1,aligned_or_padded_ebp_prologue;direct_call_target,True
0x0047b5b0,sub_0047b5b0,0x0047b5f0,64,1,aligned_or_padded_ebp_prologue;direct_call_target,True
0x0047b5f0,sub_0047b5f0,0x0047b640,80,1,aligned_or_padded_ebp_prologue;direct_call_target,True
0x0047b640,sub_0047b640,0x0047b660,32,1,aligned_or_padded_ebp_prologue;direct_call_target,True
0x0047b660,sub_0047b660,0x0047b670,16,1,aligned_or_padded_ebp_prologue;direct_call_target,True
0x0047b670,sub_0047b670,0x0047b690,32,1,aligned_or_padded_ebp_prologue;direct_call_target,True
0x0047b690,sub_0047b690,0x0047b6a0,16,1,aligned_or_padded_ebp_prologue;direct_call_target,True
0x0047b6a0,sub_0047b6a0,0x0047b6c0,32,1,aligned_or_padded_ebp_prologue;direct_call_target,True
0x0047b6c0,sub_0047b6c0,0x0047b6f0,48,3,aligned_or_padded_ebp_prologue;direct_call_target,True
0x0047b6f0,sub_0047b6f0,0x0047b710,32,1,aligned_or_padded_ebp_prologue;direct_call_target,True
0x0047b710,sub_0047b710,0x0047b740,48,1,aligned_or_padded_ebp_prologue;direct_call_target,True
0x0047b740,sub_0047b740,0x0047b790,80,1,aligned_or_padded_ebp_prologue;direct_call_target,True
0x0047b790,sub_0047b790,0x0047b7c0,48,1,aligned_or_padded_ebp_prologue;direct_call_target,True
0x0047b7c0,sub_0047b7c0,0x0047b820,96,1,aligned_or_padded_ebp_prologue;direct_call_target,True
0x0047b820,sub_0047b820,0x0047b850,48,4,aligned_or_padded_ebp_prologue;direct_call_target,True
0x0047b850,sub_0047b850,0x0047b880,48,3,aligned_or_padded_ebp_prologue;direct_call_target,True
0x0047b880,sub_0047b880,0x0047b8a0,32,5,aligned_or_padded_ebp_prologue;direct_call_target,True
0x0047b8a0,sub_0047b8a0,0x0047ba30,400,1,aligned_or_padded_ebp_prologue;direct_call_target,True
0x0047ba30,sub_0047ba30,0x0047baa0,112,24,aligned_or_padded_ebp_prologue;direct_call_target,True
0x0047baa0,sub_0047baa0,0x0047bb30,144,3,aligned_or_padded_ebp_prologue;direct_call_target,True
0x0047bb30,sub_0047bb30,0x0047bb90,96,7,aligned_or_padded_ebp_prologue;direct_call_target,True
0x0047bb90,sub_0047bb90,0x0047bca0,272,2,aligned_or_padded_ebp_prologue;direct_call_target,True
0x0047bca0,sub_0047bca0,0x0047bd20,128,1,aligned_or_padded_ebp_prologue;direct_call_target,True
0x0047bd20,sub_0047bd20,0x0047bd90,112,5,aligned_or_padded_ebp_prologue;direct_call_target,True
0x0047bd90,sub_0047bd90,0x0047be00,112,0,aligned_or_padded_ebp_prologue,True
0x0047be00,sub_0047be00,0x0047c030,560,0,aligned_or_padded_ebp_prologue,True
0x0047c030,sub_0047c030,0x0047c130,256,3,aligned_or_padded_ebp_prologue;direct_call_target,True
0x0047c130,sub_0047c130,0x0047c1f0,192,4,aligned_or_padded_ebp_prologue;direct_call_target,True
0x0047c1f0,sub_0047c1f0,0x0047c220,48,2,aligned_or_padded_ebp_prologue;direct_call_target,True
0x0047c220,sub_0047c220,0x0047c280,96,2,aligned_or_padded_ebp_prologue;direct_call_target,True
0x0047c280,sub_0047c280,0x0047c2a0,32,1,aligned_or_padded_ebp_prologue;direct_call_target,True
0x0047c2a0,sub_0047c2a0,0x0047c300,96,1,aligned_or_padded_ebp_prologue;direct_call_target,True
0x0047c300,sub_0047c300,0x0047c320,32,18,aligned_or_padded_ebp_prologue;direct_call_target,True
0x0047c320,sub_0047c320,0x0047c340,32,5,aligned_or_padded_ebp_prologue;direct_call_target,True
0x0047c340,sub_0047c340,0x0047c450,272,1,aligned_or_padded_ebp_prologue;direct_call_target,True
0x0047c450,sub_0047c450,0x0047c470,32,2,aligned_or_padded_ebp_prologue;direct_call_target,True
0x0047c470,sub_0047c470,0x0047c490,32,0,aligned_or_padded_ebp_prologue,True
0x0047c490,sub_0047c490,0x0047c4b0,32,4,aligned_or_padded_ebp_prologue;direct_call_target,True
0x0047c4b0,sub_0047c4b0,0x0047c4d0,32,6,aligned_or_padded_ebp_prologue;direct_call_target,True
0x0047c4d0,sub_0047c4d0,0x0047c530,96,1,aligned_or_padded_ebp_prologue;direct_call_target,True
0x0047c530,sub_0047c530,0x0047c570,64,4,aligned_or_padded_ebp_prologue;direct_call_target,True
0x0047c570,sub_0047c570,0x0047c5f0,128,11,aligned_or_padded_ebp_prologue;direct_call_target,True
0x0047c5f0,sub_0047c5f0,0x0047c620,48,13,aligned_or_padded_ebp_prologue;direct_call_target,True
0x0047c620,sub_0047c620,0x0047c650,48,2,aligned_or_padded_ebp_prologue;direct_call_target,True
0x0047c650,sub_0047c650,0x0047c680,48,4,aligned_or_padded_ebp_prologue;direct_call_target,True
0x0047c680,sub_0047c680,0x0047c6a0,32,286,aligned_or_padded_ebp_prologue;direct_call_target,True
0x0047c6a0,sub_0047c6a0,0x0047c6c0,32,2,aligned_or_padded_ebp_prologue;direct_call_target,True
0x0047c6c0,sub_0047c6c0,0x0047c6f0,48,18,aligned_or_padded_ebp_prologue;direct_call_target,True
0x0047c6f0,sub_0047c6f0,0x0047c710,32,1,aligned_or_padded_ebp_prologue;direct_call_target,True
0x0047c710,sub_0047c710,0x0047c730,32,1,aligned_or_padded_ebp_prologue;direct_call_target,True
0x0047c730,sub_0047c730,0x0047c760,48,2,aligned_or_padded_ebp_prologue;direct_call_target,True
0x0047c760,sub_0047c760,0x0047c790,48,0,aligned_or_padded_ebp_prologue,True
0x0047c790,sub_0047c790,0x0047c7d0,64,0,aligned_or_padded_ebp_prologue,True
0x0047c7d0,sub_0047c7d0,0x0047c800,48,1,aligned_or_padded_ebp_prologue;direct_call_target,True
0x0047c800,sub_0047c800,0x0047c8f0,240,1,aligned_or_padded_ebp_prologue;direct_call_target,True
0x0047c8f0,sub_0047c8f0,0x0047cb90,672,9,aligned_or_padded_ebp_prologue;direct_call_target,True
0x0047cb90,sub_0047cb90,0x0047cc90,256,3,aligned_or_padded_ebp_prologue;direct_call_target,True
0x0047cc90,sub_0047cc90,0x0047cf60,720,4,aligned_or_padded_ebp_prologue;direct_call_target,True
0x0047cf60,sub_0047cf60,0x0047d100,416,13,aligned_or_padded_ebp_prologue;direct_call_target,True
0x0047d100,sub_0047d100,0x0047d240,320,3,aligned_or_padded_ebp_prologue;direct_call_target,True
0x0047d240,sub_0047d240,0x0047d3d0,400,6,aligned_or_padded_ebp_prologue;direct_call_target,True
0x0047d3d0,sub_0047d3d0,0x0047d580,432,1,aligned_or_padded_ebp_prologue;direct_call_target,True
0x0047d580,sub_0047d580,0x0047d600,128,0,aligned_or_padded_ebp_prologue,True
0x0047d600,sub_0047d600,0x0047d960,864,1,aligned_or_padded_ebp_prologue;direct_call_target,True
0x0047d960,sub_0047d960,0x0047da40,224,1,aligned_or_padded_ebp_prologue;direct_call_target,True
0x0047da40,sub_0047da40,0x0047db70,304,4,aligned_or_padded_ebp_prologue;direct_call_target,True
0x0047db70,sub_0047db70,0x0047dc90,288,1,aligned_or_padded_ebp_prologue;direct_call_target,True
0x0047dc90,sub_0047dc90,0x0047dcf0,96,1,aligned_or_padded_ebp_prologue;direct_call_target,True
0x0047dcf0,sub_0047dcf0,0x00480d30,12352,2,direct_call_target,True
0x00480d30,sub_00480d30,0x00480d70,64,4,aligned_or_padded_ebp_prologue;direct_call_target,False
0x00480d70,sub_00480d70,0x00480db0,64,4,aligned_or_padded_ebp_prologue;direct_call_target,True
0x00480db0,sub_00480db0,0x00480fa0,496,1,aligned_or_padded_ebp_prologue;direct_call_target,True
0x00480fa0,sub_00480fa0,0x00481200,608,1,direct_call_target,True
0x00481200,sub_00481200,0x00481780,1408,1,aligned_or_padded_ebp_prologue;direct_call_target,True
0x00481780,sub_00481780,0x004818e0,352,4,aligned_or_padded_ebp_prologue;direct_call_target,True
0x004818e0,sub_004818e0,0x004827e0,3840,1,aligned_or_padded_ebp_prologue;direct_call_target,True
0x004827e0,sub_004827e0,0x00482a60,640,1,aligned_or_padded_ebp_prologue;direct_call_target,True
0x00482a60,sub_00482a60,0x00482da0,832,1,aligned_or_padded_ebp_prologue;direct_call_target,True
0x00482da0,sub_00482da0,0x00482ec0,288,1,aligned_or_padded_ebp_prologue;direct_call_target,True
0x00482ec0,sub_00482ec0,0x00483010,336,1,aligned_or_padded_ebp_prologue;direct_call_target,True
0x00483010,sub_00483010,0x00483150,320,1,aligned_or_padded_ebp_prologue;direct_call_target,True
0x00483150,sub_00483150,0x00483270,288,1,aligned_or_padded_ebp_prologue;direct_call_target,True
0x00483270,sub_00483270,0x00483580,784,1,aligned_or_padded_ebp_prologue;direct_call_target,True
0x00483580,sub_00483580,0x00483920,928,1,aligned_or_padded_ebp_prologue;direct_call_target,True
0x00483920,sub_00483920,0x00483ad0,432,1,aligned_or_padded_ebp_prologue;direct_call_target,False
0x00483ad0,sub_00483ad0,0x00483d20,592,2,direct_call_target,True
0x00483d20,sub_00483d20,0x00483f00,480,1,aligned_or_padded_ebp_prologue;direct_call_target,True
0x00483f00,sub_00483f00,0x004840e0,480,1,aligned_or_padded_ebp_prologue;direct_call_target,True
0x004840e0,sub_004840e0,0x004841f0,272,1,aligned_or_padded_ebp_prologue;direct_call_target,True
0x004841f0,sub_004841f0,0x00484260,112,1,aligned_or_padded_ebp_prologue;direct_call_target,True
0x00484260,sub_00484260,0x004842f0,144,0,aligned_or_padded_ebp_prologue,True
0x004842f0,sub_004842f0,0x00484320,48,2,aligned_or_padded_ebp_prologue;direct_call_target,True
0x00484320,sub_00484320,0x00484390,112,2,aligned_or_padded_ebp_prologue;direct_call_target,True
0x00484390,sub_00484390,0x004843f0,96,2,aligned_or_padded_ebp_prologue;direct_call_target,True
0x004843f0,sub_004843f0,0x004844a0,176,1,aligned_or_padded_ebp_prologue;direct_call_target,True
0x004844a0,sub_004844a0,0x00484570,208,2,aligned_or_padded_ebp_prologue;direct_call_target,True
0x00484570,sub_00484570,0x00484590,32,1,aligned_or_padded_ebp_prologue;direct_call_target,True
0x00484590,sub_00484590,0x004845c0,48,1,aligned_or_padded_ebp_prologue;direct_call_target,True
0x004845c0,sub_004845c0,0x004845f0,48,1,aligned_or_padded_ebp_prologue;direct_call_target,True
0x004845f0,sub_004845f0,0x00484670,128,0,aligned_or_padded_ebp_prologue,True
0x00484670,sub_00484670,0x004846e0,112,0,aligned_or_padded_ebp_prologue,True
0x004846e0,sub_004846e0,0x00484700,32,1,aligned_or_padded_ebp_prologue;direct_call_target,True
0x00484700,sub_00484700,0x00484720,32,1,aligned_or_padded_ebp_prologue;direct_call_target,True
0x00484720,sub_00484720,0x00484750,48,3,aligned_or_padded_ebp_prologue;direct_call_target,True
0x00484750,sub_00484750,0x00484790,64,1,aligned_or_padded_ebp_prologue;direct_call_target,True
0x00484790,sub_00484790,0x00484830,160,3,aligned_or_padded_ebp_prologue;direct_call_target,True
0x00484830,sub_00484830,0x00484850,32,2,aligned_or_padded_ebp_prologue;direct_call_target,True
0x00484850,sub_00484850,0x004848b0,96,1,aligned_or_padded_ebp_prologue;direct_call_target,True
0x004848b0,sub_004848b0,0x00484940,144,1,aligned_or_padded_ebp_prologue;direct_call_target,True
0x00484940,sub_00484940,0x00484980,64,1,aligned_or_padded_ebp_prologue;direct_call_target,True
0x00484980,sub_00484980,0x004849b0,48,4,aligned_or_padded_ebp_prologue;direct_call_target,True
0x004849b0,sub_004849b0,0x004849d0,32,1,aligned_or_padded_ebp_prologue;direct_call_target,True
0x004849d0,sub_004849d0,0x00484a20,80,0,aligned_or_padded_ebp_prologue,True
0x00484a20,sub_00484a20,0x00485210,2032,3,aligned_or_padded_ebp_prologue;direct_call_target,True
0x00485210,sub_00485210,0x00485240,48,1,aligned_or_padded_ebp_prologue;direct_call_target,True
0x00485240,sub_00485240,0x00485290,80,2,aligned_or_padded_ebp_prologue;direct_call_target,True
0x00485290,sub_00485290,0x004852b0,32,1,aligned_or_padded_ebp_prologue;direct_call_target,True
0x004852b0,sub_004852b0,0x00485310,96,4,aligned_or_padded_ebp_prologue;direct_call_target,True
0x00485310,sub_00485310,0x00485340,48,0,aligned_or_padded_ebp_prologue,True
0x00485340,sub_00485340,0x00485360,32,1,aligned_or_padded_ebp_prologue;direct_call_target,True
0x00485360,sub_00485360,0x00485390,48,1,aligned_or_padded_ebp_prologue;direct_call_target,True
0x00485390,sub_00485390,0x00485420,144,10,aligned_or_padded_ebp_prologue;direct_call_target,True
0x00485420,sub_00485420,0x004854d0,176,2,aligned_or_padded_ebp_prologue;direct_call_target,True
0x004854d0,sub_004854d0,0x00485580,176,2,aligned_or_padded_ebp_prologue;direct_call_target,True
0x00485580,sub_00485580,0x00485640,192,1,aligned_or_padded_ebp_prologue;direct_call_target,True
0x00485640,sub_00485640,0x00485660,32,2,aligned_or_padded_ebp_prologue;direct_call_target,True
0x00485660,sub_00485660,0x00485690,48,95,aligned_or_padded_ebp_prologue;direct_call_target,True
0x00485690,sub_00485690,0x004856c0,48,1,aligned_or_padded_ebp_prologue;direct_call_target,True
0x004856c0,sub_004856c0,0x004856e0,32,6,aligned_or_padded_ebp_prologue;direct_call_target,True
0x004856e0,sub_004856e0,0x00485700,32,6,aligned_or_padded_ebp_prologue;direct_call_target,True
0x00485700,sub_00485700,0x00485720,32,3,aligned_or_padded_ebp_prologue;direct_call_target,True
0x00485720,sub_00485720,0x00485740,32,1,aligned_or_padded_ebp_prologue;direct_call_target,True
0x00485740,sub_00485740,0x00485900,448,8,aligned_or_padded_ebp_prologue;direct_call_target,True
0x00485900,sub_00485900,0x00485920,32,1,aligned_or_padded_ebp_prologue;direct_call_target,True
0x00485920,sub_00485920,0x00485970,80,1,aligned_or_padded_ebp_prologue;direct_call_target,True
0x00485970,sub_00485970,0x00485990,32,6,aligned_or_padded_ebp_prologue;direct_call_target,True
0x00485990,sub_00485990,0x004859b0,32,12,aligned_or_padded_ebp_prologue;direct_call_target,True
0x004859b0,sub_004859b0,0x004859d0,32,45,aligned_or_padded_ebp_prologue;direct_call_target,True
0x004859d0,sub_004859d0,0x004859f0,32,4,aligned_or_padded_ebp_prologue;direct_call_target,True
0x004859f0,sub_004859f0,0x00485a10,32,9,aligned_or_padded_ebp_prologue;direct_call_target,True
0x00485a10,sub_00485a10,0x00485a40,48,5,aligned_or_padded_ebp_prologue;direct_call_target,True
0x00485a40,sub_00485a40,0x00485a60,32,14,aligned_or_padded_ebp_prologue;direct_call_target,True
0x00485a60,sub_00485a60,0x00485ae0,128,3,aligned_or_padded_ebp_prologue;direct_call_target,True
0x00485ae0,sub_00485ae0,0x00485b00,32,6,aligned_or_padded_ebp_prologue;direct_call_target,True
0x00485b00,sub_00485b00,0x00485b20,32,1,aligned_or_padded_ebp_prologue;direct_call_target,True
0x00485b20,sub_00485b20,0x00485b60,64,4,aligned_or_padded_ebp_prologue;direct_call_target,True
0x00485b60,sub_00485b60,0x004862b0,1872,1,aligned_or_padded_ebp_prologue;direct_call_target,True
0x004862b0,sub_004862b0,0x004862f0,64,3,aligned_or_padded_ebp_prologue;direct_call_target,True
0x004862f0,sub_004862f0,0x00486310,32,3,aligned_or_padded_ebp_prologue;direct_call_target,True
0x00486310,sub_00486310,0x00486330,32,15,aligned_or_padded_ebp_prologue;direct_call_target,True
0x00486330,sub_00486330,0x00486350,32,7,aligned_or_padded_ebp_prologue;direct_call_target,True
0x00486350,sub_00486350,0x00486370,32,18,aligned_or_padded_ebp_prologue;direct_call_target,True
0x00486370,sub_00486370,0x00486390,32,3,aligned_or_padded_ebp_prologue;direct_call_target,True
0x00486390,sub_00486390,0x004863c0,48,1,aligned_or_padded_ebp_prologue;direct_call_target,True
0x004863c0,sub_004863c0,0x004863f0,48,6,aligned_or_padded_ebp_prologue;direct_call_target,True
0x004863f0,sub_004863f0,0x00486430,64,14,aligned_or_padded_ebp_prologue;direct_call_target,True
0x00486430,sub_00486430,0x00486480,80,3,aligned_or_padded_ebp_prologue;direct_call_target,True
0x00486480,sub_00486480,0x004864b0,48,2,aligned_or_padded_ebp_prologue;direct_call_target,True
0x004864b0,sub_004864b0,0x004864f0,64,3,aligned_or_padded_ebp_prologue;direct_call_target,True
0x004864f0,sub_004864f0,0x00486530,64,8,aligned_or_padded_ebp_prologue;direct_call_target,True
0x00486530,sub_00486530,0x00486570,64,1,aligned_or_padded_ebp_prologue;direct_call_target,True
0x00486570,sub_00486570,0x004865b0,64,1,aligned_or_padded_ebp_prologue;direct_call_target,True
0x004865b0,sub_004865b0,0x004865d0,32,4,aligned_or_padded_ebp_prologue;direct_call_target,True
0x004865d0,sub_004865d0,0x004865f0,32,1,aligned_or_padded_ebp_prologue;direct_call_target,True
0x004865f0,sub_004865f0,0x00486600,16,4,aligned_or_padded_ebp_prologue;direct_call_target,True
0x00486600,sub_00486600,0x00486630,48,8,aligned_or_padded_ebp_prologue;direct_call_target,True
0x00486630,sub_00486630,0x00486690,96,1,aligned_or_padded_ebp_prologue;direct_call_target,True
0x00486690,sub_00486690,0x004866b0,32,3,aligned_or_padded_ebp_prologue;direct_call_target,True
0x004866b0,sub_004866b0,0x004866f0,64,3,aligned_or_padded_ebp_prologue;direct_call_target,True
0x004866f0,sub_004866f0,0x00486740,80,1,aligned_or_padded_ebp_prologue;direct_call_target,True
0x00486740,sub_00486740,0x004867b0,112,1,aligned_or_padded_ebp_prologue;direct_call_target,True
0x004867b0,sub_004867b0,0x00486800,80,1,aligned_or_padded_ebp_prologue;direct_call_target,True
0x00486800,sub_00486800,0x00486870,112,1,aligned_or_padded_ebp_prologue;direct_call_target,True
0x00486870,sub_00486870,0x00486920,176,1,aligned_or_padded_ebp_prologue;direct_call_target,True
0x00486920,sub_00486920,0x004869d0,176,1,aligned_or_padded_ebp_prologue;direct_call_target,True
0x004869d0,sub_004869d0,0x00486a30,96,1,aligned_or_padded_ebp_prologue;direct_call_target,True
0x00486a30,sub_00486a30,0x00486a80,80,1,aligned_or_padded_ebp_prologue;direct_call_target,True
0x00486a80,sub_00486a80,0x00486ad0,80,1,aligned_or_padded_ebp_prologue;direct_call_target,True
0x00486ad0,sub_00486ad0,0x00486ae0,16,1,aligned_or_padded_ebp_prologue;direct_call_target,True
0x00486ae0,sub_00486ae0,0x00486af0,16,1,aligned_or_padded_ebp_prologue;direct_call_target,True
0x00486af0,sub_00486af0,0x00486b30,64,4,aligned_or_padded_ebp_prologue;direct_call_target,True
0x00486b30,sub_00486b30,0x00486b70,64,4,aligned_or_padded_ebp_prologue;direct_call_target,True
0x00486b70,sub_00486b70,0x00486bb0,64,4,aligned_or_padded_ebp_prologue;direct_call_target,True
0x00486bb0,sub_00486bb0,0x00486d20,368,1,aligned_or_padded_ebp_prologue;direct_call_target,True
0x00486d20,sub_00486d20,0x00486de0,192,1,aligned_or_padded_ebp_prologue;direct_call_target,True
0x00486de0,sub_00486de0,0x00486e10,48,8,aligned_or_padded_ebp_prologue;direct_call_target,True
0x00486e10,sub_00486e10,0x00486e30,32,45,aligned_or_padded_ebp_prologue;direct_call_target,True
0x00486e30,sub_00486e30,0x00486e50,32,22,aligned_or_padded_ebp_prologue;direct_call_target,True
0x00486e50,sub_00486e50,0x00486e80,48,1,aligned_or_padded_ebp_prologue;direct_call_target,True
0x00486e80,sub_00486e80,0x00486ef0,112,1,aligned_or_padded_ebp_prologue;direct_call_target,True
0x00486ef0,sub_00486ef0,0x00486f20,48,1,aligned_or_padded_ebp_prologue;direct_call_target,True
0x00486f20,sub_00486f20,0x00486f60,64,0,aligned_or_padded_ebp_prologue,True
0x00486f60,sub_00486f60,0x004872d0,880,1,aligned_or_padded_ebp_prologue;direct_call_target,True
0x004872d0,sub_004872d0,0x00487560,656,1,aligned_or_padded_ebp_prologue;direct_call_target,True
0x00487560,sub_00487560,0x00487590,48,1,aligned_or_padded_ebp_prologue;direct_call_target,True
0x00487590,sub_00487590,0x004878b0,800,1,aligned_or_padded_ebp_prologue;direct_call_target,True
0x004878b0,sub_004878b0,0x00487b10,608,1,aligned_or_padded_ebp_prologue;direct_call_target,True
0x00487b10,sub_00487b10,0x00487b90,128,1,aligned_or_padded_ebp_prologue;direct_call_target,True
0x00487b90,sub_00487b90,0x00487bb0,32,1,aligned_or_padded_ebp_prologue;direct_call_target,True
0x00487bb0,sub_00487bb0,0x00487c30,128,7,aligned_or_padded_ebp_prologue;direct_call_target,True
0x00487c30,sub_00487c30,0x004883a0,1904,1,aligned_or_padded_ebp_prologue;direct_call_target,True
0x004883a0,sub_004883a0,0x004883c0,32,1,aligned_or_padded_ebp_prologue;direct_call_target,True
0x004883c0,sub_004883c0,0x004883f0,48,0,aligned_or_padded_ebp_prologue,True
0x004883f0,sub_004883f0,0x00488410,32,0,aligned_or_padded_ebp_prologue,True
0x00488410,sub_00488410,0x00488440,48,0,aligned_or_padded_ebp_prologue,True
0x00488440,sub_00488440,0x00488460,32,0,aligned_or_padded_ebp_prologue,True
0x00488460,sub_00488460,0x00488480,32,0,aligned_or_padded_ebp_prologue,True
0x00488480,sub_00488480,0x004884f0,112,0,aligned_or_padded_ebp_prologue,True
0x004884f0,sub_004884f0,0x00488500,16,0,aligned_or_padded_ebp_prologue,True
0x00488500,sub_00488500,0x00488510,16,0,aligned_or_padded_ebp_prologue,True
0x00488510,sub_00488510,0x00488550,64,2,aligned_or_padded_ebp_prologue;direct_call_target,True
0x00488550,sub_00488550,0x00488590,64,8,aligned_or_padded_ebp_prologue;direct_call_target,True
0x00488590,sub_00488590,0x004885d0,64,3,aligned_or_padded_ebp_prologue;direct_call_target,True
0x004885d0,sub_004885d0,0x004885e0,16,0,aligned_or_padded_ebp_prologue,True
0x004885e0,sub_004885e0,0x00488680,160,2,aligned_or_padded_ebp_prologue;direct_call_target,True
0x00488680,sub_00488680,0x00488690,16,0,aligned_or_padded_ebp_prologue,True
0x00488690,sub_00488690,0x004886b0,32,1,aligned_or_padded_ebp_prologue;direct_call_target,True
0x004886b0,sub_004886b0,0x00488700,80,2,aligned_or_padded_ebp_prologue;direct_call_target,True
0x00488700,sub_00488700,0x00488720,32,13,aligned_or_padded_ebp_prologue;direct_call_target,True
0x00488720,sub_00488720,0x00488740,32,5,aligned_or_padded_ebp_prologue;direct_call_target,True
0x00488740,sub_00488740,0x00488770,48,1,aligned_or_padded_ebp_prologue;direct_call_target,True
0x00488770,sub_00488770,0x004887a0,48,8,aligned_or_padded_ebp_prologue;direct_call_target,True
0x004887a0,sub_004887a0,0x004887d0,48,13,aligned_or_padded_ebp_prologue;direct_call_target,True
0x004887d0,sub_004887d0,0x00488800,48,1,aligned_or_padded_ebp_prologue;direct_call_target,True
0x00488800,sub_00488800,0x00488830,48,3,aligned_or_padded_ebp_prologue;direct_call_target,True
0x00488830,sub_00488830,0x00488850,32,28,aligned_or_padded_ebp_prologue;direct_call_target,True
0x00488850,sub_00488850,0x00488880,48,28,aligned_or_padded_ebp_prologue;direct_call_target,True
0x00488880,sub_00488880,0x004888a0,32,2,aligned_or_padded_ebp_prologue;direct_call_target,True
0x004888a0,sub_004888a0,0x004888c0,32,6,aligned_or_padded_ebp_prologue;direct_call_target,True
0x004888c0,sub_004888c0,0x004888e0,32,1,aligned_or_padded_ebp_prologue;direct_call_target,True
0x004888e0,sub_004888e0,0x00488900,32,5,aligned_or_padded_ebp_prologue;direct_call_target,True
0x00488900,sub_00488900,0x00488920,32,4,aligned_or_padded_ebp_prologue;direct_call_target,True
0x00488920,sub_00488920,0x00488940,32,2,aligned_or_padded_ebp_prologue;direct_call_target,True
0x00488940,sub_00488940,0x00488960,32,16,aligned_or_padded_ebp_prologue;direct_call_target,True
0x00488960,sub_00488960,0x00488990,48,1,aligned_or_padded_ebp_prologue;direct_call_target,True
0x00488990,sub_00488990,0x00488a00,112,2,aligned_or_padded_ebp_prologue;direct_call_target,True
0x00488a00,sub_00488a00,0x00488a20,32,13,aligned_or_padded_ebp_prologue;direct_call_target,True
0x00488a20,sub_00488a20,0x00488a60,64,4,aligned_or_padded_ebp_prologue;direct_call_target,True
0x00488a60,sub_00488a60,0x00488ab0,80,1,aligned_or_padded_ebp_prologue;direct_call_target,True
0x00488ab0,sub_00488ab0,0x00488b00,80,1,aligned_or_padded_ebp_prologue;direct_call_target,True
0x00488b00,sub_00488b00,0x00488b20,32,33,aligned_or_padded_ebp_prologue;direct_call_target,True
0x00488b20,sub_00488b20,0x00488b80,96,1,aligned_or_padded_ebp_prologue;direct_call_target,True
0x00488b80,sub_00488b80,0x00488e80,768,0,aligned_or_padded_ebp_prologue,True
0x00488e80,sub_00488e80,0x00488fb0,304,0,aligned_or_padded_ebp_prologue,True
0x00488fb0,sub_00488fb0,0x00489070,192,2,aligned_or_padded_ebp_prologue;direct_call_target,True
0x00489070,sub_00489070,0x004890a0,48,1,aligned_or_padded_ebp_prologue;direct_call_target,True
0x004890a0,sub_004890a0,0x004890d0,48,3,aligned_or_padded_ebp_prologue;direct_call_target,True
0x004890d0,sub_004890d0,0x00489110,64,1,aligned_or_padded_ebp_prologue;direct_call_target,True
0x00489110,sub_00489110,0x00489150,64,1,aligned_or_padded_ebp_prologue;direct_call_target,True
0x00489150,sub_00489150,0x00489190,64,1,aligned_or_padded_ebp_prologue;direct_call_target,True
0x00489190,sub_00489190,0x004891b0,32,1,aligned_or_padded_ebp_prologue;direct_call_target,True
0x004891b0,sub_004891b0,0x00489290,224,1,aligned_or_padded_ebp_prologue;direct_call_target,True
0x00489290,sub_00489290,0x004892b0,32,1,aligned_or_padded_ebp_prologue;direct_call_target,True
0x004892b0,sub_004892b0,0x004892f0,64,1,aligned_or_padded_ebp_prologue;direct_call_target,True
0x004892f0,sub_004892f0,0x00489340,80,1,aligned_or_padded_ebp_prologue;direct_call_target,True
0x00489340,sub_00489340,0x00489390,80,1,aligned_or_padded_ebp_prologue;direct_call_target,True
0x00489390,sub_00489390,0x004893b0,32,5,aligned_or_padded_ebp_prologue;direct_call_target,True
0x004893b0,sub_004893b0,0x004893d0,32,1,aligned_or_padded_ebp_prologue;direct_call_target,True
0x004893d0,sub_004893d0,0x004893f0,32,1,aligned_or_padded_ebp_prologue;direct_call_target,True
0x004893f0,sub_004893f0,0x00489530,320,1,aligned_or_padded_ebp_prologue;direct_call_target,True
0x00489530,sub_00489530,0x00489580,80,1,aligned_or_padded_ebp_prologue;direct_call_target,True
0x00489580,sub_00489580,0x004895a0,32,1,aligned_or_padded_ebp_prologue;direct_call_target,True
0x004895a0,sub_004895a0,0x004895f0,80,1,aligned_or_padded_ebp_prologue;direct_call_target,True
0x004895f0,sub_004895f0,0x00489610,32,1,aligned_or_padded_ebp_prologue;direct_call_target,True
0x00489610,sub_00489610,0x00489630,32,1,aligned_or_padded_ebp_prologue;direct_call_target,True
0x00489630,sub_00489630,0x00489680,80,1,aligned_or_padded_ebp_prologue;direct_call_target,True
0x00489680,sub_00489680,0x00489730,176,1,aligned_or_padded_ebp_prologue;direct_call_target,True
0x00489730,sub_00489730,0x00489830,256,1,aligned_or_padded_ebp_prologue;direct_call_target,True
0x00489830,sub_00489830,0x004898b0,128,1,aligned_or_padded_ebp_prologue;direct_call_target,True
0x004898b0,sub_004898b0,0x00489900,80,1,aligned_or_padded_ebp_prologue;direct_call_target,True
0x00489900,sub_00489900,0x00489950,80,1,aligned_or_padded_ebp_prologue;direct_call_target,True
0x00489950,sub_00489950,0x004899b0,96,1,aligned_or_padded_ebp_prologue;direct_call_target,True
0x004899b0,sub_004899b0,0x00489a10,96,1,aligned_or_padded_ebp_prologue;direct_call_target,True
0x00489a10,sub_00489a10,0x00489a70,96,1,aligned_or_padded_ebp_prologue;direct_call_target,True
0x00489a70,sub_00489a70,0x00489ac0,80,1,aligned_or_padded_ebp_prologue;direct_call_target,True
0x00489ac0,sub_00489ac0,0x00489b30,112,3,aligned_or_padded_ebp_prologue;direct_call_target,True
0x00489b30,sub_00489b30,0x00489b60,48,2,aligned_or_padded_ebp_prologue;direct_call_target,True
0x00489b60,sub_00489b60,0x00489b90,48,1,aligned_or_padded_ebp_prologue;direct_call_target,True
0x00489b90,sub_00489b90,0x00489bc0,48,1,aligned_or_padded_ebp_prologue;direct_call_target,True
0x00489bc0,sub_00489bc0,0x00489bf0,48,1,aligned_or_padded_ebp_prologue;direct_call_target,True
0x00489bf0,sub_00489bf0,0x00489c10,32,3,aligned_or_padded_ebp_prologue;direct_call_target,True
0x00489c10,sub_00489c10,0x00489c80,112,2,aligned_or_padded_ebp_prologue;direct_call_target,True
0x00489c80,sub_00489c80,0x00489ca0,32,2,aligned_or_padded_ebp_prologue;direct_call_target,True
0x00489ca0,sub_00489ca0,0x00489cb0,16,1,aligned_or_padded_ebp_prologue;direct_call_target,True
0x00489cb0,sub_00489cb0,0x00489da0,240,1,aligned_or_padded_ebp_prologue;direct_call_target,True
0x00489da0,sub_00489da0,0x00489ea0,256,1,aligned_or_padded_ebp_prologue;direct_call_target,True
0x00489ea0,sub_00489ea0,0x00489fa0,256,1,aligned_or_padded_ebp_prologue;direct_call_target,True
0x00489fa0,sub_00489fa0,0x0048a0a0,256,1,aligned_or_padded_ebp_prologue;direct_call_target,True
0x0048a0a0,sub_0048a0a0,0x0048a1f0,336,1,aligned_or_padded_ebp_prologue;direct_call_target,True
0x0048a1f0,sub_0048a1f0,0x0048a340,336,1,aligned_or_padded_ebp_prologue;direct_call_target,True
0x0048a340,sub_0048a340,0x0048a370,48,1,aligned_or_padded_ebp_prologue;direct_call_target,True
0x0048a370,sub_0048a370,0x0048a450,224,1,aligned_or_padded_ebp_prologue;direct_call_target,True
0x0048a450,sub_0048a450,0x0048a520,208,8,aligned_or_padded_ebp_prologue;direct_call_target,True
0x0048a520,sub_0048a520,0x0048a5f0,208,1,aligned_or_padded_ebp_prologue;direct_call_target,True
0x0048a5f0,sub_0048a5f0,0x0048a6c0,208,1,aligned_or_padded_ebp_prologue;direct_call_target,True
0x0048a6c0,sub_0048a6c0,0x0048a760,160,2,aligned_or_padded_ebp_prologue;direct_call_target,True
0x0048a760,sub_0048a760,0x0048a800,160,2,aligned_or_padded_ebp_prologue;direct_call_target,True
0x0048a800,sub_0048a800,0x0048a820,32,2,aligned_or_padded_ebp_prologue;direct_call_target,True
0x0048a820,sub_0048a820,0x0048a8a0,128,4,aligned_or_padded_ebp_prologue;direct_call_target,True
0x0048a8a0,sub_0048a8a0,0x0048a990,240,1,aligned_or_padded_ebp_prologue;direct_call_target,True
0x0048a990,sub_0048a990,0x0048aa00,112,1,aligned_or_padded_ebp_prologue;direct_call_target,True
0x0048aa00,sub_0048aa00,0x0048aa50,80,2,aligned_or_padded_ebp_prologue;direct_call_target,True
0x0048aa50,sub_0048aa50,0x0048aaa0,80,1,aligned_or_padded_ebp_prologue;direct_call_target,True
0x0048aaa0,sub_0048aaa0,0x0048aaf0,80,1,aligned_or_padded_ebp_prologue;direct_call_target,True
0x0048aaf0,sub_0048aaf0,0x0048ab40,80,1,aligned_or_padded_ebp_prologue;direct_call_target,True
0x0048ab40,sub_0048ab40,0x0048ab90,80,1,aligned_or_padded_ebp_prologue;direct_call_target,True
0x0048ab90,sub_0048ab90,0x0048abe0,80,1,aligned_or_padded_ebp_prologue;direct_call_target,True
0x0048abe0,sub_0048abe0,0x0048ac00,32,3,aligned_or_padded_ebp_prologue;direct_call_target,True
0x0048ac00,sub_0048ac00,0x0048ac50,80,1,aligned_or_padded_ebp_prologue;direct_call_target,True
0x0048ac50,sub_0048ac50,0x0048ac70,32,1,aligned_or_padded_ebp_prologue;direct_call_target,True
0x0048ac70,sub_0048ac70,0x0048acc0,80,1,aligned_or_padded_ebp_prologue;direct_call_target,True
0x0048acc0,sub_0048acc0,0x0048ace0,32,1,aligned_or_padded_ebp_prologue;direct_call_target,True
0x0048ace0,sub_0048ace0,0x0048ad30,80,1,aligned_or_padded_ebp_prologue;direct_call_target,True
0x0048ad30,sub_0048ad30,0x0048ad50,32,1,aligned_or_padded_ebp_prologue;direct_call_target,True
0x0048ad50,sub_0048ad50,0x0048ad70,32,2,aligned_or_padded_ebp_prologue;direct_call_target,True
0x0048ad70,sub_0048ad70,0x0048adc0,80,1,aligned_or_padded_ebp_prologue;direct_call_target,True
0x0048adc0,sub_0048adc0,0x0048ade0,32,1,aligned_or_padded_ebp_prologue;direct_call_target,True
0x0048ade0,sub_0048ade0,0x0048ae30,80,1,aligned_or_padded_ebp_prologue;direct_call_target,True
0x0048ae30,sub_0048ae30,0x0048ae50,32,1,aligned_or_padded_ebp_prologue;direct_call_target,True
0x0048ae50,sub_0048ae50,0x0048aea0,80,1,aligned_or_padded_ebp_prologue;direct_call_target,True
0x0048aea0,sub_0048aea0,0x0048aee0,64,1,aligned_or_padded_ebp_prologue;direct_call_target,True
0x0048aee0,sub_0048aee0,0x0048af30,80,1,aligned_or_padded_ebp_prologue;direct_call_target,True
0x0048af30,sub_0048af30,0x0048afa0,112,2,aligned_or_padded_ebp_prologue;direct_call_target,True
0x0048afa0,sub_0048afa0,0x0048b010,112,2,aligned_or_padded_ebp_prologue;direct_call_target,True
0x0048b010,sub_0048b010,0x0048b070,96,1,aligned_or_padded_ebp_prologue;direct_call_target,True
0x0048b070,sub_0048b070,0x0048b090,32,1,aligned_or_padded_ebp_prologue;direct_call_target,True
0x0048b090,sub_0048b090,0x0048b0a0,16,1,aligned_or_padded_ebp_prologue;direct_call_target,True
0x0048b0a0,sub_0048b0a0,0x0048b0b0,16,1,aligned_or_padded_ebp_prologue;direct_call_target,True
0x0048b0b0,sub_0048b0b0,0x0048b0c0,16,1,aligned_or_padded_ebp_prologue;direct_call_target,True
0x0048b0c0,sub_0048b0c0,0x0048b160,160,4,aligned_or_padded_ebp_prologue;direct_call_target,True
0x0048b160,sub_0048b160,0x0048b180,32,22,aligned_or_padded_ebp_prologue;direct_call_target,True
0x0048b180,sub_0048b180,0x0048b1a0,32,25,aligned_or_padded_ebp_prologue;direct_call_target,True
0x0048b1a0,sub_0048b1a0,0x0048b1c0,32,2,aligned_or_padded_ebp_prologue;direct_call_target,True
0x0048b1c0,sub_0048b1c0,0x0048b1e0,32,1,aligned_or_padded_ebp_prologue;direct_call_target,True
0x0048b1e0,sub_0048b1e0,0x0048b200,32,1,aligned_or_padded_ebp_prologue;direct_call_target,True
0x0048b200,sub_0048b200,0x0048b210,16,1,aligned_or_padded_ebp_prologue;direct_call_target,True
0x0048b210,sub_0048b210,0x0048b230,32,1,aligned_or_padded_ebp_prologue;direct_call_target,True
0x0048b230,sub_0048b230,0x0048b240,16,1,aligned_or_padded_ebp_prologue;direct_call_target,True
0x0048b240,sub_0048b240,0x0048b250,16,1,aligned_or_padded_ebp_prologue;direct_call_target,True
0x0048b250,sub_0048b250,0x0048b270,32,1,aligned_or_padded_ebp_prologue;direct_call_target,True
0x0048b270,sub_0048b270,0x0048b2f0,128,1,aligned_or_padded_ebp_prologue;direct_call_target,True
0x0048b2f0,sub_0048b2f0,0x0048b370,128,3,aligned_or_padded_ebp_prologue;direct_call_target,True
0x0048b370,sub_0048b370,0x0048b3d0,96,1,aligned_or_padded_ebp_prologue;direct_call_target,True
0x0048b3d0,sub_0048b3d0,0x0048b400,48,1,aligned_or_padded_ebp_prologue;direct_call_target,True
0x0048b400,sub_0048b400,0x0048b500,256,1,aligned_or_padded_ebp_prologue;direct_call_target,True
0x0048b500,sub_0048b500,0x0048b550,80,1,aligned_or_padded_ebp_prologue;direct_call_target,True
0x0048b550,sub_0048b550,0x0048b5b0,96,1,aligned_or_padded_ebp_prologue;direct_call_target,True
0x0048b5b0,sub_0048b5b0,0x0048b650,160,2,aligned_or_padded_ebp_prologue;direct_call_target,True
0x0048b650,sub_0048b650,0x0048b720,208,2,aligned_or_padded_ebp_prologue;direct_call_target,True
0x0048b720,sub_0048b720,0x0048b750,48,1,aligned_or_padded_ebp_prologue;direct_call_target,True
0x0048b750,sub_0048b750,0x0048b780,48,1,aligned_or_padded_ebp_prologue;direct_call_target,True
0x0048b780,sub_0048b780,0x0048b810,144,1,aligned_or_padded_ebp_prologue;direct_call_target,True
0x0048b810,sub_0048b810,0x0048b830,32,1,aligned_or_padded_ebp_prologue;direct_call_target,True
0x0048b830,sub_0048b830,0x0048b850,32,2,aligned_or_padded_ebp_prologue;direct_call_target,True
0x0048b850,sub_0048b850,0x0048b870,32,1,aligned_or_padded_ebp_prologue;direct_call_target,True
0x0048b870,sub_0048b870,0x0048b890,32,1,aligned_or_padded_ebp_prologue;direct_call_target,True
0x0048b890,sub_0048b890,0x0048b8b0,32,2,aligned_or_padded_ebp_prologue;direct_call_target,True
0x0048b8b0,sub_0048b8b0,0x0048b8d0,32,4,aligned_or_padded_ebp_prologue;direct_call_target,True
0x0048b8d0,sub_0048b8d0,0x0048b900,48,2,aligned_or_padded_ebp_prologue;direct_call_target,True
0x0048b900,sub_0048b900,0x0048b920,32,2,aligned_or_padded_ebp_prologue;direct_call_target,True
0x0048b920,sub_0048b920,0x0048b980,96,1,aligned_or_padded_ebp_prologue;direct_call_target,True
0x0048b980,sub_0048b980,0x0048b9e0,96,1,aligned_or_padded_ebp_prologue;direct_call_target,True
0x0048b9e0,sub_0048b9e0,0x0048ba20,64,1,aligned_or_padded_ebp_prologue;direct_call_target,True
0x0048ba20,sub_0048ba20,0x0048ba60,64,1,aligned_or_padded_ebp_prologue;direct_call_target,True
0x0048ba60,sub_0048ba60,0x0048bb00,160,1,aligned_or_padded_ebp_prologue;direct_call_target,True
0x0048bb00,sub_0048bb00,0x0048bc00,256,1,aligned_or_padded_ebp_prologue;direct_call_target,True
0x0048bc00,sub_0048bc00,0x0048bc80,128,1,aligned_or_padded_ebp_prologue;direct_call_target,True
0x0048bc80,sub_0048bc80,0x0048bca0,32,2,aligned_or_padded_ebp_prologue;direct_call_target,True
0x0048bca0,sub_0048bca0,0x0048bce0,64,1,aligned_or_padded_ebp_prologue;direct_call_target,True
0x0048bce0,sub_0048bce0,0x0048bd10,48,40,aligned_or_padded_ebp_prologue;direct_call_target,True
0x0048bd10,sub_0048bd10,0x0048bd40,48,79,aligned_or_padded_ebp_prologue;direct_call_target,True
0x0048bd40,sub_0048bd40,0x0048bd70,48,10,aligned_or_padded_ebp_prologue;direct_call_target,True
0x0048bd70,sub_0048bd70,0x0048bda0,48,3,aligned_or_padded_ebp_prologue;direct_call_target,True
0x0048bda0,sub_0048bda0,0x0048bdc0,32,1,aligned_or_padded_ebp_prologue;direct_call_target,True
0x0048bdc0,sub_0048bdc0,0x0048bde0,32,4,aligned_or_padded_ebp_prologue;direct_call_target,True
0x0048bde0,sub_0048bde0,0x0048be00,32,1,aligned_or_padded_ebp_prologue;direct_call_target,True
0x0048be00,sub_0048be00,0x0048be20,32,4,aligned_or_padded_ebp_prologue;direct_call_target,True
0x0048be20,sub_0048be20,0x0048be50,48,1,aligned_or_padded_ebp_prologue;direct_call_target,True
0x0048be50,sub_0048be50,0x0048be80,48,1,aligned_or_padded_ebp_prologue;direct_call_target,True
0x0048be80,sub_0048be80,0x0048beb0,48,1,aligned_or_padded_ebp_prologue;direct_call_target,True
0x0048beb0,sub_0048beb0,0x0048bee0,48,1,aligned_or_padded_ebp_prologue;direct_call_target,True
0x0048bee0,sub_0048bee0,0x0048bf10,48,1,aligned_or_padded_ebp_prologue;direct_call_target,True
0x0048bf10,sub_0048bf10,0x0048c010,256,3,aligned_or_padded_ebp_prologue;direct_call_target,True
0x0048c010,sub_0048c010,0x004969e0,43472,1,direct_call_target,True
0x004969e0,sub_004969e0,0x00496a00,32,0,aligned_or_padded_ebp_prologue,True
0x00496a00,sub_00496a00,0x00496b90,400,1,aligned_or_padded_ebp_prologue;direct_call_target,True
0x00496b90,sub_00496b90,0x00496fb0,1056,1,aligned_or_padded_ebp_prologue;direct_call_target,True
0x00496fb0,sub_00496fb0,0x00497240,656,1,aligned_or_padded_ebp_prologue;direct_call_target,True
0x00497240,sub_00497240,0x00497270,48,2,aligned_or_padded_ebp_prologue;direct_call_target,True
0x00497270,sub_00497270,0x004972c0,80,1,aligned_or_padded_ebp_prologue;direct_call_target,True
0x004972c0,sub_004972c0,0x00497360,160,6,aligned_or_padded_ebp_prologue;direct_call_target,True
0x00497360,sub_00497360,0x004973a0,64,1,aligned_or_padded_ebp_prologue;direct_call_target,True
0x004973a0,sub_004973a0,0x004973c0,32,16,aligned_or_padded_ebp_prologue;direct_call_target,True
0x004973c0,sub_004973c0,0x00497420,96,6,aligned_or_padded_ebp_prologue;direct_call_target,True
0x00497420,sub_00497420,0x00497450,48,1,aligned_or_padded_ebp_prologue;direct_call_target,True
0x00497450,sub_00497450,0x00497470,32,1,aligned_or_padded_ebp_prologue;direct_call_target,True
0x00497470,sub_00497470,0x004974d0,96,2,aligned_or_padded_ebp_prologue;direct_call_target,True
0x004974d0,sub_004974d0,0x00497540,112,1,aligned_or_padded_ebp_prologue;direct_call_target,True
0x00497540,sub_00497540,0x00497560,32,4,aligned_or_padded_ebp_prologue;direct_call_target,True
0x00497560,sub_00497560,0x00497590,48,2,aligned_or_padded_ebp_prologue;direct_call_target,True
0x00497590,sub_00497590,0x004975e0,80,1,aligned_or_padded_ebp_prologue;direct_call_target,True
0x004975e0,sub_004975e0,0x00497600,32,1,aligned_or_padded_ebp_prologue;direct_call_target,True
0x00497600,sub_00497600,0x00497630,48,1,aligned_or_padded_ebp_prologue;direct_call_target,True
0x00497630,sub_00497630,0x00497690,96,1,aligned_or_padded_ebp_prologue;direct_call_target,True
0x00497690,sub_00497690,0x004976f0,96,1,aligned_or_padded_ebp_prologue;direct_call_target,True
0x004976f0,sub_004976f0,0x004977a0,176,4,aligned_or_padded_ebp_prologue;direct_call_target,True
0x004977a0,sub_004977a0,0x00497850,176,1,aligned_or_padded_ebp_prologue;direct_call_target,True
0x00497850,sub_00497850,0x00497900,176,1,aligned_or_padded_ebp_prologue;direct_call_target,True
0x00497900,sub_00497900,0x00497a60,352,1,aligned_or_padded_ebp_prologue;direct_call_target,True
0x00497a60,sub_00497a60,0x00497ac0,96,1,aligned_or_padded_ebp_prologue;direct_call_target,True
0x00497ac0,sub_00497ac0,0x00497b60,160,1,aligned_or_padded_ebp_prologue;direct_call_target,True
0x00497b60,sub_00497b60,0x00497c00,160,1,aligned_or_padded_ebp_prologue;direct_call_target,True
0x00497c00,sub_00497c00,0x00497c20,32,2,aligned_or_padded_ebp_prologue;direct_call_target,True
0x00497c20,sub_00497c20,0x00497c60,64,1,aligned_or_padded_ebp_prologue;direct_call_target,True
0x00497c60,sub_00497c60,0x00497cc0,96,3,aligned_or_padded_ebp_prologue;direct_call_target,True
0x00497cc0,sub_00497cc0,0x00497d20,96,3,aligned_or_padded_ebp_prologue;direct_call_target,True
0x00497d20,sub_00497d20,0x00497d70,80,8,aligned_or_padded_ebp_prologue;direct_call_target,True
0x00497d70,sub_00497d70,0x00497db0,64,2,aligned_or_padded_ebp_prologue;direct_call_target,True
0x00497db0,sub_00497db0,0x00497df0,64,1,aligned_or_padded_ebp_prologue;direct_call_target,True
0x00497df0,sub_00497df0,0x00497e30,64,1,aligned_or_padded_ebp_prologue;direct_call_target,True
0x00497e30,sub_00497e30,0x00497e70,64,1,aligned_or_padded_ebp_prologue;direct_call_target,True
0x00497e70,sub_00497e70,0x00497eb0,64,8,aligned_or_padded_ebp_prologue;direct_call_target,True
0x00497eb0,sub_00497eb0,0x00497ee0,48,2,aligned_or_padded_ebp_prologue;direct_call_target,True
0x00497ee0,sub_00497ee0,0x00497f10,48,1,aligned_or_padded_ebp_prologue;direct_call_target,True
0x00497f10,sub_00497f10,0x00497f40,48,1,aligned_or_padded_ebp_prologue;direct_call_target,True
0x00497f40,sub_00497f40,0x00497fc0,128,11,aligned_or_padded_ebp_prologue;direct_call_target,True
0x00497fc0,sub_00497fc0,0x00498020,96,7,aligned_or_padded_ebp_prologue;direct_call_target,True
0x00498020,sub_00498020,0x00498080,96,2,aligned_or_padded_ebp_prologue;direct_call_target,True
0x00498080,sub_00498080,0x004980e0,96,3,aligned_or_padded_ebp_prologue;direct_call_target,True
0x004980e0,sub_004980e0,0x00498140,96,3,aligned_or_padded_ebp_prologue;direct_call_target,True
0x00498140,sub_00498140,0x004981a0,96,3,aligned_or_padded_ebp_prologue;direct_call_target,True
0x004981a0,sub_004981a0,0x004981c0,32,1,aligned_or_padded_ebp_prologue;direct_call_target,True
0x004981c0,sub_004981c0,0x004981f0,48,4,aligned_or_padded_ebp_prologue;direct_call_target,True
0x004981f0,sub_004981f0,0x00498210,32,2,aligned_or_padded_ebp_prologue;direct_call_target,True
0x00498210,sub_00498210,0x00498600,1008,0,aligned_or_padded_ebp_prologue,True
0x00498600,sub_00498600,0x00498950,848,0,aligned_or_padded_ebp_prologue,True
0x00498950,sub_00498950,0x00498970,32,1,aligned_or_padded_ebp_prologue;direct_call_target,True
0x00498970,sub_00498970,0x004989d0,96,2,aligned_or_padded_ebp_prologue;direct_call_target,True
0x004989d0,sub_004989d0,0x004989f0,32,3,aligned_or_padded_ebp_prologue;direct_call_target,True
0x004989f0,sub_004989f0,0x00498a10,32,12,aligned_or_padded_ebp_prologue;direct_call_target,True
0x00498a10,sub_00498a10,0x00498a60,80,2,aligned_or_padded_ebp_prologue;direct_call_target,True
0x00498a60,sub_00498a60,0x00498a80,32,2,aligned_or_padded_ebp_prologue;direct_call_target,True
0x00498a80,sub_00498a80,0x00498b80,256,10,aligned_or_padded_ebp_prologue;direct_call_target,True
0x00498b80,sub_00498b80,0x00498d10,400,13,aligned_or_padded_ebp_prologue;direct_call_target,True
0x00498d10,sub_00498d10,0x00498e50,320,8,aligned_or_padded_ebp_prologue;direct_call_target,True
0x00498e50,sub_00498e50,0x00498e70,32,2,aligned_or_padded_ebp_prologue;direct_call_target,True
0x00498e70,sub_00498e70,0x00498f40,208,3,aligned_or_padded_ebp_prologue;direct_call_target,True
0x00498f40,sub_00498f40,0x00498f50,16,36,aligned_or_padded_ebp_prologue;direct_call_target,True
0x00498f50,sub_00498f50,0x00498f70,32,4,aligned_or_padded_ebp_prologue;direct_call_target,True
0x00498f70,sub_00498f70,0x00498f90,32,1,aligned_or_padded_ebp_prologue;direct_call_target,True
0x00498f90,sub_00498f90,0x00498fb0,32,7,aligned_or_padded_ebp_prologue;direct_call_target,True
0x00498fb0,sub_00498fb0,0x00498fd0,32,3,aligned_or_padded_ebp_prologue;direct_call_target,True
0x00498fd0,sub_00498fd0,0x00498ff0,32,11,aligned_or_padded_ebp_prologue;direct_call_target,True
0x00498ff0,sub_00498ff0,0x004990e0,240,8,aligned_or_padded_ebp_prologue;direct_call_target,True
0x004990e0,sub_004990e0,0x004990f0,16,2,aligned_or_padded_ebp_prologue;direct_call_target,True
0x004990f0,sub_004990f0,0x00499110,32,2,aligned_or_padded_ebp_prologue;direct_call_target,True
0x00499110,sub_00499110,0x00499130,32,1,aligned_or_padded_ebp_prologue;direct_call_target,True
0x00499130,sub_00499130,0x00499210,224,2,aligned_or_padded_ebp_prologue;direct_call_target,True
0x00499210,sub_00499210,0x004992f0,224,1,aligned_or_padded_ebp_prologue;direct_call_target,True
0x004992f0,sub_004992f0,0x00499310,32,4,aligned_or_padded_ebp_prologue;direct_call_target,True
0x00499310,sub_00499310,0x00499330,32,4,aligned_or_padded_ebp_prologue;direct_call_target,True
0x00499330,sub_00499330,0x00499350,32,8,aligned_or_padded_ebp_prologue;direct_call_target,True
0x00499350,sub_00499350,0x00499370,32,43,aligned_or_padded_ebp_prologue;direct_call_target,True
0x00499370,sub_00499370,0x00499390,32,2,aligned_or_padded_ebp_prologue;direct_call_target,True
0x00499390,sub_00499390,0x004993b0,32,18,aligned_or_padded_ebp_prologue;direct_call_target,True
0x004993b0,sub_004993b0,0x004993f0,64,9,aligned_or_padded_ebp_prologue;direct_call_target,True
0x004993f0,sub_004993f0,0x00499410,32,4,aligned_or_padded_ebp_prologue;direct_call_target,True
0x00499410,sub_00499410,0x00499430,32,8,aligned_or_padded_ebp_prologue;direct_call_target,True
0x00499430,sub_00499430,0x00499460,48,1,aligned_or_padded_ebp_prologue;direct_call_target,True
0x00499460,sub_00499460,0x00499480,32,6,aligned_or_padded_ebp_prologue;direct_call_target,True
0x00499480,sub_00499480,0x004994d0,80,1,aligned_or_padded_ebp_prologue;direct_call_target,True
0x004994d0,sub_004994d0,0x00499520,80,1,aligned_or_padded_ebp_prologue;direct_call_target,True
0x00499520,sub_00499520,0x00499560,64,7,aligned_or_padded_ebp_prologue;direct_call_target,True
0x00499560,sub_00499560,0x00499580,32,1,aligned_or_padded_ebp_prologue;direct_call_target,True
0x00499580,sub_00499580,0x004995d0,80,3,aligned_or_padded_ebp_prologue;direct_call_target,True
0x004995d0,sub_004995d0,0x0049abc0,5616,0,aligned_or_padded_ebp_prologue,True
0x0049abc0,sub_0049abc0,0x0049be00,4672,0,aligned_or_padded_ebp_prologue,True
0x0049be00,sub_0049be00,0x0049be20,32,6,aligned_or_padded_ebp_prologue;direct_call_target,True
0x0049be20,sub_0049be20,0x0049bea0,128,6,aligned_or_padded_ebp_prologue;direct_call_target,True
0x0049bea0,sub_0049bea0,0x0049bed0,48,3,aligned_or_padded_ebp_prologue;direct_call_target,True
0x0049bed0,sub_0049bed0,0x0049bf00,48,1,aligned_or_padded_ebp_prologue;direct_call_target,True
0x0049bf00,sub_0049bf00,0x0049c000,256,4,aligned_or_padded_ebp_prologue;direct_call_target,True
0x0049c000,sub_0049c000,0x0049c010,16,8,aligned_or_padded_ebp_prologue;direct_call_target,True
0x0049c010,sub_0049c010,0x0049c050,64,8,aligned_or_padded_ebp_prologue;direct_call_target,True
0x0049c050,sub_0049c050,0x0049c0c0,112,2,aligned_or_padded_ebp_prologue;direct_call_target,True
0x0049c0c0,sub_0049c0c0,0x0049c0e0,32,3,aligned_or_padded_ebp_prologue;direct_call_target,True
0x0049c0e0,sub_0049c0e0,0x0049c110,48,1,aligned_or_padded_ebp_prologue;direct_call_target,True
0x0049c110,sub_0049c110,0x0049c120,16,1,aligned_or_padded_ebp_prologue;direct_call_target,True
0x0049c120,sub_0049c120,0x0049c140,32,1,aligned_or_padded_ebp_prologue;direct_call_target,True
0x0049c140,sub_0049c140,0x0049c160,32,1,aligned_or_padded_ebp_prologue;direct_call_target,True
0x0049c160,sub_0049c160,0x0049c1a0,64,6,aligned_or_padded_ebp_prologue;direct_call_target,True
0x0049c1a0,sub_0049c1a0,0x0049c1e0,64,2,aligned_or_padded_ebp_prologue;direct_call_target,True
0x0049c1e0,sub_0049c1e0,0x0049c220,64,2,aligned_or_padded_ebp_prologue;direct_call_target,True
0x0049c220,sub_0049c220,0x0049c260,64,1,aligned_or_padded_ebp_prologue;direct_call_target,True
0x0049c260,sub_0049c260,0x0049c280,32,2,aligned_or_padded_ebp_prologue;direct_call_target,True
0x0049c280,sub_0049c280,0x0049c2a0,32,4,aligned_or_padded_ebp_prologue;direct_call_target,True
0x0049c2a0,sub_0049c2a0,0x0049c2c0,32,6,aligned_or_padded_ebp_prologue;direct_call_target,True
0x0049c2c0,sub_0049c2c0,0x0049c2e0,32,24,aligned_or_padded_ebp_prologue;direct_call_target,True
0x0049c2e0,sub_0049c2e0,0x0049c340,96,3,aligned_or_padded_ebp_prologue;direct_call_target,True
0x0049c340,sub_0049c340,0x0049c360,32,3,aligned_or_padded_ebp_prologue;direct_call_target,True
0x0049c360,sub_0049c360,0x0049c390,48,3,aligned_or_padded_ebp_prologue;direct_call_target,True
0x0049c390,sub_0049c390,0x0049c3c0,48,1,aligned_or_padded_ebp_prologue;direct_call_target,True
0x0049c3c0,sub_0049c3c0,0x0049c3f0,48,3,aligned_or_padded_ebp_prologue;direct_call_target,True
0x0049c3f0,sub_0049c3f0,0x0049c410,32,3,aligned_or_padded_ebp_prologue;direct_call_target,True
0x0049c410,sub_0049c410,0x0049c470,96,1,aligned_or_padded_ebp_prologue;direct_call_target,True
0x0049c470,sub_0049c470,0x0049c490,32,2,aligned_or_padded_ebp_prologue;direct_call_target,True
0x0049c490,sub_0049c490,0x0049c4b0,32,2,aligned_or_padded_ebp_prologue;direct_call_target,True
0x0049c4b0,sub_0049c4b0,0x0049c4e0,48,2,aligned_or_padded_ebp_prologue;direct_call_target,True
0x0049c4e0,sub_0049c4e0,0x0049c500,32,54,aligned_or_padded_ebp_prologue;direct_call_target,True
0x0049c500,sub_0049c500,0x0049c520,32,1,aligned_or_padded_ebp_prologue;direct_call_target,True
0x0049c520,sub_0049c520,0x0049c5b0,144,1,aligned_or_padded_ebp_prologue;direct_call_target,True
0x0049c5b0,sub_0049c5b0,0x0049c5e0,48,1,aligned_or_padded_ebp_prologue;direct_call_target,True
0x0049c5e0,sub_0049c5e0,0x0049c680,160,1,aligned_or_padded_ebp_prologue;direct_call_target,True
0x0049c680,sub_0049c680,0x0049c6f0,112,1,aligned_or_padded_ebp_prologue;direct_call_target,True
0x0049c6f0,sub_0049c6f0,0x0049c720,48,1,aligned_or_padded_ebp_prologue;direct_call_target,True
0x0049c720,sub_0049c720,0x0049c740,32,3,aligned_or_padded_ebp_prologue;direct_call_target,True
0x0049c740,sub_0049c740,0x0049c760,32,2,aligned_or_padded_ebp_prologue;direct_call_target,True
0x0049c760,sub_0049c760,0x0049c780,32,1,aligned_or_padded_ebp_prologue;direct_call_target,True
0x0049c780,sub_0049c780,0x0049c7b0,48,1,aligned_or_padded_ebp_prologue;direct_call_target,True
0x0049c7b0,sub_0049c7b0,0x0049c7e0,48,2,aligned_or_padded_ebp_prologue;direct_call_target,True
0x0049c7e0,sub_0049c7e0,0x0049c800,32,4,aligned_or_padded_ebp_prologue;direct_call_target,True
0x0049c800,sub_0049c800,0x0049c830,48,1,aligned_or_padded_ebp_prologue;direct_call_target,True
0x0049c830,sub_0049c830,0x0049c860,48,6,aligned_or_padded_ebp_prologue;direct_call_target,True
0x0049c860,sub_0049c860,0x0049c8a0,64,1,aligned_or_padded_ebp_prologue;direct_call_target,True
0x0049c8a0,sub_0049c8a0,0x0049c8c0,32,1,aligned_or_padded_ebp_prologue;direct_call_target,True
0x0049c8c0,sub_0049c8c0,0x0049c8e0,32,1,aligned_or_padded_ebp_prologue;direct_call_target,True
0x0049c8e0,sub_0049c8e0,0x0049c900,32,1,aligned_or_padded_ebp_prologue;direct_call_target,True
0x0049c900,sub_0049c900,0x0049c920,32,1,aligned_or_padded_ebp_prologue;direct_call_target,True
0x0049c920,sub_0049c920,0x0049c940,32,3,aligned_or_padded_ebp_prologue;direct_call_target,True
0x0049c940,sub_0049c940,0x0049c970,48,1,aligned_or_padded_ebp_prologue;direct_call_target,True
0x0049c970,sub_0049c970,0x0049c9c0,80,1,aligned_or_padded_ebp_prologue;direct_call_target,True
0x0049c9c0,sub_0049c9c0,0x0049ca10,80,1,aligned_or_padded_ebp_prologue;direct_call_target,True
0x0049ca10,sub_0049ca10,0x0049ca40,48,1,aligned_or_padded_ebp_prologue;direct_call_target,True
0x0049ca40,sub_0049ca40,0x0049ca70,48,2,aligned_or_padded_ebp_prologue;direct_call_target,True
0x0049ca70,sub_0049ca70,0x0049caa0,48,2,aligned_or_padded_ebp_prologue;direct_call_target,True
0x0049caa0,sub_0049caa0,0x0049cac0,32,1,aligned_or_padded_ebp_prologue;direct_call_target,True
0x0049cac0,sub_0049cac0,0x0049cae0,32,1,aligned_or_padded_ebp_prologue;direct_call_target,True
0x0049cae0,sub_0049cae0,0x0049cb10,48,2,aligned_or_padded_ebp_prologue;direct_call_target,True
0x0049cb10,sub_0049cb10,0x0049cb30,32,1,aligned_or_padded_ebp_prologue;direct_call_target,True
0x0049cb30,sub_0049cb30,0x0049cb60,48,5,aligned_or_padded_ebp_prologue;direct_call_target,True
0x0049cb60,sub_0049cb60,0x0049cb90,48,22,aligned_or_padded_ebp_prologue;direct_call_target,True
0x0049cb90,sub_0049cb90,0x0049cbb0,32,3,aligned_or_padded_ebp_prologue;direct_call_target,True
0x0049cbb0,sub_0049cbb0,0x0049cbf0,64,3,aligned_or_padded_ebp_prologue;direct_call_target,True
0x0049cbf0,sub_0049cbf0,0x0049cc30,64,9,aligned_or_padded_ebp_prologue;direct_call_target,True
0x0049cc30,sub_0049cc30,0x0049cc60,48,2,aligned_or_padded_ebp_prologue;direct_call_target,True
0x0049cc60,sub_0049cc60,0x0049cc90,48,1,aligned_or_padded_ebp_prologue;direct_call_target,True
0x0049cc90,sub_0049cc90,0x0049cce0,80,1,aligned_or_padded_ebp_prologue;direct_call_target,True
0x0049cce0,sub_0049cce0,0x0049cd70,144,1,aligned_or_padded_ebp_prologue;direct_call_target,True
0x0049cd70,sub_0049cd70,0x0049cdd0,96,1,aligned_or_padded_ebp_prologue;direct_call_target,True
0x0049cdd0,sub_0049cdd0,0x0049ce30,96,1,aligned_or_padded_ebp_prologue;direct_call_target,True
0x0049ce30,sub_0049ce30,0x0049ce80,80,0,aligned_or_padded_ebp_prologue,True
0x0049ce80,sub_0049ce80,0x0049cf60,224,1,aligned_or_padded_ebp_prologue;direct_call_target,True
0x0049cf60,sub_0049cf60,0x0049cf80,32,0,aligned_or_padded_ebp_prologue,True
0x0049cf80,sub_0049cf80,0x0049d2f0,880,1,aligned_or_padded_ebp_prologue;direct_call_target,True
0x0049d2f0,sub_0049d2f0,0x0049d3c0,208,1,aligned_or_padded_ebp_prologue;direct_call_target,True
0x0049d3c0,sub_0049d3c0,0x0049d400,64,0,aligned_or_padded_ebp_prologue,True
0x0049d400,sub_0049d400,0x0049d4a0,160,2,aligned_or_padded_ebp_prologue;direct_call_target,True
0x0049d4a0,sub_0049d4a0,0x0049d5b0,272,1,aligned_or_padded_ebp_prologue;direct_call_target,True
0x0049d5b0,sub_0049d5b0,0x0049d790,480,2,aligned_or_padded_ebp_prologue;direct_call_target,True
0x0049d790,sub_0049d790,0x0049d850,192,1,aligned_or_padded_ebp_prologue;direct_call_target,True
0x0049d850,sub_0049d850,0x0049da50,512,4,aligned_or_padded_ebp_prologue;direct_call_target,True
0x0049da50,sub_0049da50,0x0049da70,32,8,aligned_or_padded_ebp_prologue;direct_call_target,True
0x0049da70,sub_0049da70,0x0049db70,256,1,aligned_or_padded_ebp_prologue;direct_call_target,True
0x0049db70,sub_0049db70,0x0049dc60,240,26,aligned_or_padded_ebp_prologue;direct_call_target,True
0x0049dc60,sub_0049dc60,0x0049dcf0,144,1,aligned_or_padded_ebp_prologue;direct_call_target,True
0x0049dcf0,sub_0049dcf0,0x0049ddc0,208,6,aligned_or_padded_ebp_prologue;direct_call_target,True
0x0049ddc0,sub_0049ddc0,0x0049de90,208,5,aligned_or_padded_ebp_prologue;direct_call_target,True
0x0049de90,sub_0049de90,0x0049dea0,16,0,aligned_or_padded_ebp_prologue,True
0x0049dea0,sub_0049dea0,0x0049deb0,16,0,aligned_or_padded_ebp_prologue,True
0x0049deb0,sub_0049deb0,0x0049ded0,32,2,aligned_or_padded_ebp_prologue;direct_call_target,True
0x0049ded0,sub_0049ded0,0x0049df00,48,1,aligned_or_padded_ebp_prologue;direct_call_target,True
0x0049df00,sub_0049df00,0x0049df20,32,11,aligned_or_padded_ebp_prologue;direct_call_target,True
0x0049df20,sub_0049df20,0x0049df40,32,12,aligned_or_padded_ebp_prologue;direct_call_target,True
0x0049df40,sub_0049df40,0x0049dfb0,112,3,aligned_or_padded_ebp_prologue;direct_call_target,True
0x0049dfb0,sub_0049dfb0,0x0049dfd0,32,1,aligned_or_padded_ebp_prologue;direct_call_target,True
0x0049dfd0,sub_0049dfd0,0x0049dff0,32,1,aligned_or_padded_ebp_prologue;direct_call_target,True
0x0049dff0,sub_0049dff0,0x0049e010,32,3,aligned_or_padded_ebp_prologue;direct_call_target,True
0x0049e010,sub_0049e010,0x0049e050,64,1,aligned_or_padded_ebp_prologue;direct_call_target,True
0x0049e050,sub_0049e050,0x0049e080,48,1,aligned_or_padded_ebp_prologue;direct_call_target,True
0x0049e080,sub_0049e080,0x0049e0c0,64,13,aligned_or_padded_ebp_prologue;direct_call_target,True
0x0049e0c0,sub_0049e0c0,0x0049e120,96,1,aligned_or_padded_ebp_prologue;direct_call_target,True
0x0049e120,sub_0049e120,0x0049e160,64,3,aligned_or_padded_ebp_prologue;direct_call_target,True
0x0049e160,sub_0049e160,0x0049e1a0,64,3,aligned_or_padded_ebp_prologue;direct_call_target,True
0x0049e1a0,sub_0049e1a0,0x0049e1f0,80,1,aligned_or_padded_ebp_prologue;direct_call_target,True
0x0049e1f0,sub_0049e1f0,0x0049e240,80,1,aligned_or_padded_ebp_prologue;direct_call_target,True
0x0049e240,sub_0049e240,0x0049e2b0,112,1,aligned_or_padded_ebp_prologue;direct_call_target,True
0x0049e2b0,sub_0049e2b0,0x0049e320,112,1,aligned_or_padded_ebp_prologue;direct_call_target,True
0x0049e320,sub_0049e320,0x0049e370,80,1,aligned_or_padded_ebp_prologue;direct_call_target,True
0x0049e370,sub_0049e370,0x0049e3e0,112,1,aligned_or_padded_ebp_prologue;direct_call_target,True
0x0049e3e0,sub_0049e3e0,0x0049e430,80,1,aligned_or_padded_ebp_prologue;direct_call_target,True
0x0049e430,sub_0049e430,0x0049e4a0,112,1,aligned_or_padded_ebp_prologue;direct_call_target,True
0x0049e4a0,sub_0049e4a0,0x0049e550,176,1,aligned_or_padded_ebp_prologue;direct_call_target,True
0x0049e550,sub_0049e550,0x0049e600,176,1,aligned_or_padded_ebp_prologue;direct_call_target,True
0x0049e600,sub_0049e600,0x0049e6b0,176,1,aligned_or_padded_ebp_prologue;direct_call_target,True
0x0049e6b0,sub_0049e6b0,0x0049e760,176,1,aligned_or_padded_ebp_prologue;direct_call_target,True
0x0049e760,sub_0049e760,0x0049e7c0,96,1,aligned_or_padded_ebp_prologue;direct_call_target,True
0x0049e7c0,sub_0049e7c0,0x0049e820,96,1,aligned_or_padded_ebp_prologue;direct_call_target,True
0x0049e820,sub_0049e820,0x0049e870,80,1,aligned_or_padded_ebp_prologue;direct_call_target,True
0x0049e870,sub_0049e870,0x0049e8c0,80,1,aligned_or_padded_ebp_prologue;direct_call_target,True
0x0049e8c0,sub_0049e8c0,0x0049e930,112,1,aligned_or_padded_ebp_prologue;direct_call_target,True
0x0049e930,sub_0049e930,0x0049e980,80,1,aligned_or_padded_ebp_prologue;direct_call_target,True
0x0049e980,sub_0049e980,0x0049ea40,192,1,aligned_or_padded_ebp_prologue;direct_call_target,True
0x0049ea40,sub_0049ea40,0x0049ea50,16,1,aligned_or_padded_ebp_prologue;direct_call_target,True
0x0049ea50,sub_0049ea50,0x0049ea60,16,1,aligned_or_padded_ebp_prologue;direct_call_target,True
0x0049ea60,sub_0049ea60,0x0049ea70,16,1,aligned_or_padded_ebp_prologue;direct_call_target,True
0x0049ea70,sub_0049ea70,0x0049ea80,16,1,aligned_or_padded_ebp_prologue;direct_call_target,True
0x0049ea80,sub_0049ea80,0x0049eae0,96,3,aligned_or_padded_ebp_prologue;direct_call_target,True
0x0049eae0,sub_0049eae0,0x0049eb40,96,3,aligned_or_padded_ebp_prologue;direct_call_target,True
0x0049eb40,sub_0049eb40,0x0049eb90,80,3,aligned_or_padded_ebp_prologue;direct_call_target,True
0x0049eb90,sub_0049eb90,0x0049ebe0,80,2,aligned_or_padded_ebp_prologue;direct_call_target,True
0x0049ebe0,sub_0049ebe0,0x0049ec30,80,3,aligned_or_padded_ebp_prologue;direct_call_target,True
0x0049ec30,sub_0049ec30,0x0049ecd0,160,1,aligned_or_padded_ebp_prologue;direct_call_target,True
0x0049ecd0,sub_0049ecd0,0x0049ef90,704,1,aligned_or_padded_ebp_prologue;direct_call_target,True
0x0049ef90,sub_0049ef90,0x0049f0b0,288,1,aligned_or_padded_ebp_prologue;direct_call_target,True
0x0049f0b0,sub_0049f0b0,0x0049f190,224,1,aligned_or_padded_ebp_prologue;direct_call_target,True
0x0049f190,sub_0049f190,0x0049f1c0,48,6,aligned_or_padded_ebp_prologue;direct_call_target,True
0x0049f1c0,sub_0049f1c0,0x0049f1e0,32,21,aligned_or_padded_ebp_prologue;direct_call_target,True
0x0049f1e0,sub_0049f1e0,0x0049f200,32,1,aligned_or_padded_ebp_prologue;direct_call_target,True
0x0049f200,sub_0049f200,0x0049f2a0,160,1,aligned_or_padded_ebp_prologue;direct_call_target,True
0x0049f2a0,sub_0049f2a0,0x0049f330,144,1,aligned_or_padded_ebp_prologue;direct_call_target,True
0x0049f330,sub_0049f330,0x0049f360,48,1,aligned_or_padded_ebp_prologue;direct_call_target,True
0x0049f360,sub_0049f360,0x0049f390,48,0,aligned_or_padded_ebp_prologue,True
0x0049f390,sub_0049f390,0x0049f3d0,64,1,aligned_or_padded_ebp_prologue;direct_call_target,True
0x0049f3d0,sub_0049f3d0,0x004a0440,4208,1,aligned_or_padded_ebp_prologue;direct_call_target,True
0x004a0440,sub_004a0440,0x004a0590,336,1,aligned_or_padded_ebp_prologue;direct_call_target,True
0x004a0590,sub_004a0590,0x004a05d0,64,1,aligned_or_padded_ebp_prologue;direct_call_target,True
0x004a05d0,sub_004a05d0,0x004a0600,48,4,aligned_or_padded_ebp_prologue;direct_call_target,True
0x004a0600,sub_004a0600,0x004a0970,880,1,aligned_or_padded_ebp_prologue;direct_call_target,True
0x004a0970,sub_004a0970,0x004a0990,32,1,aligned_or_padded_ebp_prologue;direct_call_target,True
0x004a0990,sub_004a0990,0x004a0a00,112,1,aligned_or_padded_ebp_prologue;direct_call_target,True
0x004a0a00,sub_004a0a00,0x004a0a20,32,0,aligned_or_padded_ebp_prologue,True
0x004a0a20,sub_004a0a20,0x004a0a70,80,3,aligned_or_padded_ebp_prologue;direct_call_target,True
0x004a0a70,sub_004a0a70,0x004a0aa0,48,0,aligned_or_padded_ebp_prologue,True
0x004a0aa0,sub_004a0aa0,0x004a0b50,176,12,aligned_or_padded_ebp_prologue;direct_call_target,True
0x004a0b50,sub_004a0b50,0x004a0b80,48,0,aligned_or_padded_ebp_prologue,True
0x004a0b80,sub_004a0b80,0x004a0bb0,48,0,aligned_or_padded_ebp_prologue,True
0x004a0bb0,sub_004a0bb0,0x004a0bd0,32,0,aligned_or_padded_ebp_prologue,True
0x004a0bd0,sub_004a0bd0,0x004a0bf0,32,0,aligned_or_padded_ebp_prologue,True
0x004a0bf0,sub_004a0bf0,0x004a0c20,48,0,aligned_or_padded_ebp_prologue,True
0x004a0c20,sub_004a0c20,0x004a0c40,32,0,aligned_or_padded_ebp_prologue,True
0x004a0c40,sub_004a0c40,0x004a0c60,32,0,aligned_or_padded_ebp_prologue,True
0x004a0c60,sub_004a0c60,0x004a0c80,32,0,aligned_or_padded_ebp_prologue,True
0x004a0c80,sub_004a0c80,0x004a0cf0,112,0,aligned_or_padded_ebp_prologue,True
0x004a0cf0,sub_004a0cf0,0x004a0d60,112,0,aligned_or_padded_ebp_prologue,True
0x004a0d60,sub_004a0d60,0x004a0d70,16,0,aligned_or_padded_ebp_prologue,True
0x004a0d70,sub_004a0d70,0x004a0d80,16,0,aligned_or_padded_ebp_prologue,True
0x004a0d80,sub_004a0d80,0x004a0d90,16,0,aligned_or_padded_ebp_prologue,True
0x004a0d90,sub_004a0d90,0x004a0da0,16,0,aligned_or_padded_ebp_prologue,True
0x004a0da0,sub_004a0da0,0x004a0dc0,32,8,aligned_or_padded_ebp_prologue;direct_call_target,True
0x004a0dc0,sub_004a0dc0,0x004a0de0,32,1,aligned_or_padded_ebp_prologue;direct_call_target,True
0x004a0de0,sub_004a0de0,0x004a0df0,16,0,aligned_or_padded_ebp_prologue,True
0x004a0df0,sub_004a0df0,0x004a0e90,160,5,aligned_or_padded_ebp_prologue;direct_call_target,True
0x004a0e90,sub_004a0e90,0x004a0eb0,32,2,aligned_or_padded_ebp_prologue;direct_call_target,True
0x004a0eb0,sub_004a0eb0,0x004a0ed0,32,1,aligned_or_padded_ebp_prologue;direct_call_target,True
0x004a0ed0,sub_004a0ed0,0x004a0ef0,32,1,aligned_or_padded_ebp_prologue;direct_call_target,True
0x004a0ef0,sub_004a0ef0,0x004a0f10,32,1,aligned_or_padded_ebp_prologue;direct_call_target,True
0x004a0f10,sub_004a0f10,0x004a0f30,32,1,aligned_or_padded_ebp_prologue;direct_call_target,True
0x004a0f30,sub_004a0f30,0x004a0f90,96,5,aligned_or_padded_ebp_prologue;direct_call_target,True
0x004a0f90,sub_004a0f90,0x004a0fb0,32,21,aligned_or_padded_ebp_prologue;direct_call_target,True
0x004a0fb0,sub_004a0fb0,0x004a0ff0,64,13,aligned_or_padded_ebp_prologue;direct_call_target,True
0x004a0ff0,sub_004a0ff0,0x004a1010,32,1,aligned_or_padded_ebp_prologue;direct_call_target,True
0x004a1010,sub_004a1010,0x004a1070,96,2,aligned_or_padded_ebp_prologue;direct_call_target,True
0x004a1070,sub_004a1070,0x004a1090,32,6,aligned_or_padded_ebp_prologue;direct_call_target,True
0x004a1090,sub_004a1090,0x004a10d0,64,1,aligned_or_padded_ebp_prologue;direct_call_target,True
0x004a10d0,sub_004a10d0,0x004a1100,48,1,aligned_or_padded_ebp_prologue;direct_call_target,True
0x004a1100,sub_004a1100,0x004a1150,80,1,aligned_or_padded_ebp_prologue;direct_call_target,True
0x004a1150,sub_004a1150,0x004a11f0,160,1,aligned_or_padded_ebp_prologue;direct_call_target,True
0x004a11f0,sub_004a11f0,0x004a1290,160,1,aligned_or_padded_ebp_prologue;direct_call_target,True
0x004a1290,sub_004a1290,0x004a1310,128,1,aligned_or_padded_ebp_prologue;direct_call_target,True
0x004a1310,sub_004a1310,0x004a1370,96,1,aligned_or_padded_ebp_prologue;direct_call_target,True
0x004a1370,sub_004a1370,0x004a13d0,96,1,aligned_or_padded_ebp_prologue;direct_call_target,True
0x004a13d0,sub_004a13d0,0x004a1410,64,1,aligned_or_padded_ebp_prologue;direct_call_target,True
0x004a1410,sub_004a1410,0x004a14a0,144,1,aligned_or_padded_ebp_prologue;direct_call_target,True
0x004a14a0,sub_004a14a0,0x004a14d0,48,1,aligned_or_padded_ebp_prologue;direct_call_target,True
0x004a14d0,sub_004a14d0,0x004a1550,128,1,aligned_or_padded_ebp_prologue;direct_call_target,True
0x004a1550,sub_004a1550,0x004a1580,48,1,aligned_or_padded_ebp_prologue;direct_call_target,True
0x004a1580,sub_004a1580,0x004a15a0,32,2,aligned_or_padded_ebp_prologue;direct_call_target,True
0x004a15a0,sub_004a15a0,0x004a15e0,64,1,aligned_or_padded_ebp_prologue;direct_call_target,True
0x004a15e0,sub_004a15e0,0x004a1630,80,1,aligned_or_padded_ebp_prologue;direct_call_target,True
0x004a1630,sub_004a1630,0x004a16b0,128,1,aligned_or_padded_ebp_prologue;direct_call_target,True
0x004a16b0,sub_004a16b0,0x004a1710,96,1,aligned_or_padded_ebp_prologue;direct_call_target,True
0x004a1710,sub_004a1710,0x004a1730,32,1,aligned_or_padded_ebp_prologue;direct_call_target,True
0x004a1730,sub_004a1730,0x004a1750,32,1,aligned_or_padded_ebp_prologue;direct_call_target,True
0x004a1750,sub_004a1750,0x004a17d0,128,1,aligned_or_padded_ebp_prologue;direct_call_target,True
0x004a17d0,sub_004a17d0,0x004a17f0,32,1,aligned_or_padded_ebp_prologue;direct_call_target,True
0x004a17f0,sub_004a17f0,0x004a1840,80,1,aligned_or_padded_ebp_prologue;direct_call_target,True
0x004a1840,sub_004a1840,0x004a18a0,96,1,aligned_or_padded_ebp_prologue;direct_call_target,True
0x004a18a0,sub_004a18a0,0x004a1910,112,5,aligned_or_padded_ebp_prologue;direct_call_target,True
0x004a1910,sub_004a1910,0x004a19b0,160,1,aligned_or_padded_ebp_prologue;direct_call_target,True
0x004a19b0,sub_004a19b0,0x004a1a00,80,1,aligned_or_padded_ebp_prologue;direct_call_target,True
0x004a1a00,sub_004a1a00,0x004a1a60,96,1,aligned_or_padded_ebp_prologue;direct_call_target,True
0x004a1a60,sub_004a1a60,0x004a1ac0,96,1,aligned_or_padded_ebp_prologue;direct_call_target,True
0x004a1ac0,sub_004a1ac0,0x004a1b50,144,1,aligned_or_padded_ebp_prologue;direct_call_target,True
0x004a1b50,sub_004a1b50,0x004a1bc0,112,1,aligned_or_padded_ebp_prologue;direct_call_target,True
0x004a1bc0,sub_004a1bc0,0x004a1dc0,512,1,aligned_or_padded_ebp_prologue;direct_call_target,True
0x004a1dc0,sub_004a1dc0,0x004a1e10,80,2,aligned_or_padded_ebp_prologue;direct_call_target,True
0x004a1e10,sub_004a1e10,0x004a1e80,112,2,aligned_or_padded_ebp_prologue;direct_call_target,True
0x004a1e80,sub_004a1e80,0x004a1ef0,112,1,aligned_or_padded_ebp_prologue;direct_call_target,True
0x004a1ef0,sub_004a1ef0,0x004a1f20,48,1,aligned_or_padded_ebp_prologue;direct_call_target,True
0x004a1f20,sub_004a1f20,0x004a1f50,48,1,aligned_or_padded_ebp_prologue;direct_call_target,True
0x004a1f50,sub_004a1f50,0x004a1f80,48,1,aligned_or_padded_ebp_prologue;direct_call_target,True
0x004a1f80,sub_004a1f80,0x004a2080,256,1,aligned_or_padded_ebp_prologue;direct_call_target,True
0x004a2080,sub_004a2080,0x004a21d0,336,1,aligned_or_padded_ebp_prologue;direct_call_target,True
0x004a21d0,sub_004a21d0,0x004a21e0,16,2,aligned_or_padded_ebp_prologue;direct_call_target,True
0x004a21e0,sub_004a21e0,0x004a22b0,208,1,aligned_or_padded_ebp_prologue;direct_call_target,True
0x004a22b0,sub_004a22b0,0x004a2380,208,3,aligned_or_padded_ebp_prologue;direct_call_target,True
0x004a2380,sub_004a2380,0x004a2420,160,2,aligned_or_padded_ebp_prologue;direct_call_target,True
0x004a2420,sub_004a2420,0x004a2470,80,1,aligned_or_padded_ebp_prologue;direct_call_target,True
0x004a2470,sub_004a2470,0x004a24c0,80,1,aligned_or_padded_ebp_prologue;direct_call_target,True
0x004a24c0,sub_004a24c0,0x004a2510,80,1,aligned_or_padded_ebp_prologue;direct_call_target,True
0x004a2510,sub_004a2510,0x004a2560,80,1,aligned_or_padded_ebp_prologue;direct_call_target,True
0x004a2560,sub_004a2560,0x004a2580,32,1,aligned_or_padded_ebp_prologue;direct_call_target,True
0x004a2580,sub_004a2580,0x004a25d0,80,1,aligned_or_padded_ebp_prologue;direct_call_target,True
0x004a25d0,sub_004a25d0,0x004a25f0,32,1,aligned_or_padded_ebp_prologue;direct_call_target,True
0x004a25f0,sub_004a25f0,0x004a2640,80,1,aligned_or_padded_ebp_prologue;direct_call_target,True
0x004a2640,sub_004a2640,0x004a2660,32,1,aligned_or_padded_ebp_prologue;direct_call_target,True
0x004a2660,sub_004a2660,0x004a26b0,80,1,aligned_or_padded_ebp_prologue;direct_call_target,True
0x004a26b0,sub_004a26b0,0x004a26d0,32,3,aligned_or_padded_ebp_prologue;direct_call_target,True
0x004a26d0,sub_004a26d0,0x004a2720,80,1,aligned_or_padded_ebp_prologue;direct_call_target,True
0x004a2720,sub_004a2720,0x004a2790,112,1,aligned_or_padded_ebp_prologue;direct_call_target,True
0x004a2790,sub_004a2790,0x004a2800,112,1,aligned_or_padded_ebp_prologue;direct_call_target,True
0x004a2800,sub_004a2800,0x004a2870,112,9,aligned_or_padded_ebp_prologue;direct_call_target,True
0x004a2870,sub_004a2870,0x004a28c0,80,1,aligned_or_padded_ebp_prologue;direct_call_target,True
0x004a28c0,sub_004a28c0,0x004a2910,80,1,aligned_or_padded_ebp_prologue;direct_call_target,True
0x004a2910,sub_004a2910,0x004a2960,80,1,aligned_or_padded_ebp_prologue;direct_call_target,True
0x004a2960,sub_004a2960,0x004a2980,32,2,aligned_or_padded_ebp_prologue;direct_call_target,True
0x004a2980,sub_004a2980,0x004a29a0,32,1,aligned_or_padded_ebp_prologue;direct_call_target,True
0x004a29a0,sub_004a29a0,0x004a29b0,16,1,aligned_or_padded_ebp_prologue;direct_call_target,True
0x004a29b0,sub_004a29b0,0x004a29c0,16,1,aligned_or_padded_ebp_prologue;direct_call_target,True
0x004a29c0,sub_004a29c0,0x004a29e0,32,1,aligned_or_padded_ebp_prologue;direct_call_target,True
0x004a29e0,sub_004a29e0,0x004a2a20,64,1,aligned_or_padded_ebp_prologue;direct_call_target,True
0x004a2a20,sub_004a2a20,0x004a2a50,48,1,aligned_or_padded_ebp_prologue;direct_call_target,True
0x004a2a50,sub_004a2a50,0x004a2a90,64,1,aligned_or_padded_ebp_prologue;direct_call_target,True
0x004a2a90,sub_004a2a90,0x004a2aa0,16,2,aligned_or_padded_ebp_prologue;direct_call_target,True
0x004a2aa0,sub_004a2aa0,0x004a2ab0,16,1,aligned_or_padded_ebp_prologue;direct_call_target,True
0x004a2ab0,sub_004a2ab0,0x004a2ad0,32,1,aligned_or_padded_ebp_prologue;direct_call_target,True
0x004a2ad0,sub_004a2ad0,0x004a2ae0,16,1,aligned_or_padded_ebp_prologue;direct_call_target,True
0x004a2ae0,sub_004a2ae0,0x004a2b00,32,1,aligned_or_padded_ebp_prologue;direct_call_target,True
0x004a2b00,sub_004a2b00,0x004a2b20,32,1,aligned_or_padded_ebp_prologue;direct_call_target,True
0x004a2b20,sub_004a2b20,0x004a2b70,80,1,aligned_or_padded_ebp_prologue;direct_call_target,True
0x004a2b70,sub_004a2b70,0x004a2c20,176,1,aligned_or_padded_ebp_prologue;direct_call_target,True
0x004a2c20,sub_004a2c20,0x004a2c50,48,2,aligned_or_padded_ebp_prologue;direct_call_target,True
0x004a2c50,sub_004a2c50,0x004a2d30,224,2,aligned_or_padded_ebp_prologue;direct_call_target,True
0x004a2d30,sub_004a2d30,0x004a2d90,96,1,aligned_or_padded_ebp_prologue;direct_call_target,True
0x004a2d90,sub_004a2d90,0x004a2db0,32,1,aligned_or_padded_ebp_prologue;direct_call_target,True
0x004a2db0,sub_004a2db0,0x004a2de0,48,1,aligned_or_padded_ebp_prologue;direct_call_target,True
0x004a2de0,sub_004a2de0,0x004a2e10,48,3,aligned_or_padded_ebp_prologue;direct_call_target,True
0x004a2e10,sub_004a2e10,0x004a2e40,48,2,aligned_or_padded_ebp_prologue;direct_call_target,True
0x004a2e40,sub_004a2e40,0x004a2e80,64,1,aligned_or_padded_ebp_prologue;direct_call_target,True
0x004a2e80,sub_004a2e80,0x004a2fc0,320,1,aligned_or_padded_ebp_prologue;direct_call_target,True
0x004a2fc0,sub_004a2fc0,0x004a3060,160,1,aligned_or_padded_ebp_prologue;direct_call_target,True
0x004a3060,sub_004a3060,0x004a3360,768,1,aligned_or_padded_ebp_prologue;direct_call_target,True
0x004a3360,sub_004a3360,0x004a33c0,96,1,aligned_or_padded_ebp_prologue;direct_call_target,True
0x004a33c0,sub_004a33c0,0x004a34a0,224,1,aligned_or_padded_ebp_prologue;direct_call_target,True
0x004a34a0,sub_004a34a0,0x004a3530,144,1,aligned_or_padded_ebp_prologue;direct_call_target,True
0x004a3530,sub_004a3530,0x004a3580,80,1,aligned_or_padded_ebp_prologue;direct_call_target,True
0x004a3580,sub_004a3580,0x004a35f0,112,2,aligned_or_padded_ebp_prologue;direct_call_target,True
0x004a35f0,sub_004a35f0,0x004a3650,96,1,aligned_or_padded_ebp_prologue;direct_call_target,True
0x004a3650,sub_004a3650,0x004a36d0,128,1,aligned_or_padded_ebp_prologue;direct_call_target,True
0x004a36d0,sub_004a36d0,0x004a3700,48,2,aligned_or_padded_ebp_prologue;direct_call_target,True
0x004a3700,sub_004a3700,0x004a3730,48,1,aligned_or_padded_ebp_prologue;direct_call_target,True
0x004a3730,sub_004a3730,0x004a37b0,128,1,aligned_or_padded_ebp_prologue;direct_call_target,True
0x004a37b0,sub_004a37b0,0x004a37e0,48,1,aligned_or_padded_ebp_prologue;direct_call_target,True
0x004a37e0,sub_004a37e0,0x004a3800,32,1,aligned_or_padded_ebp_prologue;direct_call_target,True
0x004a3800,sub_004a3800,0x004a3820,32,1,aligned_or_padded_ebp_prologue;direct_call_target,True
0x004a3820,sub_004a3820,0x004a3840,32,1,aligned_or_padded_ebp_prologue;direct_call_target,True
0x004a3840,sub_004a3840,0x004a3860,32,1,aligned_or_padded_ebp_prologue;direct_call_target,True
0x004a3860,sub_004a3860,0x004a3880,32,1,aligned_or_padded_ebp_prologue;direct_call_target,True
0x004a3880,sub_004a3880,0x004a38a0,32,1,aligned_or_padded_ebp_prologue;direct_call_target,True
0x004a38a0,sub_004a38a0,0x004a3900,96,1,aligned_or_padded_ebp_prologue;direct_call_target,True
0x004a3900,sub_004a3900,0x004a3920,32,1,aligned_or_padded_ebp_prologue;direct_call_target,True
0x004a3920,sub_004a3920,0x004a3ac0,416,1,aligned_or_padded_ebp_prologue;direct_call_target,True
0x004a3ac0,sub_004a3ac0,0x004a3b10,80,1,aligned_or_padded_ebp_prologue;direct_call_target,True
0x004a3b10,sub_004a3b10,0x004a3ce0,464,1,aligned_or_padded_ebp_prologue;direct_call_target,True
0x004a3ce0,sub_004a3ce0,0x004a3d40,96,2,aligned_or_padded_ebp_prologue;direct_call_target,True
0x004a3d40,sub_004a3d40,0x004a3d80,64,2,aligned_or_padded_ebp_prologue;direct_call_target,True
0x004a3d80,sub_004a3d80,0x004a3de0,96,1,aligned_or_padded_ebp_prologue;direct_call_target,True
0x004a3de0,sub_004a3de0,0x004a3e40,96,1,aligned_or_padded_ebp_prologue;direct_call_target,True
0x004a3e40,sub_004a3e40,0x004a3e60,32,1,aligned_or_padded_ebp_prologue;direct_call_target,True
0x004a3e60,sub_004a3e60,0x004a3ea0,64,2,aligned_or_padded_ebp_prologue;direct_call_target,True
0x004a3ea0,sub_004a3ea0,0x004a3ec0,32,1,aligned_or_padded_ebp_prologue;direct_call_target,True
0x004a3ec0,sub_004a3ec0,0x004a3ee0,32,2,aligned_or_padded_ebp_prologue;direct_call_target,True
0x004a3ee0,sub_004a3ee0,0x004a3f00,32,1,aligned_or_padded_ebp_prologue;direct_call_target,True
0x004a3f00,sub_004a3f00,0x004a3f20,32,1,aligned_or_padded_ebp_prologue;direct_call_target,True
0x004a3f20,sub_004a3f20,0x004a3f80,96,1,aligned_or_padded_ebp_prologue;direct_call_target,True
0x004a3f80,sub_004a3f80,0x004a4000,128,1,aligned_or_padded_ebp_prologue;direct_call_target,True
0x004a4000,sub_004a4000,0x004a4030,48,1,aligned_or_padded_ebp_prologue;direct_call_target,True
0x004a4030,sub_004a4030,0x004a4060,48,1,aligned_or_padded_ebp_prologue;direct_call_target,True
0x004a4060,sub_004a4060,0x004a40a0,64,0,aligned_or_padded_ebp_prologue,True
0x004a40a0,sub_004a40a0,0x004a40e0,64,0,aligned_or_padded_ebp_prologue,True
0x004a40e0,sub_004a40e0,0x004a4120,64,0,aligned_or_padded_ebp_prologue,True
0x004a4120,sub_004a4120,0x004a4150,48,0,aligned_or_padded_ebp_prologue,True
0x004a4150,sub_004a4150,0x004a4190,64,0,aligned_or_padded_ebp_prologue,True
0x004a4190,sub_004a4190,0x004a4810,1664,1,aligned_or_padded_ebp_prologue;direct_call_target,True
0x004a4810,sub_004a4810,0x004a4a20,528,1,aligned_or_padded_ebp_prologue;direct_call_target,True
0x004a4a20,sub_004a4a20,0x004a4c20,512,3,aligned_or_padded_ebp_prologue;direct_call_target,True
0x004a4c20,sub_004a4c20,0x004a4e30,528,1,aligned_or_padded_ebp_prologue;direct_call_target,True
0x004a4e30,sub_004a4e30,0x004a5040,528,1,aligned_or_padded_ebp_prologue;direct_call_target,True
0x004a5040,sub_004a5040,0x004a5320,736,1,aligned_or_padded_ebp_prologue;direct_call_target,True
0x004a5320,sub_004a5320,0x004a5350,48,1,aligned_or_padded_ebp_prologue;direct_call_target,True
0x004a5350,sub_004a5350,0x004a55d0,640,1,aligned_or_padded_ebp_prologue;direct_call_target,True
0x004a55d0,sub_004a55d0,0x004a5640,112,1,aligned_or_padded_ebp_prologue;direct_call_target,True
0x004a5640,sub_004a5640,0x004a5ba0,1376,9,aligned_or_padded_ebp_prologue;direct_call_target,True
0x004a5ba0,sub_004a5ba0,0x004a5be0,64,1,aligned_or_padded_ebp_prologue;direct_call_target,True
0x004a5be0,sub_004a5be0,0x004a5df0,528,0,aligned_or_padded_ebp_prologue,True
0x004a5df0,sub_004a5df0,0x004a7040,4688,1,aligned_or_padded_ebp_prologue;direct_call_target,True
0x004a7040,sub_004a7040,0x004a7080,64,1,aligned_or_padded_ebp_prologue;direct_call_target,True
0x004a7080,sub_004a7080,0x004a7170,240,1,aligned_or_padded_ebp_prologue;direct_call_target,True
0x004a7170,sub_004a7170,0x004a7310,416,1,aligned_or_padded_ebp_prologue;direct_call_target,True
0x004a7310,sub_004a7310,0x004a7360,80,1,aligned_or_padded_ebp_prologue;direct_call_target,True
0x004a7360,sub_004a7360,0x004a73d0,112,5,aligned_or_padded_ebp_prologue;direct_call_target,True
0x004a73d0,sub_004a73d0,0x004a73f0,32,4,aligned_or_padded_ebp_prologue;direct_call_target,True
0x004a73f0,sub_004a73f0,0x004a74d0,224,1,aligned_or_padded_ebp_prologue;direct_call_target,True
0x004a74d0,sub_004a74d0,0x004a7700,560,0,aligned_or_padded_ebp_prologue,True
0x004a7700,sub_004a7700,0x004a7710,16,6,aligned_or_padded_ebp_prologue;direct_call_target,True
0x004a7710,sub_004a7710,0x004a7da0,1680,1,aligned_or_padded_ebp_prologue;direct_call_target,True
0x004a7da0,sub_004a7da0,0x004a80f0,848,8,aligned_or_padded_ebp_prologue;direct_call_target,True
0x004a80f0,sub_004a80f0,0x004a8260,368,4,aligned_or_padded_ebp_prologue;direct_call_target,True
0x004a8260,sub_004a8260,0x004a8760,1280,2,aligned_or_padded_ebp_prologue;direct_call_target,True
0x004a8760,sub_004a8760,0x004a8920,448,2,aligned_or_padded_ebp_prologue;direct_call_target,True
0x004a8920,sub_004a8920,0x004a89c0,160,6,aligned_or_padded_ebp_prologue;direct_call_target,True
0x004a89c0,sub_004a89c0,0x004a8d70,944,1,aligned_or_padded_ebp_prologue;direct_call_target,True
0x004a8d70,sub_004a8d70,0x004a9700,2448,1,aligned_or_padded_ebp_prologue;direct_call_target,True
0x004a9700,sub_004a9700,0x004a9730,48,1,aligned_or_padded_ebp_prologue;direct_call_target,True
0x004a9730,sub_004a9730,0x004a97c0,144,1,aligned_or_padded_ebp_prologue;direct_call_target,True
0x004a97c0,sub_004a97c0,0x004a97f0,48,1,aligned_or_padded_ebp_prologue;direct_call_target,True
0x004a97f0,sub_004a97f0,0x004a9850,96,1,aligned_or_padded_ebp_prologue;direct_call_target,True
0x004a9850,sub_004a9850,0x004a98b0,96,1,aligned_or_padded_ebp_prologue;direct_call_target,True
0x004a98b0,sub_004a98b0,0x004a9960,176,1,aligned_or_padded_ebp_prologue;direct_call_target,True
0x004a9960,sub_004a9960,0x004a9a10,176,1,aligned_or_padded_ebp_prologue;direct_call_target,True
0x004a9a10,sub_004a9a10,0x004a9a40,48,1,aligned_or_padded_ebp_prologue;direct_call_target,True
0x004a9a40,sub_004a9a40,0x004a9a90,80,1,aligned_or_padded_ebp_prologue;direct_call_target,True
0x004a9a90,sub_004a9a90,0x004a9b30,160,1,aligned_or_padded_ebp_prologue;direct_call_target,True
0x004a9b30,sub_004a9b30,0x004a9bd0,160,1,aligned_or_padded_ebp_prologue;direct_call_target,True
0x004a9bd0,sub_004a9bd0,0x004a9c70,160,1,aligned_or_padded_ebp_prologue;direct_call_target,True
0x004a9c70,sub_004a9c70,0x004a9d10,160,1,aligned_or_padded_ebp_prologue;direct_call_target,True
0x004a9d10,sub_004a9d10,0x004a9d40,48,2,aligned_or_padded_ebp_prologue;direct_call_target,True
0x004a9d40,sub_004a9d40,0x004a9d70,48,2,aligned_or_padded_ebp_prologue;direct_call_target,True
0x004a9d70,sub_004a9d70,0x004a9d80,16,1,aligned_or_padded_ebp_prologue;direct_call_target,True
0x004a9d80,sub_004a9d80,0x004a9de0,96,2,aligned_or_padded_ebp_prologue;direct_call_target,True
0x004a9de0,sub_004a9de0,0x004a9e60,128,2,aligned_or_padded_ebp_prologue;direct_call_target,True
0x004a9e60,sub_004a9e60,0x004a9ec0,96,2,aligned_or_padded_ebp_prologue;direct_call_target,False
0x004a9ec0,sub_004a9ec0,0x004a9f20,96,2,aligned_or_padded_ebp_prologue;direct_call_target,True
0x004a9f20,sub_004a9f20,0x004a9f80,96,2,aligned_or_padded_ebp_prologue;direct_call_target,True
0x004a9f80,sub_004a9f80,0x004a9fb0,48,3,aligned_or_padded_ebp_prologue;direct_call_target,True
0x004a9fb0,sub_004a9fb0,0x004aa000,80,6,aligned_or_padded_ebp_prologue;direct_call_target,True
0x004aa000,sub_004aa000,0x004aa050,80,1,aligned_or_padded_ebp_prologue;direct_call_target,True
0x004aa050,sub_004aa050,0x004aa070,32,1,aligned_or_padded_ebp_prologue;direct_call_target,True
0x004aa070,sub_004aa070,0x004aa0b0,64,2,aligned_or_padded_ebp_prologue;direct_call_target,True
0x004aa0b0,sub_004aa0b0,0x004aa0f0,64,1,aligned_or_padded_ebp_prologue;direct_call_target,True
0x004aa0f0,sub_004aa0f0,0x004aa130,64,1,aligned_or_padded_ebp_prologue;direct_call_target,True
0x004aa130,sub_004aa130,0x004aa160,48,2,aligned_or_padded_ebp_prologue;direct_call_target,True
0x004aa160,sub_004aa160,0x004aa1b0,80,1,aligned_or_padded_ebp_prologue;direct_call_target,True
0x004aa1b0,sub_004aa1b0,0x004aa250,160,0,aligned_or_padded_ebp_prologue,True
0x004aa250,sub_004aa250,0x004aa400,432,1,aligned_or_padded_ebp_prologue;direct_call_target,True
0x004aa400,sub_004aa400,0x004aa640,576,1,aligned_or_padded_ebp_prologue;direct_call_target,True
0x004aa640,sub_004aa640,0x004aa670,48,1,aligned_or_padded_ebp_prologue;direct_call_target,True
0x004aa670,sub_004aa670,0x004aa6a0,48,1,aligned_or_padded_ebp_prologue;direct_call_target,True
0x004aa6a0,sub_004aa6a0,0x004aa700,96,1,aligned_or_padded_ebp_prologue;direct_call_target,True
0x004aa700,sub_004aa700,0x004aa770,112,1,aligned_or_padded_ebp_prologue;direct_call_target,True
0x004aa770,sub_004aa770,0x004aa7f0,128,1,aligned_or_padded_ebp_prologue;direct_call_target,True
0x004aa7f0,sub_004aa7f0,0x004aa810,32,1,aligned_or_padded_ebp_prologue;direct_call_target,True
0x004aa810,sub_004aa810,0x004aa870,96,2,aligned_or_padded_ebp_prologue;direct_call_target,True
0x004aa870,sub_004aa870,0x004aa8d0,96,3,aligned_or_padded_ebp_prologue;direct_call_target,True
0x004aa8d0,sub_004aa8d0,0x004aa930,96,3,aligned_or_padded_ebp_prologue;direct_call_target,True
0x004aa930,sub_004aa930,0x004aa940,16,0,aligned_or_padded_ebp_prologue,True
0x004aa940,sub_004aa940,0x004aa960,32,1,aligned_or_padded_ebp_prologue;direct_call_target,True
0x004aa960,sub_004aa960,0x004aa980,32,1,aligned_or_padded_ebp_prologue;direct_call_target,True
0x004aa980,sub_004aa980,0x004aa9b0,48,19,aligned_or_padded_ebp_prologue;direct_call_target,True
0x004aa9b0,sub_004aa9b0,0x004aa9e0,48,1,aligned_or_padded_ebp_prologue;direct_call_target,True
0x004aa9e0,sub_004aa9e0,0x004aaa10,48,14,aligned_or_padded_ebp_prologue;direct_call_target,True
0x004aaa10,sub_004aaa10,0x004aaa40,48,1,aligned_or_padded_ebp_prologue;direct_call_target,True
0x004aaa40,sub_004aaa40,0x004aaa60,32,2,aligned_or_padded_ebp_prologue;direct_call_target,True
0x004aaa60,sub_004aaa60,0x004aaa80,32,5,aligned_or_padded_ebp_prologue;direct_call_target,True
0x004aaa80,sub_004aaa80,0x004aaac0,64,1,aligned_or_padded_ebp_prologue;direct_call_target,True
0x004aaac0,sub_004aaac0,0x004aab10,80,14,aligned_or_padded_ebp_prologue;direct_call_target,True
0x004aab10,sub_004aab10,0x004aab70,96,1,aligned_or_padded_ebp_prologue;direct_call_target,True
0x004aab70,sub_004aab70,0x004aabd0,96,1,aligned_or_padded_ebp_prologue;direct_call_target,True
0x004aabd0,sub_004aabd0,0x004aabf0,32,15,aligned_or_padded_ebp_prologue;direct_call_target,True
0x004aabf0,sub_004aabf0,0x004aac00,16,1,aligned_or_padded_ebp_prologue;direct_call_target,True
0x004aac00,sub_004aac00,0x004aad90,400,7,aligned_or_padded_ebp_prologue;direct_call_target,True
0x004aad90,sub_004aad90,0x004aadb0,32,1,aligned_or_padded_ebp_prologue;direct_call_target,True
0x004aadb0,sub_004aadb0,0x004aadf0,64,3,aligned_or_padded_ebp_prologue;direct_call_target,True
0x004aadf0,sub_004aadf0,0x004aae10,32,1,aligned_or_padded_ebp_prologue;direct_call_target,True
0x004aae10,sub_004aae10,0x004aaeb0,160,25,aligned_or_padded_ebp_prologue;direct_call_target,True
0x004aaeb0,sub_004aaeb0,0x004aaf50,160,1,aligned_or_padded_ebp_prologue;direct_call_target,True
0x004aaf50,sub_004aaf50,0x004aafa0,80,2,aligned_or_padded_ebp_prologue;direct_call_target,True
0x004aafa0,sub_004aafa0,0x004aafb0,16,8,aligned_or_padded_ebp_prologue;direct_call_target,True
0x004aafb0,sub_004aafb0,0x004aafe0,48,126,aligned_or_padded_ebp_prologue;direct_call_target,True
0x004aafe0,sub_004aafe0,0x004ab010,48,2,aligned_or_padded_ebp_prologue;direct_call_target,True
0x004ab010,sub_004ab010,0x004ab040,48,1,aligned_or_padded_ebp_prologue;direct_call_target,True
0x004ab040,sub_004ab040,0x004ab070,48,1,aligned_or_padded_ebp_prologue;direct_call_target,True
0x004ab070,sub_004ab070,0x004ab080,16,0,aligned_or_padded_ebp_prologue,True
0x004ab080,sub_004ab080,0x004ab0b0,48,232,aligned_or_padded_ebp_prologue;direct_call_target,True
0x004ab0b0,sub_004ab0b0,0x004ab0e0,48,3,aligned_or_padded_ebp_prologue;direct_call_target,True
0x004ab0e0,sub_004ab0e0,0x004ab110,48,1,aligned_or_padded_ebp_prologue;direct_call_target,True
0x004ab110,sub_004ab110,0x004ab140,48,1,aligned_or_padded_ebp_prologue;direct_call_target,True
0x004ab140,sub_004ab140,0x004ab1b0,112,2,aligned_or_padded_ebp_prologue;direct_call_target,True
0x004ab1b0,sub_004ab1b0,0x004ab240,144,1,aligned_or_padded_ebp_prologue;direct_call_target,True
0x004ab240,sub_004ab240,0x004ab270,48,1,aligned_or_padded_ebp_prologue;direct_call_target,True
0x004ab270,sub_004ab270,0x004ab290,32,3,aligned_or_padded_ebp_prologue;direct_call_target,True
0x004ab290,sub_004ab290,0x004ab2b0,32,1,aligned_or_padded_ebp_prologue;direct_call_target,True
0x004ab2b0,sub_004ab2b0,0x004ab2e0,48,1,aligned_or_padded_ebp_prologue;direct_call_target,True
0x004ab2e0,sub_004ab2e0,0x004ab300,32,3,aligned_or_padded_ebp_prologue;direct_call_target,True
0x004ab300,sub_004ab300,0x004ab320,32,1,aligned_or_padded_ebp_prologue;direct_call_target,True
0x004ab320,sub_004ab320,0x004ab340,32,4,aligned_or_padded_ebp_prologue;direct_call_target,True
0x004ab340,sub_004ab340,0x004ab380,64,1,aligned_or_padded_ebp_prologue;direct_call_target,True
0x004ab380,sub_004ab380,0x004ab3a0,32,2,aligned_or_padded_ebp_prologue;direct_call_target,True
0x004ab3a0,sub_004ab3a0,0x004ab3c0,32,1,aligned_or_padded_ebp_prologue;direct_call_target,True
0x004ab3c0,sub_004ab3c0,0x004ab3e0,32,1,aligned_or_padded_ebp_prologue;direct_call_target,True
0x004ab3e0,sub_004ab3e0,0x004ab400,32,1,aligned_or_padded_ebp_prologue;direct_call_target,True
0x004ab400,sub_004ab400,0x004ab440,64,1,aligned_or_padded_ebp_prologue;direct_call_target,True
0x004ab440,sub_004ab440,0x004ab480,64,2,aligned_or_padded_ebp_prologue;direct_call_target,True
0x004ab480,sub_004ab480,0x004ab4c0,64,2,aligned_or_padded_ebp_prologue;direct_call_target,True
0x004ab4c0,sub_004ab4c0,0x004ab570,176,1,aligned_or_padded_ebp_prologue;direct_call_target,True
0x004ab570,sub_004ab570,0x004ab590,32,2,aligned_or_padded_ebp_prologue;direct_call_target,True
0x004ab590,sub_004ab590,0x004ab5b0,32,2,aligned_or_padded_ebp_prologue;direct_call_target,True
0x004ab5b0,sub_004ab5b0,0x004ab610,96,2,aligned_or_padded_ebp_prologue;direct_call_target,True
0x004ab610,sub_004ab610,0x004ab630,32,6,aligned_or_padded_ebp_prologue;direct_call_target,True
0x004ab630,sub_004ab630,0x004ab650,32,2,aligned_or_padded_ebp_prologue;direct_call_target,True
0x004ab650,sub_004ab650,0x004ab780,304,5,aligned_or_padded_ebp_prologue;direct_call_target,True
0x004ab780,sub_004ab780,0x004ab820,160,3,aligned_or_padded_ebp_prologue;direct_call_target,True
0x004ab820,sub_004ab820,0x004ab850,48,1,aligned_or_padded_ebp_prologue;direct_call_target,True
0x004ab850,sub_004ab850,0x004ab880,48,2,aligned_or_padded_ebp_prologue;direct_call_target,True
0x004ab880,sub_004ab880,0x004ab8b0,48,2,aligned_or_padded_ebp_prologue;direct_call_target,True
0x004ab8b0,sub_004ab8b0,0x004ab8f0,64,1,aligned_or_padded_ebp_prologue;direct_call_target,True
0x004ab8f0,sub_004ab8f0,0x004ab930,64,1,aligned_or_padded_ebp_prologue;direct_call_target,True
0x004ab930,sub_004ab930,0x004ab970,64,1,aligned_or_padded_ebp_prologue;direct_call_target,True
0x004ab970,sub_004ab970,0x004ab9d0,96,1,aligned_or_padded_ebp_prologue;direct_call_target,True
0x004ab9d0,sub_004ab9d0,0x004ab9f0,32,1,aligned_or_padded_ebp_prologue;direct_call_target,True
0x004ab9f0,sub_004ab9f0,0x004aba00,16,1,aligned_or_padded_ebp_prologue;direct_call_target,True
0x004aba00,sub_004aba00,0x004aba30,48,2,aligned_or_padded_ebp_prologue;direct_call_target,True
0x004aba30,sub_004aba30,0x004aba70,64,1,aligned_or_padded_ebp_prologue;direct_call_target,True
0x004aba70,sub_004aba70,0x004abad0,96,1,aligned_or_padded_ebp_prologue;direct_call_target,True
0x004abad0,sub_004abad0,0x004abb20,80,1,aligned_or_padded_ebp_prologue;direct_call_target,True
0x004abb20,sub_004abb20,0x004abb60,64,1,aligned_or_padded_ebp_prologue;direct_call_target,True
0x004abb60,sub_004abb60,0x004abb80,32,1,aligned_or_padded_ebp_prologue;direct_call_target,True
0x004abb80,sub_004abb80,0x004abc90,272,1,aligned_or_padded_ebp_prologue;direct_call_target,True
0x004abc90,sub_004abc90,0x004abd10,128,1,aligned_or_padded_ebp_prologue;direct_call_target,True
0x004abd10,sub_004abd10,0x004abd50,64,0,aligned_or_padded_ebp_prologue,True
0x004abd50,sub_004abd50,0x004abf30,480,1,aligned_or_padded_ebp_prologue;direct_call_target,True
0x004abf30,sub_004abf30,0x004ac080,336,1,aligned_or_padded_ebp_prologue;direct_call_target,True
0x004ac080,sub_004ac080,0x004ac0b0,48,1,aligned_or_padded_ebp_prologue;direct_call_target,True
0x004ac0b0,sub_004ac0b0,0x004ac0c0,16,0,aligned_or_padded_ebp_prologue,True
0x004ac0c0,sub_004ac0c0,0x004ac0e0,32,17,aligned_or_padded_ebp_prologue;direct_call_target,True
0x004ac0e0,sub_004ac0e0,0x004ac160,128,1,aligned_or_padded_ebp_prologue;direct_call_target,True
0x004ac160,sub_004ac160,0x004ac170,16,1,aligned_or_padded_ebp_prologue;direct_call_target,True
0x004ac170,sub_004ac170,0x004ac1a0,48,1,aligned_or_padded_ebp_prologue;direct_call_target,True
0x004ac1a0,sub_004ac1a0,0x004ac200,96,1,aligned_or_padded_ebp_prologue;direct_call_target,True
0x004ac200,sub_004ac200,0x004ac230,48,1,aligned_or_padded_ebp_prologue;direct_call_target,True
0x004ac230,sub_004ac230,0x004ac260,48,1,aligned_or_padded_ebp_prologue;direct_call_target,True
0x004ac260,sub_004ac260,0x004ac270,16,1,aligned_or_padded_ebp_prologue;direct_call_target,True
0x004ac270,sub_004ac270,0x004ac290,32,10,aligned_or_padded_ebp_prologue;direct_call_target,True
0x004ac290,sub_004ac290,0x004ac2b0,32,0,aligned_or_padded_ebp_prologue,True
0x004ac2b0,sub_004ac2b0,0x004ac2e0,48,1,aligned_or_padded_ebp_prologue;direct_call_target,True
0x004ac2e0,sub_004ac2e0,0x004ac320,64,3,aligned_or_padded_ebp_prologue;direct_call_target,True
0x004ac320,sub_004ac320,0x004ac360,64,3,aligned_or_padded_ebp_prologue;direct_call_target,True
0x004ac360,sub_004ac360,0x004ac3a0,64,3,aligned_or_padded_ebp_prologue;direct_call_target,True
0x004ac3a0,sub_004ac3a0,0x004ac3e0,64,3,aligned_or_padded_ebp_prologue;direct_call_target,True
0x004ac3e0,sub_004ac3e0,0x004ac420,64,3,aligned_or_padded_ebp_prologue;direct_call_target,True
0x004ac420,sub_004ac420,0x004ac460,64,3,aligned_or_padded_ebp_prologue;direct_call_target,True
0x004ac460,sub_004ac460,0x004ac490,48,3,aligned_or_padded_ebp_prologue;direct_call_target,True
0x004ac490,sub_004ac490,0x004ac4c0,48,3,aligned_or_padded_ebp_prologue;direct_call_target,True
0x004ac4c0,sub_004ac4c0,0x004ac4f0,48,3,aligned_or_padded_ebp_prologue;direct_call_target,True
0x004ac4f0,sub_004ac4f0,0x004ac520,48,3,aligned_or_padded_ebp_prologue;direct_call_target,True
0x004ac520,sub_004ac520,0x004ac550,48,3,aligned_or_padded_ebp_prologue;direct_call_target,True
0x004ac550,sub_004ac550,0x004ac590,64,3,aligned_or_padded_ebp_prologue;direct_call_target,True
0x004ac590,sub_004ac590,0x004ac5d0,64,3,aligned_or_padded_ebp_prologue;direct_call_target,True
0x004ac5d0,sub_004ac5d0,0x004ac610,64,3,aligned_or_padded_ebp_prologue;direct_call_target,True
0x004ac610,sub_004ac610,0x004ac650,64,3,aligned_or_padded_ebp_prologue;direct_call_target,True
0x004ac650,sub_004ac650,0x004ac690,64,3,aligned_or_padded_ebp_prologue;direct_call_target,True
0x004ac690,sub_004ac690,0x004ac6c0,48,3,aligned_or_padded_ebp_prologue;direct_call_target,True
0x004ac6c0,sub_004ac6c0,0x004ac6f0,48,3,aligned_or_padded_ebp_prologue;direct_call_target,True
0x004ac6f0,sub_004ac6f0,0x004ac720,48,3,aligned_or_padded_ebp_prologue;direct_call_target,True
0x004ac720,sub_004ac720,0x004ac760,64,3,aligned_or_padded_ebp_prologue;direct_call_target,True
0x004ac760,sub_004ac760,0x004ac7a0,64,3,aligned_or_padded_ebp_prologue;direct_call_target,True
0x004ac7a0,sub_004ac7a0,0x004ac7f0,80,1,aligned_or_padded_ebp_prologue;direct_call_target,True
0x004ac7f0,sub_004ac7f0,0x004ac840,80,1,aligned_or_padded_ebp_prologue;direct_call_target,True
0x004ac840,sub_004ac840,0x004ac890,80,1,aligned_or_padded_ebp_prologue;direct_call_target,True
0x004ac890,sub_004ac890,0x004ac8e0,80,1,aligned_or_padded_ebp_prologue;direct_call_target,True
0x004ac8e0,sub_004ac8e0,0x004ac920,64,3,aligned_or_padded_ebp_prologue;direct_call_target,True
0x004ac920,sub_004ac920,0x004ac960,64,3,aligned_or_padded_ebp_prologue;direct_call_target,True
0x004ac960,sub_004ac960,0x004ac9a0,64,3,aligned_or_padded_ebp_prologue;direct_call_target,True
0x004ac9a0,sub_004ac9a0,0x004aca10,112,1,aligned_or_padded_ebp_prologue;direct_call_target,True
0x004aca10,sub_004aca10,0x004aca80,112,1,aligned_or_padded_ebp_prologue;direct_call_target,True
0x004aca80,sub_004aca80,0x004acaf0,112,1,aligned_or_padded_ebp_prologue;direct_call_target,True
0x004acaf0,sub_004acaf0,0x004acb60,112,1,aligned_or_padded_ebp_prologue;direct_call_target,True
0x004acb60,sub_004acb60,0x004acbd0,112,1,aligned_or_padded_ebp_prologue;direct_call_target,True
0x004acbd0,sub_004acbd0,0x004acc40,112,1,aligned_or_padded_ebp_prologue;direct_call_target,True
0x004acc40,sub_004acc40,0x004accb0,112,1,aligned_or_padded_ebp_prologue;direct_call_target,True
0x004accb0,sub_004accb0,0x004acd20,112,1,aligned_or_padded_ebp_prologue;direct_call_target,True
0x004acd20,sub_004acd20,0x004acd90,112,1,aligned_or_padded_ebp_prologue;direct_call_target,True
0x004acd90,sub_004acd90,0x004ace00,112,1,aligned_or_padded_ebp_prologue;direct_call_target,True
0x004ace00,sub_004ace00,0x004ace70,112,1,aligned_or_padded_ebp_prologue;direct_call_target,True
0x004ace70,sub_004ace70,0x004acee0,112,1,aligned_or_padded_ebp_prologue;direct_call_target,True
0x004acee0,sub_004acee0,0x004acf50,112,1,aligned_or_padded_ebp_prologue;direct_call_target,True
0x004acf50,sub_004acf50,0x004acfc0,112,1,aligned_or_padded_ebp_prologue;direct_call_target,True
0x004acfc0,sub_004acfc0,0x004ad030,112,1,aligned_or_padded_ebp_prologue;direct_call_target,True
0x004ad030,sub_004ad030,0x004ad0a0,112,1,aligned_or_padded_ebp_prologue;direct_call_target,True
0x004ad0a0,sub_004ad0a0,0x004ad110,112,1,aligned_or_padded_ebp_prologue;direct_call_target,True
0x004ad110,sub_004ad110,0x004ad180,112,1,aligned_or_padded_ebp_prologue;direct_call_target,True
0x004ad180,sub_004ad180,0x004ad1f0,112,1,aligned_or_padded_ebp_prologue;direct_call_target,True
0x004ad1f0,sub_004ad1f0,0x004ad260,112,1,aligned_or_padded_ebp_prologue;direct_call_target,True
0x004ad260,sub_004ad260,0x004ad2d0,112,1,aligned_or_padded_ebp_prologue;direct_call_target,True
0x004ad2d0,sub_004ad2d0,0x004ad320,80,1,aligned_or_padded_ebp_prologue;direct_call_target,True
0x004ad320,sub_004ad320,0x004ad390,112,1,aligned_or_padded_ebp_prologue;direct_call_target,True
0x004ad390,sub_004ad390,0x004ad3e0,80,1,aligned_or_padded_ebp_prologue;direct_call_target,True
0x004ad3e0,sub_004ad3e0,0x004ad450,112,1,aligned_or_padded_ebp_prologue;direct_call_target,True
0x004ad450,sub_004ad450,0x004ad4a0,80,1,aligned_or_padded_ebp_prologue;direct_call_target,True
0x004ad4a0,sub_004ad4a0,0x004ad510,112,1,aligned_or_padded_ebp_prologue;direct_call_target,True
0x004ad510,sub_004ad510,0x004ad560,80,1,aligned_or_padded_ebp_prologue;direct_call_target,True
0x004ad560,sub_004ad560,0x004ad5d0,112,1,aligned_or_padded_ebp_prologue;direct_call_target,True
0x004ad5d0,sub_004ad5d0,0x004ad640,112,1,aligned_or_padded_ebp_prologue;direct_call_target,True
0x004ad640,sub_004ad640,0x004ad6b0,112,1,aligned_or_padded_ebp_prologue;direct_call_target,True
0x004ad6b0,sub_004ad6b0,0x004ad720,112,1,aligned_or_padded_ebp_prologue;direct_call_target,True
0x004ad720,sub_004ad720,0x004ad770,80,1,aligned_or_padded_ebp_prologue;direct_call_target,True
0x004ad770,sub_004ad770,0x004ad7f0,128,2,aligned_or_padded_ebp_prologue;direct_call_target,True
0x004ad7f0,sub_004ad7f0,0x004ad810,32,1,aligned_or_padded_ebp_prologue;direct_call_target,True
0x004ad810,sub_004ad810,0x004ad830,32,1,aligned_or_padded_ebp_prologue;direct_call_target,True
0x004ad830,sub_004ad830,0x004ad8e0,176,1,aligned_or_padded_ebp_prologue;direct_call_target,True
0x004ad8e0,sub_004ad8e0,0x004ad990,176,1,aligned_or_padded_ebp_prologue;direct_call_target,True
0x004ad990,sub_004ad990,0x004ada40,176,1,aligned_or_padded_ebp_prologue;direct_call_target,True
0x004ada40,sub_004ada40,0x004adaf0,176,1,aligned_or_padded_ebp_prologue;direct_call_target,True
0x004adaf0,sub_004adaf0,0x004adba0,176,1,aligned_or_padded_ebp_prologue;direct_call_target,True
0x004adba0,sub_004adba0,0x004adc50,176,1,aligned_or_padded_ebp_prologue;direct_call_target,True
0x004adc50,sub_004adc50,0x004add00,176,1,aligned_or_padded_ebp_prologue;direct_call_target,True
0x004add00,sub_004add00,0x004addb0,176,1,aligned_or_padded_ebp_prologue;direct_call_target,True
0x004addb0,sub_004addb0,0x004ade10,96,1,aligned_or_padded_ebp_prologue;direct_call_target,True
0x004ade10,sub_004ade10,0x004ade70,96,1,aligned_or_padded_ebp_prologue;direct_call_target,True
0x004ade70,sub_004ade70,0x004aded0,96,1,aligned_or_padded_ebp_prologue;direct_call_target,True
0x004aded0,sub_004aded0,0x004adf30,96,1,aligned_or_padded_ebp_prologue;direct_call_target,True
0x004adf30,sub_004adf30,0x004adf90,96,1,aligned_or_padded_ebp_prologue;direct_call_target,True
0x004adf90,sub_004adf90,0x004adff0,96,1,aligned_or_padded_ebp_prologue;direct_call_target,True
0x004adff0,sub_004adff0,0x004ae050,96,1,aligned_or_padded_ebp_prologue;direct_call_target,True
0x004ae050,sub_004ae050,0x004ae0b0,96,1,aligned_or_padded_ebp_prologue;direct_call_target,True
0x004ae0b0,sub_004ae0b0,0x004ae110,96,1,aligned_or_padded_ebp_prologue;direct_call_target,True
0x004ae110,sub_004ae110,0x004ae170,96,1,aligned_or_padded_ebp_prologue;direct_call_target,True
0x004ae170,sub_004ae170,0x004ae1d0,96,1,aligned_or_padded_ebp_prologue;direct_call_target,True
0x004ae1d0,sub_004ae1d0,0x004ae230,96,1,aligned_or_padded_ebp_prologue;direct_call_target,True
0x004ae230,sub_004ae230,0x004ae290,96,1,aligned_or_padded_ebp_prologue;direct_call_target,True
0x004ae290,sub_004ae290,0x004ae2f0,96,1,aligned_or_padded_ebp_prologue;direct_call_target,True
0x004ae2f0,sub_004ae2f0,0x004ae350,96,1,aligned_or_padded_ebp_prologue;direct_call_target,True
0x004ae350,sub_004ae350,0x004ae3b0,96,1,aligned_or_padded_ebp_prologue;direct_call_target,True
0x004ae3b0,sub_004ae3b0,0x004ae410,96,1,aligned_or_padded_ebp_prologue;direct_call_target,True
0x004ae410,sub_004ae410,0x004ae470,96,1,aligned_or_padded_ebp_prologue;direct_call_target,True
0x004ae470,sub_004ae470,0x004ae4d0,96,1,aligned_or_padded_ebp_prologue;direct_call_target,True
0x004ae4d0,sub_004ae4d0,0x004ae530,96,1,aligned_or_padded_ebp_prologue;direct_call_target,True
0x004ae530,sub_004ae530,0x004ae590,96,1,aligned_or_padded_ebp_prologue;direct_call_target,True
0x004ae590,sub_004ae590,0x004ae5e0,80,1,aligned_or_padded_ebp_prologue;direct_call_target,True
0x004ae5e0,sub_004ae5e0,0x004ae630,80,1,aligned_or_padded_ebp_prologue;direct_call_target,True
0x004ae630,sub_004ae630,0x004ae680,80,1,aligned_or_padded_ebp_prologue;direct_call_target,True
0x004ae680,sub_004ae680,0x004ae6d0,80,1,aligned_or_padded_ebp_prologue;direct_call_target,True
0x004ae6d0,sub_004ae6d0,0x004ae730,96,1,aligned_or_padded_ebp_prologue;direct_call_target,True
0x004ae730,sub_004ae730,0x004ae790,96,1,aligned_or_padded_ebp_prologue;direct_call_target,True
0x004ae790,sub_004ae790,0x004ae7f0,96,1,aligned_or_padded_ebp_prologue;direct_call_target,True
0x004ae7f0,sub_004ae7f0,0x004ae830,64,1,aligned_or_padded_ebp_prologue;direct_call_target,True
0x004ae830,sub_004ae830,0x004ae8a0,112,4,aligned_or_padded_ebp_prologue;direct_call_target,True
0x004ae8a0,sub_004ae8a0,0x004ae930,144,1,aligned_or_padded_ebp_prologue;direct_call_target,True
0x004ae930,sub_004ae930,0x004ae9d0,160,1,aligned_or_padded_ebp_prologue;direct_call_target,True
0x004ae9d0,sub_004ae9d0,0x004ae9f0,32,5,aligned_or_padded_ebp_prologue;direct_call_target,True
0x004ae9f0,sub_004ae9f0,0x004aea00,16,1,aligned_or_padded_ebp_prologue;direct_call_target,True
0x004aea00,sub_004aea00,0x004aea10,16,1,aligned_or_padded_ebp_prologue;direct_call_target,True
0x004aea10,sub_004aea10,0x004aea20,16,1,aligned_or_padded_ebp_prologue;direct_call_target,True
0x004aea20,sub_004aea20,0x004aea30,16,1,aligned_or_padded_ebp_prologue;direct_call_target,True
0x004aea30,sub_004aea30,0x004aea40,16,1,aligned_or_padded_ebp_prologue;direct_call_target,True
0x004aea40,sub_004aea40,0x004aea50,16,1,aligned_or_padded_ebp_prologue;direct_call_target,True
0x004aea50,sub_004aea50,0x004aea60,16,1,aligned_or_padded_ebp_prologue;direct_call_target,True
0x004aea60,sub_004aea60,0x004aea70,16,1,aligned_or_padded_ebp_prologue;direct_call_target,True
0x004aea70,sub_004aea70,0x004aea80,16,1,aligned_or_padded_ebp_prologue;direct_call_target,True
0x004aea80,sub_004aea80,0x004aea90,16,1,aligned_or_padded_ebp_prologue;direct_call_target,True
0x004aea90,sub_004aea90,0x004aeaa0,16,1,aligned_or_padded_ebp_prologue;direct_call_target,True
0x004aeaa0,sub_004aeaa0,0x004aeab0,16,1,aligned_or_padded_ebp_prologue;direct_call_target,True
0x004aeab0,sub_004aeab0,0x004aeac0,16,1,aligned_or_padded_ebp_prologue;direct_call_target,True
0x004aeac0,sub_004aeac0,0x004aead0,16,1,aligned_or_padded_ebp_prologue;direct_call_target,True
0x004aead0,sub_004aead0,0x004aeae0,16,1,aligned_or_padded_ebp_prologue;direct_call_target,True
0x004aeae0,sub_004aeae0,0x004aeaf0,16,1,aligned_or_padded_ebp_prologue;direct_call_target,True
0x004aeaf0,sub_004aeaf0,0x004aeb00,16,1,aligned_or_padded_ebp_prologue;direct_call_target,True
0x004aeb00,sub_004aeb00,0x004aeb10,16,1,aligned_or_padded_ebp_prologue;direct_call_target,True
0x004aeb10,sub_004aeb10,0x004aeb20,16,1,aligned_or_padded_ebp_prologue;direct_call_target,True
0x004aeb20,sub_004aeb20,0x004aeb30,16,1,aligned_or_padded_ebp_prologue;direct_call_target,True
0x004aeb30,sub_004aeb30,0x004aeb40,16,1,aligned_or_padded_ebp_prologue;direct_call_target,True
0x004aeb40,sub_004aeb40,0x004aebf0,176,0,aligned_or_padded_ebp_prologue,True
0x004aebf0,sub_004aebf0,0x004aec90,160,1,aligned_or_padded_ebp_prologue;direct_call_target,True
0x004aec90,sub_004aec90,0x004aece0,80,1,aligned_or_padded_ebp_prologue;direct_call_target,True
0x004aece0,sub_004aece0,0x004aed10,48,0,aligned_or_padded_ebp_prologue,True
0x004aed10,sub_004aed10,0x004aed50,64,2,aligned_or_padded_ebp_prologue;direct_call_target,True
0x004aed50,sub_004aed50,0x004aeda0,80,1,aligned_or_padded_ebp_prologue;direct_call_target,True
0x004aeda0,sub_004aeda0,0x004aedf0,80,1,aligned_or_padded_ebp_prologue;direct_call_target,True
0x004aedf0,sub_004aedf0,0x004aee40,80,3,aligned_or_padded_ebp_prologue;direct_call_target,True
0x004aee40,sub_004aee40,0x004aee90,80,2,aligned_or_padded_ebp_prologue;direct_call_target,True
0x004aee90,sub_004aee90,0x004aeee0,80,1,aligned_or_padded_ebp_prologue;direct_call_target,True
0x004aeee0,sub_004aeee0,0x004aef00,32,2,aligned_or_padded_ebp_prologue;direct_call_target,True
0x004aef00,sub_004aef00,0x004aef90,144,14,aligned_or_padded_ebp_prologue;direct_call_target,True
0x004aef90,sub_004aef90,0x004af310,896,1,aligned_or_padded_ebp_prologue;direct_call_target,True
0x004af310,sub_004af310,0x004af9e0,1744,1,aligned_or_padded_ebp_prologue;direct_call_target,True
0x004af9e0,sub_004af9e0,0x004afa50,112,1,aligned_or_padded_ebp_prologue;direct_call_target,True
0x004afa50,sub_004afa50,0x004afa70,32,2,aligned_or_padded_ebp_prologue;direct_call_target,True
0x004afa70,sub_004afa70,0x004afaa0,48,14,aligned_or_padded_ebp_prologue;direct_call_target,True
0x004afaa0,sub_004afaa0,0x004afc00,352,1,aligned_or_padded_ebp_prologue;direct_call_target,True
0x004afc00,sub_004afc00,0x004afcf0,240,1,aligned_or_padded_ebp_prologue;direct_call_target,True
0x004afcf0,sub_004afcf0,0x004afd60,112,1,aligned_or_padded_ebp_prologue;direct_call_target,True
0x004afd60,sub_004afd60,0x004afdc0,96,1,aligned_or_padded_ebp_prologue;direct_call_target,True
0x004afdc0,sub_004afdc0,0x004afe20,96,1,aligned_or_padded_ebp_prologue;direct_call_target,True
0x004afe20,sub_004afe20,0x004afe80,96,1,aligned_or_padded_ebp_prologue;direct_call_target,True
0x004afe80,sub_004afe80,0x004afee0,96,1,aligned_or_padded_ebp_prologue;direct_call_target,True
0x004afee0,sub_004afee0,0x004aff10,48,1,aligned_or_padded_ebp_prologue;direct_call_target,True
0x004aff10,sub_004aff10,0x004aff30,32,1,aligned_or_padded_ebp_prologue;direct_call_target,True
0x004aff30,sub_004aff30,0x004aff50,32,1,aligned_or_padded_ebp_prologue;direct_call_target,True
0x004aff50,sub_004aff50,0x004aff70,32,1,aligned_or_padded_ebp_prologue;direct_call_target,True
0x004aff70,sub_004aff70,0x004aff90,32,1,aligned_or_padded_ebp_prologue;direct_call_target,True
0x004aff90,sub_004aff90,0x004affb0,32,1,aligned_or_padded_ebp_prologue;direct_call_target,True
0x004affb0,sub_004affb0,0x004afff0,64,1,aligned_or_padded_ebp_prologue;direct_call_target,True
0x004afff0,sub_004afff0,0x004b00b0,192,1,aligned_or_padded_ebp_prologue;direct_call_target,True
0x004b00b0,sub_004b00b0,0x004b0170,192,1,aligned_or_padded_ebp_prologue;direct_call_target,True
0x004b0170,sub_004b0170,0x004b0290,288,1,aligned_or_padded_ebp_prologue;direct_call_target,True
0x004b0290,sub_004b0290,0x004b0360,208,1,aligned_or_padded_ebp_prologue;direct_call_target,True
0x004b0360,sub_004b0360,0x004b0480,288,1,aligned_or_padded_ebp_prologue;direct_call_target,True
0x004b0480,sub_004b0480,0x004b0550,208,1,aligned_or_padded_ebp_prologue;direct_call_target,True
0x004b0550,sub_004b0550,0x004b05c0,112,1,aligned_or_padded_ebp_prologue;direct_call_target,True
0x004b05c0,sub_004b05c0,0x004b0630,112,1,aligned_or_padded_ebp_prologue;direct_call_target,True
0x004b0630,sub_004b0630,0x004b06a0,112,1,aligned_or_padded_ebp_prologue;direct_call_target,True
0x004b06a0,sub_004b06a0,0x004b06e0,64,0,aligned_or_padded_ebp_prologue,True
0x004b06e0,sub_004b06e0,0x004b0720,64,1,aligned_or_padded_ebp_prologue;direct_call_target,True
0x004b0720,sub_004b0720,0x004b2c90,9584,1,aligned_or_padded_ebp_prologue;direct_call_target,True
0x004b2c90,sub_004b2c90,0x004b4450,6080,1,aligned_or_padded_ebp_prologue;direct_call_target,False
0x004b4450,sub_004b4450,0x004b4490,64,1,aligned_or_padded_ebp_prologue;direct_call_target,True
0x004b4490,sub_004b4490,0x004b4730,672,1,aligned_or_padded_ebp_prologue;direct_call_target,True
0x004b4730,sub_004b4730,0x004b5790,4192,1,aligned_or_padded_ebp_prologue;direct_call_target,True
0x004b5790,sub_004b5790,0x004b57d0,64,1,aligned_or_padded_ebp_prologue;direct_call_target,True
0x004b57d0,sub_004b57d0,0x004b5820,80,1,aligned_or_padded_ebp_prologue;direct_call_target,True
0x004b5820,sub_004b5820,0x004b58e0,192,1,aligned_or_padded_ebp_prologue;direct_call_target,True
0x004b58e0,sub_004b58e0,0x004b5900,32,5,aligned_or_padded_ebp_prologue;direct_call_target,True
0x004b5900,sub_004b5900,0x004b5920,32,1,aligned_or_padded_ebp_prologue;direct_call_target,True
0x004b5920,sub_004b5920,0x004b5960,64,1,aligned_or_padded_ebp_prologue;direct_call_target,True
0x004b5960,sub_004b5960,0x004b5ae0,384,2,aligned_or_padded_ebp_prologue;direct_call_target,True
0x004b5ae0,sub_004b5ae0,0x004b5b60,128,1,aligned_or_padded_ebp_prologue;direct_call_target,True
0x004b5b60,sub_004b5b60,0x004b5bb0,80,5,aligned_or_padded_ebp_prologue;direct_call_target,True
0x004b5bb0,sub_004b5bb0,0x004b6220,1648,0,aligned_or_padded_ebp_prologue,True
0x004b6220,sub_004b6220,0x004b6460,576,1,aligned_or_padded_ebp_prologue;direct_call_target,True
0x004b6460,sub_004b6460,0x004b64a0,64,1,aligned_or_padded_ebp_prologue;direct_call_target,True
0x004b64a0,sub_004b64a0,0x004b6560,192,1,aligned_or_padded_ebp_prologue;direct_call_target,True
0x004b6560,sub_004b6560,0x004b6580,32,1,aligned_or_padded_ebp_prologue;direct_call_target,True
0x004b6580,sub_004b6580,0x004b65d0,80,5,aligned_or_padded_ebp_prologue;direct_call_target,True
0x004b65d0,sub_004b65d0,0x004b6600,48,0,aligned_or_padded_ebp_prologue,True
0x004b6600,sub_004b6600,0x004b6630,48,0,aligned_or_padded_ebp_prologue,True
0x004b6630,sub_004b6630,0x004b6660,48,0,aligned_or_padded_ebp_prologue,True
0x004b6660,sub_004b6660,0x004b6690,48,0,aligned_or_padded_ebp_prologue,True
0x004b6690,sub_004b6690,0x004b66c0,48,0,aligned_or_padded_ebp_prologue,True
0x004b66c0,sub_004b66c0,0x004b66f0,48,0,aligned_or_padded_ebp_prologue,True
0x004b66f0,sub_004b66f0,0x004b6720,48,0,aligned_or_padded_ebp_prologue,True
0x004b6720,sub_004b6720,0x004b6750,48,0,aligned_or_padded_ebp_prologue,True
0x004b6750,sub_004b6750,0x004b6780,48,0,aligned_or_padded_ebp_prologue,True
0x004b6780,sub_004b6780,0x004b67b0,48,0,aligned_or_padded_ebp_prologue,True
0x004b67b0,sub_004b67b0,0x004b67e0,48,0,aligned_or_padded_ebp_prologue,True
0x004b67e0,sub_004b67e0,0x004b6810,48,0,aligned_or_padded_ebp_prologue,True
0x004b6810,sub_004b6810,0x004b6840,48,0,aligned_or_padded_ebp_prologue,True
0x004b6840,sub_004b6840,0x004b6870,48,0,aligned_or_padded_ebp_prologue,True
0x004b6870,sub_004b6870,0x004b68a0,48,0,aligned_or_padded_ebp_prologue,True
0x004b68a0,sub_004b68a0,0x004b68d0,48,0,aligned_or_padded_ebp_prologue,True
0x004b68d0,sub_004b68d0,0x004b6900,48,0,aligned_or_padded_ebp_prologue,True
0x004b6900,sub_004b6900,0x004b6930,48,0,aligned_or_padded_ebp_prologue,True
0x004b6930,sub_004b6930,0x004b6960,48,0,aligned_or_padded_ebp_prologue,True
0x004b6960,sub_004b6960,0x004b6990,48,0,aligned_or_padded_ebp_prologue,True
0x004b6990,sub_004b6990,0x004b69c0,48,0,aligned_or_padded_ebp_prologue,True
0x004b69c0,sub_004b69c0,0x004b69e0,32,0,aligned_or_padded_ebp_prologue,True
0x004b69e0,sub_004b69e0,0x004b6a00,32,0,aligned_or_padded_ebp_prologue,True
0x004b6a00,sub_004b6a00,0x004b6a20,32,0,aligned_or_padded_ebp_prologue,True
0x004b6a20,sub_004b6a20,0x004b6a40,32,0,aligned_or_padded_ebp_prologue,True
0x004b6a40,sub_004b6a40,0x004b6a70,48,0,aligned_or_padded_ebp_prologue,True
0x004b6a70,sub_004b6a70,0x004b6aa0,48,0,aligned_or_padded_ebp_prologue,True
0x004b6aa0,sub_004b6aa0,0x004b6ad0,48,0,aligned_or_padded_ebp_prologue,True
0x004b6ad0,sub_004b6ad0,0x004b6b00,48,0,aligned_or_padded_ebp_prologue,True
0x004b6b00,sub_004b6b00,0x004b6b20,32,0,aligned_or_padded_ebp_prologue,True
0x004b6b20,sub_004b6b20,0x004b6b40,32,0,aligned_or_padded_ebp_prologue,True
0x004b6b40,sub_004b6b40,0x004b6b60,32,0,aligned_or_padded_ebp_prologue,True
0x004b6b60,sub_004b6b60,0x004b6b80,32,0,aligned_or_padded_ebp_prologue,True
0x004b6b80,sub_004b6b80,0x004b6ba0,32,0,aligned_or_padded_ebp_prologue,True
0x004b6ba0,sub_004b6ba0,0x004b6bc0,32,0,aligned_or_padded_ebp_prologue,True
0x004b6bc0,sub_004b6bc0,0x004b6be0,32,0,aligned_or_padded_ebp_prologue,True
0x004b6be0,sub_004b6be0,0x004b6c00,32,0,aligned_or_padded_ebp_prologue,True
0x004b6c00,sub_004b6c00,0x004b6c20,32,0,aligned_or_padded_ebp_prologue,True
0x004b6c20,sub_004b6c20,0x004b6c40,32,0,aligned_or_padded_ebp_prologue,True
0x004b6c40,sub_004b6c40,0x004b6c60,32,0,aligned_or_padded_ebp_prologue,True
0x004b6c60,sub_004b6c60,0x004b6c80,32,0,aligned_or_padded_ebp_prologue,True
0x004b6c80,sub_004b6c80,0x004b6ca0,32,0,aligned_or_padded_ebp_prologue,True
0x004b6ca0,sub_004b6ca0,0x004b6cc0,32,0,aligned_or_padded_ebp_prologue,True
0x004b6cc0,sub_004b6cc0,0x004b6ce0,32,0,aligned_or_padded_ebp_prologue,True
0x004b6ce0,sub_004b6ce0,0x004b6d00,32,0,aligned_or_padded_ebp_prologue,True
0x004b6d00,sub_004b6d00,0x004b6d20,32,0,aligned_or_padded_ebp_prologue,True
0x004b6d20,sub_004b6d20,0x004b6d40,32,0,aligned_or_padded_ebp_prologue,True
0x004b6d40,sub_004b6d40,0x004b6d60,32,0,aligned_or_padded_ebp_prologue,True
0x004b6d60,sub_004b6d60,0x004b6d80,32,0,aligned_or_padded_ebp_prologue,True
0x004b6d80,sub_004b6d80,0x004b6da0,32,4,aligned_or_padded_ebp_prologue;direct_call_target,True
0x004b6da0,sub_004b6da0,0x004b6dc0,32,19,aligned_or_padded_ebp_prologue;direct_call_target,True
0x004b6dc0,sub_004b6dc0,0x004b6de0,32,3,aligned_or_padded_ebp_prologue;direct_call_target,True
0x004b6de0,sub_004b6de0,0x004b6e00,32,10,aligned_or_padded_ebp_prologue;direct_call_target,True
0x004b6e00,sub_004b6e00,0x004b6e70,112,0,aligned_or_padded_ebp_prologue,True
0x004b6e70,sub_004b6e70,0x004b6ee0,112,0,aligned_or_padded_ebp_prologue,True
0x004b6ee0,sub_004b6ee0,0x004b6f50,112,0,aligned_or_padded_ebp_prologue,True
0x004b6f50,sub_004b6f50,0x004b6fc0,112,0,aligned_or_padded_ebp_prologue,True
0x004b6fc0,sub_004b6fc0,0x004b7030,112,0,aligned_or_padded_ebp_prologue,True
0x004b7030,sub_004b7030,0x004b70a0,112,0,aligned_or_padded_ebp_prologue,True
0x004b70a0,sub_004b70a0,0x004b7110,112,0,aligned_or_padded_ebp_prologue,True
0x004b7110,sub_004b7110,0x004b7180,112,0,aligned_or_padded_ebp_prologue,True
0x004b7180,sub_004b7180,0x004b71f0,112,0,aligned_or_padded_ebp_prologue,True
0x004b71f0,sub_004b71f0,0x004b7260,112,0,aligned_or_padded_ebp_prologue,True
0x004b7260,sub_004b7260,0x004b72d0,112,0,aligned_or_padded_ebp_prologue,True
0x004b72d0,sub_004b72d0,0x004b7340,112,0,aligned_or_padded_ebp_prologue,True
0x004b7340,sub_004b7340,0x004b73b0,112,0,aligned_or_padded_ebp_prologue,True
0x004b73b0,sub_004b73b0,0x004b7420,112,0,aligned_or_padded_ebp_prologue,True
0x004b7420,sub_004b7420,0x004b7490,112,0,aligned_or_padded_ebp_prologue,True
0x004b7490,sub_004b7490,0x004b7500,112,0,aligned_or_padded_ebp_prologue,True
0x004b7500,sub_004b7500,0x004b7570,112,0,aligned_or_padded_ebp_prologue,True
0x004b7570,sub_004b7570,0x004b75e0,112,0,aligned_or_padded_ebp_prologue,True
0x004b75e0,sub_004b75e0,0x004b7650,112,0,aligned_or_padded_ebp_prologue,True
0x004b7650,sub_004b7650,0x004b76c0,112,0,aligned_or_padded_ebp_prologue,True
0x004b76c0,sub_004b76c0,0x004b7730,112,0,aligned_or_padded_ebp_prologue,True
0x004b7730,sub_004b7730,0x004b77a0,112,0,aligned_or_padded_ebp_prologue,True
0x004b77a0,sub_004b77a0,0x004b7810,112,0,aligned_or_padded_ebp_prologue,True
0x004b7810,sub_004b7810,0x004b7880,112,0,aligned_or_padded_ebp_prologue,True
0x004b7880,sub_004b7880,0x004b78a0,32,7,aligned_or_padded_ebp_prologue;direct_call_target,True
0x004b78a0,sub_004b78a0,0x004b78c0,32,8,aligned_or_padded_ebp_prologue;direct_call_target,True
0x004b78c0,sub_004b78c0,0x004b78e0,32,2,aligned_or_padded_ebp_prologue;direct_call_target,True
0x004b78e0,sub_004b78e0,0x004b79c0,224,1,aligned_or_padded_ebp_prologue;direct_call_target,True
0x004b79c0,sub_004b79c0,0x004b79d0,16,0,aligned_or_padded_ebp_prologue,True
0x004b79d0,sub_004b79d0,0x004b79e0,16,0,aligned_or_padded_ebp_prologue,True
0x004b79e0,sub_004b79e0,0x004b79f0,16,0,aligned_or_padded_ebp_prologue,True
0x004b79f0,sub_004b79f0,0x004b7a00,16,0,aligned_or_padded_ebp_prologue,True
0x004b7a00,sub_004b7a00,0x004b7a10,16,0,aligned_or_padded_ebp_prologue,True
0x004b7a10,sub_004b7a10,0x004b7a20,16,0,aligned_or_padded_ebp_prologue,True
0x004b7a20,sub_004b7a20,0x004b7a30,16,0,aligned_or_padded_ebp_prologue,True
0x004b7a30,sub_004b7a30,0x004b7a40,16,0,aligned_or_padded_ebp_prologue,True
0x004b7a40,sub_004b7a40,0x004b7a50,16,0,aligned_or_padded_ebp_prologue,True
0x004b7a50,sub_004b7a50,0x004b7a60,16,0,aligned_or_padded_ebp_prologue,True
0x004b7a60,sub_004b7a60,0x004b7a70,16,0,aligned_or_padded_ebp_prologue,True
0x004b7a70,sub_004b7a70,0x004b7a80,16,0,aligned_or_padded_ebp_prologue,True
0x004b7a80,sub_004b7a80,0x004b7a90,16,0,aligned_or_padded_ebp_prologue,True
0x004b7a90,sub_004b7a90,0x004b7aa0,16,0,aligned_or_padded_ebp_prologue,True
0x004b7aa0,sub_004b7aa0,0x004b7ab0,16,0,aligned_or_padded_ebp_prologue,True
0x004b7ab0,sub_004b7ab0,0x004b7ac0,16,0,aligned_or_padded_ebp_prologue,True
0x004b7ac0,sub_004b7ac0,0x004b7ad0,16,0,aligned_or_padded_ebp_prologue,True
0x004b7ad0,sub_004b7ad0,0x004b7ae0,16,0,aligned_or_padded_ebp_prologue,True
0x004b7ae0,sub_004b7ae0,0x004b7af0,16,0,aligned_or_padded_ebp_prologue,True
0x004b7af0,sub_004b7af0,0x004b7b00,16,0,aligned_or_padded_ebp_prologue,True
0x004b7b00,sub_004b7b00,0x004b7b10,16,0,aligned_or_padded_ebp_prologue,True
0x004b7b10,sub_004b7b10,0x004b7b20,16,0,aligned_or_padded_ebp_prologue,True
0x004b7b20,sub_004b7b20,0x004b7b30,16,0,aligned_or_padded_ebp_prologue,True
0x004b7b30,sub_004b7b30,0x004b7b40,16,0,aligned_or_padded_ebp_prologue,True
0x004b7b40,sub_004b7b40,0x004b7b50,16,0,aligned_or_padded_ebp_prologue,True
0x004b7b50,sub_004b7b50,0x004b7b60,16,0,aligned_or_padded_ebp_prologue,True
0x004b7b60,sub_004b7b60,0x004b7b70,16,0,aligned_or_padded_ebp_prologue,True
0x004b7b70,sub_004b7b70,0x004b7b80,16,0,aligned_or_padded_ebp_prologue,True
0x004b7b80,sub_004b7b80,0x004b7bd0,80,1,aligned_or_padded_ebp_prologue;direct_call_target,True
0x004b7bd0,sub_004b7bd0,0x004b7c00,48,1,aligned_or_padded_ebp_prologue;direct_call_target,True
0x004b7c00,sub_004b7c00,0x004b7c10,16,0,aligned_or_padded_ebp_prologue,True
0x004b7c10,sub_004b7c10,0x004b7c50,64,1,aligned_or_padded_ebp_prologue;direct_call_target,True
0x004b7c50,sub_004b7c50,0x004b7c70,32,3,aligned_or_padded_ebp_prologue;direct_call_target,True
0x004b7c70,sub_004b7c70,0x004b7c90,32,1,aligned_or_padded_ebp_prologue;direct_call_target,True
0x004b7c90,sub_004b7c90,0x004b7d60,208,5,aligned_or_padded_ebp_prologue;direct_call_target,True
0x004b7d60,sub_004b7d60,0x004b7d70,16,0,aligned_or_padded_ebp_prologue,True
0x004b7d70,sub_004b7d70,0x004b7d80,16,0,aligned_or_padded_ebp_prologue,True
0x004b7d80,sub_004b7d80,0x004b7db0,48,2,aligned_or_padded_ebp_prologue;direct_call_target,True
0x004b7db0,sub_004b7db0,0x004b7dd0,32,3,aligned_or_padded_ebp_prologue;direct_call_target,True
0x004b7dd0,sub_004b7dd0,0x004b7e20,80,1,aligned_or_padded_ebp_prologue;direct_call_target,True
0x004b7e20,sub_004b7e20,0x004b7e70,80,14,aligned_or_padded_ebp_prologue;direct_call_target,True
0x004b7e70,sub_004b7e70,0x004b7ec0,80,7,aligned_or_padded_ebp_prologue;direct_call_target,True
0x004b7ec0,sub_004b7ec0,0x004b7f40,128,1,aligned_or_padded_ebp_prologue;direct_call_target,True
0x004b7f40,sub_004b7f40,0x004b7f70,48,2,aligned_or_padded_ebp_prologue;direct_call_target,True
0x004b7f70,sub_004b7f70,0x004b7fa0,48,36,aligned_or_padded_ebp_prologue;direct_call_target,True
0x004b7fa0,sub_004b7fa0,0x004b7fc0,32,13,aligned_or_padded_ebp_prologue;direct_call_target,True
0x004b7fc0,sub_004b7fc0,0x004b8010,80,2,aligned_or_padded_ebp_prologue;direct_call_target,True
0x004b8010,sub_004b8010,0x004b8030,32,1,aligned_or_padded_ebp_prologue;direct_call_target,True
0x004b8030,sub_004b8030,0x004b8050,32,4,aligned_or_padded_ebp_prologue;direct_call_target,True
0x004b8050,sub_004b8050,0x004b8070,32,7,aligned_or_padded_ebp_prologue;direct_call_target,True
0x004b8070,sub_004b8070,0x004b8090,32,6,aligned_or_padded_ebp_prologue;direct_call_target,True
0x004b8090,sub_004b8090,0x004b80b0,32,2,aligned_or_padded_ebp_prologue;direct_call_target,True
0x004b80b0,sub_004b80b0,0x004b8100,80,5,aligned_or_padded_ebp_prologue;direct_call_target,True
0x004b8100,sub_004b8100,0x004b8150,80,8,aligned_or_padded_ebp_prologue;direct_call_target,True
0x004b8150,sub_004b8150,0x004b81a0,80,5,aligned_or_padded_ebp_prologue;direct_call_target,True
0x004b81a0,sub_004b81a0,0x004b81d0,48,22,aligned_or_padded_ebp_prologue;direct_call_target,True
0x004b81d0,sub_004b81d0,0x004b8210,64,14,aligned_or_padded_ebp_prologue;direct_call_target,True
0x004b8210,sub_004b8210,0x004b8250,64,7,aligned_or_padded_ebp_prologue;direct_call_target,True
0x004b8250,sub_004b8250,0x004b8270,32,13,aligned_or_padded_ebp_prologue;direct_call_target,True
0x004b8270,sub_004b8270,0x004b8290,32,2,aligned_or_padded_ebp_prologue;direct_call_target,True
0x004b8290,sub_004b8290,0x004b82c0,48,17,aligned_or_padded_ebp_prologue;direct_call_target,True
0x004b82c0,sub_004b82c0,0x004b8300,64,4,aligned_or_padded_ebp_prologue;direct_call_target,True
0x004b8300,sub_004b8300,0x004b8340,64,4,aligned_or_padded_ebp_prologue;direct_call_target,True
0x004b8340,sub_004b8340,0x004b8370,48,20,aligned_or_padded_ebp_prologue;direct_call_target,True
0x004b8370,sub_004b8370,0x004b8390,32,6,aligned_or_padded_ebp_prologue;direct_call_target,True
0x004b8390,sub_004b8390,0x004b83b0,32,7,aligned_or_padded_ebp_prologue;direct_call_target,True
0x004b83b0,sub_004b83b0,0x004b83f0,64,1,aligned_or_padded_ebp_prologue;direct_call_target,True
0x004b83f0,sub_004b83f0,0x004b8410,32,3,aligned_or_padded_ebp_prologue;direct_call_target,True
0x004b8410,sub_004b8410,0x004b8430,32,1,aligned_or_padded_ebp_prologue;direct_call_target,True
0x004b8430,sub_004b8430,0x004b8450,32,1,aligned_or_padded_ebp_prologue;direct_call_target,True
0x004b8450,sub_004b8450,0x004b8470,32,2,aligned_or_padded_ebp_prologue;direct_call_target,True
0x004b8470,sub_004b8470,0x004b84a0,48,2,aligned_or_padded_ebp_prologue;direct_call_target,True
0x004b84a0,sub_004b84a0,0x004b8560,192,2,aligned_or_padded_ebp_prologue;direct_call_target,True
0x004b8560,sub_004b8560,0x004b8580,32,8,aligned_or_padded_ebp_prologue;direct_call_target,True
0x004b8580,sub_004b8580,0x004b85a0,32,4,aligned_or_padded_ebp_prologue;direct_call_target,True
0x004b85a0,sub_004b85a0,0x004b85c0,32,2,aligned_or_padded_ebp_prologue;direct_call_target,True
0x004b85c0,sub_004b85c0,0x004b85e0,32,2,aligned_or_padded_ebp_prologue;direct_call_target,True
0x004b85e0,sub_004b85e0,0x004b8600,32,2,aligned_or_padded_ebp_prologue;direct_call_target,True
0x004b8600,sub_004b8600,0x004b8620,32,8,aligned_or_padded_ebp_prologue;direct_call_target,True
0x004b8620,sub_004b8620,0x004b8650,48,41,aligned_or_padded_ebp_prologue;direct_call_target,True
0x004b8650,sub_004b8650,0x004b87f0,416,6,aligned_or_padded_ebp_prologue;direct_call_target,True
0x004b87f0,sub_004b87f0,0x004b8810,32,2,aligned_or_padded_ebp_prologue;direct_call_target,True
0x004b8810,sub_004b8810,0x004b8830,32,3,aligned_or_padded_ebp_prologue;direct_call_target,True
0x004b8830,sub_004b8830,0x004b8880,80,3,aligned_or_padded_ebp_prologue;direct_call_target,True
0x004b8880,sub_004b8880,0x004b8940,192,2,aligned_or_padded_ebp_prologue;direct_call_target,True
0x004b8940,sub_004b8940,0x004b8960,32,4,aligned_or_padded_ebp_prologue;direct_call_target,True
0x004b8960,sub_004b8960,0x004b8980,32,6,aligned_or_padded_ebp_prologue;direct_call_target,True
0x004b8980,sub_004b8980,0x004b89a0,32,1,aligned_or_padded_ebp_prologue;direct_call_target,True
0x004b89a0,sub_004b89a0,0x004b8b30,400,1,aligned_or_padded_ebp_prologue;direct_call_target,True
0x004b8b30,sub_004b8b30,0x004b8bf0,192,3,aligned_or_padded_ebp_prologue;direct_call_target,True
0x004b8bf0,sub_004b8bf0,0x004b8d90,416,4,aligned_or_padded_ebp_prologue;direct_call_target,True
0x004b8d90,sub_004b8d90,0x004b8dc0,48,26,aligned_or_padded_ebp_prologue;direct_call_target,True
0x004b8dc0,sub_004b8dc0,0x004b8e30,112,2,aligned_or_padded_ebp_prologue;direct_call_target,True
0x004b8e30,sub_004b8e30,0x004b8e70,64,2,aligned_or_padded_ebp_prologue;direct_call_target,True
0x004b8e70,sub_004b8e70,0x004b8f60,240,2,aligned_or_padded_ebp_prologue;direct_call_target,True
0x004b8f60,sub_004b8f60,0x004b9050,240,2,aligned_or_padded_ebp_prologue;direct_call_target,True
0x004b9050,sub_004b9050,0x004b9090,64,1,aligned_or_padded_ebp_prologue;direct_call_target,True
0x004b9090,sub_004b9090,0x004b90e0,80,1,aligned_or_padded_ebp_prologue;direct_call_target,True
0x004b90e0,sub_004b90e0,0x004b96f0,1552,5,aligned_or_padded_ebp_prologue;direct_call_target,True
0x004b96f0,sub_004b96f0,0x004b9740,80,1,aligned_or_padded_ebp_prologue;direct_call_target,False
0x004b9740,sub_004b9740,0x004b99c0,640,1,aligned_or_padded_ebp_prologue;direct_call_target,True
0x004b99c0,sub_004b99c0,0x004b99f0,48,1,aligned_or_padded_ebp_prologue;direct_call_target,True
0x004b99f0,sub_004b99f0,0x004b9aa0,176,4,aligned_or_padded_ebp_prologue;direct_call_target,True
0x004b9aa0,sub_004b9aa0,0x004b9b10,112,1,aligned_or_padded_ebp_prologue;direct_call_target,True
0x004b9b10,sub_004b9b10,0x004b9b60,80,1,aligned_or_padded_ebp_prologue;direct_call_target,True
0x004b9b60,sub_004b9b60,0x004b9b80,32,2,aligned_or_padded_ebp_prologue;direct_call_target,True
0x004b9b80,sub_004b9b80,0x004b9c10,144,1,aligned_or_padded_ebp_prologue;direct_call_target,True
0x004b9c10,sub_004b9c10,0x004b9df0,480,5,aligned_or_padded_ebp_prologue;direct_call_target,True
0x004b9df0,sub_004b9df0,0x004b9ef0,256,1,aligned_or_padded_ebp_prologue;direct_call_target,True
0x004b9ef0,sub_004b9ef0,0x004ba3c0,1232,1,aligned_or_padded_ebp_prologue;direct_call_target,True
0x004ba3c0,sub_004ba3c0,0x004ba3e0,32,8,aligned_or_padded_ebp_prologue;direct_call_target,True
0x004ba3e0,sub_004ba3e0,0x004ba400,32,18,aligned_or_padded_ebp_prologue;direct_call_target,True
0x004ba400,sub_004ba400,0x004ba440,64,0,aligned_or_padded_ebp_prologue,True
0x004ba440,sub_004ba440,0x004ba4a0,96,4,aligned_or_padded_ebp_prologue;direct_call_target,True
0x004ba4a0,sub_004ba4a0,0x004ba870,976,1,aligned_or_padded_ebp_prologue;direct_call_target,True
0x004ba870,sub_004ba870,0x004ba8b0,64,1,aligned_or_padded_ebp_prologue;direct_call_target,True
0x004ba8b0,sub_004ba8b0,0x004ba940,144,6,aligned_or_padded_ebp_prologue;direct_call_target,True
0x004ba940,sub_004ba940,0x004bad40,1024,1,aligned_or_padded_ebp_prologue;direct_call_target,True
0x004bad40,sub_004bad40,0x004bbd80,4160,1,aligned_or_padded_ebp_prologue;direct_call_target,True
0x004bbd80,sub_004bbd80,0x004bbde0,96,2,aligned_or_padded_ebp_prologue;direct_call_target,True
0x004bbde0,sub_004bbde0,0x004bbf90,432,1,aligned_or_padded_ebp_prologue;direct_call_target,True
0x004bbf90,sub_004bbf90,0x004bc220,656,1,aligned_or_padded_ebp_prologue;direct_call_target,True
0x004bc220,sub_004bc220,0x004bc480,608,4,aligned_or_padded_ebp_prologue;direct_call_target,True
0x004bc480,sub_004bc480,0x004bc570,240,3,aligned_or_padded_ebp_prologue;direct_call_target,True
0x004bc570,sub_004bc570,0x004bcca0,1840,2,aligned_or_padded_ebp_prologue;direct_call_target,True
0x004bcca0,sub_004bcca0,0x004bccc0,32,0,aligned_or_padded_ebp_prologue,True
0x004bccc0,sub_004bccc0,0x004bccf0,48,2,aligned_or_padded_ebp_prologue;direct_call_target,True
0x004bccf0,sub_004bccf0,0x004bcd50,96,1,aligned_or_padded_ebp_prologue;direct_call_target,True
0x004bcd50,sub_004bcd50,0x004bcdb0,96,2,aligned_or_padded_ebp_prologue;direct_call_target,True
0x004bcdb0,sub_004bcdb0,0x004bce10,96,2,aligned_or_padded_ebp_prologue;direct_call_target,True
0x004bce10,sub_004bce10,0x004bcef0,224,5,aligned_or_padded_ebp_prologue;direct_call_target,True
0x004bcef0,sub_004bcef0,0x004bcf30,64,1,aligned_or_padded_ebp_prologue;direct_call_target,True
0x004bcf30,sub_004bcf30,0x004bcf60,48,1,aligned_or_padded_ebp_prologue;direct_call_target,True
0x004bcf60,sub_004bcf60,0x004bd000,160,3,aligned_or_padded_ebp_prologue;direct_call_target,True
0x004bd000,sub_004bd000,0x004bd060,96,1,aligned_or_padded_ebp_prologue;direct_call_target,True
0x004bd060,sub_004bd060,0x004bd080,32,2,aligned_or_padded_ebp_prologue;direct_call_target,True
0x004bd080,sub_004bd080,0x004bd0b0,48,8,aligned_or_padded_ebp_prologue;direct_call_target,True
0x004bd0b0,sub_004bd0b0,0x004bd0c0,16,0,aligned_or_padded_ebp_prologue,True
0x004bd0c0,sub_004bd0c0,0x004bd1b0,240,3,aligned_or_padded_ebp_prologue;direct_call_target,True
0x004bd1b0,sub_004bd1b0,0x004bd1e0,48,1,aligned_or_padded_ebp_prologue;direct_call_target,True
0x004bd1e0,sub_004bd1e0,0x004bd210,48,1,aligned_or_padded_ebp_prologue;direct_call_target,True
0x004bd210,sub_004bd210,0x004bd240,48,1,aligned_or_padded_ebp_prologue;direct_call_target,True
0x004bd240,sub_004bd240,0x004bd270,48,1,aligned_or_padded_ebp_prologue;direct_call_target,True
0x004bd270,sub_004bd270,0x004bd2a0,48,1,aligned_or_padded_ebp_prologue;direct_call_target,True
0x004bd2a0,sub_004bd2a0,0x004bd2d0,48,1,aligned_or_padded_ebp_prologue;direct_call_target,True
0x004bd2d0,sub_004bd2d0,0x004bd300,48,1,aligned_or_padded_ebp_prologue;direct_call_target,True
0x004bd300,sub_004bd300,0x004bd330,48,1,aligned_or_padded_ebp_prologue;direct_call_target,True
0x004bd330,sub_004bd330,0x004bd360,48,1,aligned_or_padded_ebp_prologue;direct_call_target,True
0x004bd360,sub_004bd360,0x004bd390,48,1,aligned_or_padded_ebp_prologue;direct_call_target,True
0x004bd390,sub_004bd390,0x004bd3c0,48,1,aligned_or_padded_ebp_prologue;direct_call_target,True
0x004bd3c0,sub_004bd3c0,0x004bd3d0,16,0,aligned_or_padded_ebp_prologue,True
0x004bd3d0,sub_004bd3d0,0x004bd410,64,11,aligned_or_padded_ebp_prologue;direct_call_target,True
0x004bd410,sub_004bd410,0x004bd460,80,2,aligned_or_padded_ebp_prologue;direct_call_target,True
0x004bd460,sub_004bd460,0x004bd4a0,64,19,aligned_or_padded_ebp_prologue;direct_call_target,True
0x004bd4a0,sub_004bd4a0,0x004bd4e0,64,5,aligned_or_padded_ebp_prologue;direct_call_target,True
0x004bd4e0,sub_004bd4e0,0x004bd560,128,1,aligned_or_padded_ebp_prologue;direct_call_target,True
0x004bd560,sub_004bd560,0x004bd570,16,4,aligned_or_padded_ebp_prologue;direct_call_target,True
0x004bd570,sub_004bd570,0x004bd590,32,1,aligned_or_padded_ebp_prologue;direct_call_target,True
0x004bd590,sub_004bd590,0x004bd5a0,16,3,aligned_or_padded_ebp_prologue;direct_call_target,True
0x004bd5a0,sub_004bd5a0,0x004bd5c0,32,8,aligned_or_padded_ebp_prologue;direct_call_target,True
0x004bd5c0,sub_004bd5c0,0x004bd610,80,3,aligned_or_padded_ebp_prologue;direct_call_target,True
0x004bd610,sub_004bd610,0x004bd6b0,160,6,aligned_or_padded_ebp_prologue;direct_call_target,True
0x004bd6b0,sub_004bd6b0,0x004bd6e0,48,1,aligned_or_padded_ebp_prologue;direct_call_target,True
0x004bd6e0,sub_004bd6e0,0x004bd710,48,3,aligned_or_padded_ebp_prologue;direct_call_target,True
0x004bd710,sub_004bd710,0x004bd730,32,1,aligned_or_padded_ebp_prologue;direct_call_target,True
0x004bd730,sub_004bd730,0x004bd760,48,1,aligned_or_padded_ebp_prologue;direct_call_target,True
0x004bd760,sub_004bd760,0x004bd780,32,3,aligned_or_padded_ebp_prologue;direct_call_target,True
0x004bd780,sub_004bd780,0x004bd820,160,1,aligned_or_padded_ebp_prologue;direct_call_target,True
0x004bd820,sub_004bd820,0x004bd850,48,16,aligned_or_padded_ebp_prologue;direct_call_target,True
0x004bd850,sub_004bd850,0x004bd8a0,80,1,aligned_or_padded_ebp_prologue;direct_call_target,True
0x004bd8a0,sub_004bd8a0,0x004bd8f0,80,1,aligned_or_padded_ebp_prologue;direct_call_target,True
0x004bd8f0,sub_004bd8f0,0x004bd920,48,1,aligned_or_padded_ebp_prologue;direct_call_target,True
0x004bd920,sub_004bd920,0x004bd940,32,2,aligned_or_padded_ebp_prologue;direct_call_target,True
0x004bd940,sub_004bd940,0x004bd960,32,1,aligned_or_padded_ebp_prologue;direct_call_target,True
0x004bd960,sub_004bd960,0x004bd980,32,2,aligned_or_padded_ebp_prologue;direct_call_target,True
0x004bd980,sub_004bd980,0x004bd9b0,48,2,aligned_or_padded_ebp_prologue;direct_call_target,True
0x004bd9b0,sub_004bd9b0,0x004bd9e0,48,1,aligned_or_padded_ebp_prologue;direct_call_target,True
0x004bd9e0,sub_004bd9e0,0x004bda30,80,1,aligned_or_padded_ebp_prologue;direct_call_target,True
0x004bda30,sub_004bda30,0x004bda80,80,3,aligned_or_padded_ebp_prologue;direct_call_target,True
0x004bda80,sub_004bda80,0x004bdad0,80,2,aligned_or_padded_ebp_prologue;direct_call_target,True
0x004bdad0,sub_004bdad0,0x004bdb00,48,2,aligned_or_padded_ebp_prologue;direct_call_target,True
0x004bdb00,sub_004bdb00,0x004bdb30,48,1,aligned_or_padded_ebp_prologue;direct_call_target,True
0x004bdb30,sub_004bdb30,0x004bdb80,80,1,aligned_or_padded_ebp_prologue;direct_call_target,True
0x004bdb80,sub_004bdb80,0x004bdbd0,80,2,aligned_or_padded_ebp_prologue;direct_call_target,True
0x004bdbd0,sub_004bdbd0,0x004bdbf0,32,2,aligned_or_padded_ebp_prologue;direct_call_target,True
0x004bdbf0,sub_004bdbf0,0x004bdc40,80,1,aligned_or_padded_ebp_prologue;direct_call_target,True
0x004bdc40,sub_004bdc40,0x004bdc60,32,3,aligned_or_padded_ebp_prologue;direct_call_target,True
0x004bdc60,sub_004bdc60,0x004bdcb0,80,2,aligned_or_padded_ebp_prologue;direct_call_target,True
0x004bdcb0,sub_004bdcb0,0x004bdcd0,32,1,aligned_or_padded_ebp_prologue;direct_call_target,True
0x004bdcd0,sub_004bdcd0,0x004bdcf0,32,1,aligned_or_padded_ebp_prologue;direct_call_target,True
0x004bdcf0,sub_004bdcf0,0x004bdd10,32,1,aligned_or_padded_ebp_prologue;direct_call_target,True
0x004bdd10,sub_004bdd10,0x004bdd60,80,4,aligned_or_padded_ebp_prologue;direct_call_target,True
0x004bdd60,sub_004bdd60,0x004bdd90,48,3,aligned_or_padded_ebp_prologue;direct_call_target,True
0x004bdd90,sub_004bdd90,0x004bddc0,48,2,aligned_or_padded_ebp_prologue;direct_call_target,True
0x004bddc0,sub_004bddc0,0x004bde90,208,4,aligned_or_padded_ebp_prologue;direct_call_target,True
0x004bde90,sub_004bde90,0x004bdee0,80,5,aligned_or_padded_ebp_prologue;direct_call_target,True
0x004bdee0,sub_004bdee0,0x004bdf30,80,4,aligned_or_padded_ebp_prologue;direct_call_target,True
0x004bdf30,sub_004bdf30,0x004bdf80,80,2,aligned_or_padded_ebp_prologue;direct_call_target,True
0x004bdf80,sub_004bdf80,0x004bdfd0,80,1,aligned_or_padded_ebp_prologue;direct_call_target,True
0x004bdfd0,sub_004bdfd0,0x004be050,128,1,aligned_or_padded_ebp_prologue;direct_call_target,True
0x004be050,sub_004be050,0x004be0a0,80,1,aligned_or_padded_ebp_prologue;direct_call_target,True
0x004be0a0,sub_004be0a0,0x004be0f0,80,6,aligned_or_padded_ebp_prologue;direct_call_target,True
0x004be0f0,sub_004be0f0,0x004be140,80,2,aligned_or_padded_ebp_prologue;direct_call_target,True
0x004be140,sub_004be140,0x004be190,80,2,aligned_or_padded_ebp_prologue;direct_call_target,True
0x004be190,sub_004be190,0x004be1b0,32,3,aligned_or_padded_ebp_prologue;direct_call_target,True
0x004be1b0,sub_004be1b0,0x004be1e0,48,13,aligned_or_padded_ebp_prologue;direct_call_target,True
0x004be1e0,sub_004be1e0,0x004be200,32,1,aligned_or_padded_ebp_prologue;direct_call_target,True
0x004be200,sub_004be200,0x004be220,32,1,aligned_or_padded_ebp_prologue;direct_call_target,True
0x004be220,sub_004be220,0x004be250,48,5,aligned_or_padded_ebp_prologue;direct_call_target,True
0x004be250,sub_004be250,0x004be270,32,16,aligned_or_padded_ebp_prologue;direct_call_target,True
0x004be270,sub_004be270,0x004be2b0,64,2,aligned_or_padded_ebp_prologue;direct_call_target,True
0x004be2b0,sub_004be2b0,0x004be2d0,32,1,aligned_or_padded_ebp_prologue;direct_call_target,True
0x004be2d0,sub_004be2d0,0x004be340,112,1,aligned_or_padded_ebp_prologue;direct_call_target,True
0x004be340,sub_004be340,0x004be360,32,1,aligned_or_padded_ebp_prologue;direct_call_target,True
0x004be360,sub_004be360,0x004be390,48,10,aligned_or_padded_ebp_prologue;direct_call_target,True
0x004be390,sub_004be390,0x004be3c0,48,1,aligned_or_padded_ebp_prologue;direct_call_target,True
0x004be3c0,sub_004be3c0,0x004be3f0,48,1,aligned_or_padded_ebp_prologue;direct_call_target,True
0x004be3f0,sub_004be3f0,0x004be440,80,1,aligned_or_padded_ebp_prologue;direct_call_target,True
0x004be440,sub_004be440,0x004be490,80,3,aligned_or_padded_ebp_prologue;direct_call_target,True
0x004be490,sub_004be490,0x004be4e0,80,1,aligned_or_padded_ebp_prologue;direct_call_target,True
0x004be4e0,sub_004be4e0,0x004be530,80,1,aligned_or_padded_ebp_prologue;direct_call_target,True
0x004be530,sub_004be530,0x004be580,80,1,aligned_or_padded_ebp_prologue;direct_call_target,True
0x004be580,sub_004be580,0x004be5d0,80,1,aligned_or_padded_ebp_prologue;direct_call_target,True
0x004be5d0,sub_004be5d0,0x004be620,80,1,aligned_or_padded_ebp_prologue;direct_call_target,True
0x004be620,sub_004be620,0x004be670,80,6,aligned_or_padded_ebp_prologue;direct_call_target,True
0x004be670,sub_004be670,0x004be6c0,80,2,aligned_or_padded_ebp_prologue;direct_call_target,True
0x004be6c0,sub_004be6c0,0x004be710,80,2,aligned_or_padded_ebp_prologue;direct_call_target,True
0x004be710,sub_004be710,0x004be760,80,2,aligned_or_padded_ebp_prologue;direct_call_target,True
0x004be760,sub_004be760,0x004be7b0,80,2,aligned_or_padded_ebp_prologue;direct_call_target,True
0x004be7b0,sub_004be7b0,0x004be800,80,2,aligned_or_padded_ebp_prologue;direct_call_target,True
0x004be800,sub_004be800,0x004be850,80,1,aligned_or_padded_ebp_prologue;direct_call_target,True
0x004be850,sub_004be850,0x004be8a0,80,1,aligned_or_padded_ebp_prologue;direct_call_target,True
0x004be8a0,sub_004be8a0,0x004be8f0,80,1,aligned_or_padded_ebp_prologue;direct_call_target,True
0x004be8f0,sub_004be8f0,0x004be940,80,1,aligned_or_padded_ebp_prologue;direct_call_target,True
0x004be940,sub_004be940,0x004be990,80,14,aligned_or_padded_ebp_prologue;direct_call_target,True
0x004be990,sub_004be990,0x004be9b0,32,3,aligned_or_padded_ebp_prologue;direct_call_target,True
0x004be9b0,sub_004be9b0,0x004bea00,80,2,aligned_or_padded_ebp_prologue;direct_call_target,True
0x004bea00,sub_004bea00,0x004bea50,80,2,aligned_or_padded_ebp_prologue;direct_call_target,True
0x004bea50,sub_004bea50,0x004beaa0,80,1,aligned_or_padded_ebp_prologue;direct_call_target,True
0x004beaa0,sub_004beaa0,0x004beaf0,80,1,aligned_or_padded_ebp_prologue;direct_call_target,True
0x004beaf0,sub_004beaf0,0x004beb40,80,4,aligned_or_padded_ebp_prologue;direct_call_target,True
0x004beb40,sub_004beb40,0x004beb60,32,8,aligned_or_padded_ebp_prologue;direct_call_target,True
0x004beb60,sub_004beb60,0x004bec10,176,3,aligned_or_padded_ebp_prologue;direct_call_target,True
0x004bec10,sub_004bec10,0x004bec60,80,4,aligned_or_padded_ebp_prologue;direct_call_target,True
0x004bec60,sub_004bec60,0x004bec70,16,1,aligned_or_padded_ebp_prologue;direct_call_target,True
0x004bec70,sub_004bec70,0x004bed20,176,9,aligned_or_padded_ebp_prologue;direct_call_target,True
0x004bed20,sub_004bed20,0x004bed50,48,1,aligned_or_padded_ebp_prologue;direct_call_target,True
0x004bed50,sub_004bed50,0x004bedf0,160,78,aligned_or_padded_ebp_prologue;direct_call_target,True
0x004bedf0,sub_004bedf0,0x004bee40,80,1,aligned_or_padded_ebp_prologue;direct_call_target,True
0x004bee40,sub_004bee40,0x004bee70,48,2,aligned_or_padded_ebp_prologue;direct_call_target,True
0x004bee70,sub_004bee70,0x004bef80,272,1,aligned_or_padded_ebp_prologue;direct_call_target,True
0x004bef80,sub_004bef80,0x004bf020,160,1,aligned_or_padded_ebp_prologue;direct_call_target,True
0x004bf020,sub_004bf020,0x004bf040,32,34,aligned_or_padded_ebp_prologue;direct_call_target,True
0x004bf040,sub_004bf040,0x004bf060,32,34,aligned_or_padded_ebp_prologue;direct_call_target,True
0x004bf060,sub_004bf060,0x004bf0a0,64,0,aligned_or_padded_ebp_prologue,True
0x004bf0a0,sub_004bf0a0,0x004bf8d0,2096,1,aligned_or_padded_ebp_prologue;direct_call_target,True
0x004bf8d0,sub_004bf8d0,0x004bf930,96,0,aligned_or_padded_ebp_prologue,False
0x004bf930,sub_004bf930,0x004bf990,96,0,aligned_or_padded_ebp_prologue,True
0x004bf990,sub_004bf990,0x004bfa00,112,1,aligned_or_padded_ebp_prologue;direct_call_target,True
0x004bfa00,sub_004bfa00,0x004bfad0,208,4,aligned_or_padded_ebp_prologue;direct_call_target,True
0x004bfad0,sub_004bfad0,0x004bfae0,16,0,aligned_or_padded_ebp_prologue,True
0x004bfae0,sub_004bfae0,0x004bfb00,32,4,aligned_or_padded_ebp_prologue;direct_call_target,True
0x004bfb00,sub_004bfb00,0x004bfb20,32,4,aligned_or_padded_ebp_prologue;direct_call_target,True
0x004bfb20,sub_004bfb20,0x004bfb50,48,3,aligned_or_padded_ebp_prologue;direct_call_target,True
0x004bfb50,sub_004bfb50,0x004bfb80,48,3,aligned_or_padded_ebp_prologue;direct_call_target,True
0x004bfb80,sub_004bfb80,0x004bfbb0,48,3,aligned_or_padded_ebp_prologue;direct_call_target,True
0x004bfbb0,sub_004bfbb0,0x004bfbe0,48,2,aligned_or_padded_ebp_prologue;direct_call_target,True
0x004bfbe0,sub_004bfbe0,0x004bfc00,32,28,aligned_or_padded_ebp_prologue;direct_call_target,True
0x004bfc00,sub_004bfc00,0x004bfc20,32,29,aligned_or_padded_ebp_prologue;direct_call_target,True
0x004bfc20,sub_004bfc20,0x004bfc70,80,3,aligned_or_padded_ebp_prologue;direct_call_target,True
0x004bfc70,sub_004bfc70,0x004bfcd0,96,2,aligned_or_padded_ebp_prologue;direct_call_target,True
0x004bfcd0,sub_004bfcd0,0x004bfd60,144,0,aligned_or_padded_ebp_prologue,True
0x004bfd60,sub_004bfd60,0x004bfde0,128,0,aligned_or_padded_ebp_prologue,True
0x004bfde0,sub_004bfde0,0x004bfe30,80,1,aligned_or_padded_ebp_prologue;direct_call_target,True
0x004bfe30,sub_004bfe30,0x004bfe80,80,1,aligned_or_padded_ebp_prologue;direct_call_target,True
0x004bfe80,sub_004bfe80,0x004bfee0,96,1,aligned_or_padded_ebp_prologue;direct_call_target,True
0x004bfee0,sub_004bfee0,0x004bffb0,208,1,aligned_or_padded_ebp_prologue;direct_call_target,True
0x004bffb0,sub_004bffb0,0x004c0120,368,1,aligned_or_padded_ebp_prologue;direct_call_target,True
0x004c0120,sub_004c0120,0x004c0210,240,1,aligned_or_padded_ebp_prologue;direct_call_target,True
0x004c0210,sub_004c0210,0x004c0240,48,1,aligned_or_padded_ebp_prologue;direct_call_target,True
0x004c0240,sub_004c0240,0x004c0290,80,6,aligned_or_padded_ebp_prologue;direct_call_target,True
0x004c0290,sub_004c0290,0x004c02d0,64,0,aligned_or_padded_ebp_prologue,True
0x004c02d0,sub_004c02d0,0x004c03d0,256,1,aligned_or_padded_ebp_prologue;direct_call_target,True
0x004c03d0,sub_004c03d0,0x004c0480,176,1,aligned_or_padded_ebp_prologue;direct_call_target,True
0x004c0480,sub_004c0480,0x004c0b30,1712,4,aligned_or_padded_ebp_prologue;direct_call_target,True
0x004c0b30,sub_004c0b30,0x004c0c40,272,1,aligned_or_padded_ebp_prologue;direct_call_target,True
0x004c0c40,sub_004c0c40,0x004c0c60,32,1,aligned_or_padded_ebp_prologue;direct_call_target,True
0x004c0c60,sub_004c0c60,0x004c0cb0,80,2,aligned_or_padded_ebp_prologue;direct_call_target,True
0x004c0cb0,sub_004c0cb0,0x004c0cc0,16,0,aligned_or_padded_ebp_prologue,True
0x004c0cc0,sub_004c0cc0,0x004c0ce0,32,1,aligned_or_padded_ebp_prologue;direct_call_target,True
0x004c0ce0,sub_004c0ce0,0x004c0d00,32,1,aligned_or_padded_ebp_prologue;direct_call_target,True
0x004c0d00,sub_004c0d00,0x004c0e10,272,3,aligned_or_padded_ebp_prologue;direct_call_target,True
0x004c0e10,sub_004c0e10,0x004c0e60,80,35,aligned_or_padded_ebp_prologue;direct_call_target,True
0x004c0e60,sub_004c0e60,0x004c0f50,240,2,aligned_or_padded_ebp_prologue;direct_call_target,True
0x004c0f50,sub_004c0f50,0x004c0f70,32,1,aligned_or_padded_ebp_prologue;direct_call_target,True
0x004c0f70,sub_004c0f70,0x004c0fb0,64,2,aligned_or_padded_ebp_prologue;direct_call_target,True
0x004c0fb0,sub_004c0fb0,0x004c0fe0,48,1,aligned_or_padded_ebp_prologue;direct_call_target,True
0x004c0fe0,sub_004c0fe0,0x004c1000,32,1,aligned_or_padded_ebp_prologue;direct_call_target,True
0x004c1000,sub_004c1000,0x004c1030,48,1,aligned_or_padded_ebp_prologue;direct_call_target,True
0x004c1030,sub_004c1030,0x004c1ac0,2704,1,aligned_or_padded_ebp_prologue;direct_call_target,True
0x004c1ac0,sub_004c1ac0,0x004c1ae0,32,1,aligned_or_padded_ebp_prologue;direct_call_target,True
0x004c1ae0,sub_004c1ae0,0x004c1b80,160,4,aligned_or_padded_ebp_prologue;direct_call_target,True
0x004c1b80,sub_004c1b80,0x004c1c10,144,10,aligned_or_padded_ebp_prologue;direct_call_target,True
0x004c1c10,sub_004c1c10,0x004c1c50,64,5,aligned_or_padded_ebp_prologue;direct_call_target,True
0x004c1c50,sub_004c1c50,0x004c1d80,304,1,aligned_or_padded_ebp_prologue;direct_call_target,True
0x004c1d80,sub_004c1d80,0x004c1e90,272,1,aligned_or_padded_ebp_prologue;direct_call_target,True
0x004c1e90,sub_004c1e90,0x004c1eb0,32,1,aligned_or_padded_ebp_prologue;direct_call_target,True
0x004c1eb0,sub_004c1eb0,0x004c1f00,80,1,aligned_or_padded_ebp_prologue;direct_call_target,True
0x004c1f00,sub_004c1f00,0x004c1f30,48,14,aligned_or_padded_ebp_prologue;direct_call_target,True
0x004c1f30,sub_004c1f30,0x004c1fc0,144,9,aligned_or_padded_ebp_prologue;direct_call_target,True
0x004c1fc0,sub_004c1fc0,0x004c1ff0,48,1,aligned_or_padded_ebp_prologue;direct_call_target,True
0x004c1ff0,sub_004c1ff0,0x004c2030,64,3,aligned_or_padded_ebp_prologue;direct_call_target,True
0x004c2030,sub_004c2030,0x004c2060,48,7,aligned_or_padded_ebp_prologue;direct_call_target,True
0x004c2060,sub_004c2060,0x004c2090,48,2,aligned_or_padded_ebp_prologue;direct_call_target,True
0x004c2090,sub_004c2090,0x004c20d0,64,1,aligned_or_padded_ebp_prologue;direct_call_target,True
0x004c20d0,sub_004c20d0,0x004c2130,96,1,aligned_or_padded_ebp_prologue;direct_call_target,True
0x004c2130,sub_004c2130,0x004c2180,80,1,aligned_or_padded_ebp_prologue;direct_call_target,True
0x004c2180,sub_004c2180,0x004c21b0,48,1,aligned_or_padded_ebp_prologue;direct_call_target,True
0x004c21b0,sub_004c21b0,0x004c22e0,304,0,aligned_or_padded_ebp_prologue,True
0x004c22e0,sub_004c22e0,0x004c2430,336,1,aligned_or_padded_ebp_prologue;direct_call_target,True
0x004c2430,sub_004c2430,0x004c2490,96,1,aligned_or_padded_ebp_prologue;direct_call_target,True
0x004c2490,sub_004c2490,0x004c24c0,48,0,aligned_or_padded_ebp_prologue,True
0x004c24c0,sub_004c24c0,0x004c2560,160,1,aligned_or_padded_ebp_prologue;direct_call_target,True
0x004c2560,sub_004c2560,0x004c25a0,64,0,aligned_or_padded_ebp_prologue,True
0x004c25a0,sub_004c25a0,0x004c3880,4832,1,aligned_or_padded_ebp_prologue;direct_call_target,True
0x004c3880,sub_004c3880,0x004c38d0,80,3,aligned_or_padded_ebp_prologue;direct_call_target,True
0x004c38d0,sub_004c38d0,0x004c3c00,816,2,direct_call_target,True
0x004c3c00,sub_004c3c00,0x004c3c90,144,1,aligned_or_padded_ebp_prologue;direct_call_target,True
0x004c3c90,sub_004c3c90,0x004c42c0,1584,8,aligned_or_padded_ebp_prologue;direct_call_target,True
0x004c42c0,sub_004c42c0,0x004c4420,352,2,aligned_or_padded_ebp_prologue;direct_call_target,True
0x004c4420,sub_004c4420,0x004c45b0,400,1,aligned_or_padded_ebp_prologue;direct_call_target,True
0x004c45b0,sub_004c45b0,0x004c4650,160,3,aligned_or_padded_ebp_prologue;direct_call_target,False
0x004c4650,sub_004c4650,0x004c46a0,80,0,aligned_or_padded_ebp_prologue,True
0x004c46a0,sub_004c46a0,0x004c46f0,80,1,aligned_or_padded_ebp_prologue;direct_call_target,True
0x004c46f0,sub_004c46f0,0x004c4740,80,0,aligned_or_padded_ebp_prologue,True
0x004c4740,sub_004c4740,0x004c4770,48,0,aligned_or_padded_ebp_prologue,True
0x004c4770,sub_004c4770,0x004c47a0,48,0,aligned_or_padded_ebp_prologue,True
0x004c47a0,sub_004c47a0,0x004c47c0,32,1,aligned_or_padded_ebp_prologue;direct_call_target,True
0x004c47c0,sub_004c47c0,0x004c4900,320,1,aligned_or_padded_ebp_prologue;direct_call_target,True
0x004c4900,sub_004c4900,0x004c4920,32,2,aligned_or_padded_ebp_prologue;direct_call_target,True
0x004c4920,sub_004c4920,0x004c4940,32,2,aligned_or_padded_ebp_prologue;direct_call_target,True
0x004c4940,sub_004c4940,0x004c4960,32,3,aligned_or_padded_ebp_prologue;direct_call_target,True
0x004c4960,sub_004c4960,0x004c4b30,464,1,aligned_or_padded_ebp_prologue;direct_call_target,True
0x004c4b30,sub_004c4b30,0x004c4b70,64,6,aligned_or_padded_ebp_prologue;direct_call_target,True
0x004c4b70,sub_004c4b70,0x004c4b90,32,5,aligned_or_padded_ebp_prologue;direct_call_target,True
0x004c4b90,sub_004c4b90,0x004c4da0,528,1,aligned_or_padded_ebp_prologue;direct_call_target,True
0x004c4da0,sub_004c4da0,0x004c4f00,352,1,aligned_or_padded_ebp_prologue;direct_call_target,True
0x004c4f00,sub_004c4f00,0x004c4f50,80,2,aligned_or_padded_ebp_prologue;direct_call_target,True
0x004c4f50,sub_004c4f50,0x004c4f70,32,1,aligned_or_padded_ebp_prologue;direct_call_target,True
0x004c4f70,sub_004c4f70,0x004c4f90,32,1,aligned_or_padded_ebp_prologue;direct_call_target,True
0x004c4f90,sub_004c4f90,0x004c4fd0,64,2,aligned_or_padded_ebp_prologue;direct_call_target,True
0x004c4fd0,sub_004c4fd0,0x004c5010,64,1,aligned_or_padded_ebp_prologue;direct_call_target,True
0x004c5010,sub_004c5010,0x004c5070,96,1,aligned_or_padded_ebp_prologue;direct_call_target,True
0x004c5070,sub_004c5070,0x004c5090,32,1,aligned_or_padded_ebp_prologue;direct_call_target,True
0x004c5090,sub_004c5090,0x004c50c0,48,1,aligned_or_padded_ebp_prologue;direct_call_target,True
0x004c50c0,sub_004c50c0,0x004c5130,112,1,aligned_or_padded_ebp_prologue;direct_call_target,True
0x004c5130,sub_004c5130,0x004c5160,48,1,aligned_or_padded_ebp_prologue;direct_call_target,True
0x004c5160,sub_004c5160,0x004c52c0,352,1,aligned_or_padded_ebp_prologue;direct_call_target,True
0x004c52c0,sub_004c52c0,0x004c52e0,32,1,aligned_or_padded_ebp_prologue;direct_call_target,True
0x004c52e0,sub_004c52e0,0x004c5390,176,1,aligned_or_padded_ebp_prologue;direct_call_target,True
0x004c5390,sub_004c5390,0x004c53b0,32,6,aligned_or_padded_ebp_prologue;direct_call_target,True
0x004c53b0,sub_004c53b0,0x004c53f0,64,1,aligned_or_padded_ebp_prologue;direct_call_target,True
0x004c53f0,sub_004c53f0,0x004c5410,32,1,aligned_or_padded_ebp_prologue;direct_call_target,True
0x004c5410,sub_004c5410,0x004c5460,80,1,aligned_or_padded_ebp_prologue;direct_call_target,True
0x004c5460,sub_004c5460,0x004c5500,160,8,aligned_or_padded_ebp_prologue;direct_call_target,True
0x004c5500,sub_004c5500,0x004c5530,48,1,aligned_or_padded_ebp_prologue;direct_call_target,True
0x004c5530,sub_004c5530,0x004c5690,352,1,aligned_or_padded_ebp_prologue;direct_call_target,True
0x004c5690,sub_004c5690,0x004c56b0,32,1,aligned_or_padded_ebp_prologue;direct_call_target,True
0x004c56b0,sub_004c56b0,0x004c5750,160,1,aligned_or_padded_ebp_prologue;direct_call_target,True
0x004c5750,sub_004c5750,0x004c5790,64,0,aligned_or_padded_ebp_prologue,True
0x004c5790,sub_004c5790,0x004c5870,224,1,aligned_or_padded_ebp_prologue;direct_call_target,True
0x004c5870,sub_004c5870,0x004c58d0,96,1,aligned_or_padded_ebp_prologue;direct_call_target,True
0x004c58d0,sub_004c58d0,0x004c5990,192,1,aligned_or_padded_ebp_prologue;direct_call_target,True
0x004c5990,sub_004c5990,0x004c59c0,48,1,aligned_or_padded_ebp_prologue;direct_call_target,True
0x004c59c0,sub_004c59c0,0x004c5c80,704,1,aligned_or_padded_ebp_prologue;direct_call_target,True
0x004c5c80,sub_004c5c80,0x004c5cc0,64,3,aligned_or_padded_ebp_prologue;direct_call_target,True
0x004c5cc0,sub_004c5cc0,0x004c5d00,64,1,aligned_or_padded_ebp_prologue;direct_call_target,True
0x004c5d00,sub_004c5d00,0x004c5d10,16,2,aligned_or_padded_ebp_prologue;direct_call_target,True
0x004c5d10,sub_004c5d10,0x004c5d40,48,2,aligned_or_padded_ebp_prologue;direct_call_target,True
0x004c5d40,sub_004c5d40,0x004c5d70,48,1,aligned_or_padded_ebp_prologue;direct_call_target,True
0x004c5d70,sub_004c5d70,0x004c5d80,16,0,aligned_or_padded_ebp_prologue,True
0x004c5d80,sub_004c5d80,0x004c5d90,16,0,aligned_or_padded_ebp_prologue,True
0x004c5d90,sub_004c5d90,0x004c5db0,32,1,aligned_or_padded_ebp_prologue;direct_call_target,True
0x004c5db0,sub_004c5db0,0x004c5e00,80,1,aligned_or_padded_ebp_prologue;direct_call_target,True
0x004c5e00,sub_004c5e00,0x004c5e20,32,1,aligned_or_padded_ebp_prologue;direct_call_target,True
0x004c5e20,sub_004c5e20,0x004c5e50,48,17,aligned_or_padded_ebp_prologue;direct_call_target,True
0x004c5e50,sub_004c5e50,0x004c5e80,48,5,aligned_or_padded_ebp_prologue;direct_call_target,True
0x004c5e80,sub_004c5e80,0x004c5eb0,48,7,aligned_or_padded_ebp_prologue;direct_call_target,True
0x004c5eb0,sub_004c5eb0,0x004c5ee0,48,4,aligned_or_padded_ebp_prologue;direct_call_target,True
0x004c5ee0,sub_004c5ee0,0x004c5fa0,192,4,aligned_or_padded_ebp_prologue;direct_call_target,True
0x004c5fa0,sub_004c5fa0,0x004c5fb0,16,1,aligned_or_padded_ebp_prologue;direct_call_target,True
0x004c5fb0,sub_004c5fb0,0x004c5ff0,64,1,aligned_or_padded_ebp_prologue;direct_call_target,True
0x004c5ff0,sub_004c5ff0,0x004c6010,32,2,aligned_or_padded_ebp_prologue;direct_call_target,True
0x004c6010,sub_004c6010,0x004c6080,112,21,aligned_or_padded_ebp_prologue;direct_call_target,True
0x004c6080,sub_004c6080,0x004c60b0,48,2,aligned_or_padded_ebp_prologue;direct_call_target,True
0x004c60b0,sub_004c60b0,0x004c6100,80,26,aligned_or_padded_ebp_prologue;direct_call_target,True
0x004c6100,sub_004c6100,0x004c6130,48,1,aligned_or_padded_ebp_prologue;direct_call_target,True
0x004c6130,sub_004c6130,0x004c6160,48,2,aligned_or_padded_ebp_prologue;direct_call_target,True
0x004c6160,sub_004c6160,0x004c6180,32,17,aligned_or_padded_ebp_prologue;direct_call_target,True
0x004c6180,sub_004c6180,0x004c61a0,32,22,aligned_or_padded_ebp_prologue;direct_call_target,True
0x004c61a0,sub_004c61a0,0x004c61d0,48,8,aligned_or_padded_ebp_prologue;direct_call_target,True
0x004c61d0,sub_004c61d0,0x004c6210,64,6,aligned_or_padded_ebp_prologue;direct_call_target,True
0x004c6210,sub_004c6210,0x004c6230,32,1,aligned_or_padded_ebp_prologue;direct_call_target,True
0x004c6230,sub_004c6230,0x004c6b30,2304,1,direct_call_target,True
0x004c6b30,sub_004c6b30,0x004c7160,1584,1,aligned_or_padded_ebp_prologue;direct_call_target,True
0x004c7160,sub_004c7160,0x004c7770,1552,1,aligned_or_padded_ebp_prologue;direct_call_target,True
0x004c7770,sub_004c7770,0x004c7cb0,1344,1,aligned_or_padded_ebp_prologue;direct_call_target,True
0x004c7cb0,sub_004c7cb0,0x004c7d10,96,1,aligned_or_padded_ebp_prologue;direct_call_target,True
0x004c7d10,sub_004c7d10,0x004c7dd0,192,1,aligned_or_padded_ebp_prologue;direct_call_target,True
0x004c7dd0,sub_004c7dd0,0x004c7f00,304,2,aligned_or_padded_ebp_prologue;direct_call_target,True
0x004c7f00,sub_004c7f00,0x004c7f20,32,2,aligned_or_padded_ebp_prologue;direct_call_target,True
0x004c7f20,sub_004c7f20,0x004c7f90,112,3,aligned_or_padded_ebp_prologue;direct_call_target,True
0x004c7f90,sub_004c7f90,0x004c7fd0,64,2,aligned_or_padded_ebp_prologue;direct_call_target,True
0x004c7fd0,sub_004c7fd0,0x004c8020,80,2,aligned_or_padded_ebp_prologue;direct_call_target,True
0x004c8020,sub_004c8020,0x004c8080,96,1,aligned_or_padded_ebp_prologue;direct_call_target,True
0x004c8080,sub_004c8080,0x004c80e0,96,1,aligned_or_padded_ebp_prologue;direct_call_target,True
0x004c80e0,sub_004c80e0,0x004c8130,80,1,aligned_or_padded_ebp_prologue;direct_call_target,True
0x004c8130,sub_004c8130,0x004c8190,96,1,aligned_or_padded_ebp_prologue;direct_call_target,True
0x004c8190,sub_004c8190,0x004c81f0,96,2,aligned_or_padded_ebp_prologue;direct_call_target,True
0x004c81f0,sub_004c81f0,0x004c8240,80,1,aligned_or_padded_ebp_prologue;direct_call_target,True
0x004c8240,sub_004c8240,0x004c82c0,128,1,aligned_or_padded_ebp_prologue;direct_call_target,True
0x004c82c0,sub_004c82c0,0x004c8390,208,2,aligned_or_padded_ebp_prologue;direct_call_target,True
0x004c8390,sub_004c8390,0x004c8410,128,1,aligned_or_padded_ebp_prologue;direct_call_target,True
0x004c8410,sub_004c8410,0x004c84b0,160,1,aligned_or_padded_ebp_prologue;direct_call_target,True
0x004c84b0,sub_004c84b0,0x004c85b0,256,2,aligned_or_padded_ebp_prologue;direct_call_target,True
0x004c85b0,sub_004c85b0,0x004c87c0,528,4,aligned_or_padded_ebp_prologue;direct_call_target,True
0x004c87c0,sub_004c87c0,0x004c8880,192,1,aligned_or_padded_ebp_prologue;direct_call_target,True
0x004c8880,sub_004c8880,0x004c88e0,96,1,aligned_or_padded_ebp_prologue;direct_call_target,True
0x004c88e0,sub_004c88e0,0x004c8940,96,1,aligned_or_padded_ebp_prologue;direct_call_target,True
0x004c8940,sub_004c8940,0x004c8a40,256,1,aligned_or_padded_ebp_prologue;direct_call_target,True
0x004c8a40,sub_004c8a40,0x004c8a70,48,1,aligned_or_padded_ebp_prologue;direct_call_target,True
0x004c8a70,sub_004c8a70,0x004c8af0,128,1,aligned_or_padded_ebp_prologue;direct_call_target,True
0x004c8af0,sub_004c8af0,0x004c8b70,128,5,aligned_or_padded_ebp_prologue;direct_call_target,True
0x004c8b70,sub_004c8b70,0x004c8c00,144,1,aligned_or_padded_ebp_prologue;direct_call_target,True
0x004c8c00,sub_004c8c00,0x004c8c40,64,1,aligned_or_padded_ebp_prologue;direct_call_target,True
0x004c8c40,sub_004c8c40,0x004c8c90,80,1,aligned_or_padded_ebp_prologue;direct_call_target,True
0x004c8c90,sub_004c8c90,0x004c8d70,224,1,aligned_or_padded_ebp_prologue;direct_call_target,True
0x004c8d70,sub_004c8d70,0x004c8e90,288,1,aligned_or_padded_ebp_prologue;direct_call_target,True
0x004c8e90,sub_004c8e90,0x004c8fe0,336,1,aligned_or_padded_ebp_prologue;direct_call_target,True
0x004c8fe0,sub_004c8fe0,0x004c90d0,240,1,aligned_or_padded_ebp_prologue;direct_call_target,True
0x004c90d0,sub_004c90d0,0x004c9100,48,2,aligned_or_padded_ebp_prologue;direct_call_target,True
0x004c9100,sub_004c9100,0x004c9130,48,1,aligned_or_padded_ebp_prologue;direct_call_target,True
0x004c9130,sub_004c9130,0x004c9170,64,2,aligned_or_padded_ebp_prologue;direct_call_target,True
0x004c9170,sub_004c9170,0x004c9190,32,3,aligned_or_padded_ebp_prologue;direct_call_target,True
0x004c9190,sub_004c9190,0x004c91d0,64,0,aligned_or_padded_ebp_prologue,True
0x004c91d0,sub_004c91d0,0x004c9210,64,0,aligned_or_padded_ebp_prologue,True
0x004c9210,sub_004c9210,0x004c9250,64,0,aligned_or_padded_ebp_prologue,True
0x004c9250,sub_004c9250,0x004c9280,48,0,aligned_or_padded_ebp_prologue,True
0x004c9280,sub_004c9280,0x004c92c0,64,0,aligned_or_padded_ebp_prologue,True
0x004c92c0,sub_004c92c0,0x004c9300,64,0,aligned_or_padded_ebp_prologue,True
0x004c9300,sub_004c9300,0x004c9350,80,4,aligned_or_padded_ebp_prologue;direct_call_target,True
0x004c9350,sub_004c9350,0x004c9380,48,0,aligned_or_padded_ebp_prologue,True
0x004c9380,sub_004c9380,0x004c9490,272,0,aligned_or_padded_ebp_prologue,True
0x004c9490,sub_004c9490,0x004c9580,240,4,aligned_or_padded_ebp_prologue;direct_call_target,True
0x004c9580,sub_004c9580,0x004c9830,688,0,aligned_or_padded_ebp_prologue,True
0x004c9830,sub_004c9830,0x004c9ab0,640,0,aligned_or_padded_ebp_prologue,True
0x004c9ab0,sub_004c9ab0,0x004c9da0,752,0,aligned_or_padded_ebp_prologue,True
0x004c9da0,sub_004c9da0,0x004c9db0,16,0,aligned_or_padded_ebp_prologue,True
0x004c9db0,sub_004c9db0,0x004c9f10,352,3,aligned_or_padded_ebp_prologue;direct_call_target,True
0x004c9f10,sub_004c9f10,0x004ca380,1136,0,aligned_or_padded_ebp_prologue,True
0x004ca380,sub_004ca380,0x004ca830,1200,0,aligned_or_padded_ebp_prologue,True
0x004ca830,sub_004ca830,0x004caac0,656,0,aligned_or_padded_ebp_prologue,True
0x004caac0,sub_004caac0,0x004caad0,16,0,aligned_or_padded_ebp_prologue,True
0x004caad0,sub_004caad0,0x004cabf0,288,19,aligned_or_padded_ebp_prologue;direct_call_target,True
0x004cabf0,sub_004cabf0,0x004cb060,1136,0,aligned_or_padded_ebp_prologue,True
0x004cb060,sub_004cb060,0x004cb500,1184,0,aligned_or_padded_ebp_prologue,True
0x004cb500,sub_004cb500,0x004cb510,16,0,aligned_or_padded_ebp_prologue,True
0x004cb510,sub_004cb510,0x004cb970,1120,0,aligned_or_padded_ebp_prologue,True
0x004cb970,sub_004cb970,0x004cbfa0,1584,0,aligned_or_padded_ebp_prologue,True
0x004cbfa0,sub_004cbfa0,0x004cc690,1776,0,aligned_or_padded_ebp_prologue,True
0x004cc690,sub_004cc690,0x004cc950,704,0,aligned_or_padded_ebp_prologue,True
0x004cc950,sub_004cc950,0x004cce10,1216,0,aligned_or_padded_ebp_prologue,True
0x004cce10,sub_004cce10,0x004cd2d0,1216,0,aligned_or_padded_ebp_prologue,True
0x004cd2d0,sub_004cd2d0,0x004cd580,688,0,aligned_or_padded_ebp_prologue,True
0x004cd580,sub_004cd580,0x004cda40,1216,0,aligned_or_padded_ebp_prologue,True
0x004cda40,sub_004cda40,0x004cdef0,1200,0,aligned_or_padded_ebp_prologue,True
0x004cdef0,sub_004cdef0,0x004ce220,816,0,aligned_or_padded_ebp_prologue,True
0x004ce220,sub_004ce220,0x004ce510,752,0,aligned_or_padded_ebp_prologue,True
0x004ce510,sub_004ce510,0x004ce8e0,976,0,aligned_or_padded_ebp_prologue,True
0x004ce8e0,sub_004ce8e0,0x004ceba0,704,0,aligned_or_padded_ebp_prologue,True
0x004ceba0,sub_004ceba0,0x004cebb0,16,0,aligned_or_padded_ebp_prologue,True
0x004cebb0,sub_004cebb0,0x004cf080,1232,0,aligned_or_padded_ebp_prologue,True
0x004cf080,sub_004cf080,0x004cf550,1232,0,aligned_or_padded_ebp_prologue,True
0x004cf550,sub_004cf550,0x004cf5c0,112,0,aligned_or_padded_ebp_prologue,True
0x004cf5c0,sub_004cf5c0,0x004cf5f0,48,0,aligned_or_padded_ebp_prologue,True
0x004cf5f0,sub_004cf5f0,0x004cf680,144,0,aligned_or_padded_ebp_prologue,True
0x004cf680,sub_004cf680,0x004cf940,704,2,aligned_or_padded_ebp_prologue;direct_call_target,True
0x004cf940,sub_004cf940,0x004cfa30,240,0,aligned_or_padded_ebp_prologue,True
0x004cfa30,sub_004cfa30,0x004cfb40,272,0,aligned_or_padded_ebp_prologue,True
0x004cfb40,sub_004cfb40,0x004cfb80,64,0,aligned_or_padded_ebp_prologue,True
0x004cfb80,sub_004cfb80,0x004cfbb0,48,3,aligned_or_padded_ebp_prologue;direct_call_target,True
0x004cfbb0,sub_004cfbb0,0x004d00c0,1296,0,aligned_or_padded_ebp_prologue,True
0x004d00c0,sub_004d00c0,0x004d01d0,272,1,aligned_or_padded_ebp_prologue;direct_call_target,True
0x004d01d0,sub_004d01d0,0x004d0290,192,0,aligned_or_padded_ebp_prologue,True
0x004d0290,sub_004d0290,0x004d0380,240,0,aligned_or_padded_ebp_prologue,True
0x004d0380,sub_004d0380,0x004d12e0,3936,0,aligned_or_padded_ebp_prologue,True
0x004d12e0,sub_004d12e0,0x004d1470,400,0,aligned_or_padded_ebp_prologue,True
0x004d1470,sub_004d1470,0x004d2360,3824,0,aligned_or_padded_ebp_prologue,True
0x004d2360,sub_004d2360,0x004d2410,176,1,aligned_or_padded_ebp_prologue;direct_call_target,True
0x004d2410,sub_004d2410,0x004d2430,32,0,aligned_or_padded_ebp_prologue,True
0x004d2430,sub_004d2430,0x004d2540,272,1,aligned_or_padded_ebp_prologue;direct_call_target,True
0x004d2540,sub_004d2540,0x004d2750,528,0,aligned_or_padded_ebp_prologue,True
0x004d2750,sub_004d2750,0x004d2a20,720,0,aligned_or_padded_ebp_prologue,True
0x004d2a20,sub_004d2a20,0x004d2dd0,944,0,aligned_or_padded_ebp_prologue,True
0x004d2dd0,sub_004d2dd0,0x004d3110,832,0,aligned_or_padded_ebp_prologue,True
0x004d3110,sub_004d3110,0x004d3230,288,0,aligned_or_padded_ebp_prologue,True
0x004d3230,sub_004d3230,0x004d3ca0,2672,0,aligned_or_padded_ebp_prologue,True
0x004d3ca0,sub_004d3ca0,0x004d3d70,208,1,aligned_or_padded_ebp_prologue;direct_call_target,True
0x004d3d70,sub_004d3d70,0x004d4150,992,0,aligned_or_padded_ebp_prologue,True
0x004d4150,sub_004d4150,0x004d4660,1296,0,aligned_or_padded_ebp_prologue,True
0x004d4660,sub_004d4660,0x004d46e0,128,0,aligned_or_padded_ebp_prologue,True
0x004d46e0,sub_004d46e0,0x004d47f0,272,0,aligned_or_padded_ebp_prologue,True
0x004d47f0,sub_004d47f0,0x004d49e0,496,13,aligned_or_padded_ebp_prologue;direct_call_target,True
0x004d49e0,sub_004d49e0,0x004d50a0,1728,0,aligned_or_padded_ebp_prologue,True
0x004d50a0,sub_004d50a0,0x004d5310,624,0,aligned_or_padded_ebp_prologue,True
0x004d5310,sub_004d5310,0x004d5580,624,0,aligned_or_padded_ebp_prologue,True
0x004d5580,sub_004d5580,0x004d5710,400,0,aligned_or_padded_ebp_prologue,True
0x004d5710,sub_004d5710,0x004d58d0,448,0,aligned_or_padded_ebp_prologue,True
0x004d58d0,sub_004d58d0,0x004d5a90,448,0,aligned_or_padded_ebp_prologue,True
0x004d5a90,sub_004d5a90,0x004d5b10,128,4,aligned_or_padded_ebp_prologue;direct_call_target,True
0x004d5b10,sub_004d5b10,0x004d5bb0,160,0,aligned_or_padded_ebp_prologue,True
0x004d5bb0,sub_004d5bb0,0x004d5be0,48,0,aligned_or_padded_ebp_prologue,True
0x004d5be0,sub_004d5be0,0x004d5c00,32,1,aligned_or_padded_ebp_prologue;direct_call_target,True
0x004d5c00,sub_004d5c00,0x004d5e50,592,0,aligned_or_padded_ebp_prologue,True
0x004d5e50,sub_004d5e50,0x004d60a0,592,0,aligned_or_padded_ebp_prologue,True
0x004d60a0,sub_004d60a0,0x004d62e0,576,0,aligned_or_padded_ebp_prologue,True
0x004d62e0,sub_004d62e0,0x004d6390,176,2,aligned_or_padded_ebp_prologue;direct_call_target,True
0x004d6390,sub_004d6390,0x004d67e0,1104,5,aligned_or_padded_ebp_prologue;direct_call_target,True
0x004d67e0,sub_004d67e0,0x004d6830,80,0,aligned_or_padded_ebp_prologue,True
0x004d6830,sub_004d6830,0x004d6b80,848,1,aligned_or_padded_ebp_prologue;direct_call_target,True
0x004d6b80,sub_004d6b80,0x004d6bb0,48,6,aligned_or_padded_ebp_prologue;direct_call_target,True
0x004d6bb0,sub_004d6bb0,0x004d6bd0,32,2,aligned_or_padded_ebp_prologue;direct_call_target,True
0x004d6bd0,sub_004d6bd0,0x004d6c40,112,1,aligned_or_padded_ebp_prologue;direct_call_target,True
0x004d6c40,sub_004d6c40,0x004d7280,1600,0,aligned_or_padded_ebp_prologue,True
0x004d7280,sub_004d7280,0x004d7750,1232,0,aligned_or_padded_ebp_prologue,True
0x004d7750,sub_004d7750,0x004d7d20,1488,0,aligned_or_padded_ebp_prologue,True
0x004d7d20,sub_004d7d20,0x004d7d50,48,0,aligned_or_padded_ebp_prologue,True
0x004d7d50,sub_004d7d50,0x004d7d80,48,0,aligned_or_padded_ebp_prologue,True
0x004d7d80,sub_004d7d80,0x004d7dd0,80,0,aligned_or_padded_ebp_prologue,True
0x004d7dd0,sub_004d7dd0,0x004d7e10,64,4,aligned_or_padded_ebp_prologue;direct_call_target,True
0x004d7e10,sub_004d7e10,0x004d7e40,48,1,aligned_or_padded_ebp_prologue;direct_call_target,True
0x004d7e40,sub_004d7e40,0x004d7ea0,96,1,aligned_or_padded_ebp_prologue;direct_call_target,True
0x004d7ea0,sub_004d7ea0,0x004d7ef0,80,1,aligned_or_padded_ebp_prologue;direct_call_target,True
0x004d7ef0,sub_004d7ef0,0x004d7fd0,224,1,aligned_or_padded_ebp_prologue;direct_call_target,True
0x004d7fd0,sub_004d7fd0,0x004d80b0,224,1,aligned_or_padded_ebp_prologue;direct_call_target,True
0x004d80b0,sub_004d80b0,0x004d80f0,64,0,aligned_or_padded_ebp_prologue,True
0x004d80f0,sub_004d80f0,0x004d8160,112,1,aligned_or_padded_ebp_prologue;direct_call_target,True
0x004d8160,sub_004d8160,0x004d8220,192,1,aligned_or_padded_ebp_prologue;direct_call_target,True
0x004d8220,sub_004d8220,0x004d82c0,160,1,aligned_or_padded_ebp_prologue;direct_call_target,True
0x004d82c0,sub_004d82c0,0x004d8350,144,1,aligned_or_padded_ebp_prologue;direct_call_target,True
0x004d8350,sub_004d8350,0x004d8560,528,0,aligned_or_padded_ebp_prologue,True
0x004d8560,sub_004d8560,0x004d85a0,64,1,aligned_or_padded_ebp_prologue;direct_call_target,True
0x004d85a0,sub_004d85a0,0x004d85b0,16,0,aligned_or_padded_ebp_prologue,True
0x004d85b0,sub_004d85b0,0x004d85c0,16,0,aligned_or_padded_ebp_prologue,True
0x004d85c0,sub_004d85c0,0x004d8620,96,1,aligned_or_padded_ebp_prologue;direct_call_target,True
0x004d8620,sub_004d8620,0x004d86a0,128,4,aligned_or_padded_ebp_prologue;direct_call_target,True
0x004d86a0,sub_004d86a0,0x004d8740,160,1,aligned_or_padded_ebp_prologue;direct_call_target,True
0x004d8740,sub_004d8740,0x004d8790,80,1,aligned_or_padded_ebp_prologue;direct_call_target,True
0x004d8790,sub_004d8790,0x004d8830,160,1,aligned_or_padded_ebp_prologue;direct_call_target,True
0x004d8830,sub_004d8830,0x004d8870,64,1,aligned_or_padded_ebp_prologue;direct_call_target,True
0x004d8870,sub_004d8870,0x004d88a0,48,1,aligned_or_padded_ebp_prologue;direct_call_target,True
0x004d88a0,sub_004d88a0,0x004d88c0,32,1,aligned_or_padded_ebp_prologue;direct_call_target,True
0x004d88c0,sub_004d88c0,0x004d8990,208,1,aligned_or_padded_ebp_prologue;direct_call_target,True
0x004d8990,sub_004d8990,0x004d8d50,960,1,aligned_or_padded_ebp_prologue;direct_call_target,True
0x004d8d50,sub_004d8d50,0x004d8d70,32,1,aligned_or_padded_ebp_prologue;direct_call_target,True
0x004d8d70,sub_004d8d70,0x004d8da0,48,2,aligned_or_padded_ebp_prologue;direct_call_target,True
0x004d8da0,sub_004d8da0,0x004d8dd0,48,1,aligned_or_padded_ebp_prologue;direct_call_target,True
0x004d8dd0,sub_004d8dd0,0x004d8de0,16,2,aligned_or_padded_ebp_prologue;direct_call_target,True
0x004d8de0,sub_004d8de0,0x004d8df0,16,4,aligned_or_padded_ebp_prologue;direct_call_target,True
0x004d8df0,sub_004d8df0,0x004d8e40,80,0,aligned_or_padded_ebp_prologue,True
0x004d8e40,sub_004d8e40,0x004d8e90,80,0,aligned_or_padded_ebp_prologue,True
0x004d8e90,sub_004d8e90,0x004d8f80,240,0,aligned_or_padded_ebp_prologue,True
0x004d8f80,sub_004d8f80,0x004d9040,192,0,aligned_or_padded_ebp_prologue,True
0x004d9040,sub_004d9040,0x004d9120,224,0,aligned_or_padded_ebp_prologue,True
0x004d9120,sub_004d9120,0x004d9210,240,0,aligned_or_padded_ebp_prologue,True
0x004d9210,sub_004d9210,0x004d9420,528,0,aligned_or_padded_ebp_prologue,True
0x004d9420,sub_004d9420,0x004d94e0,192,0,aligned_or_padded_ebp_prologue,True
0x004d94e0,sub_004d94e0,0x004d95b0,208,1,aligned_or_padded_ebp_prologue;direct_call_target,True
0x004d95b0,sub_004d95b0,0x004d9680,208,1,aligned_or_padded_ebp_prologue;direct_call_target,True
0x004d9680,sub_004d9680,0x004d9710,144,1,aligned_or_padded_ebp_prologue;direct_call_target,True
0x004d9710,sub_004d9710,0x004d9760,80,1,aligned_or_padded_ebp_prologue;direct_call_target,True
0x004d9760,sub_004d9760,0x004d97f0,144,1,aligned_or_padded_ebp_prologue;direct_call_target,True
0x004d97f0,sub_004d97f0,0x004d9900,272,1,aligned_or_padded_ebp_prologue;direct_call_target,True
0x004d9900,sub_004d9900,0x004d9920,32,1,aligned_or_padded_ebp_prologue;direct_call_target,True
0x004d9920,sub_004d9920,0x004d9940,32,1,aligned_or_padded_ebp_prologue;direct_call_target,True
0x004d9940,sub_004d9940,0x004d99d0,144,10,aligned_or_padded_ebp_prologue;direct_call_target,True
0x004d99d0,sub_004d99d0,0x004d9a70,160,11,aligned_or_padded_ebp_prologue;direct_call_target,True
0x004d9a70,sub_004d9a70,0x004d9b50,224,12,aligned_or_padded_ebp_prologue;direct_call_target,True
0x004d9b50,sub_004d9b50,0x004d9bc0,112,16,aligned_or_padded_ebp_prologue;direct_call_target,True
0x004d9bc0,sub_004d9bc0,0x004d9c10,80,8,aligned_or_padded_ebp_prologue;direct_call_target,True
0x004d9c10,sub_004d9c10,0x004d9c40,48,1,aligned_or_padded_ebp_prologue;direct_call_target,True
0x004d9c40,sub_004d9c40,0x004d9db0,368,1,aligned_or_padded_ebp_prologue;direct_call_target,True
0x004d9db0,sub_004d9db0,0x004d9e00,80,25,aligned_or_padded_ebp_prologue;direct_call_target,True
0x004d9e00,sub_004d9e00,0x004d9e30,48,2,aligned_or_padded_ebp_prologue;direct_call_target,True
0x004d9e30,sub_004d9e30,0x004d9e70,64,9,aligned_or_padded_ebp_prologue;direct_call_target,True
0x004d9e70,sub_004d9e70,0x004d9ea0,48,1,aligned_or_padded_ebp_prologue;direct_call_target,True
0x004d9ea0,sub_004d9ea0,0x004d9f60,192,1,aligned_or_padded_ebp_prologue;direct_call_target,True
0x004d9f60,sub_004d9f60,0x004da120,448,1,aligned_or_padded_ebp_prologue;direct_call_target,True
0x004da120,sub_004da120,0x004da1f0,208,2,aligned_or_padded_ebp_prologue;direct_call_target,True
0x004da1f0,sub_004da1f0,0x004da540,848,10,aligned_or_padded_ebp_prologue;direct_call_target,True
0x004da540,sub_004da540,0x004dab40,1536,1,aligned_or_padded_ebp_prologue;direct_call_target,True
0x004dab40,sub_004dab40,0x004dab80,64,1,aligned_or_padded_ebp_prologue;direct_call_target,True
0x004dab80,sub_004dab80,0x004daba0,32,2,aligned_or_padded_ebp_prologue;direct_call_target,True
0x004daba0,sub_004daba0,0x004dbce0,4416,1,aligned_or_padded_ebp_prologue;direct_call_target,True
0x004dbce0,sub_004dbce0,0x004dbd70,144,2,aligned_or_padded_ebp_prologue;direct_call_target,True
0x004dbd70,sub_004dbd70,0x004dc0f0,896,5,aligned_or_padded_ebp_prologue;direct_call_target,True
0x004dc0f0,sub_004dc0f0,0x004dc120,48,1,aligned_or_padded_ebp_prologue;direct_call_target,True
0x004dc120,sub_004dc120,0x004dc140,32,1,aligned_or_padded_ebp_prologue;direct_call_target,True
0x004dc140,sub_004dc140,0x004dc160,32,2,aligned_or_padded_ebp_prologue;direct_call_target,True
0x004dc160,sub_004dc160,0x004dc180,32,1,aligned_or_padded_ebp_prologue;direct_call_target,True
0x004dc180,sub_004dc180,0x004dc1a0,32,1,aligned_or_padded_ebp_prologue;direct_call_target,True
0x004dc1a0,sub_004dc1a0,0x004dc1c0,32,1,aligned_or_padded_ebp_prologue;direct_call_target,True
0x004dc1c0,sub_004dc1c0,0x004dc510,848,1,aligned_or_padded_ebp_prologue;direct_call_target,True
0x004dc510,sub_004dc510,0x004dc5f0,224,0,aligned_or_padded_ebp_prologue,True
0x004dc5f0,sub_004dc5f0,0x004dc7c0,464,0,aligned_or_padded_ebp_prologue,True
0x004dc7c0,sub_004dc7c0,0x004dc8b0,240,0,aligned_or_padded_ebp_prologue,True
0x004dc8b0,sub_004dc8b0,0x004dd1c0,2320,0,aligned_or_padded_ebp_prologue,True
0x004dd1c0,sub_004dd1c0,0x004dd2e0,288,0,aligned_or_padded_ebp_prologue,True
0x004dd2e0,sub_004dd2e0,0x004dd400,288,0,aligned_or_padded_ebp_prologue,True
0x004dd400,sub_004dd400,0x004dd490,144,0,aligned_or_padded_ebp_prologue,True
0x004dd490,sub_004dd490,0x004dd600,368,1,aligned_or_padded_ebp_prologue;direct_call_target,True
0x004dd600,sub_004dd600,0x004dd730,304,0,aligned_or_padded_ebp_prologue,True
0x004dd730,sub_004dd730,0x004dd820,240,3,aligned_or_padded_ebp_prologue;direct_call_target,True
0x004dd820,sub_004dd820,0x004dd840,32,1,aligned_or_padded_ebp_prologue;direct_call_target,True
0x004dd840,sub_004dd840,0x004dd8d0,144,4,aligned_or_padded_ebp_prologue;direct_call_target,True
0x004dd8d0,sub_004dd8d0,0x004dd910,64,5,aligned_or_padded_ebp_prologue;direct_call_target,True
0x004dd910,sub_004dd910,0x004dda10,256,2,aligned_or_padded_ebp_prologue;direct_call_target,True
0x004dda10,sub_004dda10,0x004dda30,32,1,aligned_or_padded_ebp_prologue;direct_call_target,True
0x004dda30,sub_004dda30,0x004dda60,48,1,aligned_or_padded_ebp_prologue;direct_call_target,True
0x004dda60,sub_004dda60,0x004ddac0,96,15,aligned_or_padded_ebp_prologue;direct_call_target,True
0x004ddac0,sub_004ddac0,0x004ddb20,96,6,aligned_or_padded_ebp_prologue;direct_call_target,True
0x004ddb20,sub_004ddb20,0x004ddf80,1120,1,aligned_or_padded_ebp_prologue;direct_call_target,True
0x004ddf80,sub_004ddf80,0x004ddfe0,96,31,aligned_or_padded_ebp_prologue;direct_call_target,True
0x004ddfe0,sub_004ddfe0,0x004de040,96,5,aligned_or_padded_ebp_prologue;direct_call_target,True
0x004de040,sub_004de040,0x004de1f0,432,1,aligned_or_padded_ebp_prologue;direct_call_target,True
0x004de1f0,sub_004de1f0,0x004de360,368,1,aligned_or_padded_ebp_prologue;direct_call_target,True
0x004de360,sub_004de360,0x004de430,208,2,aligned_or_padded_ebp_prologue;direct_call_target,True
0x004de430,sub_004de430,0x004de510,224,2,aligned_or_padded_ebp_prologue;direct_call_target,True
0x004de510,sub_004de510,0x004de540,48,3,aligned_or_padded_ebp_prologue;direct_call_target,True
0x004de540,sub_004de540,0x004de570,48,3,aligned_or_padded_ebp_prologue;direct_call_target,True
0x004de570,sub_004de570,0x004de5a0,48,3,aligned_or_padded_ebp_prologue;direct_call_target,True
0x004de5a0,sub_004de5a0,0x004de5d0,48,3,aligned_or_padded_ebp_prologue;direct_call_target,True
0x004de5d0,sub_004de5d0,0x004de600,48,3,aligned_or_padded_ebp_prologue;direct_call_target,True
0x004de600,sub_004de600,0x004de670,112,1,aligned_or_padded_ebp_prologue;direct_call_target,True
0x004de670,sub_004de670,0x004de6e0,112,1,aligned_or_padded_ebp_prologue;direct_call_target,True
0x004de6e0,sub_004de6e0,0x004de750,112,1,aligned_or_padded_ebp_prologue;direct_call_target,True
0x004de750,sub_004de750,0x004de7c0,112,1,aligned_or_padded_ebp_prologue;direct_call_target,True
0x004de7c0,sub_004de7c0,0x004de830,112,1,aligned_or_padded_ebp_prologue;direct_call_target,True
0x004de830,sub_004de830,0x004de890,96,1,aligned_or_padded_ebp_prologue;direct_call_target,True
0x004de890,sub_004de890,0x004de8f0,96,1,aligned_or_padded_ebp_prologue;direct_call_target,True
0x004de8f0,sub_004de8f0,0x004de950,96,1,aligned_or_padded_ebp_prologue;direct_call_target,True
0x004de950,sub_004de950,0x004de9b0,96,1,aligned_or_padded_ebp_prologue;direct_call_target,True
0x004de9b0,sub_004de9b0,0x004dea10,96,1,aligned_or_padded_ebp_prologue;direct_call_target,True
0x004dea10,sub_004dea10,0x004dea60,80,1,aligned_or_padded_ebp_prologue;direct_call_target,True
0x004dea60,sub_004dea60,0x004deb80,288,1,aligned_or_padded_ebp_prologue;direct_call_target,True
0x004deb80,sub_004deb80,0x004dec30,176,1,aligned_or_padded_ebp_prologue;direct_call_target,True
0x004dec30,sub_004dec30,0x004dec50,32,6,aligned_or_padded_ebp_prologue;direct_call_target,True
0x004dec50,sub_004dec50,0x004dec80,48,5,aligned_or_padded_ebp_prologue;direct_call_target,True
0x004dec80,sub_004dec80,0x004decb0,48,3,aligned_or_padded_ebp_prologue;direct_call_target,True
0x004decb0,sub_004decb0,0x004decf0,64,0,aligned_or_padded_ebp_prologue,True
0x004decf0,sub_004decf0,0x004df670,2432,1,aligned_or_padded_ebp_prologue;direct_call_target,True
0x004df670,sub_004df670,0x004df6e0,112,1,aligned_or_padded_ebp_prologue;direct_call_target,True
0x004df6e0,sub_004df6e0,0x004df750,112,0,aligned_or_padded_ebp_prologue,True
0x004df750,sub_004df750,0x004df780,48,0,aligned_or_padded_ebp_prologue,True
0x004df780,sub_004df780,0x004df7b0,48,0,aligned_or_padded_ebp_prologue,True
0x004df7b0,sub_004df7b0,0x004df7e0,48,0,aligned_or_padded_ebp_prologue,True
0x004df7e0,sub_004df7e0,0x004df810,48,0,aligned_or_padded_ebp_prologue,True
0x004df810,sub_004df810,0x004df840,48,0,aligned_or_padded_ebp_prologue,True
0x004df840,sub_004df840,0x004df8b0,112,0,aligned_or_padded_ebp_prologue,True
0x004df8b0,sub_004df8b0,0x004df920,112,0,aligned_or_padded_ebp_prologue,True
0x004df920,sub_004df920,0x004df990,112,0,aligned_or_padded_ebp_prologue,True
0x004df990,sub_004df990,0x004dfa00,112,0,aligned_or_padded_ebp_prologue,True
0x004dfa00,sub_004dfa00,0x004dfa70,112,0,aligned_or_padded_ebp_prologue,True
0x004dfa70,sub_004dfa70,0x004dfa80,16,0,aligned_or_padded_ebp_prologue,True
0x004dfa80,sub_004dfa80,0x004dfa90,16,0,aligned_or_padded_ebp_prologue,True
0x004dfa90,sub_004dfa90,0x004dfaa0,16,0,aligned_or_padded_ebp_prologue,True
0x004dfaa0,sub_004dfaa0,0x004dfab0,16,0,aligned_or_padded_ebp_prologue,True
0x004dfab0,sub_004dfab0,0x004dfac0,16,0,aligned_or_padded_ebp_prologue,True
0x004dfac0,sub_004dfac0,0x004dfad0,16,0,aligned_or_padded_ebp_prologue,True
0x004dfad0,sub_004dfad0,0x004dfaf0,32,5,aligned_or_padded_ebp_prologue;direct_call_target,True
0x004dfaf0,sub_004dfaf0,0x004dfb30,64,2,aligned_or_padded_ebp_prologue;direct_call_target,True
0x004dfb30,sub_004dfb30,0x004dfb90,96,6,aligned_or_padded_ebp_prologue;direct_call_target,True
0x004dfb90,sub_004dfb90,0x004dfc00,112,1,aligned_or_padded_ebp_prologue;direct_call_target,True
0x004dfc00,sub_004dfc00,0x004dfc50,80,1,aligned_or_padded_ebp_prologue;direct_call_target,True
0x004dfc50,sub_004dfc50,0x004dfd20,208,1,aligned_or_padded_ebp_prologue;direct_call_target,True
0x004dfd20,sub_004dfd20,0x004dfdc0,160,1,aligned_or_padded_ebp_prologue;direct_call_target,True
0x004dfdc0,sub_004dfdc0,0x004dfe00,64,0,aligned_or_padded_ebp_prologue,True
0x004dfe00,sub_004dfe00,0x004e07b0,2480,1,aligned_or_padded_ebp_prologue;direct_call_target,True
0x004e07b0,sub_004e07b0,0x004e0e80,1744,1,aligned_or_padded_ebp_prologue;direct_call_target,True
0x004e0e80,sub_004e0e80,0x004e0f40,192,1,aligned_or_padded_ebp_prologue;direct_call_target,True
0x004e0f40,sub_004e0f40,0x004e0f60,32,1,aligned_or_padded_ebp_prologue;direct_call_target,True
0x004e0f60,sub_004e0f60,0x004e0f70,16,0,aligned_or_padded_ebp_prologue,True
0x004e0f70,sub_004e0f70,0x004e0f80,16,0,aligned_or_padded_ebp_prologue,True
0x004e0f80,sub_004e0f80,0x004e0fc0,64,3,aligned_or_padded_ebp_prologue;direct_call_target,True
0x004e0fc0,sub_004e0fc0,0x004e1080,192,4,aligned_or_padded_ebp_prologue;direct_call_target,True
0x004e1080,sub_004e1080,0x004e10e0,96,2,aligned_or_padded_ebp_prologue;direct_call_target,True
0x004e10e0,sub_004e10e0,0x004e11a0,192,2,aligned_or_padded_ebp_prologue;direct_call_target,True
0x004e11a0,sub_004e11a0,0x004e1250,176,1,aligned_or_padded_ebp_prologue;direct_call_target,True
0x004e1250,sub_004e1250,0x004e1310,192,2,aligned_or_padded_ebp_prologue;direct_call_target,True
0x004e1310,sub_004e1310,0x004e1410,256,1,aligned_or_padded_ebp_prologue;direct_call_target,True
0x004e1410,sub_004e1410,0x004e14b0,160,4,aligned_or_padded_ebp_prologue;direct_call_target,True
0x004e14b0,sub_004e14b0,0x004e1510,96,2,aligned_or_padded_ebp_prologue;direct_call_target,True
0x004e1510,sub_004e1510,0x004e1570,96,2,aligned_or_padded_ebp_prologue;direct_call_target,True
0x004e1570,sub_004e1570,0x004e15c0,80,1,aligned_or_padded_ebp_prologue;direct_call_target,True
0x004e15c0,sub_004e15c0,0x004e15e0,32,3,aligned_or_padded_ebp_prologue;direct_call_target,True
0x004e15e0,sub_004e15e0,0x004e1680,160,5,aligned_or_padded_ebp_prologue;direct_call_target,True
0x004e1680,sub_004e1680,0x004e1710,144,4,aligned_or_padded_ebp_prologue;direct_call_target,True
0x004e1710,sub_004e1710,0x004e17c0,176,1,aligned_or_padded_ebp_prologue;direct_call_target,True
0x004e17c0,sub_004e17c0,0x004e1850,144,1,aligned_or_padded_ebp_prologue;direct_call_target,True
0x004e1850,sub_004e1850,0x004e18c0,112,1,aligned_or_padded_ebp_prologue;direct_call_target,True
0x004e18c0,sub_004e18c0,0x004e1ab0,496,1,aligned_or_padded_ebp_prologue;direct_call_target,True
0x004e1ab0,sub_004e1ab0,0x004e1b30,128,15,aligned_or_padded_ebp_prologue;direct_call_target,True
0x004e1b30,sub_004e1b30,0x004e1ba0,112,1,aligned_or_padded_ebp_prologue;direct_call_target,True
0x004e1ba0,sub_004e1ba0,0x004e1c30,144,1,aligned_or_padded_ebp_prologue;direct_call_target,True
0x004e1c30,sub_004e1c30,0x004e1cb0,128,2,aligned_or_padded_ebp_prologue;direct_call_target,True
0x004e1cb0,sub_004e1cb0,0x004e1ce0,48,1,aligned_or_padded_ebp_prologue;direct_call_target,True
0x004e1ce0,sub_004e1ce0,0x004e1e90,432,1,aligned_or_padded_ebp_prologue;direct_call_target,True
0x004e1e90,sub_004e1e90,0x004e1f70,224,1,aligned_or_padded_ebp_prologue;direct_call_target,True
0x004e1f70,sub_004e1f70,0x004e1fd0,96,3,aligned_or_padded_ebp_prologue;direct_call_target,True
0x004e1fd0,sub_004e1fd0,0x004e2000,48,3,aligned_or_padded_ebp_prologue;direct_call_target,True
0x004e2000,sub_004e2000,0x004e2020,32,8,aligned_or_padded_ebp_prologue;direct_call_target,True
0x004e2020,sub_004e2020,0x004e2040,32,8,aligned_or_padded_ebp_prologue;direct_call_target,True
0x004e2040,sub_004e2040,0x004e2080,64,0,aligned_or_padded_ebp_prologue,True
0x004e2080,sub_004e2080,0x004e20d0,80,2,aligned_or_padded_ebp_prologue;direct_call_target,True
0x004e20d0,sub_004e20d0,0x004e2260,400,1,aligned_or_padded_ebp_prologue;direct_call_target,True
0x004e2260,sub_004e2260,0x004e4d50,10992,1,aligned_or_padded_ebp_prologue;direct_call_target,True
0x004e4d50,sub_004e4d50,0x004e5020,720,1,aligned_or_padded_ebp_prologue;direct_call_target,False
0x004e5020,sub_004e5020,0x004e5240,544,2,aligned_or_padded_ebp_prologue;direct_call_target,True
0x004e5240,sub_004e5240,0x004e5390,336,2,aligned_or_padded_ebp_prologue;direct_call_target,True
0x004e5390,sub_004e5390,0x004e54c0,304,2,aligned_or_padded_ebp_prologue;direct_call_target,True
0x004e54c0,sub_004e54c0,0x004e5620,352,2,aligned_or_padded_ebp_prologue;direct_call_target,True
0x004e5620,sub_004e5620,0x004e58a0,640,1,aligned_or_padded_ebp_prologue;direct_call_target,True
0x004e58a0,sub_004e58a0,0x004e58f0,80,2,aligned_or_padded_ebp_prologue;direct_call_target,True
0x004e58f0,sub_004e58f0,0x004e5980,144,1,aligned_or_padded_ebp_prologue;direct_call_target,True
0x004e5980,sub_004e5980,0x004e59e0,96,1,aligned_or_padded_ebp_prologue;direct_call_target,True
0x004e59e0,sub_004e59e0,0x004e5bd0,496,1,aligned_or_padded_ebp_prologue;direct_call_target,True
0x004e5bd0,sub_004e5bd0,0x004e5d60,400,2,aligned_or_padded_ebp_prologue;direct_call_target,True
0x004e5d60,sub_004e5d60,0x004e5f30,464,1,aligned_or_padded_ebp_prologue;direct_call_target,True
0x004e5f30,sub_004e5f30,0x004e60a0,368,4,aligned_or_padded_ebp_prologue;direct_call_target,True
0x004e60a0,sub_004e60a0,0x004e60c0,32,3,aligned_or_padded_ebp_prologue;direct_call_target,True
0x004e60c0,sub_004e60c0,0x004e6230,368,3,aligned_or_padded_ebp_prologue;direct_call_target,True
0x004e6230,sub_004e6230,0x004e6250,32,0,aligned_or_padded_ebp_prologue,True
0x004e6250,sub_004e6250,0x004e6450,512,1,aligned_or_padded_ebp_prologue;direct_call_target,True
0x004e6450,sub_004e6450,0x004e64a0,80,1,aligned_or_padded_ebp_prologue;direct_call_target,True
0x004e64a0,sub_004e64a0,0x004e64c0,32,1,aligned_or_padded_ebp_prologue;direct_call_target,True
0x004e64c0,sub_004e64c0,0x004e6520,96,3,aligned_or_padded_ebp_prologue;direct_call_target,True
0x004e6520,sub_004e6520,0x004e6530,16,0,aligned_or_padded_ebp_prologue,True
0x004e6530,sub_004e6530,0x004e6600,208,1,aligned_or_padded_ebp_prologue;direct_call_target,True
0x004e6600,sub_004e6600,0x004e66a0,160,1,aligned_or_padded_ebp_prologue;direct_call_target,True
0x004e66a0,sub_004e66a0,0x004e66b0,16,0,aligned_or_padded_ebp_prologue,True
0x004e66b0,sub_004e66b0,0x004e66d0,32,1,aligned_or_padded_ebp_prologue;direct_call_target,True
0x004e66d0,sub_004e66d0,0x004e66f0,32,4,aligned_or_padded_ebp_prologue;direct_call_target,True
0x004e66f0,sub_004e66f0,0x004e6710,32,2,aligned_or_padded_ebp_prologue;direct_call_target,True
0x004e6710,sub_004e6710,0x004e6740,48,1,aligned_or_padded_ebp_prologue;direct_call_target,True
0x004e6740,sub_004e6740,0x004e6770,48,2,aligned_or_padded_ebp_prologue;direct_call_target,True
0x004e6770,sub_004e6770,0x004e6790,32,2,aligned_or_padded_ebp_prologue;direct_call_target,True
0x004e6790,sub_004e6790,0x004e67b0,32,2,aligned_or_padded_ebp_prologue;direct_call_target,True
0x004e67b0,sub_004e67b0,0x004e67e0,48,2,aligned_or_padded_ebp_prologue;direct_call_target,True
0x004e67e0,sub_004e67e0,0x004e68a0,192,9,aligned_or_padded_ebp_prologue;direct_call_target,True
0x004e68a0,sub_004e68a0,0x004e68c0,32,5,aligned_or_padded_ebp_prologue;direct_call_target,True
0x004e68c0,sub_004e68c0,0x004e6900,64,2,aligned_or_padded_ebp_prologue;direct_call_target,True
0x004e6900,sub_004e6900,0x004e6920,32,4,aligned_or_padded_ebp_prologue;direct_call_target,True
0x004e6920,sub_004e6920,0x004e6940,32,2,aligned_or_padded_ebp_prologue;direct_call_target,True
0x004e6940,sub_004e6940,0x004e6960,32,1,aligned_or_padded_ebp_prologue;direct_call_target,True
0x004e6960,sub_004e6960,0x004e6980,32,1,aligned_or_padded_ebp_prologue;direct_call_target,True
0x004e6980,sub_004e6980,0x004e69a0,32,1,aligned_or_padded_ebp_prologue;direct_call_target,True
0x004e69a0,sub_004e69a0,0x004e69d0,48,33,aligned_or_padded_ebp_prologue;direct_call_target,True
0x004e69d0,sub_004e69d0,0x004e69f0,32,1,aligned_or_padded_ebp_prologue;direct_call_target,True
0x004e69f0,sub_004e69f0,0x004e6a20,48,1,aligned_or_padded_ebp_prologue;direct_call_target,True
0x004e6a20,sub_004e6a20,0x004e6a40,32,21,aligned_or_padded_ebp_prologue;direct_call_target,True
0x004e6a40,sub_004e6a40,0x004e6a70,48,2,aligned_or_padded_ebp_prologue;direct_call_target,True
0x004e6a70,sub_004e6a70,0x004e6a90,32,1,aligned_or_padded_ebp_prologue;direct_call_target,True
0x004e6a90,sub_004e6a90,0x004e6af0,96,5,aligned_or_padded_ebp_prologue;direct_call_target,True
0x004e6af0,sub_004e6af0,0x004e6b10,32,1,aligned_or_padded_ebp_prologue;direct_call_target,True
0x004e6b10,sub_004e6b10,0x004e6b30,32,2,aligned_or_padded_ebp_prologue;direct_call_target,True
0x004e6b30,sub_004e6b30,0x004e6b80,80,2,aligned_or_padded_ebp_prologue;direct_call_target,True
0x004e6b80,sub_004e6b80,0x004e6bd0,80,1,aligned_or_padded_ebp_prologue;direct_call_target,True
0x004e6bd0,sub_004e6bd0,0x004e6c00,48,1,aligned_or_padded_ebp_prologue;direct_call_target,True
0x004e6c00,sub_004e6c00,0x004e6c30,48,1,aligned_or_padded_ebp_prologue;direct_call_target,True
0x004e6c30,sub_004e6c30,0x004e6c50,32,1,aligned_or_padded_ebp_prologue;direct_call_target,True
0x004e6c50,sub_004e6c50,0x004e6c70,32,1,aligned_or_padded_ebp_prologue;direct_call_target,True
0x004e6c70,sub_004e6c70,0x004e6c90,32,1,aligned_or_padded_ebp_prologue;direct_call_target,True
0x004e6c90,sub_004e6c90,0x004e6cb0,32,1,aligned_or_padded_ebp_prologue;direct_call_target,True
0x004e6cb0,sub_004e6cb0,0x004e6dc0,272,17,aligned_or_padded_ebp_prologue;direct_call_target,True
0x004e6dc0,sub_004e6dc0,0x004e6e10,80,1,aligned_or_padded_ebp_prologue;direct_call_target,True
0x004e6e10,sub_004e6e10,0x004e6f00,240,1,direct_call_target,True
0x004e6f00,sub_004e6f00,0x004e6f30,48,1,aligned_or_padded_ebp_prologue;direct_call_target,True
0x004e6f30,sub_004e6f30,0x004e6f40,16,10,aligned_or_padded_ebp_prologue;direct_call_target,True
0x004e6f40,sub_004e6f40,0x004e6f50,16,10,aligned_or_padded_ebp_prologue;direct_call_target,True
0x004e6f50,sub_004e6f50,0x004e7000,176,7,aligned_or_padded_ebp_prologue;direct_call_target,True
0x004e7000,sub_004e7000,0x004e7080,128,2,aligned_or_padded_ebp_prologue;direct_call_target,True
0x004e7080,sub_004e7080,0x004e70b0,48,2,aligned_or_padded_ebp_prologue;direct_call_target,True
0x004e70b0,sub_004e70b0,0x004e70d0,32,2,aligned_or_padded_ebp_prologue;direct_call_target,True
0x004e70d0,sub_004e70d0,0x004e70f0,32,2,aligned_or_padded_ebp_prologue;direct_call_target,True
0x004e70f0,sub_004e70f0,0x004e7170,128,1,aligned_or_padded_ebp_prologue;direct_call_target,True
0x004e7170,sub_004e7170,0x004e71a0,48,1,aligned_or_padded_ebp_prologue;direct_call_target,True
0x004e71a0,sub_004e71a0,0x004e71b0,16,2,aligned_or_padded_ebp_prologue;direct_call_target,True
0x004e71b0,sub_004e71b0,0x004e7230,128,1,aligned_or_padded_ebp_prologue;direct_call_target,True
0x004e7230,sub_004e7230,0x004e7270,64,1,aligned_or_padded_ebp_prologue;direct_call_target,True
0x004e7270,sub_004e7270,0x004e72f0,128,1,aligned_or_padded_ebp_prologue;direct_call_target,True
0x004e72f0,sub_004e72f0,0x004e7330,64,2,aligned_or_padded_ebp_prologue;direct_call_target,True
0x004e7330,sub_004e7330,0x004e73b0,128,1,aligned_or_padded_ebp_prologue;direct_call_target,True
0x004e73b0,sub_004e73b0,0x004e74e0,304,1,aligned_or_padded_ebp_prologue;direct_call_target,True
0x004e74e0,sub_004e74e0,0x004e7560,128,1,aligned_or_padded_ebp_prologue;direct_call_target,True
0x004e7560,sub_004e7560,0x004e7590,48,1,aligned_or_padded_ebp_prologue;direct_call_target,True
0x004e7590,sub_004e7590,0x004e7610,128,1,aligned_or_padded_ebp_prologue;direct_call_target,True
0x004e7610,sub_004e7610,0x004e7640,48,1,aligned_or_padded_ebp_prologue;direct_call_target,True
0x004e7640,sub_004e7640,0x004e76c0,128,1,aligned_or_padded_ebp_prologue;direct_call_target,True
0x004e76c0,sub_004e76c0,0x004e76f0,48,1,aligned_or_padded_ebp_prologue;direct_call_target,True
0x004e76f0,sub_004e76f0,0x004e7770,128,1,aligned_or_padded_ebp_prologue;direct_call_target,True
0x004e7770,sub_004e7770,0x004e77b0,64,1,aligned_or_padded_ebp_prologue;direct_call_target,True
0x004e77b0,sub_004e77b0,0x004e7830,128,1,aligned_or_padded_ebp_prologue;direct_call_target,True
0x004e7830,sub_004e7830,0x004e7870,64,1,aligned_or_padded_ebp_prologue;direct_call_target,True
0x004e7870,sub_004e7870,0x004e78a0,48,1,aligned_or_padded_ebp_prologue;direct_call_target,True
0x004e78a0,sub_004e78a0,0x004e78d0,48,1,aligned_or_padded_ebp_prologue;direct_call_target,True
0x004e78d0,sub_004e78d0,0x004e7950,128,1,aligned_or_padded_ebp_prologue;direct_call_target,True
0x004e7950,sub_004e7950,0x004e7990,64,1,aligned_or_padded_ebp_prologue;direct_call_target,True
0x004e7990,sub_004e7990,0x004e79a0,16,2,aligned_or_padded_ebp_prologue;direct_call_target,True
0x004e79a0,sub_004e79a0,0x004e7a90,240,1,direct_call_target,True
0x004e7a90,sub_004e7a90,0x004e7ac0,48,1,aligned_or_padded_ebp_prologue;direct_call_target,True
0x004e7ac0,sub_004e7ac0,0x004e7ae0,32,4,aligned_or_padded_ebp_prologue;direct_call_target,True
0x004e7ae0,sub_004e7ae0,0x004e7b00,32,7,aligned_or_padded_ebp_prologue;direct_call_target,True
0x004e7b00,sub_004e7b00,0x004e7b70,112,1,aligned_or_padded_ebp_prologue;direct_call_target,True
0x004e7b70,sub_004e7b70,0x004e7be0,112,3,aligned_or_padded_ebp_prologue;direct_call_target,True
0x004e7be0,sub_004e7be0,0x004e7c40,96,2,aligned_or_padded_ebp_prologue;direct_call_target,True
0x004e7c40,sub_004e7c40,0x004e7e40,512,1,aligned_or_padded_ebp_prologue;direct_call_target,True
0x004e7e40,sub_004e7e40,0x004e80a0,608,1,aligned_or_padded_ebp_prologue;direct_call_target,True
0x004e80a0,sub_004e80a0,0x004e8390,752,1,aligned_or_padded_ebp_prologue;direct_call_target,True
0x004e8390,sub_004e8390,0x004e8550,448,1,aligned_or_padded_ebp_prologue;direct_call_target,True
0x004e8550,sub_004e8550,0x004e8770,544,1,aligned_or_padded_ebp_prologue;direct_call_target,True
0x004e8770,sub_004e8770,0x004e8820,176,2,aligned_or_padded_ebp_prologue;direct_call_target,True
0x004e8820,sub_004e8820,0x004e8d20,1280,1,aligned_or_padded_ebp_prologue;direct_call_target,True
0x004e8d20,sub_004e8d20,0x004e9080,864,1,aligned_or_padded_ebp_prologue;direct_call_target,True
0x004e9080,sub_004e9080,0x004e92a0,544,1,aligned_or_padded_ebp_prologue;direct_call_target,True
0x004e92a0,sub_004e92a0,0x004e9500,608,1,aligned_or_padded_ebp_prologue;direct_call_target,True
0x004e9500,sub_004e9500,0x004e9580,128,2,aligned_or_padded_ebp_prologue;direct_call_target,True
0x004e9580,sub_004e9580,0x004e9600,128,2,aligned_or_padded_ebp_prologue;direct_call_target,True
0x004e9600,sub_004e9600,0x004e96a0,160,2,aligned_or_padded_ebp_prologue;direct_call_target,True
0x004e96a0,sub_004e96a0,0x004e96d0,48,1,aligned_or_padded_ebp_prologue;direct_call_target,True
0x004e96d0,sub_004e96d0,0x004e9710,64,1,aligned_or_padded_ebp_prologue;direct_call_target,True
0x004e9710,sub_004e9710,0x004e9810,256,6,direct_call_target,True
0x004e9810,sub_004e9810,0x004e9880,112,2,aligned_or_padded_ebp_prologue;direct_call_target,True
0x004e9880,sub_004e9880,0x004e98f0,112,2,direct_call_target,True
0x004e98f0,sub_004e98f0,0x004e99b0,192,1,aligned_or_padded_ebp_prologue;direct_call_target,True
0x004e99b0,sub_004e99b0,0x004e9ae0,304,1,aligned_or_padded_ebp_prologue;direct_call_target,True
0x004e9ae0,sub_004e9ae0,0x004e9af0,16,2,aligned_or_padded_ebp_prologue;direct_call_target,True
0x004e9af0,sub_004e9af0,0x004e9b30,64,3,aligned_or_padded_ebp_prologue;direct_call_target,True
0x004e9b30,sub_004e9b30,0x004e9c20,240,4,direct_call_target,True
0x004e9c20,sub_004e9c20,0x004e9c70,80,1,aligned_or_padded_ebp_prologue;direct_call_target,True
0x004e9c70,sub_004e9c70,0x004e9f60,752,1,direct_call_target,True
0x004e9f60,sub_004e9f60,0x004e9fe0,128,1,aligned_or_padded_ebp_prologue;direct_call_target,True
0x004e9fe0,sub_004e9fe0,0x004ea070,144,1,direct_call_target,True
0x004ea070,sub_004ea070,0x004ea0f0,128,1,aligned_or_padded_ebp_prologue;direct_call_target,True
0x004ea0f0,sub_004ea0f0,0x004ea180,144,1,direct_call_target,True
0x004ea180,sub_004ea180,0x004ea270,240,1,aligned_or_padded_ebp_prologue;direct_call_target,True
0x004ea270,sub_004ea270,0x004eac00,2448,1,direct_call_target,True
0x004eac00,sub_004eac00,0x004eacf0,240,1,aligned_or_padded_ebp_prologue;direct_call_target,False
0x004eacf0,sub_004eacf0,0x004eb690,2464,1,direct_call_target,True
0x004eb690,sub_004eb690,0x004ec030,2464,1,direct_call_target,True
0x004ec030,sub_004ec030,0x004ec0c0,144,1,aligned_or_padded_ebp_prologue;direct_call_target,True
0x004ec0c0,sub_004ec0c0,0x004ec160,160,1,direct_call_target,True
0x004ec160,sub_004ec160,0x004ec1f0,144,1,aligned_or_padded_ebp_prologue;direct_call_target,True
0x004ec1f0,sub_004ec1f0,0x004ec290,160,1,direct_call_target,True
0x004ec290,sub_004ec290,0x004ec380,240,1,aligned_or_padded_ebp_prologue;direct_call_target,True
0x004ec380,sub_004ec380,0x004ec3e0,96,1,aligned_or_padded_ebp_prologue;direct_call_target,True
0x004ec3e0,sub_004ec3e0,0x004ec420,64,4,aligned_or_padded_ebp_prologue;direct_call_target,True
0x004ec420,sub_004ec420,0x004ec490,112,2,aligned_or_padded_ebp_prologue;direct_call_target,True
0x004ec490,sub_004ec490,0x004ec500,112,2,aligned_or_padded_ebp_prologue;direct_call_target,True
0x004ec500,sub_004ec500,0x004ec530,48,3,aligned_or_padded_ebp_prologue;direct_call_target,True
0x004ec530,sub_004ec530,0x004ec5a0,112,2,aligned_or_padded_ebp_prologue;direct_call_target,True
0x004ec5a0,sub_004ec5a0,0x004ec6c0,288,1,aligned_or_padded_ebp_prologue;direct_call_target,True
0x004ec6c0,sub_004ec6c0,0x004ec7e0,288,2,aligned_or_padded_ebp_prologue;direct_call_target,True
0x004ec7e0,sub_004ec7e0,0x004ec900,288,2,aligned_or_padded_ebp_prologue;direct_call_target,True
0x004ec900,sub_004ec900,0x004ec930,48,1,aligned_or_padded_ebp_prologue;direct_call_target,True
0x004ec930,sub_004ec930,0x004ec950,32,2,aligned_or_padded_ebp_prologue;direct_call_target,True
0x004ec950,sub_004ec950,0x004ec970,32,4,aligned_or_padded_ebp_prologue;direct_call_target,True
0x004ec970,sub_004ec970,0x004ec990,32,1,aligned_or_padded_ebp_prologue;direct_call_target,True
0x004ec990,sub_004ec990,0x004ec9c0,48,2,aligned_or_padded_ebp_prologue;direct_call_target,True
0x004ec9c0,sub_004ec9c0,0x004ec9f0,48,2,aligned_or_padded_ebp_prologue;direct_call_target,True
0x004ec9f0,sub_004ec9f0,0x004eca10,32,2,aligned_or_padded_ebp_prologue;direct_call_target,True
0x004eca10,sub_004eca10,0x004eca30,32,1,aligned_or_padded_ebp_prologue;direct_call_target,True
0x004eca30,sub_004eca30,0x004eca40,16,2,aligned_or_padded_ebp_prologue;direct_call_target,True
0x004eca40,sub_004eca40,0x004eca60,32,1,aligned_or_padded_ebp_prologue;direct_call_target,True
0x004eca60,sub_004eca60,0x004eca80,32,1,aligned_or_padded_ebp_prologue;direct_call_target,True
0x004eca80,sub_004eca80,0x004ecaa0,32,1,aligned_or_padded_ebp_prologue;direct_call_target,True
0x004ecaa0,sub_004ecaa0,0x004ecac0,32,1,aligned_or_padded_ebp_prologue;direct_call_target,True
0x004ecac0,sub_004ecac0,0x004ecae0,32,1,aligned_or_padded_ebp_prologue;direct_call_target,True
0x004ecae0,sub_004ecae0,0x004ecb10,48,1,aligned_or_padded_ebp_prologue;direct_call_target,True
0x004ecb10,sub_004ecb10,0x004ecb50,64,1,aligned_or_padded_ebp_prologue;direct_call_target,True
0x004ecb50,sub_004ecb50,0x004ecb80,48,1,aligned_or_padded_ebp_prologue;direct_call_target,True
0x004ecb80,sub_004ecb80,0x004ecbe0,96,1,aligned_or_padded_ebp_prologue;direct_call_target,True
0x004ecbe0,sub_004ecbe0,0x004ecc20,64,1,aligned_or_padded_ebp_prologue;direct_call_target,True
0x004ecc20,sub_004ecc20,0x004ecc70,80,1,aligned_or_padded_ebp_prologue;direct_call_target,True
0x004ecc70,sub_004ecc70,0x004ecf30,704,1,aligned_or_padded_ebp_prologue;direct_call_target,True
0x004ecf30,sub_004ecf30,0x004ed320,1008,1,aligned_or_padded_ebp_prologue;direct_call_target,True
0x004ed320,sub_004ed320,0x004ed5a0,640,2,aligned_or_padded_ebp_prologue;direct_call_target,True
0x004ed5a0,sub_004ed5a0,0x004ed5b0,16,19,aligned_or_padded_ebp_prologue;direct_call_target,True
0x004ed5b0,sub_004ed5b0,0x004ed630,128,3,aligned_or_padded_ebp_prologue;direct_call_target,True
0x004ed630,sub_004ed630,0x004ed640,16,1,aligned_or_padded_ebp_prologue;direct_call_target,True
0x004ed640,sub_004ed640,0x004ed740,256,1,aligned_or_padded_ebp_prologue;direct_call_target,True
0x004ed740,sub_004ed740,0x004ed760,32,1,aligned_or_padded_ebp_prologue;direct_call_target,True
0x004ed760,sub_004ed760,0x004ed790,48,1,aligned_or_padded_ebp_prologue;direct_call_target,True
0x004ed790,sub_004ed790,0x004ed7e0,80,1,aligned_or_padded_ebp_prologue;direct_call_target,True
0x004ed7e0,sub_004ed7e0,0x004ed810,48,1,aligned_or_padded_ebp_prologue;direct_call_target,True
0x004ed810,sub_004ed810,0x004ed870,96,1,aligned_or_padded_ebp_prologue;direct_call_target,True
0x004ed870,sub_004ed870,0x004ed8c0,80,1,aligned_or_padded_ebp_prologue;direct_call_target,True
0x004ed8c0,sub_004ed8c0,0x004ed910,80,1,aligned_or_padded_ebp_prologue;direct_call_target,True
0x004ed910,sub_004ed910,0x004edbd0,704,2,aligned_or_padded_ebp_prologue;direct_call_target,True
0x004edbd0,sub_004edbd0,0x004edcd0,256,1,aligned_or_padded_ebp_prologue;direct_call_target,True
0x004edcd0,sub_004edcd0,0x004eddb0,224,1,aligned_or_padded_ebp_prologue;direct_call_target,True
0x004eddb0,sub_004eddb0,0x004ede90,224,1,aligned_or_padded_ebp_prologue;direct_call_target,True
0x004ede90,sub_004ede90,0x004edf70,224,1,aligned_or_padded_ebp_prologue;direct_call_target,True
0x004edf70,sub_004edf70,0x004ee130,448,1,aligned_or_padded_ebp_prologue;direct_call_target,True
0x004ee130,sub_004ee130,0x004ee230,256,2,aligned_or_padded_ebp_prologue;direct_call_target,True
0x004ee230,sub_004ee230,0x004ee280,80,2,aligned_or_padded_ebp_prologue;direct_call_target,True
0x004ee280,sub_004ee280,0x004ee310,144,4,aligned_or_padded_ebp_prologue;direct_call_target,True
0x004ee310,sub_004ee310,0x004ee400,240,1,aligned_or_padded_ebp_prologue;direct_call_target,True
0x004ee400,sub_004ee400,0x004ee530,304,1,aligned_or_padded_ebp_prologue;direct_call_target,True
0x004ee530,sub_004ee530,0x004ee600,208,1,aligned_or_padded_ebp_prologue;direct_call_target,True
0x004ee600,sub_004ee600,0x004ee740,320,1,aligned_or_padded_ebp_prologue;direct_call_target,True
0x004ee740,sub_004ee740,0x004ee760,32,4,aligned_or_padded_ebp_prologue;direct_call_target,True
0x004ee760,sub_004ee760,0x004ee780,32,3,aligned_or_padded_ebp_prologue;direct_call_target,True
0x004ee780,sub_004ee780,0x004ee7b0,48,1,aligned_or_padded_ebp_prologue;direct_call_target,True
0x004ee7b0,sub_004ee7b0,0x004ee840,144,1,aligned_or_padded_ebp_prologue;direct_call_target,True
0x004ee840,sub_004ee840,0x004ee850,16,1,aligned_or_padded_ebp_prologue;direct_call_target,True
0x004ee850,sub_004ee850,0x004ee870,32,1,aligned_or_padded_ebp_prologue;direct_call_target,True
0x004ee870,sub_004ee870,0x004eec20,944,1,direct_call_target,True
0x004eec20,sub_004eec20,0x004eefd0,944,1,direct_call_target,False
0x004eefd0,sub_004eefd0,0x004ef250,640,1,aligned_or_padded_ebp_prologue;direct_call_target,False
0x004ef250,sub_004ef250,0x004ef4d0,640,1,aligned_or_padded_ebp_prologue;direct_call_target,True
0x004ef4d0,sub_004ef4d0,0x004ef520,80,22,aligned_or_padded_ebp_prologue;direct_call_target,True
0x004ef520,sub_004ef520,0x004ef680,352,1,aligned_or_padded_ebp_prologue;direct_call_target,True
0x004ef680,sub_004ef680,0x004ef7e0,352,3,aligned_or_padded_ebp_prologue;direct_call_target,True
0x004ef7e0,sub_004ef7e0,0x004ef940,352,1,aligned_or_padded_ebp_prologue;direct_call_target,True
0x004ef940,sub_004ef940,0x004efaa0,352,1,aligned_or_padded_ebp_prologue;direct_call_target,True
0x004efaa0,sub_004efaa0,0x004efc00,352,1,aligned_or_padded_ebp_prologue;direct_call_target,True
0x004efc00,sub_004efc00,0x004efd60,352,1,aligned_or_padded_ebp_prologue;direct_call_target,True
0x004efd60,sub_004efd60,0x004efec0,352,1,aligned_or_padded_ebp_prologue;direct_call_target,True
0x004efec0,sub_004efec0,0x004f0020,352,1,aligned_or_padded_ebp_prologue;direct_call_target,True
0x004f0020,sub_004f0020,0x004f0540,1312,2,direct_call_target,True
0x004f0540,sub_004f0540,0x004f0a40,1280,1,direct_call_target,True
0x004f0a40,sub_004f0a40,0x004f0f40,1280,1,direct_call_target,True
0x004f0f40,sub_004f0f40,0x004f1480,1344,1,direct_call_target,True
0x004f1480,sub_004f1480,0x004f19c0,1344,1,direct_call_target,True
0x004f19c0,sub_004f19c0,0x004f1b60,416,6,aligned_or_padded_ebp_prologue;direct_call_target,True
0x004f1b60,sub_004f1b60,0x004f1c10,176,6,aligned_or_padded_ebp_prologue;direct_call_target,True
0x004f1c10,sub_004f1c10,0x004f1e70,608,1,aligned_or_padded_ebp_prologue;direct_call_target,True
0x004f1e70,sub_004f1e70,0x004f2000,400,1,aligned_or_padded_ebp_prologue;direct_call_target,True
0x004f2000,sub_004f2000,0x004f2630,1584,1,aligned_or_padded_ebp_prologue;direct_call_target,True
0x004f2630,sub_004f2630,0x004f3080,2640,1,aligned_or_padded_ebp_prologue;direct_call_target,True
0x004f3080,sub_004f3080,0x004f30a0,32,1,aligned_or_padded_ebp_prologue;direct_call_target,True
0x004f30a0,sub_004f30a0,0x004f30c0,32,1,aligned_or_padded_ebp_prologue;direct_call_target,True
0x004f30c0,sub_004f30c0,0x004f30f0,48,1,aligned_or_padded_ebp_prologue;direct_call_target,True
0x004f30f0,sub_004f30f0,0x004f31a0,176,1,aligned_or_padded_ebp_prologue;direct_call_target,True
0x004f31a0,sub_004f31a0,0x004f31e0,64,1,aligned_or_padded_ebp_prologue;direct_call_target,True
0x004f31e0,sub_004f31e0,0x004f32b0,208,1,aligned_or_padded_ebp_prologue;direct_call_target,True
0x004f32b0,sub_004f32b0,0x004f3300,80,1,aligned_or_padded_ebp_prologue;direct_call_target,True
0x004f3300,sub_004f3300,0x004f3310,16,1,aligned_or_padded_ebp_prologue;direct_call_target,True
0x004f3310,sub_004f3310,0x004f3320,16,7,aligned_or_padded_ebp_prologue;direct_call_target,True
0x004f3320,sub_004f3320,0x004f3330,16,2,aligned_or_padded_ebp_prologue;direct_call_target,True
0x004f3330,sub_004f3330,0x004f3340,16,5,aligned_or_padded_ebp_prologue;direct_call_target,True
0x004f3340,sub_004f3340,0x004f3350,16,9,aligned_or_padded_ebp_prologue;direct_call_target,True
0x004f3350,sub_004f3350,0x004f33d0,128,1,aligned_or_padded_ebp_prologue;direct_call_target,True
0x004f33d0,sub_004f33d0,0x004f3460,144,1,aligned_or_padded_ebp_prologue;direct_call_target,True
0x004f3460,sub_004f3460,0x004f3500,160,2,direct_call_target,True
0x004f3500,sub_004f3500,0x004f3600,256,1,direct_call_target,True
0x004f3600,sub_004f3600,0x004f3620,32,1,aligned_or_padded_ebp_prologue;direct_call_target,True
0x004f3620,sub_004f3620,0x004f3640,32,1,aligned_or_padded_ebp_prologue;direct_call_target,True
0x004f3640,sub_004f3640,0x004f3660,32,1,aligned_or_padded_ebp_prologue;direct_call_target,True
0x004f3660,sub_004f3660,0x004f3680,32,1,aligned_or_padded_ebp_prologue;direct_call_target,True
0x004f3680,sub_004f3680,0x004f36a0,32,1,aligned_or_padded_ebp_prologue;direct_call_target,True
0x004f36a0,sub_004f36a0,0x004f36c0,32,2,aligned_or_padded_ebp_prologue;direct_call_target,True
0x004f36c0,sub_004f36c0,0x004f36d0,16,1,aligned_or_padded_ebp_prologue;direct_call_target,True
0x004f36d0,sub_004f36d0,0x004f3710,64,1,aligned_or_padded_ebp_prologue;direct_call_target,True
0x004f3710,sub_004f3710,0x004f3750,64,2,aligned_or_padded_ebp_prologue;direct_call_target,True
0x004f3750,sub_004f3750,0x004f3790,64,2,aligned_or_padded_ebp_prologue;direct_call_target,True
0x004f3790,sub_004f3790,0x004f37d0,64,3,aligned_or_padded_ebp_prologue;direct_call_target,True
0x004f37d0,sub_004f37d0,0x004f38b0,224,1,aligned_or_padded_ebp_prologue;direct_call_target,True
0x004f38b0,sub_004f38b0,0x004f38d0,32,1,aligned_or_padded_ebp_prologue;direct_call_target,True
0x004f38d0,sub_004f38d0,0x004f38f0,32,1,aligned_or_padded_ebp_prologue;direct_call_target,True
0x004f38f0,sub_004f38f0,0x004f3910,32,1,aligned_or_padded_ebp_prologue;direct_call_target,True
0x004f3910,sub_004f3910,0x004f3a30,288,15,aligned_or_padded_ebp_prologue;direct_call_target,True
0x004f3a30,sub_004f3a30,0x004f3a90,96,1,aligned_or_padded_ebp_prologue;direct_call_target,True
0x004f3a90,sub_004f3a90,0x004f3af0,96,1,aligned_or_padded_ebp_prologue;direct_call_target,True
0x004f3af0,sub_004f3af0,0x004f3b20,48,1,aligned_or_padded_ebp_prologue;direct_call_target,True
0x004f3b20,sub_004f3b20,0x004f3b50,48,1,aligned_or_padded_ebp_prologue;direct_call_target,True
0x004f3b50,sub_004f3b50,0x004f3b70,32,1,aligned_or_padded_ebp_prologue;direct_call_target,True
0x004f3b70,sub_004f3b70,0x004f3b90,32,1,aligned_or_padded_ebp_prologue;direct_call_target,True
0x004f3b90,sub_004f3b90,0x004f3be0,80,1,aligned_or_padded_ebp_prologue;direct_call_target,True
0x004f3be0,sub_004f3be0,0x004f3c30,80,1,aligned_or_padded_ebp_prologue;direct_call_target,True
0x004f3c30,sub_004f3c30,0x004f3c60,48,1,aligned_or_padded_ebp_prologue;direct_call_target,True
0x004f3c60,sub_004f3c60,0x004f3d00,160,3,aligned_or_padded_ebp_prologue;direct_call_target,True
0x004f3d00,sub_004f3d00,0x004f3d70,112,5,aligned_or_padded_ebp_prologue;direct_call_target,True
0x004f3d70,sub_004f3d70,0x004f3de0,112,1,aligned_or_padded_ebp_prologue;direct_call_target,True
0x004f3de0,sub_004f3de0,0x004f3e20,64,2,aligned_or_padded_ebp_prologue;direct_call_target,True
0x004f3e20,sub_004f3e20,0x004f3e40,32,1,aligned_or_padded_ebp_prologue;direct_call_target,True
0x004f3e40,sub_004f3e40,0x004f3e70,48,1,aligned_or_padded_ebp_prologue;direct_call_target,True
0x004f3e70,sub_004f3e70,0x004f3eb0,64,1,aligned_or_padded_ebp_prologue;direct_call_target,True
0x004f3eb0,sub_004f3eb0,0x004f3f10,96,1,aligned_or_padded_ebp_prologue;direct_call_target,True
0x004f3f10,sub_004f3f10,0x004f3fb0,160,1,aligned_or_padded_ebp_prologue;direct_call_target,True
0x004f3fb0,sub_004f3fb0,0x004f4010,96,2,aligned_or_padded_ebp_prologue;direct_call_target,True
0x004f4010,sub_004f4010,0x004f4050,64,1,aligned_or_padded_ebp_prologue;direct_call_target,True
0x004f4050,sub_004f4050,0x004f4080,48,1,aligned_or_padded_ebp_prologue;direct_call_target,True
0x004f4080,sub_004f4080,0x004f40a0,32,4,aligned_or_padded_ebp_prologue;direct_call_target,True
0x004f40a0,sub_004f40a0,0x004f40c0,32,2,aligned_or_padded_ebp_prologue;direct_call_target,True
0x004f40c0,sub_004f40c0,0x004f4110,80,1,aligned_or_padded_ebp_prologue;direct_call_target,True
0x004f4110,sub_004f4110,0x004f4170,96,1,aligned_or_padded_ebp_prologue;direct_call_target,True
0x004f4170,sub_004f4170,0x004f41d0,96,1,aligned_or_padded_ebp_prologue;direct_call_target,True
0x004f41d0,sub_004f41d0,0x004f4230,96,1,aligned_or_padded_ebp_prologue;direct_call_target,True
0x004f4230,sub_004f4230,0x004f4250,32,1,aligned_or_padded_ebp_prologue;direct_call_target,True
0x004f4250,sub_004f4250,0x004f4270,32,1,aligned_or_padded_ebp_prologue;direct_call_target,True
0x004f4270,sub_004f4270,0x004f4290,32,1,aligned_or_padded_ebp_prologue;direct_call_target,True
0x004f4290,sub_004f4290,0x004f42c0,48,1,aligned_or_padded_ebp_prologue;direct_call_target,True
0x004f42c0,sub_004f42c0,0x004f42f0,48,1,aligned_or_padded_ebp_prologue;direct_call_target,True
0x004f42f0,sub_004f42f0,0x004f4320,48,1,aligned_or_padded_ebp_prologue;direct_call_target,True
0x004f4320,sub_004f4320,0x004f4340,32,1,aligned_or_padded_ebp_prologue;direct_call_target,True
0x004f4340,sub_004f4340,0x004f4360,32,1,aligned_or_padded_ebp_prologue;direct_call_target,True
0x004f4360,sub_004f4360,0x004f4390,48,1,aligned_or_padded_ebp_prologue;direct_call_target,True
0x004f4390,sub_004f4390,0x004f43c0,48,1,aligned_or_padded_ebp_prologue;direct_call_target,True
0x004f43c0,sub_004f43c0,0x004f43f0,48,1,aligned_or_padded_ebp_prologue;direct_call_target,True
0x004f43f0,sub_004f43f0,0x004f4420,48,1,aligned_or_padded_ebp_prologue;direct_call_target,True
0x004f4420,sub_004f4420,0x004f4440,32,1,aligned_or_padded_ebp_prologue;direct_call_target,True
0x004f4440,sub_004f4440,0x004f4460,32,2,aligned_or_padded_ebp_prologue;direct_call_target,True
0x004f4460,sub_004f4460,0x004f4490,48,1,aligned_or_padded_ebp_prologue;direct_call_target,True
0x004f4490,sub_004f4490,0x004f44d0,64,1,aligned_or_padded_ebp_prologue;direct_call_target,True
0x004f44d0,sub_004f44d0,0x004f4510,64,1,aligned_or_padded_ebp_prologue;direct_call_target,True
0x004f4510,sub_004f4510,0x004f4580,112,1,aligned_or_padded_ebp_prologue;direct_call_target,True
0x004f4580,sub_004f4580,0x004f4610,144,1,aligned_or_padded_ebp_prologue;direct_call_target,True
0x004f4610,sub_004f4610,0x004f4650,64,1,aligned_or_padded_ebp_prologue;direct_call_target,True
0x004f4650,sub_004f4650,0x004f46a0,80,1,aligned_or_padded_ebp_prologue;direct_call_target,True
0x004f46a0,sub_004f46a0,0x004f49c0,800,1,aligned_or_padded_ebp_prologue;direct_call_target,True
0x004f49c0,sub_004f49c0,0x004f4b80,448,0,aligned_or_padded_ebp_prologue,True
0x004f4b80,sub_004f4b80,0x004f4cb0,304,1,aligned_or_padded_ebp_prologue;direct_call_target,True
0x004f4cb0,sub_004f4cb0,0x004f4e50,416,1,aligned_or_padded_ebp_prologue;direct_call_target,True
0x004f4e50,sub_004f4e50,0x004f4e70,32,1,aligned_or_padded_ebp_prologue;direct_call_target,True
0x004f4e70,sub_004f4e70,0x004f4ec0,80,1,aligned_or_padded_ebp_prologue;direct_call_target,True
0x004f4ec0,sub_004f4ec0,0x004f4ef0,48,1,aligned_or_padded_ebp_prologue;direct_call_target,True
0x004f4ef0,sub_004f4ef0,0x004f4fd0,224,2,aligned_or_padded_ebp_prologue;direct_call_target,True
0x004f4fd0,sub_004f4fd0,0x004f5020,80,1,aligned_or_padded_ebp_prologue;direct_call_target,True
0x004f5020,sub_004f5020,0x004f5050,48,0,aligned_or_padded_ebp_prologue,True
0x004f5050,sub_004f5050,0x004f5080,48,1,aligned_or_padded_ebp_prologue;direct_call_target,True
0x004f5080,sub_004f5080,0x004f50b0,48,2,aligned_or_padded_ebp_prologue;direct_call_target,True
0x004f50b0,sub_004f50b0,0x004f50e0,48,0,aligned_or_padded_ebp_prologue,True
0x004f50e0,sub_004f50e0,0x004f5110,48,1,aligned_or_padded_ebp_prologue;direct_call_target,True
0x004f5110,sub_004f5110,0x004f5140,48,2,aligned_or_padded_ebp_prologue;direct_call_target,True
0x004f5140,sub_004f5140,0x004f5190,80,3,aligned_or_padded_ebp_prologue;direct_call_target,True
0x004f5190,sub_004f5190,0x004f51c0,48,2,aligned_or_padded_ebp_prologue;direct_call_target,True
0x004f51c0,sub_004f51c0,0x004f5220,96,1,aligned_or_padded_ebp_prologue;direct_call_target,True
0x004f5220,sub_004f5220,0x004f5240,32,1,aligned_or_padded_ebp_prologue;direct_call_target,True
0x004f5240,sub_004f5240,0x004f5260,32,6,aligned_or_padded_ebp_prologue;direct_call_target,True
0x004f5260,sub_004f5260,0x004f5290,48,1,aligned_or_padded_ebp_prologue;direct_call_target,True
0x004f5290,sub_004f5290,0x004f52d0,64,2,aligned_or_padded_ebp_prologue;direct_call_target,True
0x004f52d0,sub_004f52d0,0x004f5320,80,1,aligned_or_padded_ebp_prologue;direct_call_target,True
0x004f5320,sub_004f5320,0x004f54f0,464,1,aligned_or_padded_ebp_prologue;direct_call_target,True
0x004f54f0,sub_004f54f0,0x004f5510,32,2,aligned_or_padded_ebp_prologue;direct_call_target,True
0x004f5510,sub_004f5510,0x004f5540,48,1,aligned_or_padded_ebp_prologue;direct_call_target,True
0x004f5540,sub_004f5540,0x004f55e0,160,2,aligned_or_padded_ebp_prologue;direct_call_target,True
0x004f55e0,sub_004f55e0,0x004f5600,32,3,aligned_or_padded_ebp_prologue;direct_call_target,True
0x004f5600,sub_004f5600,0x004f5650,80,19,aligned_or_padded_ebp_prologue;direct_call_target,True
0x004f5650,sub_004f5650,0x004f5690,64,8,aligned_or_padded_ebp_prologue;direct_call_target,True
0x004f5690,sub_004f5690,0x004f56c0,48,6,aligned_or_padded_ebp_prologue;direct_call_target,True
0x004f56c0,sub_004f56c0,0x004f5700,64,1,aligned_or_padded_ebp_prologue;direct_call_target,True
0x004f5700,sub_004f5700,0x004f5740,64,1,aligned_or_padded_ebp_prologue;direct_call_target,True
0x004f5740,sub_004f5740,0x004f5770,48,1,aligned_or_padded_ebp_prologue;direct_call_target,True
0x004f5770,sub_004f5770,0x004f5790,32,2,aligned_or_padded_ebp_prologue;direct_call_target,True
0x004f5790,sub_004f5790,0x004f57c0,48,1,aligned_or_padded_ebp_prologue;direct_call_target,True
0x004f57c0,sub_004f57c0,0x004f57f0,48,1,aligned_or_padded_ebp_prologue;direct_call_target,True
0x004f57f0,sub_004f57f0,0x004f5810,32,11,aligned_or_padded_ebp_prologue;direct_call_target,True
0x004f5810,sub_004f5810,0x004f5870,96,1,aligned_or_padded_ebp_prologue;direct_call_target,True
0x004f5870,sub_004f5870,0x004f5890,32,1,aligned_or_padded_ebp_prologue;direct_call_target,True
0x004f5890,sub_004f5890,0x004f58c0,48,1,aligned_or_padded_ebp_prologue;direct_call_target,True
0x004f58c0,sub_004f58c0,0x004f58f0,48,5,aligned_or_padded_ebp_prologue;direct_call_target,True
0x004f58f0,sub_004f58f0,0x004f5920,48,4,aligned_or_padded_ebp_prologue;direct_call_target,True
0x004f5920,sub_004f5920,0x004f5950,48,1,aligned_or_padded_ebp_prologue;direct_call_target,True
0x004f5950,sub_004f5950,0x004f5a00,176,1,direct_call_target,True
0x004f5a00,sub_004f5a00,0x004f5b10,272,2,aligned_or_padded_ebp_prologue;direct_call_target,True
0x004f5b10,sub_004f5b10,0x004f5b90,128,1,direct_call_target,True
0x004f5b90,sub_004f5b90,0x004f5fc0,1072,4,direct_call_target,True
0x004f5fc0,sub_004f5fc0,0x004f5fe0,32,1,aligned_or_padded_ebp_prologue;direct_call_target,True
0x004f5fe0,sub_004f5fe0,0x004f6300,800,2,direct_call_target,True
0x004f6300,sub_004f6300,0x004f6610,784,2,direct_call_target,True
0x004f6610,sub_004f6610,0x004f6920,784,2,direct_call_target,True
0x004f6920,sub_004f6920,0x004f6c40,800,2,direct_call_target,True
0x004f6c40,sub_004f6c40,0x004f6f60,800,2,direct_call_target,True
0x004f6f60,sub_004f6f60,0x004f6fa0,64,1,aligned_or_padded_ebp_prologue;direct_call_target,True
0x004f6fa0,sub_004f6fa0,0x004f6fe0,64,1,aligned_or_padded_ebp_prologue;direct_call_target,True
0x004f6fe0,sub_004f6fe0,0x004f7090,176,1,direct_call_target,True
0x004f7090,sub_004f7090,0x004f70d0,64,1,aligned_or_padded_ebp_prologue;direct_call_target,True
0x004f70d0,sub_004f70d0,0x004f70f0,32,2,aligned_or_padded_ebp_prologue;direct_call_target,True
0x004f70f0,sub_004f70f0,0x004f7140,80,5,aligned_or_padded_ebp_prologue;direct_call_target,True
0x004f7140,sub_004f7140,0x004f7170,48,0,aligned_or_padded_ebp_prologue,True
0x004f7170,sub_004f7170,0x004f71b0,64,0,aligned_or_padded_ebp_prologue,True
0x004f71b0,sub_004f71b0,0x004f71e0,48,0,aligned_or_padded_ebp_prologue,True
0x004f71e0,sub_004f71e0,0x004f7210,48,0,aligned_or_padded_ebp_prologue,True
0x004f7210,sub_004f7210,0x004f7430,544,1,aligned_or_padded_ebp_prologue;direct_call_target,True
0x004f7430,sub_004f7430,0x004f8420,4080,1,aligned_or_padded_ebp_prologue;direct_call_target,True
0x004f8420,sub_004f8420,0x004f86c0,672,1,aligned_or_padded_ebp_prologue;direct_call_target,True
0x004f86c0,sub_004f86c0,0x004f86f0,48,1,aligned_or_padded_ebp_prologue;direct_call_target,True
0x004f86f0,sub_004f86f0,0x004f8840,336,3,aligned_or_padded_ebp_prologue;direct_call_target,True
0x004f8840,sub_004f8840,0x004f8af0,688,1,aligned_or_padded_ebp_prologue;direct_call_target,True
0x004f8af0,sub_004f8af0,0x004f8b90,160,1,aligned_or_padded_ebp_prologue;direct_call_target,True
0x004f8b90,sub_004f8b90,0x004f8ce0,336,5,aligned_or_padded_ebp_prologue;direct_call_target,True
0x004f8ce0,sub_004f8ce0,0x004f8ff0,784,2,aligned_or_padded_ebp_prologue;direct_call_target,True
0x004f8ff0,sub_004f8ff0,0x004f91d0,480,3,aligned_or_padded_ebp_prologue;direct_call_target,True
0x004f91d0,sub_004f91d0,0x004f9470,672,4,aligned_or_padded_ebp_prologue;direct_call_target,True
0x004f9470,sub_004f9470,0x004f9520,176,1,aligned_or_padded_ebp_prologue;direct_call_target,True
0x004f9520,sub_004f9520,0x004f9b80,1632,1,direct_call_target,True
0x004f9b80,sub_004f9b80,0x004f9c30,176,1,aligned_or_padded_ebp_prologue;direct_call_target,True
0x004f9c30,sub_004f9c30,0x004fa860,3120,1,direct_call_target,True
0x004fa860,sub_004fa860,0x004faca0,1088,2,aligned_or_padded_ebp_prologue;direct_call_target,True
0x004faca0,sub_004faca0,0x004fb290,1520,9,direct_call_target,True
0x004fb290,sub_004fb290,0x004fb340,176,6,aligned_or_padded_ebp_prologue;direct_call_target,True
0x004fb340,sub_004fb340,0x004fb3a0,96,2,aligned_or_padded_ebp_prologue;direct_call_target,True
0x004fb3a0,sub_004fb3a0,0x004fb420,128,1,aligned_or_padded_ebp_prologue;direct_call_target,True
0x004fb420,sub_004fb420,0x004fb450,48,0,aligned_or_padded_ebp_prologue,True
0x004fb450,sub_004fb450,0x004fb820,976,2,aligned_or_padded_ebp_prologue;direct_call_target,True
0x004fb820,sub_004fb820,0x004fb8c0,160,1,aligned_or_padded_ebp_prologue;direct_call_target,True
0x004fb8c0,sub_004fb8c0,0x004fb900,64,9,aligned_or_padded_ebp_prologue;direct_call_target,True
0x004fb900,sub_004fb900,0x004fb940,64,2,aligned_or_padded_ebp_prologue;direct_call_target,True
0x004fb940,sub_004fb940,0x004fb980,64,3,aligned_or_padded_ebp_prologue;direct_call_target,True
0x004fb980,sub_004fb980,0x004fb9a0,32,2,aligned_or_padded_ebp_prologue;direct_call_target,True
0x004fb9a0,sub_004fb9a0,0x004fb9c0,32,1,aligned_or_padded_ebp_prologue;direct_call_target,True
0x004fb9c0,sub_004fb9c0,0x004fba80,192,8,aligned_or_padded_ebp_prologue;direct_call_target,True
0x004fba80,sub_004fba80,0x004fbd80,768,1,aligned_or_padded_ebp_prologue;direct_call_target,True
0x004fbd80,sub_004fbd80,0x004fbdb0,48,0,aligned_or_padded_ebp_prologue,True
0x004fbdb0,sub_004fbdb0,0x004fbe30,128,2,aligned_or_padded_ebp_prologue;direct_call_target,True
0x004fbe30,sub_004fbe30,0x004fbeb0,128,2,aligned_or_padded_ebp_prologue;direct_call_target,True
0x004fbeb0,sub_004fbeb0,0x004fbf20,112,3,aligned_or_padded_ebp_prologue;direct_call_target,True
0x004fbf20,sub_004fbf20,0x004fbf70,80,15,aligned_or_padded_ebp_prologue;direct_call_target,True
0x004fbf70,sub_004fbf70,0x004fbfb0,64,2,aligned_or_padded_ebp_prologue;direct_call_target,True
0x004fbfb0,sub_004fbfb0,0x004fbff0,64,2,aligned_or_padded_ebp_prologue;direct_call_target,True
0x004fbff0,sub_004fbff0,0x004fc010,32,21,aligned_or_padded_ebp_prologue;direct_call_target,True
0x004fc010,sub_004fc010,0x004fc030,32,14,aligned_or_padded_ebp_prologue;direct_call_target,True
0x004fc030,sub_004fc030,0x004fc130,256,1,aligned_or_padded_ebp_prologue;direct_call_target,True
0x004fc130,sub_004fc130,0x004fc160,48,1,aligned_or_padded_ebp_prologue;direct_call_target,True
0x004fc160,sub_004fc160,0x004fc1e0,128,2,aligned_or_padded_ebp_prologue;direct_call_target,True
0x004fc1e0,sub_004fc1e0,0x004fc1f0,16,1,aligned_or_padded_ebp_prologue;direct_call_target,True
0x004fc1f0,sub_004fc1f0,0x004fc200,16,1,aligned_or_padded_ebp_prologue;direct_call_target,True
0x004fc200,sub_004fc200,0x004fc210,16,1,aligned_or_padded_ebp_prologue;direct_call_target,True
0x004fc210,sub_004fc210,0x004fc260,80,0,aligned_or_padded_ebp_prologue,True
0x004fc260,sub_004fc260,0x004fc290,48,0,aligned_or_padded_ebp_prologue,True
0x004fc290,sub_004fc290,0x004fc420,400,1,aligned_or_padded_ebp_prologue;direct_call_target,True
0x004fc420,sub_004fc420,0x004fc450,48,2,aligned_or_padded_ebp_prologue;direct_call_target,True
0x004fc450,sub_004fc450,0x004fc480,48,1,aligned_or_padded_ebp_prologue;direct_call_target,True
0x004fc480,sub_004fc480,0x004fc4b0,48,2,aligned_or_padded_ebp_prologue;direct_call_target,True
0x004fc4b0,sub_004fc4b0,0x004fc4d0,32,1,aligned_or_padded_ebp_prologue;direct_call_target,True
0x004fc4d0,sub_004fc4d0,0x004fc4f0,32,1,aligned_or_padded_ebp_prologue;direct_call_target,True
0x004fc4f0,sub_004fc4f0,0x004fc520,48,1,aligned_or_padded_ebp_prologue;direct_call_target,True
0x004fc520,sub_004fc520,0x004fc550,48,1,aligned_or_padded_ebp_prologue;direct_call_target,True
0x004fc550,sub_004fc550,0x004fc5f0,160,1,aligned_or_padded_ebp_prologue;direct_call_target,True
0x004fc5f0,sub_004fc5f0,0x004fc800,528,1,direct_call_target,True
0x004fc800,sub_004fc800,0x004fc830,48,1,aligned_or_padded_ebp_prologue;direct_call_target,True
0x004fc830,sub_004fc830,0x004fc850,32,1,aligned_or_padded_ebp_prologue;direct_call_target,True
0x004fc850,sub_004fc850,0x004fc870,32,1,aligned_or_padded_ebp_prologue;direct_call_target,True
0x004fc870,sub_004fc870,0x004fc890,32,1,aligned_or_padded_ebp_prologue;direct_call_target,True
0x004fc890,sub_004fc890,0x004fc8c0,48,1,aligned_or_padded_ebp_prologue;direct_call_target,True
0x004fc8c0,sub_004fc8c0,0x004fc8f0,48,1,aligned_or_padded_ebp_prologue;direct_call_target,True
0x004fc8f0,sub_004fc8f0,0x004fc920,48,1,aligned_or_padded_ebp_prologue;direct_call_target,True
0x004fc920,sub_004fc920,0x004fc950,48,1,aligned_or_padded_ebp_prologue;direct_call_target,True
0x004fc950,sub_004fc950,0x004fc970,32,1,aligned_or_padded_ebp_prologue;direct_call_target,True
0x004fc970,sub_004fc970,0x004fcaf0,384,2,direct_call_target,True
0x004fcaf0,sub_004fcaf0,0x004fcb20,48,3,aligned_or_padded_ebp_prologue;direct_call_target,True
0x004fcb20,sub_004fcb20,0x004fcb40,32,1,aligned_or_padded_ebp_prologue;direct_call_target,True
0x004fcb40,sub_004fcb40,0x004fcba0,96,3,aligned_or_padded_ebp_prologue;direct_call_target,True
0x004fcba0,sub_004fcba0,0x004fcbc0,32,1,aligned_or_padded_ebp_prologue;direct_call_target,True
0x004fcbc0,sub_004fcbc0,0x004fcbe0,32,1,aligned_or_padded_ebp_prologue;direct_call_target,True
0x004fcbe0,sub_004fcbe0,0x004fcc10,48,1,aligned_or_padded_ebp_prologue;direct_call_target,True
0x004fcc10,sub_004fcc10,0x004fcc30,32,1,aligned_or_padded_ebp_prologue;direct_call_target,True
0x004fcc30,sub_004fcc30,0x004fcc60,48,1,aligned_or_padded_ebp_prologue;direct_call_target,True
0x004fcc60,sub_004fcc60,0x004fcc90,48,3,aligned_or_padded_ebp_prologue;direct_call_target,True
0x004fcc90,sub_004fcc90,0x004fccd0,64,1,aligned_or_padded_ebp_prologue;direct_call_target,True
0x004fccd0,sub_004fccd0,0x004fccf0,32,1,aligned_or_padded_ebp_prologue;direct_call_target,True
0x004fccf0,sub_004fccf0,0x004fcd20,48,2,aligned_or_padded_ebp_prologue;direct_call_target,True
0x004fcd20,sub_004fcd20,0x004fcd50,48,49,aligned_or_padded_ebp_prologue;direct_call_target,True
0x004fcd50,sub_004fcd50,0x004fcd80,48,3,aligned_or_padded_ebp_prologue;direct_call_target,True
0x004fcd80,sub_004fcd80,0x004fcdc0,64,2,aligned_or_padded_ebp_prologue;direct_call_target,True
0x004fcdc0,sub_004fcdc0,0x004fcdf0,48,1,aligned_or_padded_ebp_prologue;direct_call_target,True
0x004fcdf0,sub_004fcdf0,0x004fce20,48,2,aligned_or_padded_ebp_prologue;direct_call_target,True
0x004fce20,sub_004fce20,0x004fce40,32,1,aligned_or_padded_ebp_prologue;direct_call_target,True
0x004fce40,sub_004fce40,0x004fce60,32,5,aligned_or_padded_ebp_prologue;direct_call_target,True
0x004fce60,sub_004fce60,0x004fce80,32,4,aligned_or_padded_ebp_prologue;direct_call_target,True
0x004fce80,sub_004fce80,0x004fcea0,32,5,aligned_or_padded_ebp_prologue;direct_call_target,True
0x004fcea0,sub_004fcea0,0x004fcec0,32,2,aligned_or_padded_ebp_prologue;direct_call_target,True
0x004fcec0,sub_004fcec0,0x004fcf50,144,2,aligned_or_padded_ebp_prologue;direct_call_target,True
0x004fcf50,sub_004fcf50,0x004fcfa0,80,2,aligned_or_padded_ebp_prologue;direct_call_target,True
0x004fcfa0,sub_004fcfa0,0x004fd000,96,1,aligned_or_padded_ebp_prologue;direct_call_target,True
0x004fd000,sub_004fd000,0x004fd8b0,2224,1,aligned_or_padded_ebp_prologue;direct_call_target,True
0x004fd8b0,sub_004fd8b0,0x004fd950,160,1,aligned_or_padded_ebp_prologue;direct_call_target,True
0x004fd950,sub_004fd950,0x004fdaf0,416,1,aligned_or_padded_ebp_prologue;direct_call_target,True
0x004fdaf0,sub_004fdaf0,0x004fdb20,48,3,aligned_or_padded_ebp_prologue;direct_call_target,True
0x004fdb20,sub_004fdb20,0x004fdb50,48,10,aligned_or_padded_ebp_prologue;direct_call_target,True
0x004fdb50,sub_004fdb50,0x004fdb80,48,2,aligned_or_padded_ebp_prologue;direct_call_target,True
0x004fdb80,sub_004fdb80,0x004fe160,1504,1,aligned_or_padded_ebp_prologue;direct_call_target,True
0x004fe160,sub_004fe160,0x004fe1a0,64,1,aligned_or_padded_ebp_prologue;direct_call_target,True
0x004fe1a0,sub_004fe1a0,0x004fe1b0,16,2,aligned_or_padded_ebp_prologue;direct_call_target,True
0x004fe1b0,sub_004fe1b0,0x004fe1e0,48,4,aligned_or_padded_ebp_prologue;direct_call_target,True
0x004fe1e0,sub_004fe1e0,0x004fe210,48,4,aligned_or_padded_ebp_prologue;direct_call_target,True
0x004fe210,sub_004fe210,0x004fe2c0,176,2,aligned_or_padded_ebp_prologue;direct_call_target,True
0x004fe2c0,sub_004fe2c0,0x004fe730,1136,2,aligned_or_padded_ebp_prologue;direct_call_target,True
0x004fe730,sub_004fe730,0x004fe760,48,1,aligned_or_padded_ebp_prologue;direct_call_target,True
0x004fe760,sub_004fe760,0x004fe790,48,3,aligned_or_padded_ebp_prologue;direct_call_target,True
0x004fe790,sub_004fe790,0x004fe7e0,80,1,aligned_or_padded_ebp_prologue;direct_call_target,True
0x004fe7e0,sub_004fe7e0,0x004fe800,32,6,aligned_or_padded_ebp_prologue;direct_call_target,True
0x004fe800,sub_004fe800,0x004fe850,80,4,aligned_or_padded_ebp_prologue;direct_call_target,True
0x004fe850,sub_004fe850,0x004fe870,32,4,aligned_or_padded_ebp_prologue;direct_call_target,True
0x004fe870,sub_004fe870,0x004fe8a0,48,2,aligned_or_padded_ebp_prologue;direct_call_target,True
0x004fe8a0,sub_004fe8a0,0x004fe8d0,48,1,aligned_or_padded_ebp_prologue;direct_call_target,True
0x004fe8d0,sub_004fe8d0,0x004fe930,96,1,aligned_or_padded_ebp_prologue;direct_call_target,True
0x004fe930,sub_004fe930,0x004fe950,32,1,aligned_or_padded_ebp_prologue;direct_call_target,True
0x004fe950,sub_004fe950,0x004fe9b0,96,1,aligned_or_padded_ebp_prologue;direct_call_target,True
0x004fe9b0,sub_004fe9b0,0x004fea00,80,2,aligned_or_padded_ebp_prologue;direct_call_target,True
0x004fea00,sub_004fea00,0x004fea60,96,2,aligned_or_padded_ebp_prologue;direct_call_target,True
0x004fea60,sub_004fea60,0x004feab0,80,2,aligned_or_padded_ebp_prologue;direct_call_target,True
0x004feab0,sub_004feab0,0x004feb00,80,2,aligned_or_padded_ebp_prologue;direct_call_target,True
0x004feb00,sub_004feb00,0x004feb60,96,1,aligned_or_padded_ebp_prologue;direct_call_target,True
0x004feb60,sub_004feb60,0x004feb80,32,3,aligned_or_padded_ebp_prologue;direct_call_target,True
0x004feb80,sub_004feb80,0x004fec00,128,2,aligned_or_padded_ebp_prologue;direct_call_target,True
0x004fec00,sub_004fec00,0x004feca0,160,1,aligned_or_padded_ebp_prologue;direct_call_target,True
0x004feca0,sub_004feca0,0x004fecd0,48,1,aligned_or_padded_ebp_prologue;direct_call_target,True
0x004fecd0,sub_004fecd0,0x004fed00,48,5,aligned_or_padded_ebp_prologue;direct_call_target,True
0x004fed00,sub_004fed00,0x004fed50,80,9,aligned_or_padded_ebp_prologue;direct_call_target,True
0x004fed50,sub_004fed50,0x004fed70,32,5,aligned_or_padded_ebp_prologue;direct_call_target,True
0x004fed70,sub_004fed70,0x004feda0,48,1,aligned_or_padded_ebp_prologue;direct_call_target,True
0x004feda0,sub_004feda0,0x004fedb0,16,0,aligned_or_padded_ebp_prologue,True
0x004fedb0,sub_004fedb0,0x004fee00,80,2,aligned_or_padded_ebp_prologue;direct_call_target,True
0x004fee00,sub_004fee00,0x004fee50,80,5,aligned_or_padded_ebp_prologue;direct_call_target,True
0x004fee50,sub_004fee50,0x004fee90,64,2,aligned_or_padded_ebp_prologue;direct_call_target,True
0x004fee90,sub_004fee90,0x004feeb0,32,1,aligned_or_padded_ebp_prologue;direct_call_target,True
0x004feeb0,sub_004feeb0,0x004feed0,32,0,aligned_or_padded_ebp_prologue,True
0x004feed0,sub_004feed0,0x004fef10,64,0,aligned_or_padded_ebp_prologue,True
0x004fef10,sub_004fef10,0x004fef50,64,0,aligned_or_padded_ebp_prologue,True
0x004fef50,sub_004fef50,0x004fef70,32,0,aligned_or_padded_ebp_prologue,True
0x004fef70,sub_004fef70,0x004fefb0,64,0,aligned_or_padded_ebp_prologue,True
0x004fefb0,sub_004fefb0,0x004fefc0,16,0,aligned_or_padded_ebp_prologue,True
0x004fefc0,sub_004fefc0,0x004feff0,48,3,aligned_or_padded_ebp_prologue;direct_call_target,True
0x004feff0,sub_004feff0,0x004ff020,48,1,aligned_or_padded_ebp_prologue;direct_call_target,True
0x004ff020,sub_004ff020,0x004ff060,64,1,aligned_or_padded_ebp_prologue;direct_call_target,True
0x004ff060,sub_004ff060,0x004ff090,48,2,aligned_or_padded_ebp_prologue;direct_call_target,True
0x004ff090,sub_004ff090,0x004ff0b0,32,2,aligned_or_padded_ebp_prologue;direct_call_target,True
0x004ff0b0,sub_004ff0b0,0x004ff0d0,32,2,aligned_or_padded_ebp_prologue;direct_call_target,True
0x004ff0d0,sub_004ff0d0,0x004ff350,640,1,aligned_or_padded_ebp_prologue;direct_call_target,True
0x004ff350,sub_004ff350,0x004ff3f0,160,17,aligned_or_padded_ebp_prologue;direct_call_target,True
0x004ff3f0,sub_004ff3f0,0x004ff490,160,2,aligned_or_padded_ebp_prologue;direct_call_target,True
0x004ff490,sub_004ff490,0x004ff4e0,80,2,aligned_or_padded_ebp_prologue;direct_call_target,True
0x004ff4e0,sub_004ff4e0,0x004ff5e0,256,2,aligned_or_padded_ebp_prologue;direct_call_target,True
0x004ff5e0,sub_004ff5e0,0x004ff610,48,26,aligned_or_padded_ebp_prologue;direct_call_target,True
0x004ff610,sub_004ff610,0x004ff630,32,1,aligned_or_padded_ebp_prologue;direct_call_target,True
0x004ff630,sub_004ff630,0x004ff670,64,1,aligned_or_padded_ebp_prologue;direct_call_target,True
0x004ff670,sub_004ff670,0x004ff690,32,1,aligned_or_padded_ebp_prologue;direct_call_target,True
0x004ff690,sub_004ff690,0x004ff6b0,32,31,aligned_or_padded_ebp_prologue;direct_call_target,True
0x004ff6b0,sub_004ff6b0,0x004ff6d0,32,24,aligned_or_padded_ebp_prologue;direct_call_target,True
0x004ff6d0,sub_004ff6d0,0x004ff6f0,32,4,aligned_or_padded_ebp_prologue;direct_call_target,True
0x004ff6f0,sub_004ff6f0,0x004ff710,32,1,aligned_or_padded_ebp_prologue;direct_call_target,True
0x004ff710,sub_004ff710,0x004ff760,80,1,aligned_or_padded_ebp_prologue;direct_call_target,True
0x004ff760,sub_004ff760,0x004ff7a0,64,1,aligned_or_padded_ebp_prologue;direct_call_target,True
0x004ff7a0,sub_004ff7a0,0x004ff7e0,64,8,aligned_or_padded_ebp_prologue;direct_call_target,True
0x004ff7e0,sub_004ff7e0,0x004ff800,32,2,aligned_or_padded_ebp_prologue;direct_call_target,True
0x004ff800,sub_004ff800,0x004ff820,32,4,aligned_or_padded_ebp_prologue;direct_call_target,True
0x004ff820,sub_004ff820,0x004ff840,32,1,aligned_or_padded_ebp_prologue;direct_call_target,True
0x004ff840,sub_004ff840,0x004ff870,48,5,aligned_or_padded_ebp_prologue;direct_call_target,True
0x004ff870,sub_004ff870,0x004ff890,32,4,aligned_or_padded_ebp_prologue;direct_call_target,True
0x004ff890,sub_004ff890,0x004ff8f0,96,3,aligned_or_padded_ebp_prologue;direct_call_target,True
0x004ff8f0,sub_004ff8f0,0x004ff9e0,240,3,aligned_or_padded_ebp_prologue;direct_call_target,True
0x004ff9e0,sub_004ff9e0,0x004ffa10,48,17,aligned_or_padded_ebp_prologue;direct_call_target,True
0x004ffa10,sub_004ffa10,0x004ffc40,560,2,aligned_or_padded_ebp_prologue;direct_call_target,True
0x004ffc40,sub_004ffc40,0x004ffc80,64,2,aligned_or_padded_ebp_prologue;direct_call_target,True
0x004ffc80,sub_004ffc80,0x004ffcb0,48,1,aligned_or_padded_ebp_prologue;direct_call_target,True
0x004ffcb0,sub_004ffcb0,0x004ffd00,80,1,aligned_or_padded_ebp_prologue;direct_call_target,True
0x004ffd00,sub_004ffd00,0x004ffd20,32,1,aligned_or_padded_ebp_prologue;direct_call_target,True
0x004ffd20,sub_004ffd20,0x004ffd50,48,1,aligned_or_padded_ebp_prologue;direct_call_target,True
0x004ffd50,sub_004ffd50,0x004ffd80,48,2,aligned_or_padded_ebp_prologue;direct_call_target,True
0x004ffd80,sub_004ffd80,0x004ffe10,144,2,aligned_or_padded_ebp_prologue;direct_call_target,True
0x004ffe10,sub_004ffe10,0x004ffe40,48,1,aligned_or_padded_ebp_prologue;direct_call_target,True
0x004ffe40,sub_004ffe40,0x004ffe80,64,1,aligned_or_padded_ebp_prologue;direct_call_target,True
0x004ffe80,sub_004ffe80,0x004ffec0,64,2,aligned_or_padded_ebp_prologue;direct_call_target,True
0x004ffec0,sub_004ffec0,0x004ffee0,32,1,aligned_or_padded_ebp_prologue;direct_call_target,True
0x004ffee0,sub_004ffee0,0x004fff10,48,1,aligned_or_padded_ebp_prologue;direct_call_target,True
0x004fff10,sub_004fff10,0x004fff60,80,1,aligned_or_padded_ebp_prologue;direct_call_target,True
0x004fff60,sub_004fff60,0x004fffa0,64,2,aligned_or_padded_ebp_prologue;direct_call_target,True
0x004fffa0,sub_004fffa0,0x004fffe0,64,3,aligned_or_padded_ebp_prologue;direct_call_target,True
0x004fffe0,sub_004fffe0,0x004ffff0,16,3,aligned_or_padded_ebp_prologue;direct_call_target,True
0x004ffff0,sub_004ffff0,0x00500060,112,1,aligned_or_padded_ebp_prologue;direct_call_target,True
0x00500060,sub_00500060,0x00500080,32,6,aligned_or_padded_ebp_prologue;direct_call_target,True
0x00500080,sub_00500080,0x005000b0,48,1,aligned_or_padded_ebp_prologue;direct_call_target,True
0x005000b0,sub_005000b0,0x005000f0,64,2,aligned_or_padded_ebp_prologue;direct_call_target,True
0x005000f0,sub_005000f0,0x00500130,64,1,aligned_or_padded_ebp_prologue;direct_call_target,True
0x00500130,sub_00500130,0x00500170,64,3,aligned_or_padded_ebp_prologue;direct_call_target,True
0x00500170,sub_00500170,0x005001b0,64,2,aligned_or_padded_ebp_prologue;direct_call_target,True
0x005001b0,sub_005001b0,0x005001f0,64,2,aligned_or_padded_ebp_prologue;direct_call_target,True
0x005001f0,sub_005001f0,0x00500230,64,2,aligned_or_padded_ebp_prologue;direct_call_target,True
0x00500230,sub_00500230,0x00500270,64,1,aligned_or_padded_ebp_prologue;direct_call_target,True
0x00500270,sub_00500270,0x00500290,32,0,aligned_or_padded_ebp_prologue,True
0x00500290,sub_00500290,0x00500380,240,0,aligned_or_padded_ebp_prologue,True
0x00500380,sub_00500380,0x005005d0,592,0,aligned_or_padded_ebp_prologue,True
0x005005d0,sub_005005d0,0x00500660,144,0,aligned_or_padded_ebp_prologue,True
0x00500660,sub_00500660,0x005006f0,144,0,aligned_or_padded_ebp_prologue,True
0x005006f0,sub_005006f0,0x00500790,160,0,aligned_or_padded_ebp_prologue,True
0x00500790,sub_00500790,0x005008c0,304,0,aligned_or_padded_ebp_prologue,True
0x005008c0,sub_005008c0,0x00500950,144,0,aligned_or_padded_ebp_prologue,True
0x00500950,sub_00500950,0x005009f0,160,0,aligned_or_padded_ebp_prologue,True
0x005009f0,sub_005009f0,0x00500c50,608,0,aligned_or_padded_ebp_prologue,True
0x00500c50,sub_00500c50,0x00500dd0,384,0,aligned_or_padded_ebp_prologue,True
0x00500dd0,sub_00500dd0,0x00500ec0,240,0,aligned_or_padded_ebp_prologue,True
0x00500ec0,sub_00500ec0,0x00500ef0,48,0,aligned_or_padded_ebp_prologue,True
0x00500ef0,sub_00500ef0,0x00500fe0,240,0,aligned_or_padded_ebp_prologue,True
0x00500fe0,sub_00500fe0,0x00501040,96,0,aligned_or_padded_ebp_prologue,True
0x00501040,sub_00501040,0x005010a0,96,0,aligned_or_padded_ebp_prologue,True
0x005010a0,sub_005010a0,0x00501110,112,0,aligned_or_padded_ebp_prologue,True
0x00501110,sub_00501110,0x005011d0,192,0,aligned_or_padded_ebp_prologue,True
0x005011d0,sub_005011d0,0x00501240,112,0,aligned_or_padded_ebp_prologue,True
0x00501240,sub_00501240,0x005013b0,368,0,aligned_or_padded_ebp_prologue,True
0x005013b0,sub_005013b0,0x00501580,464,0,aligned_or_padded_ebp_prologue,True
0x00501580,sub_00501580,0x005015a0,32,0,aligned_or_padded_ebp_prologue,True
0x005015a0,sub_005015a0,0x00501650,176,0,aligned_or_padded_ebp_prologue,True
0x00501650,sub_00501650,0x00501770,288,0,aligned_or_padded_ebp_prologue,True
0x00501770,sub_00501770,0x005017c0,80,0,aligned_or_padded_ebp_prologue,True
0x005017c0,sub_005017c0,0x00501820,96,0,aligned_or_padded_ebp_prologue,True
0x00501820,sub_00501820,0x00501ba0,896,0,aligned_or_padded_ebp_prologue,True
0x00501ba0,sub_00501ba0,0x00501be0,64,0,aligned_or_padded_ebp_prologue,True
0x00501be0,sub_00501be0,0x00501f30,848,0,aligned_or_padded_ebp_prologue,True
0x00501f30,sub_00501f30,0x00501f50,32,0,aligned_or_padded_ebp_prologue,True
0x00501f50,sub_00501f50,0x00502550,1536,0,aligned_or_padded_ebp_prologue,True
0x00502550,sub_00502550,0x00502a20,1232,0,aligned_or_padded_ebp_prologue,True
0x00502a20,sub_00502a20,0x00502ad0,176,0,aligned_or_padded_ebp_prologue,True
0x00502ad0,sub_00502ad0,0x00502b10,64,0,aligned_or_padded_ebp_prologue,True
0x00502b10,sub_00502b10,0x00502b70,96,0,aligned_or_padded_ebp_prologue,True
0x00502b70,sub_00502b70,0x00502c50,224,0,aligned_or_padded_ebp_prologue,True
0x00502c50,sub_00502c50,0x00502db0,352,0,aligned_or_padded_ebp_prologue,True
0x00502db0,sub_00502db0,0x00502f70,448,0,aligned_or_padded_ebp_prologue,True
0x00502f70,sub_00502f70,0x00503240,720,0,aligned_or_padded_ebp_prologue,True
0x00503240,sub_00503240,0x005032d0,144,0,aligned_or_padded_ebp_prologue,True
0x005032d0,sub_005032d0,0x00503450,384,0,aligned_or_padded_ebp_prologue,True
0x00503450,sub_00503450,0x00503ad0,1664,0,aligned_or_padded_ebp_prologue,True
0x00503ad0,sub_00503ad0,0x00503b70,160,0,aligned_or_padded_ebp_prologue,True
0x00503b70,sub_00503b70,0x00503d40,464,0,aligned_or_padded_ebp_prologue,True
0x00503d40,sub_00503d40,0x00503ee0,416,0,aligned_or_padded_ebp_prologue,True
0x00503ee0,sub_00503ee0,0x00503fc0,224,0,aligned_or_padded_ebp_prologue,True
0x00503fc0,sub_00503fc0,0x00504160,416,0,aligned_or_padded_ebp_prologue,True
0x00504160,sub_00504160,0x00504180,32,0,aligned_or_padded_ebp_prologue,True
0x00504180,sub_00504180,0x005041b0,48,0,aligned_or_padded_ebp_prologue,True
0x005041b0,sub_005041b0,0x00504210,96,1,aligned_or_padded_ebp_prologue;direct_call_target,True
0x00504210,sub_00504210,0x00504480,624,1,aligned_or_padded_ebp_prologue;direct_call_target,True
0x00504480,sub_00504480,0x00504950,1232,1,aligned_or_padded_ebp_prologue;direct_call_target,True
0x00504950,sub_00504950,0x00504a60,272,2,aligned_or_padded_ebp_prologue;direct_call_target,True
0x00504a60,sub_00504a60,0x00504af0,144,3,aligned_or_padded_ebp_prologue;direct_call_target,True
0x00504af0,sub_00504af0,0x00504bd0,224,6,aligned_or_padded_ebp_prologue;direct_call_target,True
0x00504bd0,sub_00504bd0,0x00504d20,336,1,aligned_or_padded_ebp_prologue;direct_call_target,True
0x00504d20,sub_00504d20,0x00504d40,32,1,aligned_or_padded_ebp_prologue;direct_call_target,True
0x00504d40,sub_00504d40,0x00504e90,336,16,aligned_or_padded_ebp_prologue;direct_call_target,True
0x00504e90,sub_00504e90,0x00505a30,2976,1,aligned_or_padded_ebp_prologue;direct_call_target,True
0x00505a30,sub_00505a30,0x00505d90,864,1,aligned_or_padded_ebp_prologue;direct_call_target,True
0x00505d90,sub_00505d90,0x00505e40,176,2,aligned_or_padded_ebp_prologue;direct_call_target,True
0x00505e40,sub_00505e40,0x00505f80,320,2,aligned_or_padded_ebp_prologue;direct_call_target,True
0x00505f80,sub_00505f80,0x00505fa0,32,1,aligned_or_padded_ebp_prologue;direct_call_target,True
0x00505fa0,sub_00505fa0,0x00505fc0,32,1,aligned_or_padded_ebp_prologue;direct_call_target,True
0x00505fc0,sub_00505fc0,0x00506010,80,2,aligned_or_padded_ebp_prologue;direct_call_target,True
0x00506010,sub_00506010,0x00506030,32,3,aligned_or_padded_ebp_prologue;direct_call_target,True
0x00506030,sub_00506030,0x00506050,32,2,aligned_or_padded_ebp_prologue;direct_call_target,True
0x00506050,sub_00506050,0x00506080,48,9,aligned_or_padded_ebp_prologue;direct_call_target,True
0x00506080,sub_00506080,0x005060a0,32,1,aligned_or_padded_ebp_prologue;direct_call_target,True
0x005060a0,sub_005060a0,0x00506100,96,4,aligned_or_padded_ebp_prologue;direct_call_target,True
0x00506100,sub_00506100,0x00506120,32,1,aligned_or_padded_ebp_prologue;direct_call_target,True
0x00506120,sub_00506120,0x00506140,32,2,aligned_or_padded_ebp_prologue;direct_call_target,True
0x00506140,sub_00506140,0x00506160,32,1,aligned_or_padded_ebp_prologue;direct_call_target,True
0x00506160,sub_00506160,0x00506190,48,1,aligned_or_padded_ebp_prologue;direct_call_target,True
0x00506190,sub_00506190,0x005061c0,48,1,aligned_or_padded_ebp_prologue;direct_call_target,True
0x005061c0,sub_005061c0,0x00506210,80,1,aligned_or_padded_ebp_prologue;direct_call_target,True
0x00506210,sub_00506210,0x005062f0,224,1,aligned_or_padded_ebp_prologue;direct_call_target,True
0x005062f0,sub_005062f0,0x00506310,32,1,aligned_or_padded_ebp_prologue;direct_call_target,True
0x00506310,sub_00506310,0x00506340,48,2,aligned_or_padded_ebp_prologue;direct_call_target,True
0x00506340,sub_00506340,0x00506360,32,12,aligned_or_padded_ebp_prologue;direct_call_target,True
0x00506360,sub_00506360,0x00506460,256,1,aligned_or_padded_ebp_prologue;direct_call_target,True
0x00506460,sub_00506460,0x00506480,32,5,aligned_or_padded_ebp_prologue;direct_call_target,True
0x00506480,sub_00506480,0x005064b0,48,13,aligned_or_padded_ebp_prologue;direct_call_target,True
0x005064b0,sub_005064b0,0x005064d0,32,11,aligned_or_padded_ebp_prologue;direct_call_target,True
0x005064d0,sub_005064d0,0x005064f0,32,1,aligned_or_padded_ebp_prologue;direct_call_target,True
0x005064f0,sub_005064f0,0x00506540,80,1,aligned_or_padded_ebp_prologue;direct_call_target,True
0x00506540,sub_00506540,0x00506570,48,1,aligned_or_padded_ebp_prologue;direct_call_target,True
0x00506570,sub_00506570,0x00506880,784,1,aligned_or_padded_ebp_prologue;direct_call_target,True
0x00506880,sub_00506880,0x005068a0,32,1,aligned_or_padded_ebp_prologue;direct_call_target,True
0x005068a0,sub_005068a0,0x005068f0,80,1,aligned_or_padded_ebp_prologue;direct_call_target,True
0x005068f0,sub_005068f0,0x00506910,32,2,aligned_or_padded_ebp_prologue;direct_call_target,True
0x00506910,sub_00506910,0x00506930,32,2,aligned_or_padded_ebp_prologue;direct_call_target,True
0x00506930,sub_00506930,0x00506950,32,2,aligned_or_padded_ebp_prologue;direct_call_target,True
0x00506950,sub_00506950,0x00506970,32,2,aligned_or_padded_ebp_prologue;direct_call_target,True
0x00506970,sub_00506970,0x005069a0,48,1,aligned_or_padded_ebp_prologue;direct_call_target,True
0x005069a0,sub_005069a0,0x005069e0,64,1,aligned_or_padded_ebp_prologue;direct_call_target,True
0x005069e0,sub_005069e0,0x00506a00,32,2,aligned_or_padded_ebp_prologue;direct_call_target,True
0x00506a00,sub_00506a00,0x00506a20,32,1,aligned_or_padded_ebp_prologue;direct_call_target,True
0x00506a20,sub_00506a20,0x00506a50,48,2,aligned_or_padded_ebp_prologue;direct_call_target,True
0x00506a50,sub_00506a50,0x00506a70,32,2,aligned_or_padded_ebp_prologue;direct_call_target,True
0x00506a70,sub_00506a70,0x00506a90,32,1,aligned_or_padded_ebp_prologue;direct_call_target,True
0x00506a90,sub_00506a90,0x00506ab0,32,3,aligned_or_padded_ebp_prologue;direct_call_target,True
0x00506ab0,sub_00506ab0,0x00506af0,64,1,aligned_or_padded_ebp_prologue;direct_call_target,True
0x00506af0,sub_00506af0,0x00506ba0,176,5,aligned_or_padded_ebp_prologue;direct_call_target,True
0x00506ba0,sub_00506ba0,0x00506bc0,32,1,aligned_or_padded_ebp_prologue;direct_call_target,True
0x00506bc0,sub_00506bc0,0x00506bf0,48,1,aligned_or_padded_ebp_prologue;direct_call_target,True
0x00506bf0,sub_00506bf0,0x00506c20,48,3,aligned_or_padded_ebp_prologue;direct_call_target,True
0x00506c20,sub_00506c20,0x00506c40,32,2,aligned_or_padded_ebp_prologue;direct_call_target,True
0x00506c40,sub_00506c40,0x00506c60,32,2,aligned_or_padded_ebp_prologue;direct_call_target,True
0x00506c60,sub_00506c60,0x00506c80,32,2,aligned_or_padded_ebp_prologue;direct_call_target,True
0x00506c80,sub_00506c80,0x00506cd0,80,2,aligned_or_padded_ebp_prologue;direct_call_target,True
0x00506cd0,sub_00506cd0,0x00506cf0,32,3,aligned_or_padded_ebp_prologue;direct_call_target,True
0x00506cf0,sub_00506cf0,0x00506d20,48,7,aligned_or_padded_ebp_prologue;direct_call_target,True
0x00506d20,sub_00506d20,0x00506d40,32,1,aligned_or_padded_ebp_prologue;direct_call_target,True
0x00506d40,sub_00506d40,0x00506d80,64,1,aligned_or_padded_ebp_prologue;direct_call_target,True
0x00506d80,sub_00506d80,0x00506de0,96,3,aligned_or_padded_ebp_prologue;direct_call_target,True
0x00506de0,sub_00506de0,0x00506e10,48,3,aligned_or_padded_ebp_prologue;direct_call_target,True
0x00506e10,sub_00506e10,0x00506e40,48,1,aligned_or_padded_ebp_prologue;direct_call_target,True
0x00506e40,sub_00506e40,0x00506e70,48,4,aligned_or_padded_ebp_prologue;direct_call_target,True
0x00506e70,sub_00506e70,0x00506ea0,48,1,aligned_or_padded_ebp_prologue;direct_call_target,True
0x00506ea0,sub_00506ea0,0x00506f10,112,1,aligned_or_padded_ebp_prologue;direct_call_target,True
0x00506f10,sub_00506f10,0x00506f80,112,1,aligned_or_padded_ebp_prologue;direct_call_target,True
0x00506f80,sub_00506f80,0x00507000,128,1,aligned_or_padded_ebp_prologue;direct_call_target,True
0x00507000,sub_00507000,0x00507080,128,1,aligned_or_padded_ebp_prologue;direct_call_target,True
0x00507080,sub_00507080,0x00507100,128,2,aligned_or_padded_ebp_prologue;direct_call_target,True
0x00507100,sub_00507100,0x00507190,144,2,aligned_or_padded_ebp_prologue;direct_call_target,True
0x00507190,sub_00507190,0x00507220,144,1,aligned_or_padded_ebp_prologue;direct_call_target,True
0x00507220,sub_00507220,0x00507230,16,1,aligned_or_padded_ebp_prologue;direct_call_target,True
0x00507230,sub_00507230,0x00507260,48,1,aligned_or_padded_ebp_prologue;direct_call_target,True
0x00507260,sub_00507260,0x00507280,32,1,aligned_or_padded_ebp_prologue;direct_call_target,True
0x00507280,sub_00507280,0x005072b0,48,1,aligned_or_padded_ebp_prologue;direct_call_target,True
0x005072b0,sub_005072b0,0x005072d0,32,1,aligned_or_padded_ebp_prologue;direct_call_target,True
0x005072d0,sub_005072d0,0x00507330,96,1,aligned_or_padded_ebp_prologue;direct_call_target,True
0x00507330,sub_00507330,0x00507360,48,1,aligned_or_padded_ebp_prologue;direct_call_target,True
0x00507360,sub_00507360,0x00507480,288,1,aligned_or_padded_ebp_prologue;direct_call_target,True
0x00507480,sub_00507480,0x00507530,176,1,aligned_or_padded_ebp_prologue;direct_call_target,True
0x00507530,sub_00507530,0x00507560,48,0,aligned_or_padded_ebp_prologue,True
0x00507560,sub_00507560,0x005076b0,336,1,aligned_or_padded_ebp_prologue;direct_call_target,True
0x005076b0,sub_005076b0,0x00507720,112,0,aligned_or_padded_ebp_prologue,True
0x00507720,sub_00507720,0x005077d0,176,1,aligned_or_padded_ebp_prologue;direct_call_target,True
0x005077d0,sub_005077d0,0x00507860,144,1,aligned_or_padded_ebp_prologue;direct_call_target,True
0x00507860,sub_00507860,0x005078b0,80,1,aligned_or_padded_ebp_prologue;direct_call_target,True
0x005078b0,sub_005078b0,0x00507a30,384,1,aligned_or_padded_ebp_prologue;direct_call_target,True
0x00507a30,sub_00507a30,0x00507a80,80,0,aligned_or_padded_ebp_prologue,True
0x00507a80,sub_00507a80,0x00507ad0,80,1,aligned_or_padded_ebp_prologue;direct_call_target,True
0x00507ad0,sub_00507ad0,0x00507af0,32,6,aligned_or_padded_ebp_prologue;direct_call_target,True
0x00507af0,sub_00507af0,0x00507b30,64,0,aligned_or_padded_ebp_prologue,True
0x00507b30,sub_00507b30,0x00507b70,64,1,aligned_or_padded_ebp_prologue;direct_call_target,True
0x00507b70,sub_00507b70,0x00507f80,1040,1,aligned_or_padded_ebp_prologue;direct_call_target,True
0x00507f80,sub_00507f80,0x005081e0,608,1,aligned_or_padded_ebp_prologue;direct_call_target,True
0x005081e0,sub_005081e0,0x00508310,304,1,aligned_or_padded_ebp_prologue;direct_call_target,True
0x00508310,sub_00508310,0x00508360,80,3,aligned_or_padded_ebp_prologue;direct_call_target,True
0x00508360,sub_00508360,0x00508480,288,1,aligned_or_padded_ebp_prologue;direct_call_target,True
0x00508480,sub_00508480,0x00508b00,1664,2,direct_call_target,True
0x00508b00,sub_00508b00,0x00508b20,32,2,aligned_or_padded_ebp_prologue;direct_call_target,True
0x00508b20,sub_00508b20,0x00508b60,64,1,aligned_or_padded_ebp_prologue;direct_call_target,True
0x00508b60,sub_00508b60,0x00508b90,48,1,aligned_or_padded_ebp_prologue;direct_call_target,True
0x00508b90,sub_00508b90,0x005091d0,1600,2,aligned_or_padded_ebp_prologue;direct_call_target,True
0x005091d0,sub_005091d0,0x00509280,176,1,aligned_or_padded_ebp_prologue;direct_call_target,True
0x00509280,sub_00509280,0x00509da0,2848,2,aligned_or_padded_ebp_prologue;direct_call_target,True
0x00509da0,sub_00509da0,0x00509dd0,48,1,aligned_or_padded_ebp_prologue;direct_call_target,True
0x00509dd0,sub_00509dd0,0x00509e10,64,0,aligned_or_padded_ebp_prologue,True
0x00509e10,sub_00509e10,0x00509e40,48,2,aligned_or_padded_ebp_prologue;direct_call_target,True
0x00509e40,sub_00509e40,0x00509ee0,160,2,aligned_or_padded_ebp_prologue;direct_call_target,True
0x00509ee0,sub_00509ee0,0x00509f50,112,1,aligned_or_padded_ebp_prologue;direct_call_target,True
0x00509f50,sub_00509f50,0x00509f60,16,0,aligned_or_padded_ebp_prologue,True
0x00509f60,sub_00509f60,0x00509f70,16,0,aligned_or_padded_ebp_prologue,True
0x00509f70,sub_00509f70,0x00509fa0,48,0,aligned_or_padded_ebp_prologue,True
0x00509fa0,sub_00509fa0,0x0050a000,96,2,aligned_or_padded_ebp_prologue;direct_call_target,True
0x0050a000,sub_0050a000,0x0050a030,48,0,aligned_or_padded_ebp_prologue,True
0x0050a030,sub_0050a030,0x0050a050,32,2,aligned_or_padded_ebp_prologue;direct_call_target,True
0x0050a050,sub_0050a050,0x0050a0a0,80,1,aligned_or_padded_ebp_prologue;direct_call_target,True
0x0050a0a0,sub_0050a0a0,0x0050a0e0,64,1,aligned_or_padded_ebp_prologue;direct_call_target,True
0x0050a0e0,sub_0050a0e0,0x0050a110,48,1,aligned_or_padded_ebp_prologue;direct_call_target,True
0x0050a110,sub_0050a110,0x0050a170,96,2,aligned_or_padded_ebp_prologue;direct_call_target,True
0x0050a170,sub_0050a170,0x0050a1a0,48,2,aligned_or_padded_ebp_prologue;direct_call_target,True
0x0050a1a0,sub_0050a1a0,0x0050a1e0,64,2,aligned_or_padded_ebp_prologue;direct_call_target,True
0x0050a1e0,sub_0050a1e0,0x0050a220,64,2,aligned_or_padded_ebp_prologue;direct_call_target,True
0x0050a220,sub_0050a220,0x0050a280,96,2,aligned_or_padded_ebp_prologue;direct_call_target,True
0x0050a280,sub_0050a280,0x0050a2e0,96,4,aligned_or_padded_ebp_prologue;direct_call_target,True
0x0050a2e0,sub_0050a2e0,0x0050a340,96,3,aligned_or_padded_ebp_prologue;direct_call_target,True
0x0050a340,sub_0050a340,0x0050a3c0,128,1,direct_call_target,True
0x0050a3c0,sub_0050a3c0,0x0050a3e0,32,1,aligned_or_padded_ebp_prologue;direct_call_target,True
0x0050a3e0,sub_0050a3e0,0x0050a410,48,10,aligned_or_padded_ebp_prologue;direct_call_target,True
0x0050a410,sub_0050a410,0x0050a430,32,1,aligned_or_padded_ebp_prologue;direct_call_target,True
0x0050a430,sub_0050a430,0x0050a4a0,112,1,aligned_or_padded_ebp_prologue;direct_call_target,True
0x0050a4a0,sub_0050a4a0,0x0050a4d0,48,12,aligned_or_padded_ebp_prologue;direct_call_target,True
0x0050a4d0,sub_0050a4d0,0x0050a6b0,480,2,aligned_or_padded_ebp_prologue;direct_call_target,True
0x0050a6b0,sub_0050a6b0,0x0050a7f0,320,1,aligned_or_padded_ebp_prologue;direct_call_target,True
0x0050a7f0,sub_0050a7f0,0x0050a820,48,6,aligned_or_padded_ebp_prologue;direct_call_target,True
0x0050a820,sub_0050a820,0x0050a870,80,1,aligned_or_padded_ebp_prologue;direct_call_target,True
0x0050a870,sub_0050a870,0x0050a8e0,112,2,aligned_or_padded_ebp_prologue;direct_call_target,True
0x0050a8e0,sub_0050a8e0,0x0050a930,80,7,aligned_or_padded_ebp_prologue;direct_call_target,False
0x0050a930,sub_0050a930,0x0050a990,96,1,aligned_or_padded_ebp_prologue;direct_call_target,True
0x0050a990,sub_0050a990,0x0050a9b0,32,2,aligned_or_padded_ebp_prologue;direct_call_target,True
0x0050a9b0,sub_0050a9b0,0x0050a9f0,64,1,aligned_or_padded_ebp_prologue;direct_call_target,True
0x0050a9f0,sub_0050a9f0,0x0050aa60,112,1,aligned_or_padded_ebp_prologue;direct_call_target,True
0x0050aa60,sub_0050aa60,0x0050aae0,128,1,aligned_or_padded_ebp_prologue;direct_call_target,True
0x0050aae0,sub_0050aae0,0x0050ab10,48,1,aligned_or_padded_ebp_prologue;direct_call_target,True
0x0050ab10,sub_0050ab10,0x0050abd0,192,3,aligned_or_padded_ebp_prologue;direct_call_target,True
0x0050abd0,sub_0050abd0,0x0050ac70,160,0,aligned_or_padded_ebp_prologue,True
0x0050ac70,sub_0050ac70,0x0050ad50,224,1,aligned_or_padded_ebp_prologue;direct_call_target,True
0x0050ad50,sub_0050ad50,0x0050adc0,112,1,aligned_or_padded_ebp_prologue;direct_call_target,True
0x0050adc0,sub_0050adc0,0x0050ae50,144,1,aligned_or_padded_ebp_prologue;direct_call_target,True
0x0050ae50,sub_0050ae50,0x0050ae60,16,1,aligned_or_padded_ebp_prologue;direct_call_target,True
0x0050ae60,sub_0050ae60,0x0050ae80,32,4,aligned_or_padded_ebp_prologue;direct_call_target,True
0x0050ae80,sub_0050ae80,0x0050aea0,32,6,aligned_or_padded_ebp_prologue;direct_call_target,True
0x0050aea0,sub_0050aea0,0x0050aeb0,16,1,aligned_or_padded_ebp_prologue;direct_call_target,True
0x0050aeb0,sub_0050aeb0,0x0050af20,112,1,aligned_or_padded_ebp_prologue;direct_call_target,True
0x0050af20,sub_0050af20,0x0050e4a0,13696,1,aligned_or_padded_ebp_prologue;direct_call_target,True
0x0050e4a0,sub_0050e4a0,0x0050e500,96,0,aligned_or_padded_ebp_prologue,True
0x0050e500,sub_0050e500,0x0050e540,64,2,aligned_or_padded_ebp_prologue;direct_call_target,True
0x0050e540,sub_0050e540,0x0050e5d0,144,2,aligned_or_padded_ebp_prologue;direct_call_target,True
0x0050e5d0,sub_0050e5d0,0x0050e6a0,208,1,aligned_or_padded_ebp_prologue;direct_call_target,True
0x0050e6a0,sub_0050e6a0,0x0050e6e0,64,0,aligned_or_padded_ebp_prologue,True
0x0050e6e0,sub_0050e6e0,0x0050e950,624,1,aligned_or_padded_ebp_prologue;direct_call_target,True
0x0050e950,sub_0050e950,0x0050e990,64,2,aligned_or_padded_ebp_prologue;direct_call_target,True
0x0050e990,sub_0050e990,0x0050eac0,304,1,aligned_or_padded_ebp_prologue;direct_call_target,True
0x0050eac0,sub_0050eac0,0x0050eaf0,48,1,aligned_or_padded_ebp_prologue;direct_call_target,True
0x0050eaf0,sub_0050eaf0,0x0050eb30,64,1,aligned_or_padded_ebp_prologue;direct_call_target,True
0x0050eb30,sub_0050eb30,0x0050eb70,64,1,aligned_or_padded_ebp_prologue;direct_call_target,True
0x0050eb70,sub_0050eb70,0x0050eeb0,832,2,aligned_or_padded_ebp_prologue;direct_call_target,True
0x0050eeb0,sub_0050eeb0,0x0050ef00,80,2,aligned_or_padded_ebp_prologue;direct_call_target,True
0x0050ef00,sub_0050ef00,0x0050f090,400,2,aligned_or_padded_ebp_prologue;direct_call_target,True
0x0050f090,sub_0050f090,0x0050f170,224,2,aligned_or_padded_ebp_prologue;direct_call_target,True
0x0050f170,sub_0050f170,0x0050f2f0,384,2,direct_call_target,True
0x0050f2f0,sub_0050f2f0,0x0050f3b0,192,1,aligned_or_padded_ebp_prologue;direct_call_target,True
0x0050f3b0,sub_0050f3b0,0x0050f5f0,576,0,aligned_or_padded_ebp_prologue,True
0x0050f5f0,sub_0050f5f0,0x0050f660,112,1,aligned_or_padded_ebp_prologue;direct_call_target,True
0x0050f660,sub_0050f660,0x0050f6b0,80,6,aligned_or_padded_ebp_prologue;direct_call_target,True
0x0050f6b0,sub_0050f6b0,0x0050fb60,1200,2,aligned_or_padded_ebp_prologue;direct_call_target,True
0x0050fb60,sub_0050fb60,0x0050fc10,176,0,aligned_or_padded_ebp_prologue,True
0x0050fc10,sub_0050fc10,0x0050fc50,64,1,aligned_or_padded_ebp_prologue;direct_call_target,True
0x0050fc50,sub_0050fc50,0x0050fc90,64,41,aligned_or_padded_ebp_prologue;direct_call_target,True
0x0050fc90,sub_0050fc90,0x0050fce0,80,5,aligned_or_padded_ebp_prologue;direct_call_target,True
0x0050fce0,sub_0050fce0,0x0050fd00,32,1,aligned_or_padded_ebp_prologue;direct_call_target,True
0x0050fd00,sub_0050fd00,0x0050fd50,80,1,aligned_or_padded_ebp_prologue;direct_call_target,True
0x0050fd50,sub_0050fd50,0x0050fdd0,128,0,aligned_or_padded_ebp_prologue,True
0x0050fdd0,sub_0050fdd0,0x0050fea0,208,1,aligned_or_padded_ebp_prologue;direct_call_target,True
0x0050fea0,sub_0050fea0,0x0050ff30,144,1,aligned_or_padded_ebp_prologue;direct_call_target,True
0x0050ff30,sub_0050ff30,0x0050ff70,64,0,aligned_or_padded_ebp_prologue,True
0x0050ff70,sub_0050ff70,0x00510110,416,1,aligned_or_padded_ebp_prologue;direct_call_target,True
0x00510110,sub_00510110,0x00510640,1328,1,aligned_or_padded_ebp_prologue;direct_call_target,True
0x00510640,sub_00510640,0x00510710,208,1,aligned_or_padded_ebp_prologue;direct_call_target,True
0x00510710,sub_00510710,0x00510810,256,9,aligned_or_padded_ebp_prologue;direct_call_target,True
0x00510810,sub_00510810,0x00510820,16,0,aligned_or_padded_ebp_prologue,True
0x00510820,sub_00510820,0x00510830,16,0,aligned_or_padded_ebp_prologue,True
0x00510830,sub_00510830,0x00510850,32,1,aligned_or_padded_ebp_prologue;direct_call_target,True
0x00510850,sub_00510850,0x00510870,32,1,aligned_or_padded_ebp_prologue;direct_call_target,True
0x00510870,sub_00510870,0x00510890,32,1,aligned_or_padded_ebp_prologue;direct_call_target,True
0x00510890,sub_00510890,0x005108d0,64,1,aligned_or_padded_ebp_prologue;direct_call_target,True
0x005108d0,sub_005108d0,0x00510930,96,1,aligned_or_padded_ebp_prologue;direct_call_target,True
0x00510930,sub_00510930,0x00510980,80,1,aligned_or_padded_ebp_prologue;direct_call_target,True
0x00510980,sub_00510980,0x00510a80,256,1,aligned_or_padded_ebp_prologue;direct_call_target,True
0x00510a80,sub_00510a80,0x00510b20,160,1,aligned_or_padded_ebp_prologue;direct_call_target,True
0x00510b20,sub_00510b20,0x00510b60,64,0,aligned_or_padded_ebp_prologue,True
0x00510b60,sub_00510b60,0x00510e80,800,1,aligned_or_padded_ebp_prologue;direct_call_target,True
0x00510e80,sub_00510e80,0x00511270,1008,1,aligned_or_padded_ebp_prologue;direct_call_target,True
0x00511270,sub_00511270,0x00511300,144,1,aligned_or_padded_ebp_prologue;direct_call_target,True
0x00511300,sub_00511300,0x00511310,16,0,aligned_or_padded_ebp_prologue,True
0x00511310,sub_00511310,0x00511320,16,0,aligned_or_padded_ebp_prologue,True
0x00511320,sub_00511320,0x00511370,80,2,aligned_or_padded_ebp_prologue;direct_call_target,True
0x00511370,sub_00511370,0x005113c0,80,2,aligned_or_padded_ebp_prologue;direct_call_target,True
0x005113c0,sub_005113c0,0x00511410,80,2,aligned_or_padded_ebp_prologue;direct_call_target,True
0x00511410,sub_00511410,0x00511460,80,2,aligned_or_padded_ebp_prologue;direct_call_target,True
0x00511460,sub_00511460,0x005114a0,64,4,aligned_or_padded_ebp_prologue;direct_call_target,True
0x005114a0,sub_005114a0,0x005114f0,80,4,aligned_or_padded_ebp_prologue;direct_call_target,True
0x005114f0,sub_005114f0,0x00511530,64,4,aligned_or_padded_ebp_prologue;direct_call_target,True
0x00511530,sub_00511530,0x00511570,64,4,aligned_or_padded_ebp_prologue;direct_call_target,True
0x00511570,sub_00511570,0x00511590,32,2,aligned_or_padded_ebp_prologue;direct_call_target,True
0x00511590,sub_00511590,0x005115c0,48,1,aligned_or_padded_ebp_prologue;direct_call_target,True
0x005115c0,sub_005115c0,0x00511640,128,1,aligned_or_padded_ebp_prologue;direct_call_target,True
0x00511640,sub_00511640,0x00511660,32,0,aligned_or_padded_ebp_prologue,True
0x00511660,sub_00511660,0x005116a0,64,3,aligned_or_padded_ebp_prologue;direct_call_target,True
0x005116a0,sub_005116a0,0x00511710,112,1,aligned_or_padded_ebp_prologue;direct_call_target,True
0x00511710,sub_00511710,0x00511770,96,1,aligned_or_padded_ebp_prologue;direct_call_target,True
0x00511770,sub_00511770,0x005117e0,112,1,aligned_or_padded_ebp_prologue;direct_call_target,True
0x005117e0,sub_005117e0,0x00511870,144,1,aligned_or_padded_ebp_prologue;direct_call_target,True
0x00511870,sub_00511870,0x00511900,144,1,aligned_or_padded_ebp_prologue;direct_call_target,True
0x00511900,sub_00511900,0x00511910,16,1,aligned_or_padded_ebp_prologue;direct_call_target,True
0x00511910,sub_00511910,0x00511930,32,1,aligned_or_padded_ebp_prologue;direct_call_target,True
0x00511930,sub_00511930,0x00511980,80,1,aligned_or_padded_ebp_prologue;direct_call_target,True
0x00511980,sub_00511980,0x005119e0,96,1,aligned_or_padded_ebp_prologue;direct_call_target,True
0x005119e0,sub_005119e0,0x00511a30,80,1,aligned_or_padded_ebp_prologue;direct_call_target,True
0x00511a30,sub_00511a30,0x00511af0,192,1,aligned_or_padded_ebp_prologue;direct_call_target,True
0x00511af0,sub_00511af0,0x00511cf0,512,1,aligned_or_padded_ebp_prologue;direct_call_target,True
0x00511cf0,sub_00511cf0,0x00511ed0,480,2,aligned_or_padded_ebp_prologue;direct_call_target,True
0x00511ed0,sub_00511ed0,0x00511f00,48,1,aligned_or_padded_ebp_prologue;direct_call_target,True
0x00511f00,sub_00511f00,0x00512090,400,1,aligned_or_padded_ebp_prologue;direct_call_target,True
0x00512090,sub_00512090,0x005120d0,64,1,aligned_or_padded_ebp_prologue;direct_call_target,False
0x005120d0,sub_005120d0,0x00512980,2224,1,aligned_or_padded_ebp_prologue;direct_call_target,True
0x00512980,sub_00512980,0x00512aa0,288,1,aligned_or_padded_ebp_prologue;direct_call_target,True
0x00512aa0,sub_00512aa0,0x00512f30,1168,1,aligned_or_padded_ebp_prologue;direct_call_target,True
0x00512f30,sub_00512f30,0x00512f60,48,2,aligned_or_padded_ebp_prologue;direct_call_target,True
0x00512f60,sub_00512f60,0x00512fb0,80,1,aligned_or_padded_ebp_prologue;direct_call_target,True
0x00512fb0,sub_00512fb0,0x00513710,1888,1,aligned_or_padded_ebp_prologue;direct_call_target,True
0x00513710,sub_00513710,0x005139b0,672,1,aligned_or_padded_ebp_prologue;direct_call_target,True
0x005139b0,sub_005139b0,0x005139e0,48,0,aligned_or_padded_ebp_prologue,True
0x005139e0,sub_005139e0,0x00513a10,48,0,aligned_or_padded_ebp_prologue,True
0x00513a10,sub_00513a10,0x00513a80,112,0,aligned_or_padded_ebp_prologue,True
0x00513a80,sub_00513a80,0x00513a90,16,0,aligned_or_padded_ebp_prologue,True
0x00513a90,sub_00513a90,0x00513af0,96,1,aligned_or_padded_ebp_prologue;direct_call_target,True
0x00513af0,sub_00513af0,0x00513b50,96,1,aligned_or_padded_ebp_prologue;direct_call_target,True
0x00513b50,sub_00513b50,0x00513bb0,96,1,aligned_or_padded_ebp_prologue;direct_call_target,True
0x00513bb0,sub_00513bb0,0x00513c10,96,1,aligned_or_padded_ebp_prologue;direct_call_target,True
0x00513c10,sub_00513c10,0x00513c70,96,1,aligned_or_padded_ebp_prologue;direct_call_target,True
0x00513c70,sub_00513c70,0x00513cc0,80,1,aligned_or_padded_ebp_prologue;direct_call_target,True
0x00513cc0,sub_00513cc0,0x00513ce0,32,1,aligned_or_padded_ebp_prologue;direct_call_target,True
0x00513ce0,sub_00513ce0,0x00513d40,96,2,aligned_or_padded_ebp_prologue;direct_call_target,True
0x00513d40,sub_00513d40,0x00513d60,32,18,aligned_or_padded_ebp_prologue;direct_call_target,True
0x00513d60,sub_00513d60,0x00513d80,32,1,aligned_or_padded_ebp_prologue;direct_call_target,True
0x00513d80,sub_00513d80,0x00513dd0,80,1,aligned_or_padded_ebp_prologue;direct_call_target,True
0x00513dd0,sub_00513dd0,0x00513de0,16,13,aligned_or_padded_ebp_prologue;direct_call_target,True
0x00513de0,sub_00513de0,0x00513e20,64,4,aligned_or_padded_ebp_prologue;direct_call_target,True
0x00513e20,sub_00513e20,0x00513e60,64,3,aligned_or_padded_ebp_prologue;direct_call_target,True
0x00513e60,sub_00513e60,0x00513ea0,64,12,aligned_or_padded_ebp_prologue;direct_call_target,True
0x00513ea0,sub_00513ea0,0x00513ee0,64,4,aligned_or_padded_ebp_prologue;direct_call_target,True
0x00513ee0,sub_00513ee0,0x00513f20,64,4,aligned_or_padded_ebp_prologue;direct_call_target,True
0x00513f20,sub_00513f20,0x00513f70,80,2,aligned_or_padded_ebp_prologue;direct_call_target,True
0x00513f70,sub_00513f70,0x00514080,272,2,aligned_or_padded_ebp_prologue;direct_call_target,True
0x00514080,sub_00514080,0x005140b0,48,1,aligned_or_padded_ebp_prologue;direct_call_target,True
0x005140b0,sub_005140b0,0x00514110,96,1,aligned_or_padded_ebp_prologue;direct_call_target,True
0x00514110,sub_00514110,0x00514130,32,1,aligned_or_padded_ebp_prologue;direct_call_target,True
0x00514130,sub_00514130,0x00514150,32,10,aligned_or_padded_ebp_prologue;direct_call_target,True
0x00514150,sub_00514150,0x00514170,32,1,aligned_or_padded_ebp_prologue;direct_call_target,True
0x00514170,sub_00514170,0x005141c0,80,1,aligned_or_padded_ebp_prologue;direct_call_target,True
0x005141c0,sub_005141c0,0x005141e0,32,1,aligned_or_padded_ebp_prologue;direct_call_target,True
0x005141e0,sub_005141e0,0x00514240,96,1,aligned_or_padded_ebp_prologue;direct_call_target,True
0x00514240,sub_00514240,0x00514260,32,1,aligned_or_padded_ebp_prologue;direct_call_target,True
0x00514260,sub_00514260,0x005142b0,80,1,aligned_or_padded_ebp_prologue;direct_call_target,True
0x005142b0,sub_005142b0,0x00514390,224,3,aligned_or_padded_ebp_prologue;direct_call_target,True
0x00514390,sub_00514390,0x005143d0,64,1,aligned_or_padded_ebp_prologue;direct_call_target,True
0x005143d0,sub_005143d0,0x00514470,160,1,aligned_or_padded_ebp_prologue;direct_call_target,True
0x00514470,sub_00514470,0x00514490,32,1,aligned_or_padded_ebp_prologue;direct_call_target,True
0x00514490,sub_00514490,0x00514550,192,1,aligned_or_padded_ebp_prologue;direct_call_target,True
0x00514550,sub_00514550,0x005145f0,160,1,direct_call_target,True
0x005145f0,sub_005145f0,0x00514600,16,1,aligned_or_padded_ebp_prologue;direct_call_target,True
0x00514600,sub_00514600,0x00514730,304,1,aligned_or_padded_ebp_prologue;direct_call_target,True
0x00514730,sub_00514730,0x00514750,32,1,aligned_or_padded_ebp_prologue;direct_call_target,True
0x00514750,sub_00514750,0x00515250,2816,1,aligned_or_padded_ebp_prologue;direct_call_target,True
0x00515250,sub_00515250,0x005152e0,144,1,aligned_or_padded_ebp_prologue;direct_call_target,True
0x005152e0,sub_005152e0,0x00515300,32,1,aligned_or_padded_ebp_prologue;direct_call_target,True
0x00515300,sub_00515300,0x00515500,512,1,aligned_or_padded_ebp_prologue;direct_call_target,True
0x00515500,sub_00515500,0x00515550,80,10,aligned_or_padded_ebp_prologue;direct_call_target,True
0x00515550,sub_00515550,0x00515690,320,6,aligned_or_padded_ebp_prologue;direct_call_target,True
0x00515690,sub_00515690,0x005156d0,64,1,aligned_or_padded_ebp_prologue;direct_call_target,True
0x005156d0,sub_005156d0,0x005157f0,288,2,aligned_or_padded_ebp_prologue;direct_call_target,True
0x005157f0,sub_005157f0,0x00515830,64,2,aligned_or_padded_ebp_prologue;direct_call_target,True
0x00515830,sub_00515830,0x00515900,208,1,aligned_or_padded_ebp_prologue;direct_call_target,True
0x00515900,sub_00515900,0x005159e0,224,1,aligned_or_padded_ebp_prologue;direct_call_target,True
0x005159e0,sub_005159e0,0x00515aa0,192,1,aligned_or_padded_ebp_prologue;direct_call_target,True
0x00515aa0,sub_00515aa0,0x00515b10,112,1,aligned_or_padded_ebp_prologue;direct_call_target,True
0x00515b10,sub_00515b10,0x00515b50,64,11,aligned_or_padded_ebp_prologue;direct_call_target,True
0x00515b50,sub_00515b50,0x00515b90,64,4,aligned_or_padded_ebp_prologue;direct_call_target,True
0x00515b90,sub_00515b90,0x00515ce0,336,1,aligned_or_padded_ebp_prologue;direct_call_target,True
0x00515ce0,sub_00515ce0,0x00515d30,80,2,aligned_or_padded_ebp_prologue;direct_call_target,True
0x00515d30,sub_00515d30,0x00515d60,48,1,aligned_or_padded_ebp_prologue;direct_call_target,True
0x00515d60,sub_00515d60,0x00515d90,48,0,aligned_or_padded_ebp_prologue,True
0x00515d90,sub_00515d90,0x00515dc0,48,1,aligned_or_padded_ebp_prologue;direct_call_target,True
0x00515dc0,sub_00515dc0,0x00515e40,128,1,aligned_or_padded_ebp_prologue;direct_call_target,True
0x00515e40,sub_00515e40,0x00515ec0,128,1,aligned_or_padded_ebp_prologue;direct_call_target,True
0x00515ec0,sub_00515ec0,0x00515f90,208,1,aligned_or_padded_ebp_prologue;direct_call_target,True
0x00515f90,sub_00515f90,0x00516010,128,1,aligned_or_padded_ebp_prologue;direct_call_target,True
0x00516010,sub_00516010,0x00516030,32,3,aligned_or_padded_ebp_prologue;direct_call_target,True
0x00516030,sub_00516030,0x00516070,64,2,aligned_or_padded_ebp_prologue;direct_call_target,True
0x00516070,sub_00516070,0x005160d0,96,1,aligned_or_padded_ebp_prologue;direct_call_target,True
0x005160d0,sub_005160d0,0x00516110,64,2,aligned_or_padded_ebp_prologue;direct_call_target,True
0x00516110,sub_00516110,0x00516140,48,2,aligned_or_padded_ebp_prologue;direct_call_target,True
0x00516140,sub_00516140,0x00516170,48,1,aligned_or_padded_ebp_prologue;direct_call_target,True
0x00516170,sub_00516170,0x00516250,224,1,aligned_or_padded_ebp_prologue;direct_call_target,True
0x00516250,sub_00516250,0x005162c0,112,2,aligned_or_padded_ebp_prologue;direct_call_target,True
0x005162c0,sub_005162c0,0x005162e0,32,2,aligned_or_padded_ebp_prologue;direct_call_target,True
0x005162e0,sub_005162e0,0x00516300,32,1,aligned_or_padded_ebp_prologue;direct_call_target,True
0x00516300,sub_00516300,0x00516350,80,2,aligned_or_padded_ebp_prologue;direct_call_target,True
0x00516350,sub_00516350,0x00516370,32,1,aligned_or_padded_ebp_prologue;direct_call_target,True
0x00516370,sub_00516370,0x005163c0,80,1,aligned_or_padded_ebp_prologue;direct_call_target,True
0x005163c0,sub_005163c0,0x005163f0,48,1,aligned_or_padded_ebp_prologue;direct_call_target,True
0x005163f0,sub_005163f0,0x00516420,48,1,aligned_or_padded_ebp_prologue;direct_call_target,True
0x00516420,sub_00516420,0x00516450,48,4,aligned_or_padded_ebp_prologue;direct_call_target,True
0x00516450,sub_00516450,0x00516470,32,2,aligned_or_padded_ebp_prologue;direct_call_target,True
0x00516470,sub_00516470,0x00516490,32,1,aligned_or_padded_ebp_prologue;direct_call_target,True
0x00516490,sub_00516490,0x005164c0,48,1,aligned_or_padded_ebp_prologue;direct_call_target,True
0x005164c0,sub_005164c0,0x005164e0,32,1,aligned_or_padded_ebp_prologue;direct_call_target,True
0x005164e0,sub_005164e0,0x00516500,32,1,aligned_or_padded_ebp_prologue;direct_call_target,True
0x00516500,sub_00516500,0x00516530,48,1,aligned_or_padded_ebp_prologue;direct_call_target,True
0x00516530,sub_00516530,0x00516570,64,4,aligned_or_padded_ebp_prologue;direct_call_target,True
0x00516570,sub_00516570,0x005165a0,48,0,aligned_or_padded_ebp_prologue,True
0x005165a0,sub_005165a0,0x005165e0,64,0,aligned_or_padded_ebp_prologue,True
0x005165e0,sub_005165e0,0x00516620,64,0,aligned_or_padded_ebp_prologue,True
0x00516620,sub_00516620,0x00516650,48,0,aligned_or_padded_ebp_prologue,True
0x00516650,sub_00516650,0x00516680,48,0,aligned_or_padded_ebp_prologue,True
0x00516680,sub_00516680,0x005166b0,48,0,aligned_or_padded_ebp_prologue,True
0x005166b0,sub_005166b0,0x005166f0,64,0,aligned_or_padded_ebp_prologue,True
0x005166f0,sub_005166f0,0x00516720,48,0,aligned_or_padded_ebp_prologue,True
0x00516720,sub_00516720,0x00516750,48,0,aligned_or_padded_ebp_prologue,True
0x00516750,sub_00516750,0x00516780,48,0,aligned_or_padded_ebp_prologue,True
0x00516780,sub_00516780,0x005167b0,48,1,aligned_or_padded_ebp_prologue;direct_call_target,True
0x005167b0,sub_005167b0,0x005189c0,8720,1,aligned_or_padded_ebp_prologue;direct_call_target,True
0x005189c0,sub_005189c0,0x00519840,3712,1,aligned_or_padded_ebp_prologue;direct_call_target,True
0x00519840,sub_00519840,0x005198d0,144,4,aligned_or_padded_ebp_prologue;direct_call_target,True
0x005198d0,sub_005198d0,0x00519960,144,1,aligned_or_padded_ebp_prologue;direct_call_target,True
0x00519960,sub_00519960,0x0051a090,1840,1,aligned_or_padded_ebp_prologue;direct_call_target,True
0x0051a090,sub_0051a090,0x0051a0b0,32,1,aligned_or_padded_ebp_prologue;direct_call_target,True
0x0051a0b0,sub_0051a0b0,0x0051a690,1504,4,aligned_or_padded_ebp_prologue;direct_call_target,True
0x0051a690,sub_0051a690,0x0051a6c0,48,2,aligned_or_padded_ebp_prologue;direct_call_target,True
0x0051a6c0,sub_0051a6c0,0x0051a740,128,1,aligned_or_padded_ebp_prologue;direct_call_target,True
0x0051a740,sub_0051a740,0x0051a830,240,1,aligned_or_padded_ebp_prologue;direct_call_target,True
0x0051a830,sub_0051a830,0x0051a870,64,1,aligned_or_padded_ebp_prologue;direct_call_target,True
0x0051a870,sub_0051a870,0x0051a8d0,96,1,aligned_or_padded_ebp_prologue;direct_call_target,True
0x0051a8d0,sub_0051a8d0,0x0051a900,48,4,aligned_or_padded_ebp_prologue;direct_call_target,True
0x0051a900,sub_0051a900,0x0051a950,80,2,aligned_or_padded_ebp_prologue;direct_call_target,True
0x0051a950,sub_0051a950,0x0051a990,64,1,aligned_or_padded_ebp_prologue;direct_call_target,True
0x0051a990,sub_0051a990,0x0051aa00,112,1,aligned_or_padded_ebp_prologue;direct_call_target,True
0x0051aa00,sub_0051aa00,0x0051ab40,320,1,aligned_or_padded_ebp_prologue;direct_call_target,True
0x0051ab40,sub_0051ab40,0x0051ab80,64,1,aligned_or_padded_ebp_prologue;direct_call_target,True
0x0051ab80,sub_0051ab80,0x0051ac30,176,1,aligned_or_padded_ebp_prologue;direct_call_target,True
0x0051ac30,sub_0051ac30,0x0051ae40,528,1,aligned_or_padded_ebp_prologue;direct_call_target,True
0x0051ae40,sub_0051ae40,0x0051af10,208,1,aligned_or_padded_ebp_prologue;direct_call_target,True
0x0051af10,sub_0051af10,0x0051af40,48,1,aligned_or_padded_ebp_prologue;direct_call_target,True
0x0051af40,sub_0051af40,0x0051af90,80,2,aligned_or_padded_ebp_prologue;direct_call_target,True
0x0051af90,sub_0051af90,0x0051b040,176,1,aligned_or_padded_ebp_prologue;direct_call_target,True
0x0051b040,sub_0051b040,0x0051b0a0,96,1,aligned_or_padded_ebp_prologue;direct_call_target,True
0x0051b0a0,sub_0051b0a0,0x0051b0c0,32,1,aligned_or_padded_ebp_prologue;direct_call_target,True
0x0051b0c0,sub_0051b0c0,0x0051b160,160,6,aligned_or_padded_ebp_prologue;direct_call_target,True
0x0051b160,sub_0051b160,0x0051b1d0,112,1,aligned_or_padded_ebp_prologue;direct_call_target,True
0x0051b1d0,sub_0051b1d0,0x0051b1e0,16,0,aligned_or_padded_ebp_prologue,True
0x0051b1e0,sub_0051b1e0,0x0051b230,80,1,aligned_or_padded_ebp_prologue;direct_call_target,True
0x0051b230,sub_0051b230,0x0051b250,32,1,aligned_or_padded_ebp_prologue;direct_call_target,True
0x0051b250,sub_0051b250,0x0051b2f0,160,2,aligned_or_padded_ebp_prologue;direct_call_target,True
0x0051b2f0,sub_0051b2f0,0x0051b310,32,0,aligned_or_padded_ebp_prologue,True
0x0051b310,sub_0051b310,0x0051b350,64,0,aligned_or_padded_ebp_prologue,True
0x0051b350,sub_0051b350,0x0051b380,48,0,aligned_or_padded_ebp_prologue,True
0x0051b380,sub_0051b380,0x0051b3d0,80,0,aligned_or_padded_ebp_prologue,True
0x0051b3d0,sub_0051b3d0,0x0051b400,48,0,aligned_or_padded_ebp_prologue,True
0x0051b400,sub_0051b400,0x0051b450,80,0,aligned_or_padded_ebp_prologue,True
0x0051b450,sub_0051b450,0x0051b470,32,0,aligned_or_padded_ebp_prologue,True
0x0051b470,sub_0051b470,0x0051b4b0,64,0,aligned_or_padded_ebp_prologue,True
0x0051b4b0,sub_0051b4b0,0x0051b4c0,16,0,aligned_or_padded_ebp_prologue,True
0x0051b4c0,sub_0051b4c0,0x0051b4e0,32,7,aligned_or_padded_ebp_prologue;direct_call_target,True
0x0051b4e0,sub_0051b4e0,0x0051b500,32,2,aligned_or_padded_ebp_prologue;direct_call_target,True
0x0051b500,sub_0051b500,0x0051b560,96,12,aligned_or_padded_ebp_prologue;direct_call_target,True
0x0051b560,sub_0051b560,0x0051b580,32,4,aligned_or_padded_ebp_prologue;direct_call_target,True
0x0051b580,sub_0051b580,0x0051b5b0,48,1,aligned_or_padded_ebp_prologue;direct_call_target,True
0x0051b5b0,sub_0051b5b0,0x0051b5e0,48,10,aligned_or_padded_ebp_prologue;direct_call_target,True
0x0051b5e0,sub_0051b5e0,0x0051b690,176,6,aligned_or_padded_ebp_prologue;direct_call_target,True
0x0051b690,sub_0051b690,0x0051b6d0,64,1,aligned_or_padded_ebp_prologue;direct_call_target,True
0x0051b6d0,sub_0051b6d0,0x0051b700,48,1,aligned_or_padded_ebp_prologue;direct_call_target,True
0x0051b700,sub_0051b700,0x0051b730,48,1,aligned_or_padded_ebp_prologue;direct_call_target,True
0x0051b730,sub_0051b730,0x0051b850,288,2,aligned_or_padded_ebp_prologue;direct_call_target,True
0x0051b850,sub_0051b850,0x0051b890,64,2,aligned_or_padded_ebp_prologue;direct_call_target,True
0x0051b890,sub_0051b890,0x0051b8a0,16,4,aligned_or_padded_ebp_prologue;direct_call_target,True
0x0051b8a0,sub_0051b8a0,0x0051b8e0,64,4,aligned_or_padded_ebp_prologue;direct_call_target,True
0x0051b8e0,sub_0051b8e0,0x0051b920,64,3,aligned_or_padded_ebp_prologue;direct_call_target,True
0x0051b920,sub_0051b920,0x0051b960,64,14,aligned_or_padded_ebp_prologue;direct_call_target,True
0x0051b960,sub_0051b960,0x0051b970,16,37,aligned_or_padded_ebp_prologue;direct_call_target,True
0x0051b970,sub_0051b970,0x0051ba10,160,2,aligned_or_padded_ebp_prologue;direct_call_target,True
0x0051ba10,sub_0051ba10,0x0051ba40,48,1,aligned_or_padded_ebp_prologue;direct_call_target,True
0x0051ba40,sub_0051ba40,0x0051ba60,32,10,aligned_or_padded_ebp_prologue;direct_call_target,True
0x0051ba60,sub_0051ba60,0x0051ba80,32,2,aligned_or_padded_ebp_prologue;direct_call_target,True
0x0051ba80,sub_0051ba80,0x0051bab0,48,5,aligned_or_padded_ebp_prologue;direct_call_target,True
0x0051bab0,sub_0051bab0,0x0051bad0,32,10,aligned_or_padded_ebp_prologue;direct_call_target,True
0x0051bad0,sub_0051bad0,0x0051bb40,112,1,aligned_or_padded_ebp_prologue;direct_call_target,True
0x0051bb40,sub_0051bb40,0x0051bb50,16,1,aligned_or_padded_ebp_prologue;direct_call_target,True
0x0051bb50,sub_0051bb50,0x0051bb90,64,1,aligned_or_padded_ebp_prologue;direct_call_target,True
0x0051bb90,sub_0051bb90,0x0051bc10,128,5,aligned_or_padded_ebp_prologue;direct_call_target,True
0x0051bc10,sub_0051bc10,0x0051bcc0,176,12,aligned_or_padded_ebp_prologue;direct_call_target,True
0x0051bcc0,sub_0051bcc0,0x0051bce0,32,1,aligned_or_padded_ebp_prologue;direct_call_target,True
0x0051bce0,sub_0051bce0,0x0051bd50,112,0,aligned_or_padded_ebp_prologue,True
0x0051bd50,sub_0051bd50,0x0051bd60,16,0,aligned_or_padded_ebp_prologue,True
0x0051bd60,sub_0051bd60,0x0051bda0,64,2,aligned_or_padded_ebp_prologue;direct_call_target,True
0x0051bda0,sub_0051bda0,0x0051bdc0,32,0,aligned_or_padded_ebp_prologue,True
0x0051bdc0,sub_0051bdc0,0x0051bff0,560,0,aligned_or_padded_ebp_prologue,True
0x0051bff0,sub_0051bff0,0x0051c0d0,224,0,aligned_or_padded_ebp_prologue,True
0x0051c0d0,sub_0051c0d0,0x0051c110,64,1,aligned_or_padded_ebp_prologue;direct_call_target,True
0x0051c110,sub_0051c110,0x0051c130,32,6,aligned_or_padded_ebp_prologue;direct_call_target,True
0x0051c130,sub_0051c130,0x0051c150,32,2,aligned_or_padded_ebp_prologue;direct_call_target,True
0x0051c150,sub_0051c150,0x0051c1e0,144,1,aligned_or_padded_ebp_prologue;direct_call_target,True
0x0051c1e0,sub_0051c1e0,0x0051c240,96,2,aligned_or_padded_ebp_prologue;direct_call_target,True
0x0051c240,sub_0051c240,0x0051c260,32,0,aligned_or_padded_ebp_prologue,True
0x0051c260,sub_0051c260,0x0051c4d0,624,0,aligned_or_padded_ebp_prologue,True
0x0051c4d0,sub_0051c4d0,0x0051c4f0,32,0,aligned_or_padded_ebp_prologue,True
0x0051c4f0,sub_0051c4f0,0x0051c6b0,448,0,aligned_or_padded_ebp_prologue,True
0x0051c6b0,sub_0051c6b0,0x0051c6d0,32,10,aligned_or_padded_ebp_prologue;direct_call_target,True
0x0051c6d0,sub_0051c6d0,0x0051c6f0,32,1,aligned_or_padded_ebp_prologue;direct_call_target,True
0x0051c6f0,sub_0051c6f0,0x0051c7a0,176,3,aligned_or_padded_ebp_prologue;direct_call_target,True
0x0051c7a0,sub_0051c7a0,0x0051c7e0,64,1,aligned_or_padded_ebp_prologue;direct_call_target,True
0x0051c7e0,sub_0051c7e0,0x0051c880,160,2,aligned_or_padded_ebp_prologue;direct_call_target,True
0x0051c880,sub_0051c880,0x0051c8b0,48,1,aligned_or_padded_ebp_prologue;direct_call_target,True
0x0051c8b0,sub_0051c8b0,0x0051c920,112,1,aligned_or_padded_ebp_prologue;direct_call_target,True
0x0051c920,sub_0051c920,0x0051ca20,256,5,aligned_or_padded_ebp_prologue;direct_call_target,False
0x0051ca20,sub_0051ca20,0x0051ca30,16,0,aligned_or_padded_ebp_prologue,True
0x0051ca30,sub_0051ca30,0x0051ca70,64,9,aligned_or_padded_ebp_prologue;direct_call_target,True
0x0051ca70,sub_0051ca70,0x0051cab0,64,4,aligned_or_padded_ebp_prologue;direct_call_target,True
0x0051cab0,sub_0051cab0,0x0051caf0,64,2,aligned_or_padded_ebp_prologue;direct_call_target,True
0x0051caf0,sub_0051caf0,0x0051cb20,48,9,aligned_or_padded_ebp_prologue;direct_call_target,True
0x0051cb20,sub_0051cb20,0x0051cb80,96,3,aligned_or_padded_ebp_prologue;direct_call_target,True
0x0051cb80,sub_0051cb80,0x0051cb90,16,0,aligned_or_padded_ebp_prologue,True
0x0051cb90,sub_0051cb90,0x0051cc20,144,2,aligned_or_padded_ebp_prologue;direct_call_target,True
0x0051cc20,sub_0051cc20,0x0051cc80,96,1,aligned_or_padded_ebp_prologue;direct_call_target,True
0x0051cc80,sub_0051cc80,0x0051ccd0,80,3,aligned_or_padded_ebp_prologue;direct_call_target,True
0x0051ccd0,sub_0051ccd0,0x0051ccf0,32,2,aligned_or_padded_ebp_prologue;direct_call_target,True
0x0051ccf0,sub_0051ccf0,0x0051cd60,112,0,aligned_or_padded_ebp_prologue,True
0x0051cd60,sub_0051cd60,0x0051cd70,16,0,aligned_or_padded_ebp_prologue,True
0x0051cd70,sub_0051cd70,0x0051ce60,240,0,aligned_or_padded_ebp_prologue,True
0x0051ce60,sub_0051ce60,0x0051cef0,144,2,aligned_or_padded_ebp_prologue;direct_call_target,True
0x0051cef0,sub_0051cef0,0x0051cf20,48,1,aligned_or_padded_ebp_prologue;direct_call_target,True
0x0051cf20,sub_0051cf20,0x0051d040,288,0,aligned_or_padded_ebp_prologue,True
0x0051d040,sub_0051d040,0x0051d170,304,0,aligned_or_padded_ebp_prologue,True
0x0051d170,sub_0051d170,0x0051d190,32,0,aligned_or_padded_ebp_prologue,True
0x0051d190,sub_0051d190,0x0051d230,160,1,aligned_or_padded_ebp_prologue;direct_call_target,True
0x0051d230,sub_0051d230,0x0051d2e0,176,1,aligned_or_padded_ebp_prologue;direct_call_target,True
0x0051d2e0,sub_0051d2e0,0x0051d370,144,1,aligned_or_padded_ebp_prologue;direct_call_target,True
0x0051d370,sub_0051d370,0x0051d3e0,112,1,aligned_or_padded_ebp_prologue;direct_call_target,True
0x0051d3e0,sub_0051d3e0,0x0051d5d0,496,1,aligned_or_padded_ebp_prologue;direct_call_target,True
0x0051d5d0,sub_0051d5d0,0x0051d6a0,208,0,aligned_or_padded_ebp_prologue,True
0x0051d6a0,sub_0051d6a0,0x0051d790,240,1,aligned_or_padded_ebp_prologue;direct_call_target,True
0x0051d790,sub_0051d790,0x0051d810,128,2,aligned_or_padded_ebp_prologue;direct_call_target,True
0x0051d810,sub_0051d810,0x0051d890,128,2,aligned_or_padded_ebp_prologue;direct_call_target,True
0x0051d890,sub_0051d890,0x0051d8b0,32,3,aligned_or_padded_ebp_prologue;direct_call_target,True
0x0051d8b0,sub_0051d8b0,0x0051d900,80,1,aligned_or_padded_ebp_prologue;direct_call_target,True
0x0051d900,sub_0051d900,0x0051d990,144,1,aligned_or_padded_ebp_prologue;direct_call_target,True
0x0051d990,sub_0051d990,0x0051d9b0,32,1,aligned_or_padded_ebp_prologue;direct_call_target,True
0x0051d9b0,sub_0051d9b0,0x0051da00,80,1,aligned_or_padded_ebp_prologue;direct_call_target,True
0x0051da00,sub_0051da00,0x0051da50,80,1,aligned_or_padded_ebp_prologue;direct_call_target,True
0x0051da50,sub_0051da50,0x0051daa0,80,1,aligned_or_padded_ebp_prologue;direct_call_target,True
0x0051daa0,sub_0051daa0,0x0051db00,96,1,aligned_or_padded_ebp_prologue;direct_call_target,True
0x0051db00,sub_0051db00,0x0051dea0,928,1,aligned_or_padded_ebp_prologue;direct_call_target,True
0x0051dea0,sub_0051dea0,0x0051e030,400,1,aligned_or_padded_ebp_prologue;direct_call_target,True
0x0051e030,sub_0051e030,0x0051e080,80,1,aligned_or_padded_ebp_prologue;direct_call_target,True
0x0051e080,sub_0051e080,0x0051e0a0,32,11,aligned_or_padded_ebp_prologue;direct_call_target,True
0x0051e0a0,sub_0051e0a0,0x0051e0c0,32,3,aligned_or_padded_ebp_prologue;direct_call_target,True
0x0051e0c0,sub_0051e0c0,0x0051e0e0,32,3,aligned_or_padded_ebp_prologue;direct_call_target,True
0x0051e0e0,sub_0051e0e0,0x0051e100,32,1,aligned_or_padded_ebp_prologue;direct_call_target,True
0x0051e100,sub_0051e100,0x0051e170,112,3,aligned_or_padded_ebp_prologue;direct_call_target,True
0x0051e170,sub_0051e170,0x0051e180,16,2,aligned_or_padded_ebp_prologue;direct_call_target,True
0x0051e180,sub_0051e180,0x0051e1c0,64,0,aligned_or_padded_ebp_prologue,True
0x0051e1c0,sub_0051e1c0,0x0051e3c0,512,2,aligned_or_padded_ebp_prologue;direct_call_target,True
0x0051e3c0,sub_0051e3c0,0x0051ed90,2512,1,aligned_or_padded_ebp_prologue;direct_call_target,True
0x0051ed90,sub_0051ed90,0x0051f220,1168,1,aligned_or_padded_ebp_prologue;direct_call_target,False
0x0051f220,sub_0051f220,0x0051f310,240,1,aligned_or_padded_ebp_prologue;direct_call_target,True
0x0051f310,sub_0051f310,0x0051f3c0,176,3,aligned_or_padded_ebp_prologue;direct_call_target,True
0x0051f3c0,sub_0051f3c0,0x0051f490,208,1,aligned_or_padded_ebp_prologue;direct_call_target,True
0x0051f490,sub_0051f490,0x0051f7e0,848,1,aligned_or_padded_ebp_prologue;direct_call_target,True
0x0051f7e0,sub_0051f7e0,0x0051f890,176,0,aligned_or_padded_ebp_prologue,True
0x0051f890,sub_0051f890,0x0051fd20,1168,0,aligned_or_padded_ebp_prologue,True
0x0051fd20,sub_0051fd20,0x0051fd60,64,0,aligned_or_padded_ebp_prologue,True
0x0051fd60,sub_0051fd60,0x0051fd80,32,0,aligned_or_padded_ebp_prologue,True
0x0051fd80,sub_0051fd80,0x0051feb0,304,2,aligned_or_padded_ebp_prologue;direct_call_target,True
0x0051feb0,sub_0051feb0,0x005204c0,1552,2,aligned_or_padded_ebp_prologue;direct_call_target,True
0x005204c0,sub_005204c0,0x005205d0,272,1,aligned_or_padded_ebp_prologue;direct_call_target,True
0x005205d0,sub_005205d0,0x00520c80,1712,1,aligned_or_padded_ebp_prologue;direct_call_target,True
0x00520c80,sub_00520c80,0x00520fb0,816,1,aligned_or_padded_ebp_prologue;direct_call_target,True
0x00520fb0,sub_00520fb0,0x00521060,176,1,aligned_or_padded_ebp_prologue;direct_call_target,True
0x00521060,sub_00521060,0x00521bc0,2912,1,aligned_or_padded_ebp_prologue;direct_call_target,True
0x00521bc0,sub_00521bc0,0x005223e0,2080,1,aligned_or_padded_ebp_prologue;direct_call_target,True
0x005223e0,sub_005223e0,0x00522e20,2624,1,aligned_or_padded_ebp_prologue;direct_call_target,True
0x00522e20,sub_00522e20,0x00523440,1568,1,aligned_or_padded_ebp_prologue;direct_call_target,True
0x00523440,sub_00523440,0x005240d0,3216,1,aligned_or_padded_ebp_prologue;direct_call_target,True
0x005240d0,sub_005240d0,0x00524c10,2880,1,aligned_or_padded_ebp_prologue;direct_call_target,False
0x00524c10,sub_00524c10,0x005257f0,3040,1,aligned_or_padded_ebp_prologue;direct_call_target,True
0x005257f0,sub_005257f0,0x005265a0,3504,1,aligned_or_padded_ebp_prologue;direct_call_target,True
0x005265a0,sub_005265a0,0x00526a90,1264,1,aligned_or_padded_ebp_prologue;direct_call_target,True
0x00526a90,sub_00526a90,0x005277f0,3424,1,aligned_or_padded_ebp_prologue;direct_call_target,True
0x005277f0,sub_005277f0,0x00527f00,1808,1,aligned_or_padded_ebp_prologue;direct_call_target,True
0x00527f00,sub_00527f00,0x005284f0,1520,1,aligned_or_padded_ebp_prologue;direct_call_target,True
0x005284f0,sub_005284f0,0x00528a50,1376,1,aligned_or_padded_ebp_prologue;direct_call_target,False
0x00528a50,sub_00528a50,0x00528fc0,1392,1,aligned_or_padded_ebp_prologue;direct_call_target,False
0x00528fc0,sub_00528fc0,0x00529430,1136,1,aligned_or_padded_ebp_prologue;direct_call_target,True
0x00529430,sub_00529430,0x00529b40,1808,1,aligned_or_padded_ebp_prologue;direct_call_target,True
0x00529b40,sub_00529b40,0x00529e80,832,1,aligned_or_padded_ebp_prologue;direct_call_target,True
0x00529e80,sub_00529e80,0x0052a700,2176,1,aligned_or_padded_ebp_prologue;direct_call_target,True
0x0052a700,sub_0052a700,0x0052a8a0,416,1,aligned_or_padded_ebp_prologue;direct_call_target,True
0x0052a8a0,sub_0052a8a0,0x0052b480,3040,1,aligned_or_padded_ebp_prologue;direct_call_target,True
0x0052b480,sub_0052b480,0x0052b8e0,1120,1,aligned_or_padded_ebp_prologue;direct_call_target,True
0x0052b8e0,sub_0052b8e0,0x0052c030,1872,1,aligned_or_padded_ebp_prologue;direct_call_target,True
0x0052c030,sub_0052c030,0x0052c190,352,1,aligned_or_padded_ebp_prologue;direct_call_target,True
0x0052c190,sub_0052c190,0x0052c1b0,32,1,aligned_or_padded_ebp_prologue;direct_call_target,True
0x0052c1b0,sub_0052c1b0,0x0052c1e0,48,2,aligned_or_padded_ebp_prologue;direct_call_target,True
0x0052c1e0,sub_0052c1e0,0x0052c1f0,16,0,aligned_or_padded_ebp_prologue,True
0x0052c1f0,sub_0052c1f0,0x0052c210,32,1,aligned_or_padded_ebp_prologue;direct_call_target,True
0x0052c210,sub_0052c210,0x0052c220,16,0,aligned_or_padded_ebp_prologue,True
0x0052c220,sub_0052c220,0x0052c240,32,3,aligned_or_padded_ebp_prologue;direct_call_target,True
0x0052c240,sub_0052c240,0x0052c280,64,31,aligned_or_padded_ebp_prologue;direct_call_target,True
0x0052c280,sub_0052c280,0x0052c2a0,32,1,aligned_or_padded_ebp_prologue;direct_call_target,True
0x0052c2a0,sub_0052c2a0,0x0052c2c0,32,3,aligned_or_padded_ebp_prologue;direct_call_target,True
0x0052c2c0,sub_0052c2c0,0x0052c2e0,32,1,aligned_or_padded_ebp_prologue;direct_call_target,True
0x0052c2e0,sub_0052c2e0,0x0052c300,32,2,aligned_or_padded_ebp_prologue;direct_call_target,True
0x0052c300,sub_0052c300,0x0052c320,32,1,aligned_or_padded_ebp_prologue;direct_call_target,True
0x0052c320,sub_0052c320,0x0052c3e0,192,1,aligned_or_padded_ebp_prologue;direct_call_target,True
0x0052c3e0,sub_0052c3e0,0x0052c400,32,1,aligned_or_padded_ebp_prologue;direct_call_target,True
0x0052c400,sub_0052c400,0x0052c420,32,1,aligned_or_padded_ebp_prologue;direct_call_target,True
0x0052c420,sub_0052c420,0x0052c440,32,1,aligned_or_padded_ebp_prologue;direct_call_target,True
0x0052c440,sub_0052c440,0x0052c4f0,176,9,aligned_or_padded_ebp_prologue;direct_call_target,True
0x0052c4f0,sub_0052c4f0,0x0052c640,336,4,aligned_or_padded_ebp_prologue;direct_call_target,True
0x0052c640,sub_0052c640,0x0052c700,192,5,aligned_or_padded_ebp_prologue;direct_call_target,True
0x0052c700,sub_0052c700,0x0052c730,48,1,aligned_or_padded_ebp_prologue;direct_call_target,True
0x0052c730,sub_0052c730,0x0052c750,32,1,aligned_or_padded_ebp_prologue;direct_call_target,True
0x0052c750,sub_0052c750,0x0052c7b0,96,10,aligned_or_padded_ebp_prologue;direct_call_target,True
0x0052c7b0,sub_0052c7b0,0x0052c870,192,1,aligned_or_padded_ebp_prologue;direct_call_target,True
0x0052c870,sub_0052c870,0x0052c9c0,336,5,aligned_or_padded_ebp_prologue;direct_call_target,True
0x0052c9c0,sub_0052c9c0,0x0052c9f0,48,1,aligned_or_padded_ebp_prologue;direct_call_target,True
0x0052c9f0,sub_0052c9f0,0x0052ca30,64,1,aligned_or_padded_ebp_prologue;direct_call_target,True
0x0052ca30,sub_0052ca30,0x0052ca70,64,3,aligned_or_padded_ebp_prologue;direct_call_target,True
0x0052ca70,sub_0052ca70,0x0052cb30,192,5,aligned_or_padded_ebp_prologue;direct_call_target,True
0x0052cb30,sub_0052cb30,0x0052cbd0,160,1,aligned_or_padded_ebp_prologue;direct_call_target,True
0x0052cbd0,sub_0052cbd0,0x0052cbf0,32,1,aligned_or_padded_ebp_prologue;direct_call_target,True
0x0052cbf0,sub_0052cbf0,0x0052cc30,64,9,aligned_or_padded_ebp_prologue;direct_call_target,True
0x0052cc30,sub_0052cc30,0x0052cc90,96,53,aligned_or_padded_ebp_prologue;direct_call_target,True
0x0052cc90,sub_0052cc90,0x0052ccd0,64,35,aligned_or_padded_ebp_prologue;direct_call_target,True
0x0052ccd0,sub_0052ccd0,0x0052cd10,64,17,aligned_or_padded_ebp_prologue;direct_call_target,True
0x0052cd10,sub_0052cd10,0x0052cd50,64,19,aligned_or_padded_ebp_prologue;direct_call_target,True
0x0052cd50,sub_0052cd50,0x0052cd80,48,3,aligned_or_padded_ebp_prologue;direct_call_target,True
0x0052cd80,sub_0052cd80,0x0052cda0,32,2,aligned_or_padded_ebp_prologue;direct_call_target,True
0x0052cda0,sub_0052cda0,0x0052cdd0,48,2,aligned_or_padded_ebp_prologue;direct_call_target,True
0x0052cdd0,sub_0052cdd0,0x0052cdf0,32,1,aligned_or_padded_ebp_prologue;direct_call_target,True
0x0052cdf0,sub_0052cdf0,0x0052ce30,64,2,aligned_or_padded_ebp_prologue;direct_call_target,True
0x0052ce30,sub_0052ce30,0x0052ce50,32,1,aligned_or_padded_ebp_prologue;direct_call_target,True
0x0052ce50,sub_0052ce50,0x0052ce80,48,65,aligned_or_padded_ebp_prologue;direct_call_target,True
0x0052ce80,sub_0052ce80,0x0052ceb0,48,3,aligned_or_padded_ebp_prologue;direct_call_target,True
0x0052ceb0,sub_0052ceb0,0x0052ced0,32,2,aligned_or_padded_ebp_prologue;direct_call_target,True
0x0052ced0,sub_0052ced0,0x0052cf10,64,53,aligned_or_padded_ebp_prologue;direct_call_target,True
0x0052cf10,sub_0052cf10,0x0052cf40,48,1,aligned_or_padded_ebp_prologue;direct_call_target,True
0x0052cf40,sub_0052cf40,0x0052cf70,48,3,aligned_or_padded_ebp_prologue;direct_call_target,True
0x0052cf70,sub_0052cf70,0x0052cf80,16,0,aligned_or_padded_ebp_prologue,True
0x0052cf80,sub_0052cf80,0x0052cfe0,96,44,aligned_or_padded_ebp_prologue;direct_call_target,True
0x0052cfe0,sub_0052cfe0,0x0052d040,96,5,aligned_or_padded_ebp_prologue;direct_call_target,True
0x0052d040,sub_0052d040,0x0052d070,48,1,aligned_or_padded_ebp_prologue;direct_call_target,True
0x0052d070,sub_0052d070,0x0052d0a0,48,3,aligned_or_padded_ebp_prologue;direct_call_target,True
0x0052d0a0,sub_0052d0a0,0x0052d0d0,48,3,aligned_or_padded_ebp_prologue;direct_call_target,True
0x0052d0d0,sub_0052d0d0,0x0052d140,112,1,aligned_or_padded_ebp_prologue;direct_call_target,True
0x0052d140,sub_0052d140,0x0052d1b0,112,1,aligned_or_padded_ebp_prologue;direct_call_target,True
0x0052d1b0,sub_0052d1b0,0x0052d200,80,1,aligned_or_padded_ebp_prologue;direct_call_target,True
0x0052d200,sub_0052d200,0x0052d250,80,1,aligned_or_padded_ebp_prologue;direct_call_target,True
0x0052d250,sub_0052d250,0x0052d270,32,1,aligned_or_padded_ebp_prologue;direct_call_target,True
0x0052d270,sub_0052d270,0x0052d3d0,352,1,aligned_or_padded_ebp_prologue;direct_call_target,True
0x0052d3d0,sub_0052d3d0,0x0052d3f0,32,2,aligned_or_padded_ebp_prologue;direct_call_target,True
0x0052d3f0,sub_0052d3f0,0x0052d450,96,1,aligned_or_padded_ebp_prologue;direct_call_target,True
0x0052d450,sub_0052d450,0x0052d4c0,112,1,aligned_or_padded_ebp_prologue;direct_call_target,True
0x0052d4c0,sub_0052d4c0,0x0052d4e0,32,1,aligned_or_padded_ebp_prologue;direct_call_target,True
0x0052d4e0,sub_0052d4e0,0x0052d540,96,1,aligned_or_padded_ebp_prologue;direct_call_target,True
0x0052d540,sub_0052d540,0x0052d5a0,96,1,aligned_or_padded_ebp_prologue;direct_call_target,True
0x0052d5a0,sub_0052d5a0,0x0052d5c0,32,2,aligned_or_padded_ebp_prologue;direct_call_target,True
0x0052d5c0,sub_0052d5c0,0x0052d690,208,1,aligned_or_padded_ebp_prologue;direct_call_target,True
0x0052d690,sub_0052d690,0x0052d6e0,80,1,aligned_or_padded_ebp_prologue;direct_call_target,True
0x0052d6e0,sub_0052d6e0,0x0052d7d0,240,1,aligned_or_padded_ebp_prologue;direct_call_target,True
0x0052d7d0,sub_0052d7d0,0x0052d8c0,240,1,aligned_or_padded_ebp_prologue;direct_call_target,True
0x0052d8c0,sub_0052d8c0,0x0052d910,80,1,aligned_or_padded_ebp_prologue;direct_call_target,True
0x0052d910,sub_0052d910,0x0052d940,48,7,aligned_or_padded_ebp_prologue;direct_call_target,True
0x0052d940,sub_0052d940,0x0052d970,48,1,aligned_or_padded_ebp_prologue;direct_call_target,True
0x0052d970,sub_0052d970,0x0052d990,32,2,aligned_or_padded_ebp_prologue;direct_call_target,True
0x0052d990,sub_0052d990,0x0052d9c0,48,2,aligned_or_padded_ebp_prologue;direct_call_target,True
0x0052d9c0,sub_0052d9c0,0x0052d9f0,48,1,aligned_or_padded_ebp_prologue;direct_call_target,True
0x0052d9f0,sub_0052d9f0,0x0052da20,48,3,aligned_or_padded_ebp_prologue;direct_call_target,True
0x0052da20,sub_0052da20,0x0052da70,80,1,aligned_or_padded_ebp_prologue;direct_call_target,True
0x0052da70,sub_0052da70,0x0052db40,208,1,aligned_or_padded_ebp_prologue;direct_call_target,True
0x0052db40,sub_0052db40,0x0052db70,48,1,aligned_or_padded_ebp_prologue;direct_call_target,True
0x0052db70,sub_0052db70,0x0052db90,32,1,aligned_or_padded_ebp_prologue;direct_call_target,True
0x0052db90,sub_0052db90,0x0052dc00,112,1,aligned_or_padded_ebp_prologue;direct_call_target,True
0x0052dc00,sub_0052dc00,0x0052dca0,160,1,aligned_or_padded_ebp_prologue;direct_call_target,True
0x0052dca0,sub_0052dca0,0x0052dce0,64,2,aligned_or_padded_ebp_prologue;direct_call_target,True
0x0052dce0,sub_0052dce0,0x0052dd00,32,1,aligned_or_padded_ebp_prologue;direct_call_target,True
0x0052dd00,sub_0052dd00,0x0052dd30,48,1,aligned_or_padded_ebp_prologue;direct_call_target,True
0x0052dd30,sub_0052dd30,0x0052dd50,32,4,aligned_or_padded_ebp_prologue;direct_call_target,True
0x0052dd50,sub_0052dd50,0x0052dd70,32,1,aligned_or_padded_ebp_prologue;direct_call_target,True
0x0052dd70,sub_0052dd70,0x0052dd90,32,1,aligned_or_padded_ebp_prologue;direct_call_target,True
0x0052dd90,sub_0052dd90,0x0052ddb0,32,2,aligned_or_padded_ebp_prologue;direct_call_target,True
0x0052ddb0,sub_0052ddb0,0x0052ddd0,32,1,aligned_or_padded_ebp_prologue;direct_call_target,True
0x0052ddd0,sub_0052ddd0,0x0052ddf0,32,2,aligned_or_padded_ebp_prologue;direct_call_target,True
0x0052ddf0,sub_0052ddf0,0x0052de20,48,2,aligned_or_padded_ebp_prologue;direct_call_target,True
0x0052de20,sub_0052de20,0x0052de40,32,1,aligned_or_padded_ebp_prologue;direct_call_target,True
0x0052de40,sub_0052de40,0x0052de60,32,2,aligned_or_padded_ebp_prologue;direct_call_target,True
0x0052de60,sub_0052de60,0x0052de90,48,2,aligned_or_padded_ebp_prologue;direct_call_target,True
0x0052de90,sub_0052de90,0x0052deb0,32,1,aligned_or_padded_ebp_prologue;direct_call_target,True
0x0052deb0,sub_0052deb0,0x0052ded0,32,1,aligned_or_padded_ebp_prologue;direct_call_target,True
0x0052ded0,sub_0052ded0,0x0052df00,48,0,aligned_or_padded_ebp_prologue,True
0x0052df00,sub_0052df00,0x0052df30,48,1,aligned_or_padded_ebp_prologue;direct_call_target,True
0x0052df30,sub_0052df30,0x0052e170,576,1,aligned_or_padded_ebp_prologue;direct_call_target,True
0x0052e170,sub_0052e170,0x0052e210,160,1,aligned_or_padded_ebp_prologue;direct_call_target,True
0x0052e210,sub_0052e210,0x0052e730,1312,1,aligned_or_padded_ebp_prologue;direct_call_target,True
0x0052e730,sub_0052e730,0x0052e770,64,1,aligned_or_padded_ebp_prologue;direct_call_target,True
0x0052e770,sub_0052e770,0x0052e7a0,48,1,aligned_or_padded_ebp_prologue;direct_call_target,True
0x0052e7a0,sub_0052e7a0,0x0052e7d0,48,0,aligned_or_padded_ebp_prologue,True
0x0052e7d0,sub_0052e7d0,0x0052e800,48,0,aligned_or_padded_ebp_prologue,True
0x0052e800,sub_0052e800,0x0052e830,48,1,aligned_or_padded_ebp_prologue;direct_call_target,True
0x0052e830,sub_0052e830,0x0052e860,48,1,aligned_or_padded_ebp_prologue;direct_call_target,True
0x0052e860,sub_0052e860,0x0052eb30,720,1,aligned_or_padded_ebp_prologue;direct_call_target,True
0x0052eb30,sub_0052eb30,0x0052eb60,48,2,aligned_or_padded_ebp_prologue;direct_call_target,True
0x0052eb60,sub_0052eb60,0x0052eb80,32,19,aligned_or_padded_ebp_prologue;direct_call_target,True
0x0052eb80,sub_0052eb80,0x0052eba0,32,3,aligned_or_padded_ebp_prologue;direct_call_target,True
0x0052eba0,sub_0052eba0,0x0052ebc0,32,10,aligned_or_padded_ebp_prologue;direct_call_target,True
0x0052ebc0,sub_0052ebc0,0x0052ec30,112,0,aligned_or_padded_ebp_prologue,True
0x0052ec30,sub_0052ec30,0x0052eca0,112,0,aligned_or_padded_ebp_prologue,True
0x0052eca0,sub_0052eca0,0x0052ecc0,32,13,aligned_or_padded_ebp_prologue;direct_call_target,True
0x0052ecc0,sub_0052ecc0,0x0052ece0,32,10,aligned_or_padded_ebp_prologue;direct_call_target,True
0x0052ece0,sub_0052ece0,0x0052ed00,32,2,aligned_or_padded_ebp_prologue;direct_call_target,True
0x0052ed00,sub_0052ed00,0x0052edf0,240,1,aligned_or_padded_ebp_prologue;direct_call_target,True
0x0052edf0,sub_0052edf0,0x0052ee10,32,1,aligned_or_padded_ebp_prologue;direct_call_target,True
0x0052ee10,sub_0052ee10,0x0052ee50,64,1,aligned_or_padded_ebp_prologue;direct_call_target,True
0x0052ee50,sub_0052ee50,0x0052ee60,16,0,aligned_or_padded_ebp_prologue,True
0x0052ee60,sub_0052ee60,0x0052ee70,16,0,aligned_or_padded_ebp_prologue,True
0x0052ee70,sub_0052ee70,0x0052eec0,80,1,aligned_or_padded_ebp_prologue;direct_call_target,True
0x0052eec0,sub_0052eec0,0x0052ef10,80,1,aligned_or_padded_ebp_prologue;direct_call_target,True
0x0052ef10,sub_0052ef10,0x0052ef70,96,2,aligned_or_padded_ebp_prologue;direct_call_target,True
0x0052ef70,sub_0052ef70,0x0052efb0,64,2,aligned_or_padded_ebp_prologue;direct_call_target,True
0x0052efb0,sub_0052efb0,0x0052efe0,48,2,aligned_or_padded_ebp_prologue;direct_call_target,True
0x0052efe0,sub_0052efe0,0x0052f030,80,3,aligned_or_padded_ebp_prologue;direct_call_target,True
0x0052f030,sub_0052f030,0x0052f040,16,0,aligned_or_padded_ebp_prologue,True
0x0052f040,sub_0052f040,0x0052f060,32,1,aligned_or_padded_ebp_prologue;direct_call_target,True
0x0052f060,sub_0052f060,0x0052f0d0,112,3,aligned_or_padded_ebp_prologue;direct_call_target,True
0x0052f0d0,sub_0052f0d0,0x0052f100,48,1,aligned_or_padded_ebp_prologue;direct_call_target,True
0x0052f100,sub_0052f100,0x0052f190,144,2,aligned_or_padded_ebp_prologue;direct_call_target,True
0x0052f190,sub_0052f190,0x0052f420,656,1,direct_call_target,True
0x0052f420,sub_0052f420,0x0052f4a0,128,1,aligned_or_padded_ebp_prologue;direct_call_target,True
0x0052f4a0,sub_0052f4a0,0x0052f4c0,32,1,aligned_or_padded_ebp_prologue;direct_call_target,True
0x0052f4c0,sub_0052f4c0,0x0052f4e0,32,2,aligned_or_padded_ebp_prologue;direct_call_target,True
0x0052f4e0,sub_0052f4e0,0x0052f540,96,3,aligned_or_padded_ebp_prologue;direct_call_target,True
0x0052f540,sub_0052f540,0x0052f590,80,3,aligned_or_padded_ebp_prologue;direct_call_target,True
0x0052f590,sub_0052f590,0x0052f5b0,32,1,aligned_or_padded_ebp_prologue;direct_call_target,True
0x0052f5b0,sub_0052f5b0,0x0052f670,192,2,aligned_or_padded_ebp_prologue;direct_call_target,True
0x0052f670,sub_0052f670,0x0052f740,208,1,aligned_or_padded_ebp_prologue;direct_call_target,True
0x0052f740,sub_0052f740,0x0052f7d0,144,1,aligned_or_padded_ebp_prologue;direct_call_target,True
0x0052f7d0,sub_0052f7d0,0x0052f800,48,1,aligned_or_padded_ebp_prologue;direct_call_target,True
0x0052f800,sub_0052f800,0x0052f840,64,4,aligned_or_padded_ebp_prologue;direct_call_target,True
0x0052f840,sub_0052f840,0x0052f8e0,160,1,aligned_or_padded_ebp_prologue;direct_call_target,True
0x0052f8e0,sub_0052f8e0,0x0052f900,32,2,aligned_or_padded_ebp_prologue;direct_call_target,True
0x0052f900,sub_0052f900,0x0052f9b0,176,6,aligned_or_padded_ebp_prologue;direct_call_target,True
0x0052f9b0,sub_0052f9b0,0x0052fa40,144,1,aligned_or_padded_ebp_prologue;direct_call_target,True
0x0052fa40,sub_0052fa40,0x0052fad0,144,1,aligned_or_padded_ebp_prologue;direct_call_target,True
0x0052fad0,sub_0052fad0,0x0052fb40,112,16,aligned_or_padded_ebp_prologue;direct_call_target,True
0x0052fb40,sub_0052fb40,0x0052fb60,32,1,aligned_or_padded_ebp_prologue;direct_call_target,True
0x0052fb60,sub_0052fb60,0x0052fb80,32,0,aligned_or_padded_ebp_prologue,True
0x0052fb80,sub_0052fb80,0x0052fbc0,64,0,aligned_or_padded_ebp_prologue,True
0x0052fbc0,sub_0052fbc0,0x0052fbd0,16,0,aligned_or_padded_ebp_prologue,True
0x0052fbd0,sub_0052fbd0,0x0052fc80,176,0,aligned_or_padded_ebp_prologue,True
0x0052fc80,sub_0052fc80,0x0052fd10,144,0,aligned_or_padded_ebp_prologue,True
0x0052fd10,sub_0052fd10,0x0052fd70,96,0,aligned_or_padded_ebp_prologue,True
0x0052fd70,sub_0052fd70,0x0052fe80,272,0,aligned_or_padded_ebp_prologue,True
0x0052fe80,sub_0052fe80,0x0052fee0,96,0,aligned_or_padded_ebp_prologue,True
0x0052fee0,sub_0052fee0,0x0052ff70,144,0,aligned_or_padded_ebp_prologue,True
0x0052ff70,sub_0052ff70,0x0052ffd0,96,0,aligned_or_padded_ebp_prologue,True
0x0052ffd0,sub_0052ffd0,0x00530010,64,0,aligned_or_padded_ebp_prologue,True
0x00530010,sub_00530010,0x005301c0,432,0,aligned_or_padded_ebp_prologue,True
0x005301c0,sub_005301c0,0x00530350,400,0,aligned_or_padded_ebp_prologue,True
0x00530350,sub_00530350,0x00530370,32,1,aligned_or_padded_ebp_prologue;direct_call_target,False
0x00530370,sub_00530370,0x00530500,400,0,aligned_or_padded_ebp_prologue,True
0x00530500,sub_00530500,0x00530520,32,0,aligned_or_padded_ebp_prologue,False
0x00530520,sub_00530520,0x00530540,32,12,aligned_or_padded_ebp_prologue;direct_call_target,True
0x00530540,sub_00530540,0x00530560,32,0,aligned_or_padded_ebp_prologue,True
0x00530560,sub_00530560,0x00530580,32,0,aligned_or_padded_ebp_prologue,True
0x00530580,sub_00530580,0x005305a0,32,2,aligned_or_padded_ebp_prologue;direct_call_target,True
0x005305a0,sub_005305a0,0x005305c0,32,1,aligned_or_padded_ebp_prologue;direct_call_target,True
0x005305c0,sub_005305c0,0x005305f0,48,4,aligned_or_padded_ebp_prologue;direct_call_target,True
0x005305f0,sub_005305f0,0x00530610,32,0,aligned_or_padded_ebp_prologue,True
0x00530610,sub_00530610,0x005306a0,144,1,aligned_or_padded_ebp_prologue;direct_call_target,True
0x005306a0,sub_005306a0,0x005306e0,64,1,aligned_or_padded_ebp_prologue;direct_call_target,True
0x005306e0,sub_005306e0,0x00530700,32,0,aligned_or_padded_ebp_prologue,True
0x00530700,sub_00530700,0x00530750,80,0,aligned_or_padded_ebp_prologue,True
0x00530750,sub_00530750,0x005307e0,144,0,aligned_or_padded_ebp_prologue,True
0x005307e0,sub_005307e0,0x005309d0,496,0,aligned_or_padded_ebp_prologue,True
0x005309d0,sub_005309d0,0x00530a00,48,0,aligned_or_padded_ebp_prologue,True
0x00530a00,sub_00530a00,0x00530ac0,192,0,aligned_or_padded_ebp_prologue,True
0x00530ac0,sub_00530ac0,0x00530ae0,32,0,aligned_or_padded_ebp_prologue,True
0x00530ae0,sub_00530ae0,0x00530b00,32,0,aligned_or_padded_ebp_prologue,True
0x00530b00,sub_00530b00,0x00530b90,144,1,aligned_or_padded_ebp_prologue;direct_call_target,True
0x00530b90,sub_00530b90,0x00530bd0,64,1,aligned_or_padded_ebp_prologue;direct_call_target,True
0x00530bd0,sub_00530bd0,0x00530c90,192,0,aligned_or_padded_ebp_prologue,True
0x00530c90,sub_00530c90,0x00530cb0,32,0,aligned_or_padded_ebp_prologue,True
0x00530cb0,sub_00530cb0,0x00530d40,144,1,aligned_or_padded_ebp_prologue;direct_call_target,True
0x00530d40,sub_00530d40,0x00530d60,32,1,aligned_or_padded_ebp_prologue;direct_call_target,True
0x00530d60,sub_00530d60,0x00530df0,144,0,aligned_or_padded_ebp_prologue,True
0x00530df0,sub_00530df0,0x00530e80,144,0,aligned_or_padded_ebp_prologue,True
0x00530e80,sub_00530e80,0x00531030,432,0,aligned_or_padded_ebp_prologue,True
0x00531030,sub_00531030,0x00531050,32,0,aligned_or_padded_ebp_prologue,True
0x00531050,sub_00531050,0x00531070,32,0,aligned_or_padded_ebp_prologue,True
0x00531070,sub_00531070,0x00531100,144,1,aligned_or_padded_ebp_prologue;direct_call_target,True
0x00531100,sub_00531100,0x00531150,80,1,aligned_or_padded_ebp_prologue;direct_call_target,True
0x00531150,sub_00531150,0x005311e0,144,1,aligned_or_padded_ebp_prologue;direct_call_target,True
0x005311e0,sub_005311e0,0x00531200,32,0,aligned_or_padded_ebp_prologue,True
0x00531200,sub_00531200,0x00531260,96,0,aligned_or_padded_ebp_prologue,True
0x00531260,sub_00531260,0x005312b0,80,0,aligned_or_padded_ebp_prologue,True
0x005312b0,sub_005312b0,0x005312d0,32,0,aligned_or_padded_ebp_prologue,True
0x005312d0,sub_005312d0,0x00531400,304,0,aligned_or_padded_ebp_prologue,True
0x00531400,sub_00531400,0x00531460,96,0,aligned_or_padded_ebp_prologue,True
0x00531460,sub_00531460,0x00531550,240,0,aligned_or_padded_ebp_prologue,True
0x00531550,sub_00531550,0x00531580,48,0,aligned_or_padded_ebp_prologue,True
0x00531580,sub_00531580,0x005315a0,32,0,aligned_or_padded_ebp_prologue,True
0x005315a0,sub_005315a0,0x005315c0,32,0,aligned_or_padded_ebp_prologue,True
0x005315c0,sub_005315c0,0x00531650,144,1,aligned_or_padded_ebp_prologue;direct_call_target,True
0x00531650,sub_00531650,0x005316c0,112,1,aligned_or_padded_ebp_prologue;direct_call_target,True
0x005316c0,sub_005316c0,0x00531760,160,1,aligned_or_padded_ebp_prologue;direct_call_target,True
0x00531760,sub_00531760,0x00531800,160,0,aligned_or_padded_ebp_prologue,True
0x00531800,sub_00531800,0x00531850,80,0,aligned_or_padded_ebp_prologue,True
0x00531850,sub_00531850,0x005319f0,416,0,aligned_or_padded_ebp_prologue,True
0x005319f0,sub_005319f0,0x00531a50,96,0,aligned_or_padded_ebp_prologue,True
0x00531a50,sub_00531a50,0x00531bb0,352,0,aligned_or_padded_ebp_prologue,True
0x00531bb0,sub_00531bb0,0x00531bd0,32,0,aligned_or_padded_ebp_prologue,True
0x00531bd0,sub_00531bd0,0x00531bf0,32,0,aligned_or_padded_ebp_prologue,True
0x00531bf0,sub_00531bf0,0x00531c10,32,0,aligned_or_padded_ebp_prologue,True
0x00531c10,sub_00531c10,0x00531c30,32,0,aligned_or_padded_ebp_prologue,True
0x00531c30,sub_00531c30,0x00531cc0,144,1,aligned_or_padded_ebp_prologue;direct_call_target,True
0x00531cc0,sub_00531cc0,0x00531d30,112,1,aligned_or_padded_ebp_prologue;direct_call_target,True
0x00531d30,sub_00531d30,0x00531de0,176,1,aligned_or_padded_ebp_prologue;direct_call_target,True
0x00531de0,sub_00531de0,0x00531e80,160,0,aligned_or_padded_ebp_prologue,True
0x00531e80,sub_00531e80,0x00532030,432,0,aligned_or_padded_ebp_prologue,True
0x00532030,sub_00532030,0x005321a0,368,0,aligned_or_padded_ebp_prologue,True
0x005321a0,sub_005321a0,0x005321c0,32,0,aligned_or_padded_ebp_prologue,True
0x005321c0,sub_005321c0,0x005321e0,32,0,aligned_or_padded_ebp_prologue,True
0x005321e0,sub_005321e0,0x00532270,144,1,aligned_or_padded_ebp_prologue;direct_call_target,True
0x00532270,sub_00532270,0x005322c0,80,1,aligned_or_padded_ebp_prologue;direct_call_target,True
0x005322c0,sub_005322c0,0x00532310,80,0,aligned_or_padded_ebp_prologue,True
0x00532310,sub_00532310,0x00532330,32,0,aligned_or_padded_ebp_prologue,True
0x00532330,sub_00532330,0x005323c0,144,1,aligned_or_padded_ebp_prologue;direct_call_target,True
0x005323c0,sub_005323c0,0x005323e0,32,1,aligned_or_padded_ebp_prologue;direct_call_target,True
0x005323e0,sub_005323e0,0x00532440,96,0,aligned_or_padded_ebp_prologue,True
0x00532440,sub_00532440,0x00532460,32,0,aligned_or_padded_ebp_prologue,True
0x00532460,sub_00532460,0x00532480,32,0,aligned_or_padded_ebp_prologue,True
0x00532480,sub_00532480,0x00532510,144,1,aligned_or_padded_ebp_prologue;direct_call_target,True
0x00532510,sub_00532510,0x00532530,32,1,aligned_or_padded_ebp_prologue;direct_call_target,True
0x00532530,sub_00532530,0x00532560,48,0,aligned_or_padded_ebp_prologue,True
0x00532560,sub_00532560,0x00532580,32,0,aligned_or_padded_ebp_prologue,True
0x00532580,sub_00532580,0x00532610,144,1,aligned_or_padded_ebp_prologue;direct_call_target,True
0x00532610,sub_00532610,0x00532630,32,1,aligned_or_padded_ebp_prologue;direct_call_target,True
0x00532630,sub_00532630,0x00532650,32,0,aligned_or_padded_ebp_prologue,True
0x00532650,sub_00532650,0x005326e0,144,1,aligned_or_padded_ebp_prologue;direct_call_target,True
0x005326e0,sub_005326e0,0x00532700,32,1,aligned_or_padded_ebp_prologue;direct_call_target,True
0x00532700,sub_00532700,0x00532720,32,0,aligned_or_padded_ebp_prologue,True
0x00532720,sub_00532720,0x00532740,32,0,aligned_or_padded_ebp_prologue,True
0x00532740,sub_00532740,0x005327b0,112,8,aligned_or_padded_ebp_prologue;direct_call_target,True
0x005327b0,sub_005327b0,0x00532840,144,1,aligned_or_padded_ebp_prologue;direct_call_target,True
0x00532840,sub_00532840,0x00532850,16,1,aligned_or_padded_ebp_prologue;direct_call_target,True
0x00532850,sub_00532850,0x00532880,48,1,aligned_or_padded_ebp_prologue;direct_call_target,True
0x00532880,sub_00532880,0x00532950,208,1,aligned_or_padded_ebp_prologue;direct_call_target,True
0x00532950,sub_00532950,0x00532970,32,1,aligned_or_padded_ebp_prologue;direct_call_target,True
0x00532970,sub_00532970,0x00532a90,288,1,aligned_or_padded_ebp_prologue;direct_call_target,True
0x00532a90,sub_00532a90,0x00532ab0,32,1,aligned_or_padded_ebp_prologue;direct_call_target,True
0x00532ab0,sub_00532ab0,0x00532ae0,48,1,aligned_or_padded_ebp_prologue;direct_call_target,True
0x00532ae0,sub_00532ae0,0x00532b20,64,0,aligned_or_padded_ebp_prologue,True
0x00532b20,sub_00532b20,0x00532f20,1024,1,aligned_or_padded_ebp_prologue;direct_call_target,True
0x00532f20,sub_00532f20,0x00532f40,32,6,aligned_or_padded_ebp_prologue;direct_call_target,True
0x00532f40,sub_00532f40,0x00532fb0,112,1,aligned_or_padded_ebp_prologue;direct_call_target,True
0x00532fb0,sub_00532fb0,0x005330a0,240,1,aligned_or_padded_ebp_prologue;direct_call_target,True
0x005330a0,sub_005330a0,0x00533180,224,1,aligned_or_padded_ebp_prologue;direct_call_target,True
0x00533180,sub_00533180,0x005331e0,96,1,aligned_or_padded_ebp_prologue;direct_call_target,True
0x005331e0,sub_005331e0,0x005332b0,208,1,aligned_or_padded_ebp_prologue;direct_call_target,True
0x005332b0,sub_005332b0,0x005333b0,256,0,aligned_or_padded_ebp_prologue,True
0x005333b0,sub_005333b0,0x00533700,848,1,aligned_or_padded_ebp_prologue;direct_call_target,True
0x00533700,sub_00533700,0x00533720,32,0,aligned_or_padded_ebp_prologue,True
0x00533720,sub_00533720,0x00533780,96,1,aligned_or_padded_ebp_prologue;direct_call_target,True
0x00533780,sub_00533780,0x00533920,416,4,aligned_or_padded_ebp_prologue;direct_call_target,True
0x00533920,sub_00533920,0x00533970,80,1,aligned_or_padded_ebp_prologue;direct_call_target,True
0x00533970,sub_00533970,0x00534070,1792,1,aligned_or_padded_ebp_prologue;direct_call_target,True
0x00534070,sub_00534070,0x00534080,16,0,aligned_or_padded_ebp_prologue,True
0x00534080,sub_00534080,0x00534110,144,7,aligned_or_padded_ebp_prologue;direct_call_target,True
0x00534110,sub_00534110,0x00534130,32,2,aligned_or_padded_ebp_prologue;direct_call_target,True
0x00534130,sub_00534130,0x00534180,80,4,aligned_or_padded_ebp_prologue;direct_call_target,True
0x00534180,sub_00534180,0x00534210,144,0,aligned_or_padded_ebp_prologue,True
0x00534210,sub_00534210,0x00534260,80,1,aligned_or_padded_ebp_prologue;direct_call_target,True
0x00534260,sub_00534260,0x005342b0,80,22,aligned_or_padded_ebp_prologue;direct_call_target,True
0x005342b0,sub_005342b0,0x00534300,80,1,aligned_or_padded_ebp_prologue;direct_call_target,True
0x00534300,sub_00534300,0x00534320,32,1,aligned_or_padded_ebp_prologue;direct_call_target,True
0x00534320,sub_00534320,0x00534390,112,0,aligned_or_padded_ebp_prologue,True
0x00534390,sub_00534390,0x005343b0,32,1,aligned_or_padded_ebp_prologue;direct_call_target,True
0x005343b0,sub_005343b0,0x00534420,112,0,aligned_or_padded_ebp_prologue,True
0x00534420,sub_00534420,0x005344b0,144,2,aligned_or_padded_ebp_prologue;direct_call_target,True
0x005344b0,sub_005344b0,0x005344d0,32,1,aligned_or_padded_ebp_prologue;direct_call_target,True
0x005344d0,sub_005344d0,0x005345b0,224,2,aligned_or_padded_ebp_prologue;direct_call_target,True
0x005345b0,sub_005345b0,0x005345d0,32,3,aligned_or_padded_ebp_prologue;direct_call_target,True
0x005345d0,sub_005345d0,0x00534600,48,1,aligned_or_padded_ebp_prologue;direct_call_target,True
0x00534600,sub_00534600,0x005346e0,224,2,aligned_or_padded_ebp_prologue;direct_call_target,True
0x005346e0,sub_005346e0,0x00534700,32,3,aligned_or_padded_ebp_prologue;direct_call_target,True
0x00534700,sub_00534700,0x00534730,48,1,aligned_or_padded_ebp_prologue;direct_call_target,True
0x00534730,sub_00534730,0x005347b0,128,1,aligned_or_padded_ebp_prologue;direct_call_target,True
0x005347b0,sub_005347b0,0x005347d0,32,1,aligned_or_padded_ebp_prologue;direct_call_target,True
0x005347d0,sub_005347d0,0x005348b0,224,2,aligned_or_padded_ebp_prologue;direct_call_target,True
0x005348b0,sub_005348b0,0x005348d0,32,3,aligned_or_padded_ebp_prologue;direct_call_target,True
0x005348d0,sub_005348d0,0x00534ab0,480,1,aligned_or_padded_ebp_prologue;direct_call_target,True
0x00534ab0,sub_00534ab0,0x00534d00,592,1,aligned_or_padded_ebp_prologue;direct_call_target,True
0x00534d00,sub_00534d00,0x00534dd0,208,2,aligned_or_padded_ebp_prologue;direct_call_target,True
0x00534dd0,sub_00534dd0,0x00534e30,96,1,aligned_or_padded_ebp_prologue;direct_call_target,True
0x00534e30,sub_00534e30,0x00534e50,32,0,aligned_or_padded_ebp_prologue,True
0x00534e50,sub_00534e50,0x00534ee0,144,1,aligned_or_padded_ebp_prologue;direct_call_target,True
0x00534ee0,sub_00534ee0,0x00534f10,48,1,aligned_or_padded_ebp_prologue;direct_call_target,True
0x00534f10,sub_00534f10,0x00534fa0,144,1,aligned_or_padded_ebp_prologue;direct_call_target,True
0x00534fa0,sub_00534fa0,0x00534fd0,48,2,aligned_or_padded_ebp_prologue;direct_call_target,True
0x00534fd0,sub_00534fd0,0x005350b0,224,0,aligned_or_padded_ebp_prologue,True
0x005350b0,sub_005350b0,0x00535130,128,0,aligned_or_padded_ebp_prologue,True
0x00535130,sub_00535130,0x005351d0,160,0,aligned_or_padded_ebp_prologue,True
0x005351d0,sub_005351d0,0x005351f0,32,0,aligned_or_padded_ebp_prologue,True
0x005351f0,sub_005351f0,0x00535260,112,0,aligned_or_padded_ebp_prologue,True
0x00535260,sub_00535260,0x00535310,176,0,aligned_or_padded_ebp_prologue,True
0x00535310,sub_00535310,0x00535350,64,0,aligned_or_padded_ebp_prologue,True
0x00535350,sub_00535350,0x00535370,32,0,aligned_or_padded_ebp_prologue,True
0x00535370,sub_00535370,0x005353e0,112,0,aligned_or_padded_ebp_prologue,True
0x005353e0,sub_005353e0,0x00535680,672,2,aligned_or_padded_ebp_prologue;direct_call_target,True
0x00535680,sub_00535680,0x00535740,192,0,aligned_or_padded_ebp_prologue,True
0x00535740,sub_00535740,0x00535770,48,0,aligned_or_padded_ebp_prologue,True
0x00535770,sub_00535770,0x005357a0,48,1,aligned_or_padded_ebp_prologue;direct_call_target,True
0x005357a0,sub_005357a0,0x005357c0,32,8,aligned_or_padded_ebp_prologue;direct_call_target,True
0x005357c0,sub_005357c0,0x005357f0,48,8,aligned_or_padded_ebp_prologue;direct_call_target,True
0x005357f0,sub_005357f0,0x00535810,32,0,aligned_or_padded_ebp_prologue,True
0x00535810,sub_00535810,0x00535850,64,3,aligned_or_padded_ebp_prologue;direct_call_target,True
0x00535850,sub_00535850,0x005358c0,112,1,aligned_or_padded_ebp_prologue;direct_call_target,True
0x005358c0,sub_005358c0,0x00535900,64,3,aligned_or_padded_ebp_prologue;direct_call_target,True
0x00535900,sub_00535900,0x00535970,112,1,aligned_or_padded_ebp_prologue;direct_call_target,True
0x00535970,sub_00535970,0x005359b0,64,3,aligned_or_padded_ebp_prologue;direct_call_target,True
0x005359b0,sub_005359b0,0x00535a20,112,1,aligned_or_padded_ebp_prologue;direct_call_target,True
0x00535a20,sub_00535a20,0x00535a80,96,1,aligned_or_padded_ebp_prologue;direct_call_target,True
0x00535a80,sub_00535a80,0x00535ae0,96,1,aligned_or_padded_ebp_prologue;direct_call_target,True
0x00535ae0,sub_00535ae0,0x00535b40,96,1,aligned_or_padded_ebp_prologue;direct_call_target,True
0x00535b40,sub_00535b40,0x00535bd0,144,1,aligned_or_padded_ebp_prologue;direct_call_target,True
0x00535bd0,sub_00535bd0,0x00535bf0,32,1,aligned_or_padded_ebp_prologue;direct_call_target,True
0x00535bf0,sub_00535bf0,0x00535c10,32,1,aligned_or_padded_ebp_prologue;direct_call_target,True
0x00535c10,sub_00535c10,0x00535c50,64,1,aligned_or_padded_ebp_prologue;direct_call_target,True
0x00535c50,sub_00535c50,0x00535ca0,80,1,aligned_or_padded_ebp_prologue;direct_call_target,True
0x00535ca0,sub_00535ca0,0x00535d00,96,1,aligned_or_padded_ebp_prologue;direct_call_target,True
0x00535d00,sub_00535d00,0x00535e20,288,0,aligned_or_padded_ebp_prologue,True
0x00535e20,sub_00535e20,0x00535f70,336,0,aligned_or_padded_ebp_prologue,True
0x00535f70,sub_00535f70,0x00535ff0,128,0,aligned_or_padded_ebp_prologue,True
0x00535ff0,sub_00535ff0,0x00536080,144,0,aligned_or_padded_ebp_prologue,True
0x00536080,sub_00536080,0x00536120,160,0,aligned_or_padded_ebp_prologue,True
0x00536120,sub_00536120,0x005361f0,208,0,aligned_or_padded_ebp_prologue,True
0x005361f0,sub_005361f0,0x00536210,32,0,aligned_or_padded_ebp_prologue,True
0x00536210,sub_00536210,0x00536280,112,0,aligned_or_padded_ebp_prologue,True
0x00536280,sub_00536280,0x00536560,736,0,aligned_or_padded_ebp_prologue,True
0x00536560,sub_00536560,0x00536580,32,0,aligned_or_padded_ebp_prologue,True
0x00536580,sub_00536580,0x005365a0,32,0,aligned_or_padded_ebp_prologue,True
0x005365a0,sub_005365a0,0x00536610,112,0,aligned_or_padded_ebp_prologue,True
0x00536610,sub_00536610,0x00536820,528,2,aligned_or_padded_ebp_prologue;direct_call_target,True
0x00536820,sub_00536820,0x00536850,48,0,aligned_or_padded_ebp_prologue,True
0x00536850,sub_00536850,0x00536880,48,0,aligned_or_padded_ebp_prologue,True
0x00536880,sub_00536880,0x005368b0,48,0,aligned_or_padded_ebp_prologue,True
0x005368b0,sub_005368b0,0x005368e0,48,0,aligned_or_padded_ebp_prologue,True
0x005368e0,sub_005368e0,0x00536910,48,0,aligned_or_padded_ebp_prologue,True
0x00536910,sub_00536910,0x00536940,48,0,aligned_or_padded_ebp_prologue,True
0x00536940,sub_00536940,0x005369b0,112,0,aligned_or_padded_ebp_prologue,True
0x005369b0,sub_005369b0,0x00536a20,112,0,aligned_or_padded_ebp_prologue,True
0x00536a20,sub_00536a20,0x00536a90,112,0,aligned_or_padded_ebp_prologue,True
0x00536a90,sub_00536a90,0x00536aa0,16,0,aligned_or_padded_ebp_prologue,True
0x00536aa0,sub_00536aa0,0x00536ab0,16,0,aligned_or_padded_ebp_prologue,True
0x00536ab0,sub_00536ab0,0x00536ac0,16,0,aligned_or_padded_ebp_prologue,True
0x00536ac0,sub_00536ac0,0x00536d50,656,0,aligned_or_padded_ebp_prologue,True
0x00536d50,sub_00536d50,0x00536d70,32,0,aligned_or_padded_ebp_prologue,True
0x00536d70,sub_00536d70,0x00536db0,64,3,aligned_or_padded_ebp_prologue;direct_call_target,True
0x00536db0,sub_00536db0,0x00536e20,112,1,aligned_or_padded_ebp_prologue;direct_call_target,True
0x00536e20,sub_00536e20,0x00536e60,64,3,aligned_or_padded_ebp_prologue;direct_call_target,True
0x00536e60,sub_00536e60,0x00536ed0,112,1,aligned_or_padded_ebp_prologue;direct_call_target,True
0x00536ed0,sub_00536ed0,0x00536f10,64,3,aligned_or_padded_ebp_prologue;direct_call_target,True
0x00536f10,sub_00536f10,0x00536f80,112,1,aligned_or_padded_ebp_prologue;direct_call_target,True
0x00536f80,sub_00536f80,0x00536fe0,96,1,aligned_or_padded_ebp_prologue;direct_call_target,True
0x00536fe0,sub_00536fe0,0x00537040,96,1,aligned_or_padded_ebp_prologue;direct_call_target,True
0x00537040,sub_00537040,0x005370a0,96,1,aligned_or_padded_ebp_prologue;direct_call_target,True
0x005370a0,sub_005370a0,0x00537130,144,1,aligned_or_padded_ebp_prologue;direct_call_target,True
0x00537130,sub_00537130,0x00537170,64,1,aligned_or_padded_ebp_prologue;direct_call_target,True
0x00537170,sub_00537170,0x005371a0,48,2,aligned_or_padded_ebp_prologue;direct_call_target,True
0x005371a0,sub_005371a0,0x005372c0,288,0,aligned_or_padded_ebp_prologue,True
0x005372c0,sub_005372c0,0x00537410,336,0,aligned_or_padded_ebp_prologue,True
0x00537410,sub_00537410,0x00537490,128,0,aligned_or_padded_ebp_prologue,True
0x00537490,sub_00537490,0x00537530,160,0,aligned_or_padded_ebp_prologue,True
0x00537530,sub_00537530,0x005375d0,160,0,aligned_or_padded_ebp_prologue,True
0x005375d0,sub_005375d0,0x005376a0,208,0,aligned_or_padded_ebp_prologue,True
0x005376a0,sub_005376a0,0x005376c0,32,0,aligned_or_padded_ebp_prologue,True
0x005376c0,sub_005376c0,0x00537730,112,0,aligned_or_padded_ebp_prologue,True
0x00537730,sub_00537730,0x00537a10,736,0,aligned_or_padded_ebp_prologue,True
0x00537a10,sub_00537a10,0x00537a30,32,0,aligned_or_padded_ebp_prologue,True
0x00537a30,sub_00537a30,0x00537aa0,112,0,aligned_or_padded_ebp_prologue,True
0x00537aa0,sub_00537aa0,0x00537cb0,528,2,aligned_or_padded_ebp_prologue;direct_call_target,True
0x00537cb0,sub_00537cb0,0x00537ce0,48,0,aligned_or_padded_ebp_prologue,True
0x00537ce0,sub_00537ce0,0x00537d10,48,0,aligned_or_padded_ebp_prologue,True
0x00537d10,sub_00537d10,0x00537d40,48,0,aligned_or_padded_ebp_prologue,True
0x00537d40,sub_00537d40,0x00537db0,112,0,aligned_or_padded_ebp_prologue,True
0x00537db0,sub_00537db0,0x00537e20,112,0,aligned_or_padded_ebp_prologue,True
0x00537e20,sub_00537e20,0x00537e90,112,0,aligned_or_padded_ebp_prologue,True
0x00537e90,sub_00537e90,0x00537ea0,16,0,aligned_or_padded_ebp_prologue,True
0x00537ea0,sub_00537ea0,0x00537eb0,16,0,aligned_or_padded_ebp_prologue,True
0x00537eb0,sub_00537eb0,0x00537ec0,16,0,aligned_or_padded_ebp_prologue,True
0x00537ec0,sub_00537ec0,0x00538160,672,0,aligned_or_padded_ebp_prologue,True
0x00538160,sub_00538160,0x005381b0,80,2,aligned_or_padded_ebp_prologue;direct_call_target,True
0x005381b0,sub_005381b0,0x005381d0,32,0,aligned_or_padded_ebp_prologue,True
0x005381d0,sub_005381d0,0x00538260,144,1,aligned_or_padded_ebp_prologue;direct_call_target,True
0x00538260,sub_00538260,0x00538290,48,1,aligned_or_padded_ebp_prologue;direct_call_target,True
0x00538290,sub_00538290,0x00538370,224,0,aligned_or_padded_ebp_prologue,True
0x00538370,sub_00538370,0x005383f0,128,0,aligned_or_padded_ebp_prologue,True
0x005383f0,sub_005383f0,0x00538490,160,0,aligned_or_padded_ebp_prologue,True
0x00538490,sub_00538490,0x00538500,112,0,aligned_or_padded_ebp_prologue,True
0x00538500,sub_00538500,0x005385b0,176,0,aligned_or_padded_ebp_prologue,True
0x005385b0,sub_005385b0,0x00538620,112,0,aligned_or_padded_ebp_prologue,True
0x00538620,sub_00538620,0x005388c0,672,2,aligned_or_padded_ebp_prologue;direct_call_target,True
0x005388c0,sub_005388c0,0x00538980,192,0,aligned_or_padded_ebp_prologue,True
0x00538980,sub_00538980,0x005389b0,48,0,aligned_or_padded_ebp_prologue,True
0x005389b0,sub_005389b0,0x005389d0,32,0,aligned_or_padded_ebp_prologue,True
0x005389d0,sub_005389d0,0x00538a30,96,1,aligned_or_padded_ebp_prologue;direct_call_target,True
0x00538a30,sub_00538a30,0x00538a50,32,2,aligned_or_padded_ebp_prologue;direct_call_target,True
0x00538a50,sub_00538a50,0x00538a80,48,0,aligned_or_padded_ebp_prologue,True
0x00538a80,sub_00538a80,0x00538ab0,48,0,aligned_or_padded_ebp_prologue,True
0x00538ab0,sub_00538ab0,0x00538af0,64,1,aligned_or_padded_ebp_prologue;direct_call_target,True
0x00538af0,sub_00538af0,0x00538bf0,256,0,aligned_or_padded_ebp_prologue,True
0x00538bf0,sub_00538bf0,0x00538c20,48,0,aligned_or_padded_ebp_prologue,True
0x00538c20,sub_00538c20,0x00538c50,48,0,aligned_or_padded_ebp_prologue,True
0x00538c50,sub_00538c50,0x00538db0,352,0,aligned_or_padded_ebp_prologue,True
0x00538db0,sub_00538db0,0x00538e10,96,0,aligned_or_padded_ebp_prologue,True
0x00538e10,sub_00538e10,0x00538f10,256,1,aligned_or_padded_ebp_prologue;direct_call_target,True
0x00538f10,sub_00538f10,0x00538f50,64,0,aligned_or_padded_ebp_prologue,True
0x00538f50,sub_00538f50,0x00538f70,32,1,aligned_or_padded_ebp_prologue;direct_call_target,True
0x00538f70,sub_00538f70,0x00538f90,32,1,aligned_or_padded_ebp_prologue;direct_call_target,True
0x00538f90,sub_00538f90,0x00539000,112,0,aligned_or_padded_ebp_prologue,True
0x00539000,sub_00539000,0x00539040,64,1,aligned_or_padded_ebp_prologue;direct_call_target,True
0x00539040,sub_00539040,0x00539060,32,1,aligned_or_padded_ebp_prologue;direct_call_target,True
0x00539060,sub_00539060,0x00539180,288,1,aligned_or_padded_ebp_prologue;direct_call_target,True
0x00539180,sub_00539180,0x005391f0,112,2,aligned_or_padded_ebp_prologue;direct_call_target,True
0x005391f0,sub_005391f0,0x005394c0,720,4,aligned_or_padded_ebp_prologue;direct_call_target,True
0x005394c0,sub_005394c0,0x00539550,144,2,aligned_or_padded_ebp_prologue;direct_call_target,True
0x00539550,sub_00539550,0x00539960,1040,2,aligned_or_padded_ebp_prologue;direct_call_target,True
0x00539960,sub_00539960,0x005399a0,64,1,aligned_or_padded_ebp_prologue;direct_call_target,True
0x005399a0,sub_005399a0,0x005399d0,48,1,aligned_or_padded_ebp_prologue;direct_call_target,True
0x005399d0,sub_005399d0,0x00539a10,64,1,aligned_or_padded_ebp_prologue;direct_call_target,True
0x00539a10,sub_00539a10,0x00539ab0,160,2,aligned_or_padded_ebp_prologue;direct_call_target,True
0x00539ab0,sub_00539ab0,0x00539b20,112,1,aligned_or_padded_ebp_prologue;direct_call_target,True
0x00539b20,sub_00539b20,0x00539b90,112,2,aligned_or_padded_ebp_prologue;direct_call_target,True
0x00539b90,sub_00539b90,0x00539c80,240,1,aligned_or_padded_ebp_prologue;direct_call_target,True
0x00539c80,sub_00539c80,0x00539cd0,80,1,aligned_or_padded_ebp_prologue;direct_call_target,True
0x00539cd0,sub_00539cd0,0x00539cf0,32,1,aligned_or_padded_ebp_prologue;direct_call_target,True
0x00539cf0,sub_00539cf0,0x00539d60,112,1,aligned_or_padded_ebp_prologue;direct_call_target,True
0x00539d60,sub_00539d60,0x00539db0,80,1,aligned_or_padded_ebp_prologue;direct_call_target,True
0x00539db0,sub_00539db0,0x00539e60,176,2,aligned_or_padded_ebp_prologue;direct_call_target,True
0x00539e60,sub_00539e60,0x00539ed0,112,2,aligned_or_padded_ebp_prologue;direct_call_target,True
0x00539ed0,sub_00539ed0,0x0053a170,672,1,aligned_or_padded_ebp_prologue;direct_call_target,True
0x0053a170,sub_0053a170,0x0053a210,160,4,aligned_or_padded_ebp_prologue;direct_call_target,True
0x0053a210,sub_0053a210,0x0053a350,320,1,aligned_or_padded_ebp_prologue;direct_call_target,True
0x0053a350,sub_0053a350,0x0053a3c0,112,2,aligned_or_padded_ebp_prologue;direct_call_target,True
0x0053a3c0,sub_0053a3c0,0x0053a620,608,1,aligned_or_padded_ebp_prologue;direct_call_target,True
0x0053a620,sub_0053a620,0x0053a650,48,1,aligned_or_padded_ebp_prologue;direct_call_target,True
0x0053a650,sub_0053a650,0x0053a680,48,3,aligned_or_padded_ebp_prologue;direct_call_target,True
0x0053a680,sub_0053a680,0x0053a6f0,112,1,aligned_or_padded_ebp_prologue;direct_call_target,True
0x0053a6f0,sub_0053a6f0,0x0053a830,320,1,aligned_or_padded_ebp_prologue;direct_call_target,True
0x0053a830,sub_0053a830,0x0053a870,64,1,aligned_or_padded_ebp_prologue;direct_call_target,True
0x0053a870,sub_0053a870,0x0053a8b0,64,1,aligned_or_padded_ebp_prologue;direct_call_target,True
0x0053a8b0,sub_0053a8b0,0x0053a900,80,1,aligned_or_padded_ebp_prologue;direct_call_target,True
0x0053a900,sub_0053a900,0x0053a920,32,1,aligned_or_padded_ebp_prologue;direct_call_target,True
0x0053a920,sub_0053a920,0x0053a940,32,1,aligned_or_padded_ebp_prologue;direct_call_target,True
0x0053a940,sub_0053a940,0x0053a960,32,1,aligned_or_padded_ebp_prologue;direct_call_target,True
0x0053a960,sub_0053a960,0x0053a9b0,80,1,aligned_or_padded_ebp_prologue;direct_call_target,True
0x0053a9b0,sub_0053a9b0,0x0053aa00,80,1,aligned_or_padded_ebp_prologue;direct_call_target,True
0x0053aa00,sub_0053aa00,0x0053aa50,80,1,aligned_or_padded_ebp_prologue;direct_call_target,True
0x0053aa50,sub_0053aa50,0x0053aab0,96,1,aligned_or_padded_ebp_prologue;direct_call_target,True
0x0053aab0,sub_0053aab0,0x0053aae0,48,1,aligned_or_padded_ebp_prologue;direct_call_target,True
0x0053aae0,sub_0053aae0,0x0053abe0,256,1,aligned_or_padded_ebp_prologue;direct_call_target,True
0x0053abe0,sub_0053abe0,0x0053ace0,256,1,aligned_or_padded_ebp_prologue;direct_call_target,True
0x0053ace0,sub_0053ace0,0x0053ae30,336,1,aligned_or_padded_ebp_prologue;direct_call_target,True
0x0053ae30,sub_0053ae30,0x0053af80,336,1,aligned_or_padded_ebp_prologue;direct_call_target,True
0x0053af80,sub_0053af80,0x0053b050,208,1,aligned_or_padded_ebp_prologue;direct_call_target,True
0x0053b050,sub_0053b050,0x0053b0f0,160,2,aligned_or_padded_ebp_prologue;direct_call_target,True
0x0053b0f0,sub_0053b0f0,0x0053b190,160,2,aligned_or_padded_ebp_prologue;direct_call_target,True
0x0053b190,sub_0053b190,0x0053b1e0,80,1,aligned_or_padded_ebp_prologue;direct_call_target,True
0x0053b1e0,sub_0053b1e0,0x0053b230,80,1,aligned_or_padded_ebp_prologue;direct_call_target,True
0x0053b230,sub_0053b230,0x0053b280,80,1,aligned_or_padded_ebp_prologue;direct_call_target,True
0x0053b280,sub_0053b280,0x0053b2a0,32,1,aligned_or_padded_ebp_prologue;direct_call_target,True
0x0053b2a0,sub_0053b2a0,0x0053b2f0,80,1,aligned_or_padded_ebp_prologue;direct_call_target,True
0x0053b2f0,sub_0053b2f0,0x0053b310,32,1,aligned_or_padded_ebp_prologue;direct_call_target,True
0x0053b310,sub_0053b310,0x0053b360,80,1,aligned_or_padded_ebp_prologue;direct_call_target,True
0x0053b360,sub_0053b360,0x0053b380,32,1,aligned_or_padded_ebp_prologue;direct_call_target,True
0x0053b380,sub_0053b380,0x0053b3d0,80,1,aligned_or_padded_ebp_prologue;direct_call_target,True
0x0053b3d0,sub_0053b3d0,0x0053b410,64,1,aligned_or_padded_ebp_prologue;direct_call_target,True
0x0053b410,sub_0053b410,0x0053b460,80,1,aligned_or_padded_ebp_prologue;direct_call_target,True
0x0053b460,sub_0053b460,0x0053b470,16,1,aligned_or_padded_ebp_prologue;direct_call_target,True
0x0053b470,sub_0053b470,0x0053b480,16,1,aligned_or_padded_ebp_prologue;direct_call_target,True
0x0053b480,sub_0053b480,0x0053b4a0,32,1,aligned_or_padded_ebp_prologue;direct_call_target,True
0x0053b4a0,sub_0053b4a0,0x0053b4d0,48,1,aligned_or_padded_ebp_prologue;direct_call_target,True
0x0053b4d0,sub_0053b4d0,0x0053b530,96,1,aligned_or_padded_ebp_prologue;direct_call_target,True
0x0053b530,sub_0053b530,0x0053b560,48,10,aligned_or_padded_ebp_prologue;direct_call_target,True
0x0053b560,sub_0053b560,0x0053b590,48,21,aligned_or_padded_ebp_prologue;direct_call_target,True
0x0053b590,sub_0053b590,0x0053b5c0,48,2,aligned_or_padded_ebp_prologue;direct_call_target,True
0x0053b5c0,sub_0053b5c0,0x0053e2b0,11504,2,direct_call_target,True
0x0053e2b0,sub_0053e2b0,0x0053e390,224,4,aligned_or_padded_ebp_prologue;direct_call_target,False
0x0053e390,sub_0053e390,0x0053e450,192,2,aligned_or_padded_ebp_prologue;direct_call_target,True
0x0053e450,sub_0053e450,0x0053e4b0,96,1,aligned_or_padded_ebp_prologue;direct_call_target,True
0x0053e4b0,sub_0053e4b0,0x0053e560,176,1,aligned_or_padded_ebp_prologue;direct_call_target,True
0x0053e560,sub_0053e560,0x0053e5c0,96,1,aligned_or_padded_ebp_prologue;direct_call_target,True
0x0053e5c0,sub_0053e5c0,0x0053e600,64,1,aligned_or_padded_ebp_prologue;direct_call_target,True
0x0053e600,sub_0053e600,0x0053e630,48,1,aligned_or_padded_ebp_prologue;direct_call_target,True
0x0053e630,sub_0053e630,0x0053e6a0,112,6,aligned_or_padded_ebp_prologue;direct_call_target,True
0x0053e6a0,sub_0053e6a0,0x0053e720,128,10,aligned_or_padded_ebp_prologue;direct_call_target,True
0x0053e720,sub_0053e720,0x0053e7c0,160,21,aligned_or_padded_ebp_prologue;direct_call_target,True
0x0053e7c0,sub_0053e7c0,0x0053e850,144,1,aligned_or_padded_ebp_prologue;direct_call_target,True
0x0053e850,sub_0053e850,0x0053e8e0,144,4,aligned_or_padded_ebp_prologue;direct_call_target,True
0x0053e8e0,sub_0053e8e0,0x0053e920,64,2,aligned_or_padded_ebp_prologue;direct_call_target,True
0x0053e920,sub_0053e920,0x0053e970,80,4,aligned_or_padded_ebp_prologue;direct_call_target,True
0x0053e970,sub_0053e970,0x0053ea90,288,35,aligned_or_padded_ebp_prologue;direct_call_target,True
0x0053ea90,sub_0053ea90,0x0053eb70,224,1,aligned_or_padded_ebp_prologue;direct_call_target,True
0x0053eb70,sub_0053eb70,0x0053ec80,272,1,aligned_or_padded_ebp_prologue;direct_call_target,True
0x0053ec80,sub_0053ec80,0x0053ed50,208,1,aligned_or_padded_ebp_prologue;direct_call_target,True
0x0053ed50,sub_0053ed50,0x0053ee30,224,19,aligned_or_padded_ebp_prologue;direct_call_target,True
0x0053ee30,sub_0053ee30,0x0053eee0,176,1,aligned_or_padded_ebp_prologue;direct_call_target,True
0x0053eee0,sub_0053eee0,0x0053efb0,208,1,aligned_or_padded_ebp_prologue;direct_call_target,True
0x0053efb0,sub_0053efb0,0x0053f050,160,2,aligned_or_padded_ebp_prologue;direct_call_target,True
0x0053f050,sub_0053f050,0x0053f070,32,1,aligned_or_padded_ebp_prologue;direct_call_target,True
0x0053f070,sub_0053f070,0x0053f0b0,64,2,aligned_or_padded_ebp_prologue;direct_call_target,True
0x0053f0b0,sub_0053f0b0,0x0053f1b0,256,73,aligned_or_padded_ebp_prologue;direct_call_target,True
0x0053f1b0,sub_0053f1b0,0x0053f260,176,1,aligned_or_padded_ebp_prologue;direct_call_target,True
0x0053f260,sub_0053f260,0x0053f370,272,45,aligned_or_padded_ebp_prologue;direct_call_target,True
0x0053f370,sub_0053f370,0x0053f390,32,4,aligned_or_padded_ebp_prologue;direct_call_target,True
0x0053f390,sub_0053f390,0x0053f3b0,32,2,aligned_or_padded_ebp_prologue;direct_call_target,True
0x0053f3b0,sub_0053f3b0,0x0053f750,928,2,aligned_or_padded_ebp_prologue;direct_call_target,True
0x0053f750,sub_0053f750,0x0053f780,48,4,aligned_or_padded_ebp_prologue;direct_call_target,True
0x0053f780,sub_0053f780,0x0053f7b0,48,3,aligned_or_padded_ebp_prologue;direct_call_target,True
0x0053f7b0,sub_0053f7b0,0x0053f810,96,1,aligned_or_padded_ebp_prologue;direct_call_target,True
0x0053f810,sub_0053f810,0x0053f8a0,144,1,aligned_or_padded_ebp_prologue;direct_call_target,True
0x0053f8a0,sub_0053f8a0,0x0053fa90,496,1,aligned_or_padded_ebp_prologue;direct_call_target,True
0x0053fa90,sub_0053fa90,0x0053fab0,32,3,aligned_or_padded_ebp_prologue;direct_call_target,True
0x0053fab0,sub_0053fab0,0x0053fb00,80,1,aligned_or_padded_ebp_prologue;direct_call_target,True
0x0053fb00,sub_0053fb00,0x0053fca0,416,1,aligned_or_padded_ebp_prologue;direct_call_target,True
0x0053fca0,sub_0053fca0,0x0053fd40,160,1,aligned_or_padded_ebp_prologue;direct_call_target,True
0x0053fd40,sub_0053fd40,0x0053fdb0,112,1,aligned_or_padded_ebp_prologue;direct_call_target,True
0x0053fdb0,sub_0053fdb0,0x0053fdf0,64,1,aligned_or_padded_ebp_prologue;direct_call_target,True
0x0053fdf0,sub_0053fdf0,0x0053fe60,112,1,aligned_or_padded_ebp_prologue;direct_call_target,True
0x0053fe60,sub_0053fe60,0x005401d0,880,1,aligned_or_padded_ebp_prologue;direct_call_target,True
0x005401d0,sub_005401d0,0x00540200,48,1,aligned_or_padded_ebp_prologue;direct_call_target,True
0x00540200,sub_00540200,0x00540230,48,4,aligned_or_padded_ebp_prologue;direct_call_target,True
0x00540230,sub_00540230,0x00540280,80,1,aligned_or_padded_ebp_prologue;direct_call_target,True
0x00540280,sub_00540280,0x005402d0,80,2,aligned_or_padded_ebp_prologue;direct_call_target,True
0x005402d0,sub_005402d0,0x00540300,48,2,aligned_or_padded_ebp_prologue;direct_call_target,True
0x00540300,sub_00540300,0x00540340,64,2,aligned_or_padded_ebp_prologue;direct_call_target,True
0x00540340,sub_00540340,0x005403d0,144,2,aligned_or_padded_ebp_prologue;direct_call_target,True
0x005403d0,sub_005403d0,0x00540420,80,15,aligned_or_padded_ebp_prologue;direct_call_target,True
0x00540420,sub_00540420,0x00540450,48,1,aligned_or_padded_ebp_prologue;direct_call_target,True
0x00540450,sub_00540450,0x00540510,192,4,aligned_or_padded_ebp_prologue;direct_call_target,True
0x00540510,sub_00540510,0x00540530,32,3,aligned_or_padded_ebp_prologue;direct_call_target,True
0x00540530,sub_00540530,0x00540550,32,1,aligned_or_padded_ebp_prologue;direct_call_target,True
0x00540550,sub_00540550,0x00540590,64,2,aligned_or_padded_ebp_prologue;direct_call_target,True
0x00540590,sub_00540590,0x005405b0,32,3,aligned_or_padded_ebp_prologue;direct_call_target,True
0x005405b0,sub_005405b0,0x0054065a,170,1,aligned_or_padded_ebp_prologue;direct_call_target,True
0x0054065a,sub_0054065a,0x00540660,6,6,direct_call_target,True
0x00540660,sub_00540660,0x00540666,6,1,direct_call_target,True
0x00540666,sub_00540666,0x0054066c,6,1,direct_call_target,True
0x0054066c,sub_0054066c,0x00540672,6,1,direct_call_target,True
0x00540672,sub_00540672,0x00540678,6,1,direct_call_target,True
0x00540678,sub_00540678,0x0054067e,6,2,direct_call_target,True
0x0054067e,sub_0054067e,0x00540684,6,24,direct_call_target,True
0x00540684,sub_00540684,0x0054068a,6,8,direct_call_target,True
0x0054068a,sub_0054068a,0x00540690,6,9,direct_call_target,True
0x00540690,sub_00540690,0x00540696,6,8,direct_call_target,True
0x00540696,sub_00540696,0x0054069c,6,4,direct_call_target,True
0x0054069c,sub_0054069c,0x005406a2,6,2,direct_call_target,True
0x005406a2,sub_005406a2,0x005406a8,6,2,direct_call_target,True
0x005406a8,sub_005406a8,0x005406ae,6,1,direct_call_target,True
0x005406ae,sub_005406ae,0x005406b4,6,1,direct_call_target,True
0x005406b4,sub_005406b4,0x005406ba,6,1,direct_call_target,True
0x005406ba,sub_005406ba,0x005406c0,6,2,direct_call_target,True
0x005406c0,sub_005406c0,0x005406c6,6,2,direct_call_target,True
0x005406c6,sub_005406c6,0x005406cc,6,3,direct_call_target,True
0x005406cc,sub_005406cc,0x005406df,19,2,direct_call_target,True
0x005406df,sub_005406df,0x00540753,116,0,aligned_or_padded_ebp_prologue,True
0x00540753,sub_00540753,0x005407e6,147,1,aligned_or_padded_ebp_prologue;direct_call_target,True
0x005407e6,sub_005407e6,0x00540842,92,1,aligned_or_padded_ebp_prologue;direct_call_target,True
0x00540842,sub_00540842,0x005408a2,96,1,aligned_or_padded_ebp_prologue;direct_call_target,True
0x005408a2,sub_005408a2,0x00540917,117,1,direct_call_target,True
0x00540917,sub_00540917,0x00540a0f,248,1,aligned_or_padded_ebp_prologue;direct_call_target,True
0x00540a0f,sub_00540a0f,0x00540a27,24,1,aligned_or_padded_ebp_prologue;direct_call_target,True
0x00540a27,sub_00540a27,0x00540a2d,6,3,direct_call_target,True
0x00540a2d,sub_00540a2d,0x00540a7c,79,1,direct_call_target,True
0x00540a7c,sub_00540a7c,0x00540a8d,17,1,aligned_or_padded_ebp_prologue;direct_call_target,True
0x00540a8d,sub_00540a8d,0x00540aaf,34,3,aligned_or_padded_ebp_prologue;direct_call_target,True
0x00540aaf,sub_00540aaf,0x00540bdb,300,1,aligned_or_padded_ebp_prologue;direct_call_target,True
0x00540bdb,sub_00540bdb,0x00540c9f,196,3,aligned_or_padded_ebp_prologue;direct_call_target,True
0x00540c9f,sub_00540c9f,0x00540cef,80,1,direct_call_target,True
0x00540cef,sub_00540cef,0x00540d24,53,10,direct_call_target,True
0x00540d24,sub_00540d24,0x00540d42,30,1,direct_call_target,True
0x00540d42,sub_00540d42,0x00540d5d,27,0,aligned_or_padded_ebp_prologue,True
0x00540d5d,sub_00540d5d,0x00540d74,23,1,direct_call_target,True
0x00540d74,sub_00540d74,0x00540d8f,27,0,aligned_or_padded_ebp_prologue,True
0x00540d8f,sub_00540d8f,0x00540dc9,58,1,direct_call_target,True
0x00540dc9,sub_00540dc9,0x00540e1e,85,1,direct_call_target,True
0x00540e1e,sub_00540e1e,0x00540e4e,48,1,direct_call_target,True
0x00540e4e,sub_00540e4e,0x00540e7b,45,0,aligned_or_padded_ebp_prologue,True
0x00540e7b,sub_00540e7b,0x00540e98,29,3,direct_call_target,True
0x00540e98,sub_00540e98,0x00540eb5,29,3,aligned_or_padded_ebp_prologue;direct_call_target,True
0x00540eb5,sub_00540eb5,0x00540ed5,32,1,aligned_or_padded_ebp_prologue;direct_call_target,True
0x00540ed5,sub_00540ed5,0x00540ef5,32,6,aligned_or_padded_ebp_prologue;direct_call_target,True
0x00540ef5,sub_00540ef5,0x00540f15,32,6,aligned_or_padded_ebp_prologue;direct_call_target,True
0x00540f15,sub_00540f15,0x00540f3b,38,1,aligned_or_padded_ebp_prologue;direct_call_target,True
0x00540f3b,sub_00540f3b,0x00540f5f,36,1,aligned_or_padded_ebp_prologue;direct_call_target,True
0x00540f5f,sub_00540f5f,0x00540fd9,122,1,direct_call_target,True
0x00540fd9,sub_00540fd9,0x00540fdf,6,1,direct_call_target,True
0x00540fdf,sub_00540fdf,0x00541004,37,2,direct_call_target,True
0x00541004,sub_00541004,0x00541026,34,1,aligned_or_padded_ebp_prologue;direct_call_target,True
0x00541026,sub_00541026,0x00541046,32,1,aligned_or_padded_ebp_prologue;direct_call_target,True
0x00541046,sub_00541046,0x00541063,29,3,direct_call_target,True
0x00541063,sub_00541063,0x00541097,52,2,aligned_or_padded_ebp_prologue;direct_call_target,True
0x00541097,sub_00541097,0x0054114a,179,2,direct_call_target,True
0x0054114a,sub_0054114a,0x005411b9,111,2,direct_call_target,True
0x005411b9,sub_005411b9,0x00541217,94,1,direct_call_target,True
0x00541217,sub_00541217,0x005414a1,650,2,direct_call_target,True
0x005414a1,sub_005414a1,0x00541550,175,1,direct_call_target,True
0x00541550,sub_00541550,0x00541562,18,1,direct_call_target,True
0x00541562,sub_00541562,0x00541580,30,1,aligned_or_padded_ebp_prologue;direct_call_target,True
0x00541580,sub_00541580,0x00541690,272,0,aligned_or_padded_ebp_prologue,True
0x00541690,sub_00541690,0x005417b0,288,0,aligned_or_padded_ebp_prologue,True
0x005417b0,sub_005417b0,0x005417c0,16,1,aligned_or_padded_ebp_prologue;direct_call_target,True
0x005417c0,sub_005417c0,0x005417d0,16,1,aligned_or_padded_ebp_prologue;direct_call_target,True
0x005417d0,sub_005417d0,0x00541866,150,1,aligned_or_padded_ebp_prologue;direct_call_target,True
0x00541866,sub_00541866,0x0054187d,23,1,direct_call_target,True
0x0054187d,sub_0054187d,0x005418c2,69,1,aligned_or_padded_ebp_prologue;direct_call_target,True
0x005418c2,sub_005418c2,0x00541900,62,1,aligned_or_padded_ebp_prologue;direct_call_target,True
0x00541900,sub_00541900,0x00541927,39,2,aligned_or_padded_ebp_prologue;direct_call_target,True
0x00541927,sub_00541927,0x00541954,45,2,direct_call_target,True
0x00541954,sub_00541954,0x005419ac,88,8,aligned_or_padded_ebp_prologue;direct_call_target,True
0x005419ac,sub_005419ac,0x005419cb,31,8,direct_call_target,True
0x005419cb,sub_005419cb,0x005419d0,5,1,direct_call_target,True
0x005419d0,sub_005419d0,0x00541a11,65,1,aligned_or_padded_ebp_prologue;direct_call_target,True
0x00541a11,sub_00541a11,0x00541a66,85,1,direct_call_target,True
0x00541a66,sub_00541a66,0x00541a86,32,1,direct_call_target,True
0x00541a86,sub_00541a86,0x00541af1,107,4,aligned_or_padded_ebp_prologue;direct_call_target,True
0x00541af1,sub_00541af1,0x00541b1e,45,2,direct_call_target,True
0x00541b1e,sub_00541b1e,0x00541b24,6,1,direct_call_target,True
0x00541b24,sub_00541b24,0x00541bb1,141,1,direct_call_target,True
0x00541bb1,sub_00541bb1,0x00541c22,113,1,aligned_or_padded_ebp_prologue;direct_call_target,True
0x00541c22,sub_00541c22,0x00541c6e,76,1,aligned_or_padded_ebp_prologue;direct_call_target,True
0x00541c6e,sub_00541c6e,0x00541c88,26,1,aligned_or_padded_ebp_prologue;direct_call_target,True
0x00541c88,sub_00541c88,0x00541cab,35,1,aligned_or_padded_ebp_prologue;direct_call_target,True
0x00541cab,sub_00541cab,0x00541cd3,40,1,aligned_or_padded_ebp_prologue;direct_call_target,True
0x00541cd3,sub_00541cd3,0x00541d0e,59,1,aligned_or_padded_ebp_prologue;direct_call_target,True
0x00541d0e,sub_00541d0e,0x00541d3b,45,0,aligned_or_padded_ebp_prologue,True
0x00541d3b,sub_00541d3b,0x00541dae,115,1,aligned_or_padded_ebp_prologue;direct_call_target,True
0x00541dae,sub_00541dae,0x00541ee0,306,1,aligned_or_padded_ebp_prologue;direct_call_target,True
0x00541ee0,sub_00541ee0,0x00541f37,87,1,aligned_or_padded_ebp_prologue;direct_call_target,True
0x00541f37,sub_00541f37,0x00542036,255,1,aligned_or_padded_ebp_prologue;direct_call_target,True
0x00542036,sub_00542036,0x0054203b,5,1,direct_call_target,True
0x0054203b,sub_0054203b,0x005420a9,110,1,direct_call_target,True
0x005420a9,sub_005420a9,0x00542195,236,2,aligned_or_padded_ebp_prologue;direct_call_target,True
0x00542195,sub_00542195,0x00542281,236,2,aligned_or_padded_ebp_prologue;direct_call_target,True
0x00542281,sub_00542281,0x005422cd,76,1,aligned_or_padded_ebp_prologue;direct_call_target,True
0x005422cd,sub_005422cd,0x00542300,51,1,aligned_or_padded_ebp_prologue;direct_call_target,True
0x00542300,sub_00542300,0x00542340,64,1,aligned_or_padded_ebp_prologue;direct_call_target,True
0x00542340,sub_00542340,0x005423c1,129,1,aligned_or_padded_ebp_prologue;direct_call_target,True
0x005423c1,sub_005423c1,0x005423e3,34,1,aligned_or_padded_ebp_prologue;direct_call_target,True
0x005423e3,sub_005423e3,0x0054242b,72,1,aligned_or_padded_ebp_prologue;direct_call_target,True
0x0054242b,sub_0054242b,0x00542480,85,1,aligned_or_padded_ebp_prologue;direct_call_target,True
0x00542480,sub_00542480,0x0054248e,14,1,aligned_or_padded_ebp_prologue;direct_call_target,True
0x0054248e,sub_0054248e,0x005424a3,21,1,aligned_or_padded_ebp_prologue;direct_call_target,True
0x005424a3,sub_005424a3,0x005424b1,14,1,aligned_or_padded_ebp_prologue;direct_call_target,True
0x005424b1,sub_005424b1,0x005424bf,14,1,aligned_or_padded_ebp_prologue;direct_call_target,True
0x005424bf,sub_005424bf,0x00542527,104,0,aligned_or_padded_ebp_prologue,True
0x00542527,sub_00542527,0x00542556,47,1,aligned_or_padded_ebp_prologue;direct_call_target,True
0x00542556,sub_00542556,0x0054256f,25,2,direct_call_target,True
0x0054256f,sub_0054256f,0x0054273f,464,2,aligned_or_padded_ebp_prologue;direct_call_target,True
0x0054273f,sub_0054273f,0x0054275d,30,5,aligned_or_padded_ebp_prologue;direct_call_target,True
0x0054275d,sub_0054275d,0x0054278d,48,109,aligned_or_padded_ebp_prologue;direct_call_target,True
0x0054278d,sub_0054278d,0x0054279b,14,166,direct_call_target,True
0x0054279b,sub_0054279b,0x005427dd,66,1,aligned_or_padded_ebp_prologue;direct_call_target,True
0x005427dd,sub_005427dd,0x0054280f,50,1,direct_call_target,True
0x0054280f,sub_0054280f,0x00542848,57,1,aligned_or_padded_ebp_prologue;direct_call_target,True
0x00542848,sub_00542848,0x005428cf,135,1,aligned_or_padded_ebp_prologue;direct_call_target,True
0x005428cf,sub_005428cf,0x00542966,151,2,direct_call_target,True
0x00542966,sub_00542966,0x00542983,29,1,aligned_or_padded_ebp_prologue;direct_call_target,True
0x00542983,sub_00542983,0x005429ab,40,1,aligned_or_padded_ebp_prologue;direct_call_target,True
0x005429ab,sub_005429ab,0x005429d9,46,1,aligned_or_padded_ebp_prologue;direct_call_target,True
0x005429d9,sub_005429d9,0x005429ee,21,18,aligned_or_padded_ebp_prologue;direct_call_target,True
0x005429ee,sub_005429ee,0x005429fc,14,1227,direct_call_target,True
0x005429fc,sub_005429fc,0x00542a01,5,32,direct_call_target,True
0x00542a01,sub_00542a01,0x00542a0a,9,10,direct_call_target,True
0x00542a0a,sub_00542a0a,0x00542a32,40,3,direct_call_target,True
0x00542a32,sub_00542a32,0x00542a5a,40,2,direct_call_target,True
0x00542a5a,sub_00542a5a,0x00542b55,251,0,aligned_or_padded_ebp_prologue,True
0x00542b55,sub_00542b55,0x00542b62,13,6,aligned_or_padded_ebp_prologue;direct_call_target,True
0x00542b62,sub_00542b62,0x00542c40,222,1,aligned_or_padded_ebp_prologue;direct_call_target,True
0x00542c40,sub_00542c40,0x00542d20,224,8,direct_call_target,True
0x00542d20,sub_00542d20,0x00542d98,120,2,direct_call_target,True
0x00542d98,sub_00542d98,0x00542e00,104,1,direct_call_target,True
0x00542e00,sub_00542e00,0x00542e42,66,3,direct_call_target,True
0x00542e42,sub_00542e42,0x00542e76,52,2,aligned_or_padded_ebp_prologue;direct_call_target,True
0x00542e76,sub_00542e76,0x00542e90,26,2,direct_call_target,True
0x00542e90,sub_00542e90,0x00542eaf,31,53,direct_call_target,True
0x00542eaf,sub_00542eaf,0x00542f0f,96,9,direct_call_target,True
0x00542f0f,sub_00542f0f,0x00542f23,20,1,direct_call_target,True
0x00542f23,sub_00542f23,0x00542f9b,120,10,direct_call_target,True
0x00542f9b,sub_00542f9b,0x00542fab,16,1,direct_call_target,True
0x00542fab,sub_00542fab,0x0054303b,144,2,direct_call_target,True
0x0054303b,sub_0054303b,0x00543050,21,2,aligned_or_padded_ebp_prologue;direct_call_target,True
0x00543050,sub_00543050,0x00543100,176,27,direct_call_target,True
0x00543100,sub_00543100,0x00543140,64,42,direct_call_target,True
0x00543140,sub_00543140,0x00543200,192,18,direct_call_target,True
0x00543200,sub_00543200,0x00543270,112,16,direct_call_target,True
0x00543270,sub_00543270,0x005432f0,128,11,direct_call_target,True
0x005432f0,sub_005432f0,0x00543310,32,25,direct_call_target,True
0x00543310,sub_00543310,0x00543331,33,4,direct_call_target,True
0x00543331,sub_00543331,0x005435e0,687,0,aligned_or_padded_ebp_prologue,True
0x005435e0,sub_005435e0,0x005435ea,10,0,entrypoint,True
0x005435ea,sub_005435ea,0x005435ed,3,2,direct_call_target,True
0x005435ed,sub_005435ed,0x00543601,20,6,direct_call_target,True
0x00543601,sub_00543601,0x00543610,15,1,direct_call_target,True
0x00543610,sub_00543610,0x00543643,51,6,direct_call_target,True
0x00543643,sub_00543643,0x00543679,54,1,direct_call_target,True
0x00543679,sub_00543679,0x005436af,54,1,direct_call_target,True
0x005436af,sub_005436af,0x005436c1,18,1,aligned_or_padded_ebp_prologue;direct_call_target,True
0x005436c1,sub_005436c1,0x005439e0,799,1,aligned_or_padded_ebp_prologue;direct_call_target,True
0x005439e0,sub_005439e0,0x00543a29,73,6,direct_call_target,True
0x00543a29,sub_00543a29,0x00543a2d,4,1,direct_call_target,True
0x00543a2d,sub_00543a2d,0x00543a39,12,3,direct_call_target,True
0x00543a39,sub_00543a39,0x00543b4e,277,4,aligned_or_padded_ebp_prologue;direct_call_target,True
0x00543b4e,sub_00543b4e,0x00543b7e,48,1,aligned_or_padded_ebp_prologue;direct_call_target,True
0x00543b7e,sub_00543b7e,0x00543b83,5,1,direct_call_target,True
0x00543b83,sub_00543b83,0x00543b86,3,4,direct_call_target,True
0x00543b86,sub_00543b86,0x00543bc8,66,3,direct_call_target,True
0x00543bc8,sub_00543bc8,0x00543bd4,12,1,direct_call_target,True
0x00543bd4,sub_00543bd4,0x00543c2a,86,0,aligned_or_padded_ebp_prologue,True
0x00543c2a,sub_00543c2a,0x00543c40,22,4,direct_call_target,True
0x00543c40,sub_00543c40,0x00543c85,69,44,direct_call_target,True
0x00543c85,sub_00543c85,0x00543cd2,77,1,aligned_or_padded_ebp_prologue;direct_call_target,True
0x00543cd2,sub_00543cd2,0x00543d1d,75,1,direct_call_target,True
0x00543d1d,sub_00543d1d,0x00543d23,6,1,direct_call_target,True
0x00543d23,sub_00543d23,0x00543d2f,12,1,direct_call_target,True
0x00543d2f,sub_00543d2f,0x00543d32,3,1,direct_call_target,True
0x00543d32,sub_00543d32,0x00543d53,33,1,direct_call_target,True
0x00543d53,sub_00543d53,0x00543d70,29,1,direct_call_target,True
0x00543d70,sub_00543d70,0x00543d7c,12,1,direct_call_target,True
0x00543d7c,sub_00543d7c,0x00543d82,6,1,direct_call_target,True
0x00543d82,sub_00543d82,0x00543d88,6,1,direct_call_target,True
0x00543d88,sub_00543d88,0x00543de0,88,1,direct_call_target,True
0x00543de0,sub_00543de0,0x00543de6,6,1,direct_call_target,True
0x00543de6,sub_00543de6,0x00543dec,6,1,direct_call_target,True
0x00543dec,sub_00543dec,0x00543df2,6,1,direct_call_target,True
0x00543df2,sub_00543df2,0x00543df8,6,1,direct_call_target,True
0x00543df8,sub_00543df8,0x00543dfe,6,1,direct_call_target,True
0x00543dfe,sub_00543dfe,0x00543e04,6,1,direct_call_target,True
0x00543e04,sub_00543e04,0x00543e0a,6,1,direct_call_target,True
0x00543e0a,sub_00543e0a,0x00543e10,6,1,direct_call_target,True
0x00543e10,sub_00543e10,0x00543e16,6,1,direct_call_target,True
0x00543e16,sub_00543e16,0x00543e20,10,1,direct_call_target,True
0x00543e20,sub_00543e20,0x00544394,1396,147,direct_call_target,True
0x00544394,sub_00544394,0x00544403,111,2,direct_call_target,True
0x00544403,sub_00544403,0x00544463,96,1,aligned_or_padded_ebp_prologue;direct_call_target,True
0x00544463,sub_00544463,0x00544562,255,2,aligned_or_padded_ebp_prologue;direct_call_target,True
0x00544562,sub_00544562,0x00544592,48,1,aligned_or_padded_ebp_prologue;direct_call_target,True
0x00544592,sub_00544592,0x00544617,133,3,direct_call_target,True
0x00544617,sub_00544617,0x0054463b,36,1,aligned_or_padded_ebp_prologue;direct_call_target,True
0x0054463b,sub_0054463b,0x00544683,72,1,aligned_or_padded_ebp_prologue;direct_call_target,True
0x00544683,sub_00544683,0x00544722,159,0,aligned_or_padded_ebp_prologue,True
0x00544722,sub_00544722,0x00544760,62,0,aligned_or_padded_ebp_prologue,True
0x00544760,sub_00544760,0x005448c0,352,365,direct_call_target,True
0x005448c0,sub_005448c0,0x005449f7,311,5,aligned_or_padded_ebp_prologue;direct_call_target,True
0x005449f7,sub_005449f7,0x00544a5a,99,2,aligned_or_padded_ebp_prologue;direct_call_target,True
0x00544a5a,sub_00544a5a,0x00544a7c,34,3,aligned_or_padded_ebp_prologue;direct_call_target,True
0x00544a7c,sub_00544a7c,0x00544ae9,109,19,aligned_or_padded_ebp_prologue;direct_call_target,True
0x00544ae9,sub_00544ae9,0x00544d77,654,1,direct_call_target,True
0x00544d77,sub_00544d77,0x00546140,5065,4,direct_call_target,True
0x00546140,sub_00546140,0x0054626b,299,1,direct_call_target,True
0x0054626b,sub_0054626b,0x0054628e,35,1,direct_call_target,True
0x0054628e,sub_0054628e,0x00546328,154,6,aligned_or_padded_ebp_prologue;direct_call_target,True
0x00546328,sub_00546328,0x005463e0,184,1,aligned_or_padded_ebp_prologue;direct_call_target,True
0x005463e0,sub_005463e0,0x00546488,168,3,direct_call_target,True
0x00546488,sub_00546488,0x00546495,13,1,aligned_or_padded_ebp_prologue;direct_call_target,True
0x00546495,sub_00546495,0x005464ed,88,1,direct_call_target,True
0x005464ed,sub_005464ed,0x00546513,38,1,aligned_or_padded_ebp_prologue;direct_call_target,True
0x00546513,sub_00546513,0x00546538,37,4,aligned_or_padded_ebp_prologue;direct_call_target,True
0x00546538,sub_00546538,0x0054658e,86,1,aligned_or_padded_ebp_prologue;direct_call_target,True
0x0054658e,sub_0054658e,0x00546597,9,2,direct_call_target,True
0x00546597,sub_00546597,0x005465a5,14,2,direct_call_target,True
0x005465a5,sub_005465a5,0x005465c4,31,1,direct_call_target,True
0x005465c4,sub_005465c4,0x005465e0,28,3,aligned_or_padded_ebp_prologue;direct_call_target,True
0x005465e0,sub_005465e0,0x00546620,64,3,aligned_or_padded_ebp_prologue;direct_call_target,True
0x00546620,sub_00546620,0x0054677e,350,0,aligned_or_padded_ebp_prologue,True
0x0054677e,sub_0054677e,0x005467ba,60,1,aligned_or_padded_ebp_prologue;direct_call_target,True
0x005467ba,sub_005467ba,0x005467d6,28,0,aligned_or_padded_ebp_prologue,True
0x005467d6,sub_005467d6,0x005467e4,14,43,direct_call_target,True
0x005467e4,sub_005467e4,0x00546876,146,1,direct_call_target,True
0x00546876,sub_00546876,0x005468ae,56,1,direct_call_target,True
0x005468ae,sub_005468ae,0x005468e1,51,1,direct_call_target,True
0x005468e1,sub_005468e1,0x005468ff,30,2,direct_call_target,True
0x005468ff,sub_005468ff,0x00546a3d,318,1,direct_call_target,True
0x00546a3d,sub_00546a3d,0x00546ad9,156,1,direct_call_target,True
0x00546ad9,sub_00546ad9,0x00546b5a,129,2,aligned_or_padded_ebp_prologue;direct_call_target,True
0x00546b5a,sub_00546b5a,0x00546efd,931,1,aligned_or_padded_ebp_prologue;direct_call_target,True
0x00546efd,sub_00546efd,0x00547033,310,1,aligned_or_padded_ebp_prologue;direct_call_target,True
0x00547033,sub_00547033,0x005470c1,142,2,aligned_or_padded_ebp_prologue;direct_call_target,True
0x005470c1,sub_005470c1,0x005471c3,258,0,aligned_or_padded_ebp_prologue,True
0x005471c3,sub_005471c3,0x005471e7,36,3,aligned_or_padded_ebp_prologue;direct_call_target,True
0x005471e7,sub_005471e7,0x00547205,30,1,direct_call_target,True
0x00547205,sub_00547205,0x00547224,31,1,aligned_or_padded_ebp_prologue;direct_call_target,True
0x00547224,sub_00547224,0x00547378,340,1,direct_call_target,True
0x00547378,sub_00547378,0x005473f3,123,1,direct_call_target,True
0x005473f3,sub_005473f3,0x00547435,66,1,direct_call_target,True
0x00547435,sub_00547435,0x0054747f,74,1,aligned_or_padded_ebp_prologue;direct_call_target,True
0x0054747f,sub_0054747f,0x00547497,24,2,aligned_or_padded_ebp_prologue;direct_call_target,True
0x00547497,sub_00547497,0x0054756b,212,3,direct_call_target,True
0x0054756b,sub_0054756b,0x00547585,26,1,direct_call_target,True
0x00547585,sub_00547585,0x0054761f,154,2,aligned_or_padded_ebp_prologue;direct_call_target,True
0x0054761f,sub_0054761f,0x0054762f,16,1,aligned_or_padded_ebp_prologue;direct_call_target,True
0x0054762f,sub_0054762f,0x00547642,19,1,direct_call_target,True
0x00547642,sub_00547642,0x00547650,14,1,direct_call_target,True
0x00547650,sub_00547650,0x0054769c,76,2,aligned_or_padded_ebp_prologue;direct_call_target,True
0x0054769c,sub_0054769c,0x005476cc,48,2,direct_call_target,True
0x005476cc,sub_005476cc,0x00547708,60,1,direct_call_target,True
0x00547708,sub_00547708,0x00547740,56,3,direct_call_target,True
0x00547740,sub_00547740,0x00547830,240,2,direct_call_target,True
0x00547830,sub_00547830,0x00547850,32,1,direct_call_target,True
0x00547850,sub_00547850,0x00547870,32,1,direct_call_target,True
0x00547870,sub_00547870,0x00547890,32,1,aligned_or_padded_ebp_prologue;direct_call_target,True
0x00547890,sub_00547890,0x005478a7,23,2,direct_call_target,True
0x005478a7,sub_005478a7,0x00547947,160,5,direct_call_target,True
0x00547947,sub_00547947,0x00547992,75,1,direct_call_target,True
0x00547992,sub_00547992,0x005479cd,59,1,aligned_or_padded_ebp_prologue;direct_call_target,True
0x005479cd,sub_005479cd,0x00547a08,59,1,direct_call_target,True
0x00547a08,sub_00547a08,0x00547a43,59,2,aligned_or_padded_ebp_prologue;direct_call_target,True
0x00547a43,sub_00547a43,0x00547a81,62,4,aligned_or_padded_ebp_prologue;direct_call_target,True
0x00547a81,sub_00547a81,0x00547ac8,71,1,aligned_or_padded_ebp_prologue;direct_call_target,True
0x00547ac8,sub_00547ac8,0x00547ae5,29,1,direct_call_target,True
0x00547ae5,sub_00547ae5,0x00547b02,29,3,aligned_or_padded_ebp_prologue;direct_call_target,True
0x00547b02,sub_00547b02,0x00547b10,14,3,aligned_or_padded_ebp_prologue;direct_call_target,True
0x00547b10,sub_00547b10,0x00547b20,16,2,direct_call_target,True
0x00547b20,sub_00547b20,0x00547b40,32,2,direct_call_target,True
0x00547b40,sub_00547b40,0x00547b43,3,1,direct_call_target,True
0x00547b43,sub_00547b43,0x00547b87,68,22,direct_call_target,True
0x00547b87,sub_00547b87,0x00547c41,186,9,direct_call_target,True
0x00547c41,sub_00547c41,0x00547c78,55,2,direct_call_target,True
0x00547c78,sub_00547c78,0x00547ccf,87,1,direct_call_target,True
0x00547ccf,sub_00547ccf,0x00547d1f,80,1,direct_call_target,True
0x00547d1f,sub_00547d1f,0x00547da2,131,3,direct_call_target,True
0x00547da2,sub_00547da2,0x00547db0,14,1,direct_call_target,True
0x00547db0,sub_00547db0,0x00547df8,72,13,direct_call_target,True
0x00547df8,sub_00547df8,0x00547e34,60,13,direct_call_target,True
0x00547e34,sub_00547e34,0x00547e5d,41,1,direct_call_target,True
0x00547e5d,sub_00547e5d,0x00547ea3,70,2,direct_call_target,True
0x00547ea3,sub_00547ea3,0x00547ec0,29,3,direct_call_target,True
0x00547ec0,sub_00547ec0,0x00547ff9,313,2,direct_call_target,True
0x00547ff9,sub_00547ff9,0x00548008,15,1,direct_call_target,True
0x00548008,sub_00548008,0x0054803f,55,1,direct_call_target,True
0x0054803f,sub_0054803f,0x005480bc,125,35,direct_call_target,True
0x005480bc,sub_005480bc,0x005480cc,16,98,direct_call_target,True
0x005480cc,sub_005480cc,0x00548100,52,53,direct_call_target,True
0x00548100,sub_00548100,0x005481a0,160,15,direct_call_target,True
0x005481a0,sub_005481a0,0x00548300,352,1,direct_call_target,True
0x00548300,sub_00548300,0x00548430,304,2,direct_call_target,True
0x00548430,sub_00548430,0x00548610,480,7,direct_call_target,True
0x00548610,sub_00548610,0x005486a0,144,62,direct_call_target,True
0x005486a0,sub_005486a0,0x0054873b,155,2,direct_call_target,True
0x0054873b,sub_0054873b,0x005488af,372,1,direct_call_target,True
0x005488af,sub_005488af,0x0054894e,159,1,direct_call_target,True
0x0054894e,sub_0054894e,0x00548966,24,11,direct_call_target,True
0x00548966,sub_00548966,0x005489e6,128,4,direct_call_target,True
0x005489e6,sub_005489e6,0x00548a1a,52,3,direct_call_target,True
0x00548a1a,sub_00548a1a,0x00548a4b,49,3,direct_call_target,True
0x00548a4b,sub_00548a4b,0x00548a66,27,3,direct_call_target,True
0x00548a66,sub_00548a66,0x00548c79,531,1,direct_call_target,True
0x00548c79,sub_00548c79,0x00548c97,30,1,direct_call_target,True
0x00548c97,sub_00548c97,0x00548e24,397,1,direct_call_target,True
0x00548e24,sub_00548e24,0x00548fb1,397,1,direct_call_target,True
0x00548fb1,sub_00548fb1,0x0054913e,397,2,direct_call_target,True
0x0054913e,sub_0054913e,0x00549140,2,1,direct_call_target,True
0x00549140,sub_00549140,0x005491a0,96,0,aligned_or_padded_ebp_prologue,True
0x005491a0,sub_005491a0,0x0054921f,127,1,direct_call_target,True
0x0054921f,sub_0054921f,0x0054929b,124,1,direct_call_target,True
0x0054929b,sub_0054929b,0x0054930f,116,1,direct_call_target,True
0x0054930f,sub_0054930f,0x005493a1,146,1,direct_call_target,True
0x005493a1,sub_005493a1,0x00549427,134,1,direct_call_target,True
0x00549427,sub_00549427,0x0054948e,103,1,direct_call_target,True
0x0054948e,sub_0054948e,0x005494a8,26,1,direct_call_target,True
0x005494a8,sub_005494a8,0x005494cc,36,2,direct_call_target,True
0x005494cc,sub_005494cc,0x00549536,106,1,direct_call_target,True
0x00549536,sub_00549536,0x00549573,61,1,direct_call_target,True
0x00549573,sub_00549573,0x005495d5,98,1,direct_call_target,True
0x005495d5,sub_005495d5,0x0054964d,120,1,direct_call_target,True
0x0054964d,sub_0054964d,0x00549935,744,1,direct_call_target,True
0x00549935,sub_00549935,0x00549a8e,345,1,direct_call_target,False
0x00549a8e,sub_00549a8e,0x00549a90,2,1,direct_call_target,True
0x00549a90,sub_00549a90,0x00549ecd,1085,0,aligned_or_padded_ebp_prologue,True
0x00549ecd,sub_00549ecd,0x00549f21,84,4,direct_call_target,True
0x00549f21,sub_00549f21,0x00549f94,115,1,direct_call_target,True
0x00549f94,sub_00549f94,0x0054a14b,439,1,direct_call_target,True
0x0054a14b,sub_0054a14b,0x0054a1d7,140,1,direct_call_target,True
0x0054a1d7,sub_0054a1d7,0x0054a25c,133,1,direct_call_target,True
0x0054a25c,sub_0054a25c,0x0054a279,29,1,direct_call_target,True
0x0054a279,sub_0054a279,0x0054a28f,22,1,direct_call_target,True
0x0054a28f,sub_0054a28f,0x0054a302,115,1,direct_call_target,True
0x0054a302,sub_0054a302,0x0054a32b,41,4,direct_call_target,True
0x0054a32b,sub_0054a32b,0x0054a360,53,4,direct_call_target,True
0x0054a360,sub_0054a360,0x0054a3bb,91,17,direct_call_target,True
0x0054a3bb,sub_0054a3bb,0x0054a3d6,27,4,direct_call_target,True
0x0054a3d6,sub_0054a3d6,0x0054a407,49,1,direct_call_target,True
0x0054a407,sub_0054a407,0x0054a476,111,4,direct_call_target,True
0x0054a476,sub_0054a476,0x0054a498,34,4,direct_call_target,True
0x0054a498,sub_0054a498,0x0054a4e0,72,1,direct_call_target,True
0x0054a4e0,sub_0054a4e0,0x0054a540,96,1,direct_call_target,True
0x0054a540,sub_0054a540,0x0054a550,16,33,direct_call_target,True
0x0054a550,sub_0054a550,0x0054a55b,11,33,direct_call_target,True
0x0054a55b,sub_0054a55b,0x0054a57c,33,1,direct_call_target,True
0x0054a57c,sub_0054a57c,0x0054a5bb,63,1,direct_call_target,True
0x0054a5bb,sub_0054a5bb,0x0054a5fd,66,1,direct_call_target,True
0x0054a5fd,sub_0054a5fd,0x0054a696,153,1,direct_call_target,True
0x0054a696,sub_0054a696,0x0054a6b7,33,1,direct_call_target,True
0x0054a6b7,sub_0054a6b7,0x0054a6d8,33,1,direct_call_target,True
0x0054a6d8,sub_0054a6d8,0x0054a6f9,33,1,direct_call_target,True
0x0054a6f9,sub_0054a6f9,0x0054a71a,33,1,direct_call_target,True
0x0054a71a,sub_0054a71a,0x0054a75b,65,2,direct_call_target,True
0x0054a75b,sub_0054a75b,0x0054a779,30,3,direct_call_target,True
0x0054a779,sub_0054a779,0x0054a803,138,1,direct_call_target,True
0x0054a803,sub_0054a803,0x0054a88d,138,1,direct_call_target,True
0x0054a88d,sub_0054a88d,0x0054b395,2824,2,direct_call_target,True
0x0054b395,sub_0054b395,0x0054b464,207,1,direct_call_target,True
0x0054b464,sub_0054b464,0x0054b585,289,1,direct_call_target,True
0x0054b585,sub_0054b585,0x0054b5c5,64,1,direct_call_target,True
0x0054b5c5,sub_0054b5c5,0x0054b605,64,1,direct_call_target,True
0x0054b605,sub_0054b605,0x0054b74d,328,1,direct_call_target,True
0x0054b74d,sub_0054b74d,0x0054b871,292,1,direct_call_target,False
0x0054b871,sub_0054b871,0x0054bea0,1583,1,direct_call_target,False
0x0054bea0,sub_0054bea0,0x0054bfd0,304,1,direct_call_target,True
0x0054bfd0,sub_0054bfd0,0x0054c145,373,1,direct_call_target,True
0x0054c145,sub_0054c145,0x0054c2bd,376,1,direct_call_target,True
0x0054c2bd,sub_0054c2bd,0x0054c2ec,47,1,direct_call_target,True
0x0054c2ec,sub_0054c2ec,0x0054c321,53,1,direct_call_target,True
0x0054c321,sub_0054c321,0x0054c35c,59,1,direct_call_target,True
0x0054c35c,sub_0054c35c,0x0054c39a,62,1,direct_call_target,True
0x0054c39a,sub_0054c39a,0x0054c3d7,61,1,direct_call_target,True
0x0054c3d7,sub_0054c3d7,0x0054c408,49,1,direct_call_target,True
0x0054c408,sub_0054c408,0x0054c44c,68,1,direct_call_target,True
0x0054c44c,sub_0054c44c,0x0054c4ce,130,10,direct_call_target,True
0x0054c4ce,sub_0054c4ce,0x0054c4fa,44,6,direct_call_target,True
0x0054c4fa,sub_0054c4fa,0x0054c5fb,257,1,direct_call_target,True
0x0054c5fb,sub_0054c5fb,0x0054c620,37,3,direct_call_target,True
0x0054c620,sub_0054c620,0x0054c645,37,3,direct_call_target,True
0x0054c645,sub_0054c645,0x0054c685,64,2,direct_call_target,True
0x0054c685,sub_0054c685,0x0054ca1e,921,4,direct_call_target,True
0x0054ca1e,sub_0054ca1e,0x0054ca20,2,1,direct_call_target,True
0x0054ca20,sub_0054ca20,0x0054cbbb,411,0,aligned_or_padded_ebp_prologue,True
0x0054cbbb,sub_0054cbbb,0x0054cbf0,53,2,direct_call_target,True
0x0054cbf0,sub_0054cbf0,0x0054e8ef,7423,2,direct_call_target,True
0x0054e8ef,sub_0054e8ef,0x0054e9a0,177,2,direct_call_target,True
0x0054e9a0,sub_0054e9a0,0x0054e9d8,56,5,direct_call_target,True
0x0054e9d8,sub_0054e9d8,0x0054e9f0,24,2,direct_call_target,True
0x0054e9f0,sub_0054e9f0,0x0054eec7,1239,3,direct_call_target,True
0x0054eec7,sub_0054eec7,0x0054ef0d,70,32,direct_call_target,True
0x0054ef0d,sub_0054ef0d,0x0054ef27,26,8,direct_call_target,True
0x0054ef27,sub_0054ef27,0x0054ef3c,21,1,direct_call_target,True
0x0054ef3c,sub_0054ef3c,0x0054ef86,74,2,direct_call_target,True
0x0054ef86,sub_0054ef86,0x0054efd4,78,3,direct_call_target,True
0x0054efd4,sub_0054efd4,0x0054efeb,23,2,direct_call_target,False
0x0054efeb,sub_0054efeb,0x0054f093,168,1,direct_call_target,True
0x0054f093,sub_0054f093,0x0054f137,164,1,direct_call_target,True
0x0054f137,sub_0054f137,0x0054f1d1,154,1,direct_call_target,True
0x0054f1d1,sub_0054f1d1,0x0054f213,66,1,direct_call_target,True
0x0054f213,sub_0054f213,0x0054f25b,72,1,direct_call_target,True
0x0054f25b,sub_0054f25b,0x0054f27b,32,3,direct_call_target,True
0x0054f27b,sub_0054f27b,0x0054f295,26,1,direct_call_target,True
0x0054f295,sub_0054f295,0x0054f2c0,43,4,direct_call_target,True
0x0054f2c0,sub_0054f2c0,0x0054f2e5,37,2,direct_call_target,True
0x0054f2e5,sub_0054f2e5,0x0054f445,352,1,direct_call_target,True
0x0054f445,sub_0054f445,0x0054f459,20,1,direct_call_target,True
0x0054f459,sub_0054f459,0x0054f654,507,1,direct_call_target,True
0x0054f654,sub_0054f654,0x0054f788,308,1,direct_call_target,True
0x0054f788,sub_0054f788,0x0054f91e,406,1,direct_call_target,True
0x0054f91e,sub_0054f91e,0x0054f920,2,3,direct_call_target,True
0x0054f920,sub_0054f920,0x0054f94e,46,0,aligned_or_padded_ebp_prologue,True
0x0054f94e,sub_0054f94e,0x0054f96f,33,3,direct_call_target,True
0x0054f96f,sub_0054f96f,0x0054f9a3,52,1,direct_call_target,True
0x0054f9a3,sub_0054f9a3,0x0054f9d8,53,1,direct_call_target,True
0x0054f9d8,sub_0054f9d8,0x0054f9fb,35,1,direct_call_target,True
0x0054f9fb,sub_0054f9fb,0x0054fa4e,83,1,direct_call_target,True
0x0054fa4e,sub_0054fa4e,0x0054fa50,2,11,direct_call_target,False
0x0054fa50,sub_0054fa50,0x0054fa99,73,0,aligned_or_padded_ebp_prologue,False
0x0054fa99,sub_0054fa99,0x0054fabf,38,6,direct_call_target,True
0x0054fabf,sub_0054fabf,0x0054fadb,28,1,direct_call_target,True
0x0054fadb,sub_0054fadb,0x0054fafc,33,2,direct_call_target,True
0x0054fafc,sub_0054fafc,0x0054fb1e,34,1,direct_call_target,True
0x0054fb1e,sub_0054fb1e,0x0054fb20,2,1,direct_call_target,True
0x0054fb20,sub_0054fb20,0x0054fba4,132,0,aligned_or_padded_ebp_prologue,True
0x0054fba4,sub_0054fba4,0x0054fc13,111,2,direct_call_target,True
0x0054fc13,sub_0054fc13,0x0054fc37,36,1,direct_call_target,True
0x0054fc37,sub_0054fc37,0x0054fc8e,87,1,direct_call_target,True
0x0054fc8e,sub_0054fc8e,0x0054fc90,2,54,direct_call_target,True
0x0054fc90,sub_0054fc90,0x0054fd10,128,0,aligned_or_padded_ebp_prologue,True
0x0054fd10,sub_0054fd10,0x0054fda0,144,11,direct_call_target,True
0x0054fda0,sub_0054fda0,0x0054fe20,128,3,direct_call_target,True
0x0054fe20,sub_0054fe20,0x0054feb0,144,26,direct_call_target,True
0x0054feb0,sub_0054feb0,0x0054ff00,80,1,direct_call_target,True
0x0054ff00,sub_0054ff00,0x0054ff50,80,1,direct_call_target,True
0x0054ff50,sub_0054ff50,0x0054ffa0,80,1,direct_call_target,True
0x0054ffa0,sub_0054ffa0,0x0054ffb0,16,2,direct_call_target,True
0x0054ffb0,sub_0054ffb0,0x00550000,80,1,direct_call_target,True
0x00550000,sub_00550000,0x00550050,80,1,direct_call_target,True
0x00550050,sub_00550050,0x00550060,16,1,direct_call_target,True
0x00550060,sub_00550060,0x005500e0,128,1,direct_call_target,True
0x005500e0,sub_005500e0,0x00550130,80,1,direct_call_target,True
0x00550130,sub_00550130,0x0055020d,221,3,direct_call_target,True
0x0055020d,sub_0055020d,0x00550230,35,1,direct_call_target,True
0x00550230,sub_00550230,0x00550250,32,2,direct_call_target,True
0x00550250,sub_00550250,0x0055049b,587,2,direct_call_target,True
0x0055049b,sub_0055049b,0x00550abe,1571,2,direct_call_target,True
0x00550abe,sub_00550abe,0x00550ac0,2,1,direct_call_target,True
0x00550ac0,sub_00550ac0,0x0055108d,1485,0,aligned_or_padded_ebp_prologue,True
0x0055108d,sub_0055108d,0x005510cc,63,2,direct_call_target,True
0x005510cc,sub_005510cc,0x0055139c,720,6,direct_call_target,True
0x0055139c,sub_0055139c,0x005513b0,20,1,direct_call_target,True
0x005513b0,sub_005513b0,0x00551400,80,1,direct_call_target,True
0x00551400,sub_00551400,0x00551410,16,3,direct_call_target,True
0x00551410,sub_00551410,0x00551420,16,1,direct_call_target,True
0x00551420,sub_00551420,0x00551430,16,1,direct_call_target,True
0x00551430,sub_00551430,0x005514a0,112,1,direct_call_target,True
0x005514a0,sub_005514a0,0x005514f6,86,1,direct_call_target,True
0x005514f6,sub_005514f6,0x0055151e,40,1,direct_call_target,True
0x0055151e,sub_0055151e,0x00551520,2,1,direct_call_target,True
0x00551520,sub_00551520,0x00551587,103,0,aligned_or_padded_ebp_prologue,True
0x00551587,sub_00551587,0x00551606,127,1,direct_call_target,True
0x00551606,sub_00551606,0x00551665,95,4,direct_call_target,True
0x00551665,sub_00551665,0x00551688,35,7,direct_call_target,True
0x00551688,sub_00551688,0x005516ac,36,3,direct_call_target,True
0x005516ac,sub_005516ac,0x005516c1,21,5,direct_call_target,True
0x005516c1,sub_005516c1,0x005516d6,21,181,direct_call_target,True
0x005516d6,sub_005516d6,0x0055171c,70,1,direct_call_target,True
0x0055171c,sub_0055171c,0x00551762,70,3,direct_call_target,True
0x00551762,sub_00551762,0x005517b0,78,1,direct_call_target,True
0x005517b0,sub_005517b0,0x00551965,437,3,direct_call_target,True
0x00551965,sub_00551965,0x00551979,20,2,direct_call_target,True
0x00551979,sub_00551979,0x0055198d,20,2,direct_call_target,True
0x0055198d,sub_0055198d,0x005519b2,37,6,direct_call_target,True
0x005519b2,sub_005519b2,0x005519d9,39,4,direct_call_target,True
0x005519d9,sub_005519d9,0x00551a00,39,1,direct_call_target,True
0x00551a00,sub_00551a00,0x00551ea3,1187,0,aligned_or_padded_ebp_prologue,True
0x00551ea3,sub_00551ea3,0x00551eba,23,27,direct_call_target,True
0x00551eba,sub_00551eba,0x00551eeb,49,1,direct_call_target,True
0x00551eeb,sub_00551eeb,0x00551f02,23,28,direct_call_target,True
0x00551f02,sub_00551f02,0x00551f19,23,1,direct_call_target,True
0x00551f19,sub_00551f19,0x00551f68,79,1,direct_call_target,True
0x00551f68,sub_00551f68,0x00551f74,12,1,direct_call_target,True
0x00551f74,sub_00551f74,0x005520d3,351,1,direct_call_target,True
0x005520d3,sub_005520d3,0x0055216e,155,1,direct_call_target,True
0x0055216e,sub_0055216e,0x00552170,2,3,direct_call_target,True
0x00552170,sub_00552170,0x005521a6,54,0,aligned_or_padded_ebp_prologue,True
0x005521a6,sub_005521a6,0x005521d0,42,8,direct_call_target,True
0x005521d0,sub_005521d0,0x00552260,144,1,direct_call_target,True
0x00552260,sub_00552260,0x005522f0,144,1,direct_call_target,True
0x005522f0,sub_005522f0,0x00552355,101,1,direct_call_target,True
0x00552355,sub_00552355,0x005523a0,75,1,direct_call_target,True
0x005523a0,sub_005523a0,0x005524b0,272,1,direct_call_target,True
0x005524b0,sub_005524b0,0x00552540,144,3,direct_call_target,True
0x00552540,sub_00552540,0x00552590,80,0,aligned_or_padded_ebp_prologue,True
0x00552590,sub_00552590,0x005525ae,30,2,direct_call_target,True
0x005525ae,sub_005525ae,0x005525b0,2,1,direct_call_target,True
0x005525b0,sub_005525b0,0x00552660,176,0,aligned_or_padded_ebp_prologue,True
0x00552660,sub_00552660,0x00552722,194,1,direct_call_target,True
0x00552722,sub_00552722,0x0055273f,29,1,direct_call_target,True
0x0055273f,sub_0055273f,0x00552763,36,2,direct_call_target,True
0x00552763,sub_00552763,0x0055277d,26,4,direct_call_target,True
0x0055277d,sub_0055277d,0x005527a4,39,2,direct_call_target,True
0x005527a4,sub_005527a4,0x005527e3,63,2,direct_call_target,True
0x005527e3,sub_005527e3,0x00552804,33,2,direct_call_target,True
0x00552804,sub_00552804,0x00552818,20,1,direct_call_target,True
0x00552818,sub_00552818,0x00552860,72,3,direct_call_target,True
0x00552860,sub_00552860,0x005528a0,64,5,direct_call_target,True
0x005528a0,sub_005528a0,0x005528c0,32,1,direct_call_target,True
0x005528c0,sub_005528c0,0x0055290e,78,1,direct_call_target,True
0x0055290e,sub_0055290e,0x00552920,18,1,direct_call_target,True
0x00552920,sub_00552920,0x0055297c,92,1,direct_call_target,True
0x0055297c,sub_0055297c,0x0055299d,33,1,direct_call_target,True
0x0055299d,sub_0055299d,0x005529b8,27,4,direct_call_target,True
0x005529b8,sub_005529b8,0x005529d7,31,6,direct_call_target,True
0x005529d7,sub_005529d7,0x00552b1d,326,2,direct_call_target,True
0x00552b1d,sub_00552b1d,0x00552b5e,65,1,direct_call_target,True
0x00552b5e,sub_00552b5e,0x00552b6a,12,1,direct_call_target,True
0x00552b6a,sub_00552b6a,0x00552c52,232,1,direct_call_target,True
0x00552c52,sub_00552c52,0x00552d10,190,4,direct_call_target,True
0x00552d10,sub_00552d10,0x00552d3e,46,1,direct_call_target,True
0x00552d3e,sub_00552d3e,0x00552d40,2,2,direct_call_target,True
0x00552d40,sub_00552d40,0x00552dc0,128,0,aligned_or_padded_ebp_prologue,True
0x00552dc0,sub_00552dc0,0x00552dcf,15,1,direct_call_target,True
0x00552dcf,sub_00552dcf,0x00552dde,15,1,direct_call_target,True
0x00552dde,sub_00552dde,0x00552ded,15,1,direct_call_target,True
0x00552ded,sub_00552ded,0x00552e03,22,4,direct_call_target,True
0x00552e03,sub_00552e03,0x00552e29,38,1,direct_call_target,True
0x00552e29,sub_00552e29,0x00552f7c,339,1,direct_call_target,True
0x00552f7c,sub_00552f7c,0x005530ee,370,2,direct_call_target,True
0x005530ee,sub_005530ee,0x005530f0,2,2,direct_call_target,True
0x005530f0,sub_005530f0,0x0055313d,77,0,aligned_or_padded_ebp_prologue,True
0x0055313d,sub_0055313d,0x005531ce,145,1,direct_call_target,True
0x005531ce,sub_005531ce,0x00553223,85,1,direct_call_target,True
0x00553223,sub_00553223,0x00553308,229,1,direct_call_target,True
0x00553308,sub_00553308,0x0055342b,291,1,direct_call_target,True
0x0055342b,sub_0055342b,0x0055345a,47,6,direct_call_target,True
0x0055345a,sub_0055345a,0x005534db,129,1,direct_call_target,True
0x005534db,sub_005534db,0x005534f6,27,1,direct_call_target,True
0x005534f6,sub_005534f6,0x00553511,27,1,direct_call_target,True
0x00553511,sub_00553511,0x00553516,5,2,direct_call_target,True
0x00553516,sub_00553516,0x00553567,81,1,direct_call_target,True
0x00553567,sub_00553567,0x0055356c,5,1,direct_call_target,True
0x0055356c,sub_0055356c,0x005535bb,79,1,direct_call_target,True
0x005535bb,sub_005535bb,0x005535c7,12,1,direct_call_target,True
0x005535c7,sub_005535c7,0x00553616,79,1,direct_call_target,True
0x00553616,sub_00553616,0x00553622,12,1,direct_call_target,True
0x00553622,sub_00553622,0x00553735,275,1,direct_call_target,True
0x00553735,sub_00553735,0x0055380f,218,1,direct_call_target,True
0x0055380f,sub_0055380f,0x00553825,22,1,direct_call_target,True
0x00553825,sub_00553825,0x00553863,62,1,direct_call_target,True
0x00553863,sub_00553863,0x0055388c,41,4,direct_call_target,True
0x0055388c,sub_0055388c,0x0055398c,256,2,direct_call_target,True
0x0055398c,sub_0055398c,0x005539ba,46,1,direct_call_target,True
0x005539ba,sub_005539ba,0x005539cc,18,1,direct_call_target,True
0x005539cc,sub_005539cc,0x00553a00,52,1,direct_call_target,True
0x00553a00,sub_00553a00,0x00553b40,320,4,direct_call_target,True
0x00553b40,sub_00553b40,0x00553e70,816,2,direct_call_target,True
0x00553e70,sub_00553e70,0x00553ea0,48,1,direct_call_target,True
0x00553ea0,sub_00553ea0,0x005541d0,816,2,direct_call_target,True
0x005541d0,sub_005541d0,0x00554210,64,1,direct_call_target,True
0x00554210,sub_00554210,0x00554310,256,1,direct_call_target,True
0x00554310,sub_00554310,0x00554330,32,1,direct_call_target,True
0x00554330,sub_00554330,0x00555720,5104,1,direct_call_target,True
0x00555720,sub_00555720,0x00555750,48,2,direct_call_target,True
0x00555750,sub_00555750,0x005557d0,128,1,direct_call_target,True
0x005557d0,sub_005557d0,0x005558f0,288,1,direct_call_target,True
0x005558f0,sub_005558f0,0x005558f6,6,1,direct_call_target,True
0x005558f6,sub_005558f6,0x00555910,26,1,direct_call_target,True
0x00555910,sub_00555910,0x00555930,32,4,direct_call_target,True
0x00555930,sub_00555930,0x00555940,16,1,direct_call_target,True
0x00555940,sub_00555940,0x00555980,64,2,direct_call_target,True
0x00555980,sub_00555980,0x005559a6,38,1,direct_call_target,True
0x005559a6,sub_005559a6,0x005559fe,88,1,direct_call_target,True
0x005559fe,sub_005559fe,0x00555a00,2,3,direct_call_target,True
0x00555a00,sub_00555a00,0x00555a29,41,0,aligned_or_padded_ebp_prologue,True
0x00555a29,sub_00555a29,0x00555a57,46,1,direct_call_target,True
0x00555a57,sub_00555a57,0x00555a94,61,1,direct_call_target,True
0x00555a94,sub_00555a94,0x00555ad5,65,1,direct_call_target,True
0x00555ad5,sub_00555ad5,0x00555ae1,12,1,direct_call_target,True
0x00555ae1,sub_00555ae1,0x00555b17,54,1,direct_call_target,True
0x00555b17,sub_00555b17,0x00555b26,15,1,direct_call_target,True
0x00555b26,sub_00555b26,0x00555b88,98,1,direct_call_target,True
0x00555b88,sub_00555b88,0x00555b94,12,1,direct_call_target,True
0x00555b94,sub_00555b94,0x00555bde,74,1,direct_call_target,True
0x00555bde,sub_00555bde,0x00555c0e,48,1,direct_call_target,True
0x00555c0e,sub_00555c0e,0x00555c10,2,1,direct_call_target,True
0x00555c10,sub_00555c10,0x00555c78,104,0,aligned_or_padded_ebp_prologue,True
0x00555c78,sub_00555c78,0x00555d76,254,1,direct_call_target,True
0x00555d76,sub_00555d76,0x00555dba,68,2,direct_call_target,True
0x00555dba,sub_00555dba,0x00555def,53,2,direct_call_target,True
0x00555def,sub_00555def,0x00555e4f,96,2,direct_call_target,True
0x00555e4f,sub_00555e4f,0x00555e81,50,1,direct_call_target,True
0x00555e81,sub_00555e81,0x00555ef1,112,1,direct_call_target,True
0x00555ef1,sub_00555ef1,0x0055602e,317,1,direct_call_target,True
0x0055602e,sub_0055602e,0x00556030,2,1,direct_call_target,True
0x00556030,sub_00556030,0x00556090,96,0,aligned_or_padded_ebp_prologue,True
0x00556090,sub_00556090,0x005560bf,47,1,direct_call_target,True
0x005560bf,sub_005560bf,0x00556495,982,2,direct_call_target,True
0x00556495,sub_00556495,0x005564d6,65,4,direct_call_target,True
0x005564d6,sub_005564d6,0x00556559,131,2,direct_call_target,True
0x00556559,sub_00556559,0x005566f6,413,1,direct_call_target,True
0x005566f6,sub_005566f6,0x005569e6,752,1,direct_call_target,True
0x005569e6,sub_005569e6,0x00556d97,945,3,direct_call_target,True
0x00556d97,sub_00556d97,0x00556dc6,47,2,direct_call_target,True
0x00556dc6,sub_00556dc6,0x00556fa0,474,1,direct_call_target,True
0x00556fa0,sub_00556fa0,0x00556fdf,63,2,direct_call_target,True
0x00556fdf,sub_00556fdf,0x00557051,114,4,direct_call_target,True
0x00557051,sub_00557051,0x0055710f,190,4,direct_call_target,True
0x0055710f,sub_0055710f,0x0055717f,112,3,direct_call_target,True
0x0055717f,sub_0055717f,0x005571c0,65,3,direct_call_target,True
0x005571c0,sub_005571c0,0x005571d0,16,3,direct_call_target,True
0x005571d0,sub_005571d0,0x005571ff,47,1,direct_call_target,True
0x005571ff,sub_005571ff,0x00557210,17,1,direct_call_target,True
0x00557210,sub_00557210,0x0055727c,108,5,direct_call_target,True
0x0055727c,sub_0055727c,0x00557290,20,2,direct_call_target,True
0x00557290,sub_00557290,0x005572d3,67,5,direct_call_target,True
0x005572d3,sub_005572d3,0x0055732f,92,1,direct_call_target,True
0x0055732f,sub_0055732f,0x0055733b,12,1,direct_call_target,True
0x0055733b,sub_0055733b,0x0055737d,66,1,direct_call_target,True
0x0055737d,sub_0055737d,0x005573a5,40,1,direct_call_target,True
0x005573a5,sub_005573a5,0x005573cc,39,1,direct_call_target,True
0x005573cc,sub_005573cc,0x005573ea,30,1,direct_call_target,True
0x005573ea,sub_005573ea,0x00557574,394,1,direct_call_target,True
0x00557574,sub_00557574,0x005575dc,104,1,direct_call_target,True
0x005575dc,sub_005575dc,0x00557622,70,1,direct_call_target,True
0x00557622,sub_00557622,0x0055762e,12,1,direct_call_target,True
0x0055762e,sub_0055762e,0x0055768d,95,1,direct_call_target,True
0x0055768d,sub_0055768d,0x00557699,12,1,direct_call_target,True
0x00557699,sub_00557699,0x005576e2,73,1,direct_call_target,True
0x005576e2,sub_005576e2,0x005576ee,12,1,direct_call_target,True
0x005576ee,sub_005576ee,0x0055773c,78,1,direct_call_target,True
0x0055773c,sub_0055773c,0x00557748,12,1,direct_call_target,True
0x00557748,sub_00557748,0x00557802,186,1,direct_call_target,True
0x00557802,sub_00557802,0x005578cf,205,1,direct_call_target,True
0x005578cf,sub_005578cf,0x00557977,168,4,direct_call_target,True
0x00557977,sub_00557977,0x005579c2,75,2,direct_call_target,True
0x005579c2,sub_005579c2,0x005579d0,14,41,direct_call_target,True
0x005579d0,sub_005579d0,0x00557a13,67,1,direct_call_target,True
0x00557a13,sub_00557a13,0x00557a9f,140,7,direct_call_target,True
0x00557a9f,sub_00557a9f,0x00557b1e,127,1,direct_call_target,True
0x00557b1e,sub_00557b1e,0x00557b40,34,1,direct_call_target,True
0x00557b40,sub_00557b40,0x00557ba0,96,34,direct_call_target,True
0x00557ba0,sub_00557ba0,0x00557c08,104,199,direct_call_target,True
0x00557c08,sub_00557c08,0x00557c6f,103,1,direct_call_target,True
0x00557c6f,sub_00557c6f,0x00557c7b,12,1,direct_call_target,True
0x00557c7b,sub_00557c7b,0x00557ca5,42,2,direct_call_target,True
0x00557ca5,sub_00557ca5,0x00557cd0,43,3,direct_call_target,True
0x00557cd0,sub_00557cd0,0x00557cfb,43,2,direct_call_target,True
0x00557cfb,sub_00557cfb,0x00557d26,43,1,direct_call_target,True
0x00557d26,sub_00557d26,0x00557d51,43,2,direct_call_target,True
0x00557d51,sub_00557d51,0x00557d7c,43,1,direct_call_target,True
0x00557d7c,sub_00557d7c,0x00557da7,43,2,direct_call_target,True
0x00557da7,sub_00557da7,0x00557dd2,43,2,direct_call_target,True
0x00557dd2,sub_00557dd2,0x00557dfd,43,2,direct_call_target,True
0x00557dfd,sub_00557dfd,0x00557e28,43,2,direct_call_target,True
0x00557e28,sub_00557e28,0x00557e53,43,1,direct_call_target,True
0x00557e53,sub_00557e53,0x00557f20,205,17,direct_call_target,True
0x00557f20,sub_00557f20,0x00557f83,99,1,direct_call_target,True
0x00557f83,sub_00557f83,0x00557fd2,79,1,direct_call_target,True
0x00557fd2,sub_00557fd2,0x00558021,79,1,direct_call_target,True
0x00558021,sub_00558021,0x00558040,31,1,direct_call_target,True
0x00558040,sub_00558040,0x0055809d,93,1,direct_call_target,True
0x0055809d,sub_0055809d,0x005580f1,84,2,direct_call_target,True
0x005580f1,sub_005580f1,0x005580fd,12,1,direct_call_target,True
0x005580fd,sub_005580fd,0x00558109,12,1,direct_call_target,True
0x00558109,sub_00558109,0x00558116,13,1,direct_call_target,True
0x00558116,sub_00558116,0x00558122,12,3,direct_call_target,True
0x00558122,sub_00558122,0x0055812e,12,4,direct_call_target,True
0x0055812e,sub_0055812e,0x00558130,2,15,direct_call_target,True
0x00558130,sub_00558130,0x0055816d,61,0,aligned_or_padded_ebp_prologue,True
0x0055816d,sub_0055816d,0x005581a9,60,1,direct_call_target,True
0x005581a9,sub_005581a9,0x005581b5,12,3,direct_call_target,True
0x005581b5,sub_005581b5,0x005581ed,56,2,direct_call_target,True
0x005581ed,sub_005581ed,0x0055822c,63,3,direct_call_target,True
0x0055822c,sub_0055822c,0x00558289,93,4,direct_call_target,True
0x00558289,sub_00558289,0x005582ba,49,4,direct_call_target,True
0x005582ba,sub_005582ba,0x00558304,74,1,direct_call_target,True
0x00558304,sub_00558304,0x00558341,61,1,direct_call_target,True
0x00558341,sub_00558341,0x00558390,79,1,direct_call_target,True
0x00558390,sub_00558390,0x0055839b,11,1,direct_call_target,True
0x0055839b,sub_0055839b,0x005583f5,90,3,direct_call_target,True
0x005583f5,sub_005583f5,0x0055845c,103,1,direct_call_target,True
0x0055845c,sub_0055845c,0x00558496,58,1,direct_call_target,True
0x00558496,sub_00558496,0x005584c0,42,1,direct_call_target,True
0x005584c0,sub_005584c0,0x00558511,81,18,direct_call_target,True
0x00558511,sub_00558511,0x0055853e,45,12,direct_call_target,True
0x0055853e,sub_0055853e,0x00558540,2,1,direct_call_target,True
0x00558540,sub_00558540,0x0055856f,47,0,aligned_or_padded_ebp_prologue,True
0x0055856f,sub_0055856f,0x0055859c,45,5,direct_call_target,True
0x0055859c,sub_0055859c,0x005585cd,49,1,direct_call_target,True
0x005585cd,sub_005585cd,0x0055862f,98,2,direct_call_target,True
0x0055862f,sub_0055862f,0x005586e1,178,1,direct_call_target,True
0x005586e1,sub_005586e1,0x00558a1d,828,1,direct_call_target,True
0x00558a1d,sub_00558a1d,0x00558aad,144,2,direct_call_target,True
0x00558aad,sub_00558aad,0x00558bf0,323,2,direct_call_target,True
0x00558bf0,sub_00558bf0,0x00558c79,137,1,direct_call_target,True
0x00558c79,sub_00558c79,0x00558d59,224,2,direct_call_target,True
0x00558d59,sub_00558d59,0x00558e20,199,1,direct_call_target,True
0x00558e20,sub_00558e20,0x00558eb5,149,1,direct_call_target,True
0x00558eb5,sub_00558eb5,0x00558ee9,52,4,direct_call_target,True
0x00558ee9,sub_00558ee9,0x00558f7c,147,1,direct_call_target,True
0x00558f7c,sub_00558f7c,0x005590fc,384,1,direct_call_target,True
0x005590fc,sub_005590fc,0x00559260,356,3,direct_call_target,True
0x00559260,sub_00559260,0x0055929a,58,2,direct_call_target,True
0x0055929a,sub_0055929a,0x005593ca,304,2,direct_call_target,True
0x005593ca,sub_005593ca,0x0055940b,65,1,direct_call_target,True
0x0055940b,sub_0055940b,0x005595c4,441,3,direct_call_target,True
0x005595c4,sub_005595c4,0x0055966f,171,3,direct_call_target,True
0x0055966f,sub_0055966f,0x0055969b,44,3,direct_call_target,True
0x0055969b,sub_0055969b,0x005596de,67,1,direct_call_target,True
0x005596de,sub_005596de,0x005596e0,2,3,direct_call_target,True
0x005596e0,sub_005596e0,0x005597f1,273,0,aligned_or_padded_ebp_prologue,True
0x005597f1,sub_005597f1,0x00559818,39,3,direct_call_target,True
0x00559818,sub_00559818,0x0055982d,21,1,direct_call_target,True
0x0055982d,sub_0055982d,0x005598dd,176,1,direct_call_target,True
0x005598dd,sub_005598dd,0x005599e4,263,1,direct_call_target,True
0x005599e4,sub_005599e4,0x00559a20,60,1,direct_call_target,True
0x00559a20,sub_00559a20,0x00559a30,16,6,direct_call_target,True
0x00559a30,sub_00559a30,0x00559a70,64,2,direct_call_target,True
0x00559a70,sub_00559a70,0x00559aa0,48,1,direct_call_target,True
0x00559aa0,sub_00559aa0,0x00559c80,480,3,direct_call_target,True
0x00559c80,sub_00559c80,0x00559d30,176,1,direct_call_target,True
0x00559d30,sub_00559d30,0x00559f80,592,2,direct_call_target,True
0x00559f80,sub_00559f80,0x0055a089,265,1,direct_call_target,True
0x0055a089,sub_0055a089,0x0055a0f2,105,7,direct_call_target,True
0x0055a0f2,sub_0055a0f2,0x0055a228,310,3,direct_call_target,True
0x0055a228,sub_0055a228,0x0055a2e0,184,1,direct_call_target,True
0x0055a2e0,sub_0055a2e0,0x0055a2fe,30,0,aligned_or_padded_ebp_prologue,True
0x0055a2fe,sub_0055a2fe,0x0055a898,1434,1,direct_call_target,True
0x0055a898,sub_0055a898,0x0055a920,136,1,direct_call_target,True
0x0055a920,sub_0055a920,0x0055a93e,30,0,aligned_or_padded_ebp_prologue,True
0x0055a93e,sub_0055a93e,0x0055ac48,778,1,direct_call_target,True
0x0055ac48,sub_0055ac48,0x0055ace0,152,1,direct_call_target,True
0x0055ace0,sub_0055ace0,0x0055acfe,30,0,aligned_or_padded_ebp_prologue,True
0x0055acfe,sub_0055acfe,0x0055aeb0,434,1,direct_call_target,True
0x0055aeb0,sub_0055aeb0,0x0055af00,80,0,aligned_or_padded_ebp_prologue,True
0x0055af00,sub_0055af00,0x0055af8a,138,0,aligned_or_padded_ebp_prologue,True
0x0055af8a,sub_0055af8a,0x0055af91,7,2,direct_call_target,True
0x0055af91,sub_0055af91,0x0055b10b,378,2,direct_call_target,True
0x0055b10b,sub_0055b10b,0x0055b1a8,157,3,aligned_or_padded_ebp_prologue;direct_call_target,True
0x0055b1a8,sub_0055b1a8,0x0055b240,152,1,direct_call_target,True
0x0055b240,sub_0055b240,0x0055b25e,30,0,aligned_or_padded_ebp_prologue,True
0x0055b25e,sub_0055b25e,0x0055b468,522,1,direct_call_target,True
0x0055b468,sub_0055b468,0x0055b500,152,1,direct_call_target,True
0x0055b500,sub_0055b500,0x0055b51e,30,0,aligned_or_padded_ebp_prologue,True
0x0055b51e,sub_0055b51e,0x0055b775,599,1,direct_call_target,True
0x0055b775,sub_0055b775,0x0055b78c,23,2,direct_call_target,True
0x0055b78c,sub_0055b78c,0x0055b7a5,25,4,direct_call_target,True
0x0055b7a5,sub_0055b7a5,0x0055b7e8,67,7,direct_call_target,True
0x0055b7e8,sub_0055b7e8,0x0055b904,284,7,direct_call_target,True
0x0055b904,sub_0055b904,0x0055b9f0,236,1,direct_call_target,True
0x0055b9f0,sub_0055b9f0,0x0055ba20,48,2,direct_call_target,True
0x0055ba20,sub_0055ba20,0x0055ba70,80,1,direct_call_target,True
0x0055ba70,sub_0055ba70,0x0055be38,968,4,direct_call_target,True
0x0055be38,sub_0055be38,0x0055be3e,6,2,direct_call_target,True
0x0055be3e,sub_0055be3e,0x0055be44,6,1,direct_call_target,True
0x0055be44,sub_0055be44,0x0055be4a,6,2,direct_call_target,True
0x0055be4a,sub_0055be4a,0x0055be50,6,2,direct_call_target,True
0x0055be50,sub_0055be50,0x0055be56,6,2,direct_call_target,True
0x0055be56,sub_0055be56,0x0055be82,44,4,direct_call_target,True
0x0055be82,sub_0055be82,0x0055beae,44,3,direct_call_target,True
0x0055beae,sub_0055beae,0x0055beb0,2,3,direct_call_target,True
0x0055beb0,sub_0055beb0,0x0055beda,42,0,aligned_or_padded_ebp_prologue,True
0x0055beda,sub_0055beda,0x0055c05f,389,2,direct_call_target,True
0x0055c05f,sub_0055c05f,0x0055c118,185,1,direct_call_target,True
0x0055c118,sub_0055c118,0x0055c123,11,3,direct_call_target,True
0x0055c123,sub_0055c123,0x0055c162,63,4,direct_call_target,True
0x0055c162,sub_0055c162,0x0055c37e,540,1,direct_call_target,True
0x0055c37e,sub_0055c37e,0x0055c380,2,4,direct_call_target,True
0x0055c380,sub_0055c380,0x0055c4c9,329,0,aligned_or_padded_ebp_prologue,True
0x0055c4c9,sub_0055c4c9,0x0055c540,119,1,direct_call_target,True
0x0055c540,sub_0055c540,0x0055c587,71,2,direct_call_target,True
0x0055c587,sub_0055c587,0x0055c81a,659,1,direct_call_target,True
0x0055c81a,sub_0055c81a,0x0055c974,346,1,direct_call_target,True
0x0055c974,sub_0055c974,0x0055c9e9,117,1,direct_call_target,True
0x0055c9e9,sub_0055c9e9,0x0055ca2b,66,2,direct_call_target,True
0x0055ca2b,sub_0055ca2b,0x0055ca7f,84,1,direct_call_target,True
0x0055ca7f,sub_0055ca7f,0x0055ca88,9,1,direct_call_target,True
0x0055ca88,sub_0055ca88,0x0055cad3,75,2,direct_call_target,True
0x0055cad3,sub_0055cad3,0x0055cadc,9,1,direct_call_target,True
0x0055cadc,sub_0055cadc,0x0055cb7e,162,1,direct_call_target,True
0x0055cb7e,sub_0055cb7e,0x0055cb87,9,1,direct_call_target,True
0x0055cb87,sub_0055cb87,0x0055cc07,128,1,direct_call_target,True
0x0055cc07,sub_0055cc07,0x0055cc13,12,1,direct_call_target,True
0x0055cc13,sub_0055cc13,0x0055ccb3,160,1,direct_call_target,True
0x0055ccb3,sub_0055ccb3,0x0055ccbf,12,1,direct_call_target,True
0x0055ccbf,sub_0055ccbf,0x0055cd0b,76,2,direct_call_target,True
0x0055cd0b,sub_0055cd0b,0x0055cd3c,49,2,direct_call_target,True
0x0055cd3c,sub_0055cd3c,0x0055cd5f,35,1,direct_call_target,True
0x0055cd5f,sub_0055cd5f,0x0055cdc8,105,2,direct_call_target,True
0x0055cdc8,sub_0055cdc8,0x0055ce2d,101,1,direct_call_target,True
0x0055ce2d,sub_0055ce2d,0x0055ce36,9,2,direct_call_target,True
0x0055ce36,sub_0055ce36,0x0055ce76,64,2,direct_call_target,True
0x0055ce76,sub_0055ce76,0x0055cf58,226,3,direct_call_target,True
0x0055cf58,sub_0055cf58,0x0055d108,432,46,direct_call_target,True
0x0055d108,sub_0055d108,0x0055d206,254,4,direct_call_target,True
0x0055d206,sub_0055d206,0x0055d3f3,493,1,direct_call_target,True
0x0055d3f3,sub_0055d3f3,0x0055d43c,73,4,direct_call_target,True
0x0055d43c,sub_0055d43c,0x0055d519,221,1,direct_call_target,True
0x0055d519,sub_0055d519,0x0055d6e2,457,1,direct_call_target,True
0x0055d6e2,sub_0055d6e2,0x0055d71f,61,2,direct_call_target,True
0x0055d71f,sub_0055d71f,0x0055d7f5,214,1,direct_call_target,True
0x0055d7f5,sub_0055d7f5,0x0055da96,673,1,direct_call_target,True
0x0055da96,sub_0055da96,0x0055dae0,74,2,direct_call_target,True
0x0055dae0,sub_0055dae0,0x0055dbc0,224,1,direct_call_target,True
0x0055dbc0,sub_0055dbc0,0x0055dbe0,32,1,direct_call_target,True
0x0055dbe0,sub_0055dbe0,0x0055dc10,48,10,direct_call_target,True
0x0055dc10,sub_0055dc10,0x0055dc70,96,1,direct_call_target,True
0x0055dc70,sub_0055dc70,0x0055dc90,32,1,direct_call_target,True
0x0055dc90,sub_0055dc90,0x0055dcf9,105,1,direct_call_target,True
0x0055dcf9,sub_0055dcf9,0x0055dd91,152,1,direct_call_target,True
0x0055dd91,sub_0055dd91,0x0055ddbb,42,13,direct_call_target,True
0x0055ddbb,sub_0055ddbb,0x0055de4b,144,1,direct_call_target,True
0x0055de4b,sub_0055de4b,0x0055dec0,117,16,direct_call_target,True
0x0055dec0,sub_0055dec0,0x0055df10,80,1,direct_call_target,True
0x0055df10,sub_0055df10,0x0055df60,80,15,direct_call_target,True
0x0055df60,sub_0055df60,0x0055e109,425,1,direct_call_target,True
0x0055e109,sub_0055e109,0x0055e11b,18,1,direct_call_target,True
0x0055e11b,sub_0055e11b,0x0055e130,21,2,direct_call_target,True
0x0055e130,sub_0055e130,0x0055e146,22,0,aligned_or_padded_ebp_prologue,True
0x0055e146,sub_0055e146,0x0055e389,579,1,direct_call_target,True
0x0055e389,sub_0055e389,0x0055e43a,177,4,direct_call_target,True
0x0055e43a,sub_0055e43a,0x0055e6c6,652,1,direct_call_target,True
0x0055e6c6,sub_0055e6c6,0x0055e6eb,37,2,direct_call_target,True
0x0055e6eb,sub_0055e6eb,0x0055e727,60,2,direct_call_target,True
0x0055e727,sub_0055e727,0x0055e7ae,135,1,direct_call_target,True
0x0055e7ae,sub_0055e7ae,0x0055e7b0,2,1,direct_call_target,True
0x0055e7b0,sub_0055e7b0,0x0055e7b9,9,0,aligned_or_padded_ebp_prologue,True
0x0055e7b9,sub_0055e7b9,0x0055e85a,161,1,direct_call_target,True
0x0055e85a,sub_0055e85a,0x0055e89b,65,1,direct_call_target,True
0x0055e89b,sub_0055e89b,0x0055e8a7,12,1,direct_call_target,True
0x0055e8a7,sub_0055e8a7,0x0055e92a,131,1,direct_call_target,True
0x0055e92a,sub_0055e92a,0x0055e968,62,2,direct_call_target,True
0x0055e968,sub_0055e968,0x0055e9d9,113,2,direct_call_target,True
0x0055e9d9,sub_0055e9d9,0x0055ea3c,99,1,direct_call_target,True
0x0055ea3c,sub_0055ea3c,0x0055ebe1,421,1,direct_call_target,True
0x0055ebe1,sub_0055ebe1,0x0055ed36,341,1,direct_call_target,True
0x0055ed36,sub_0055ed36,0x0055edb5,127,2,direct_call_target,True
0x0055edb5,sub_0055edb5,0x0055edd6,33,1,direct_call_target,True
0x0055edd6,sub_0055edd6,0x0055ee1e,72,4,direct_call_target,True
0x0055ee1e,sub_0055ee1e,0x0055ee31,19,2,direct_call_target,True
0x0055ee31,sub_0055ee31,0x0055f036,517,1,direct_call_target,True
0x0055f036,sub_0055f036,0x0055f086,80,1,direct_call_target,True
0x0055f086,sub_0055f086,0x0055f0b7,49,3,direct_call_target,True
0x0055f0b7,sub_0055f0b7,0x0055f0ee,55,2,direct_call_target,True
0x0055f0ee,sub_0055f0ee,0x0055f0f0,2,1,direct_call_target,True
0x0055f0f0,sub_0055f0f0,0x0055f18e,158,0,aligned_or_padded_ebp_prologue,True
0x0055f18e,sub_0055f18e,0x0055f466,728,1,direct_call_target,True
0x0055f466,sub_0055f466,0x0055f524,190,1,direct_call_target,True
0x0055f524,sub_0055f524,0x0055f53e,26,2,direct_call_target,True
0x0055f53e,sub_0055f53e,0x0055f540,2,1,direct_call_target,True
0x0055f540,sub_0055f540,0x0055f596,86,0,aligned_or_padded_ebp_prologue,True
0x0055f596,sub_0055f596,0x0055f5b0,26,1,direct_call_target,True
0x0055f5b0,sub_0055f5b0,0x0055f686,214,5,direct_call_target,True
0x0055f686,sub_0055f686,0x0055f6ee,104,1,direct_call_target,True
0x0055f6ee,sub_0055f6ee,0x0055f6f0,2,1,direct_call_target,True
0x0055f6f0,sub_0055f6f0,0x0055f720,48,0,aligned_or_padded_ebp_prologue,True
0x0055f720,sub_0055f720,0x0055f7d0,176,8,direct_call_target,True
0x0055f7d0,sub_0055f7d0,0x0055f810,64,1,direct_call_target,True
0x0055f810,sub_0055f810,0x0055f860,80,15,direct_call_target,True
0x0055f860,sub_0055f860,0x0055f967,263,24,direct_call_target,True
0x0055f967,sub_0055f967,0x0055f9e2,123,1,direct_call_target,True
0x0055f9e2,sub_0055f9e2,0x0055fa17,53,1,direct_call_target,True
0x0055fa17,sub_0055fa17,0x0055faac,149,2,direct_call_target,True
0x0055faac,sub_0055faac,0x0055fab5,9,1,direct_call_target,True
0x0055fab5,sub_0055fab5,0x0055fad8,35,3,direct_call_target,True
0x0055fad8,sub_0055fad8,0x0055fafb,35,3,direct_call_target,True
0x0055fafb,sub_0055fafb,0x0055fb8c,145,1,direct_call_target,True
0x0055fb8c,sub_0055fb8c,0x0055fc0c,128,6,direct_call_target,True
0x0055fc0c,sub_0055fc0c,0x0056006b,1119,2,direct_call_target,True
0x0056006b,sub_0056006b,0x005602f1,646,2,direct_call_target,True
0x005602f1,sub_005602f1,0x00560316,37,10,direct_call_target,True
0x00560316,sub_00560316,0x00560592,636,1,direct_call_target,True
0x00560592,sub_00560592,0x00560700,366,2,direct_call_target,True
0x00560700,sub_00560700,0x00560830,304,4,direct_call_target,True
0x00560830,sub_00560830,0x00560880,80,3,direct_call_target,True
0x00560880,sub_00560880,0x005608bf,63,1,direct_call_target,True
0x005608bf,sub_005608bf,0x0056093c,125,3,direct_call_target,True
0x0056093c,sub_0056093c,0x00560a84,328,3,direct_call_target,True
0x00560a84,sub_00560a84,0x00560aad,41,1,direct_call_target,True
0x00560aad,sub_00560aad,0x00560ade,49,1,direct_call_target,True
0x00560ade,sub_00560ade,0x00560ae0,2,2,direct_call_target,True
0x00560ae0,sub_00560ae0,0x00560b07,39,0,aligned_or_padded_ebp_prologue,True
0x00560b07,sub_00560b07,0x00560b88,129,4,direct_call_target,True
0x00560b88,sub_00560b88,0x00560be8,96,3,direct_call_target,True
0x00560be8,sub_00560be8,0x00560c09,33,1,direct_call_target,True
0x00560c09,sub_00560c09,0x00560c59,80,4,direct_call_target,True
0x00560c59,sub_00560c59,0x00560ce0,135,1,direct_call_target,True
0x00560ce0,sub_00560ce0,0x00560d79,153,2,direct_call_target,True
0x00560d79,sub_00560d79,0x00560dd2,89,2,direct_call_target,True
0x00560dd2,sub_00560dd2,0x005611a0,974,3,direct_call_target,True
0x005611a0,sub_005611a0,0x00561290,240,1,direct_call_target,True
0x00561290,sub_00561290,0x005612dd,77,2,direct_call_target,True
0x005612dd,sub_005612dd,0x0056134a,109,2,direct_call_target,True
0x0056134a,sub_0056134a,0x005615fc,690,1,direct_call_target,True
0x005615fc,sub_005615fc,0x00561647,75,1,direct_call_target,True
0x00561647,sub_00561647,0x005616e2,155,2,direct_call_target,True
0x005616e2,sub_005616e2,0x00561741,95,2,direct_call_target,True
0x00561741,sub_00561741,0x00561a92,849,3,direct_call_target,True
0x00561a92,sub_00561a92,0x00561ae6,84,3,direct_call_target,True
0x00561ae6,sub_00561ae6,0x00561bc7,225,1,direct_call_target,True
0x00561bc7,sub_00561bc7,0x00561bec,37,2,direct_call_target,True
0x00561bec,sub_00561bec,0x00561c61,117,3,direct_call_target,True
0x00561c61,sub_00561c61,0x00561cc8,103,2,direct_call_target,True
0x00561cc8,sub_00561cc8,0x00561ec0,504,1,direct_call_target,True
0x00561ec0,sub_00561ec0,0x00561f90,208,1,direct_call_target,True
0x00561f90,sub_00561f90,0x005620b0,288,1,direct_call_target,True
0x005620b0,sub_005620b0,0x00562440,912,3,direct_call_target,True
0x00562440,sub_00562440,0x00562532,242,1,direct_call_target,True
0x00562532,sub_00562532,0x00562575,67,1,direct_call_target,True
0x00562575,sub_00562575,0x005625c9,84,1,direct_call_target,True
0x005625c9,sub_005625c9,0x00562647,126,1,direct_call_target,True
0x00562647,sub_00562647,0x00562673,44,1,direct_call_target,True
0x00562673,sub_00562673,0x00562696,35,3,direct_call_target,True
0x00562696,sub_00562696,0x00562724,142,1,direct_call_target,True
0x00562724,sub_00562724,0x0056281d,249,3,direct_call_target,True
0x0056281d,sub_0056281d,0x00563ceb,5326,3,direct_call_target,True
0x00563ceb,sub_00563ceb,0x00563d99,174,3,direct_call_target,True
0x00563d99,sub_00563d99,0x00563dad,20,3,direct_call_target,True
0x00563dad,sub_00563dad,0x00563dcf,34,3,direct_call_target,True
0x00563dcf,sub_00563dcf,0x00563e25,86,1,direct_call_target,True
0x00563e25,sub_00563e25,0x00563e40,27,1,direct_call_target,True
0x00563e40,sub_00563e40,0x00563eb5,117,2,direct_call_target,True
0x00563eb5,sub_00563eb5,0x00564063,430,2,direct_call_target,True
0x00564063,sub_00564063,0x005640a0,61,2,direct_call_target,True
0x005640a0,sub_005640a0,0x005640b7,23,1,aligned_or_padded_ebp_prologue;direct_call_target,True
0x005640b7,sub_005640b7,0x00564100,73,9,direct_call_target,True
0x00564100,sub_00564100,0x00564240,320,2,direct_call_target,True
0x00564240,sub_00564240,0x00564257,23,4,direct_call_target,True
0x00564257,sub_00564257,0x00564331,218,1,direct_call_target,True
0x00564331,sub_00564331,0x0056433a,9,1,direct_call_target,True
0x0056433a,sub_0056433a,0x005643e8,174,1,direct_call_target,True
0x005643e8,sub_005643e8,0x005643f3,11,2,direct_call_target,True
0x005643f3,sub_005643f3,0x00564482,143,1,direct_call_target,True
0x00564482,sub_00564482,0x0056448a,8,1,direct_call_target,True
0x0056448a,sub_0056448a,0x00564518,142,1,direct_call_target,True
0x00564518,sub_00564518,0x00564548,48,1,direct_call_target,True
0x00564548,sub_00564548,0x005645de,150,1,direct_call_target,True
0x005645de,sub_005645de,0x005645ea,12,1,direct_call_target,True
0x005645ea,sub_005645ea,0x00564667,125,1,direct_call_target,True
0x00564667,sub_00564667,0x00564a32,971,1,direct_call_target,True
0x00564a32,sub_00564a32,0x00564a9a,104,1,direct_call_target,True
0x00564a9a,sub_00564a9a,0x00564b17,125,1,direct_call_target,True
0x00564b17,sub_00564b17,0x00564bf2,219,1,direct_call_target,True
0x00564bf2,sub_00564bf2,0x00564cdb,233,1,direct_call_target,True
0x00564cdb,sub_00564cdb,0x00564e0d,306,1,direct_call_target,True
0x00564e0d,sub_00564e0d,0x00564f16,265,1,direct_call_target,True
0x00564f16,sub_00564f16,0x00564f1e,8,1,direct_call_target,True
0x00564f1e,sub_00564f1e,0x00564f20,2,1,direct_call_target,True
0x00564f20,sub_00564f20,0x0056513a,538,0,aligned_or_padded_ebp_prologue,True
0x0056513a,sub_0056513a,0x005651bd,131,1,direct_call_target,True
0x005651bd,sub_005651bd,0x005651e0,35,1,direct_call_target,True
0x005651e0,sub_005651e0,0x005652d2,242,4,direct_call_target,True
0x005652d2,sub_005652d2,0x005653d9,263,1,direct_call_target,True
0x005653d9,sub_005653d9,0x005654b0,215,4,direct_call_target,True
0x005654b0,sub_005654b0,0x005658f0,1088,1,direct_call_target,True
0x005658f0,sub_005658f0,0x00565930,64,1,aligned_or_padded_ebp_prologue;direct_call_target,True
0x00565930,sub_00565930,0x00565947,23,1,direct_call_target,True
0x00565947,sub_00565947,0x005659e0,153,1,direct_call_target,True
0x005659e0,sub_005659e0,0x00565b6d,397,2,direct_call_target,True
0x00565b6d,sub_00565b6d,0x00565c1f,178,1,direct_call_target,True
0x00565c1f,sub_00565c1f,0x00565c91,114,1,direct_call_target,True
0x00565c91,sub_00565c91,0x00565cd0,63,2,direct_call_target,True
0x00565cd0,sub_00565cd0,0x00565d40,112,4,direct_call_target,True
0x00565d40,sub_00565d40,0x00565d90,80,2,direct_call_target,True
0x00565d90,sub_00565d90,0x00565f50,448,1,direct_call_target,True
0x00565f50,sub_00565f50,0x00565f70,32,3,direct_call_target,True
0x00565f70,sub_00565f70,0x00565fd0,96,2,direct_call_target,True
0x00565fd0,sub_00565fd0,0x00566030,96,1,direct_call_target,True
0x00566030,sub_00566030,0x00566320,752,1,direct_call_target,True
0x00566320,sub_00566320,0x0056641d,253,1,direct_call_target,True
0x0056641d,sub_0056641d,0x005664a2,133,1,direct_call_target,True
0x005664a2,sub_005664a2,0x005664ae,12,1,direct_call_target,True
0x005664ae,sub_005664ae,0x005664b0,2,1,direct_call_target,True
0x005664b0,sub_005664b0,0x00566551,161,0,aligned_or_padded_ebp_prologue,True
0x00566551,sub_00566551,0x005665f1,160,1,direct_call_target,True
0x005665f1,sub_005665f1,0x0056662c,59,2,direct_call_target,True
0x0056662c,sub_0056662c,0x0056665e,50,2,direct_call_target,True
0x0056665e,sub_0056665e,0x00566660,2,1,direct_call_target,True
0x00566660,sub_00566660,0x0056669c,60,0,aligned_or_padded_ebp_prologue,True
0x0056669c,sub_0056669c,0x0056675f,195,1,direct_call_target,True
0x0056675f,sub_0056675f,0x00566768,9,1,direct_call_target,True
0x00566768,sub_00566768,0x00566913,427,1,direct_call_target,True
0x00566913,sub_00566913,0x00566932,31,2,direct_call_target,True
0x00566932,sub_00566932,0x00566951,31,1,direct_call_target,True
0x00566951,sub_00566951,0x00566968,23,1,direct_call_target,True
0x00566968,sub_00566968,0x005669c0,88,1,direct_call_target,True
0x005669c0,sub_005669c0,0x00566a30,112,0,aligned_or_padded_ebp_prologue,True
0x00566a30,sub_00566a30,0x00566a4e,30,0,aligned_or_padded_ebp_prologue,True
0x00566a4e,sub_00566a4e,0x00566e1d,975,1,direct_call_target,True
0x00566e1d,sub_00566e1d,0x00566e60,67,1,direct_call_target,True
0x00566e60,sub_00566e60,0x00566ed0,112,2,direct_call_target,True
0x00566ed0,sub_00566ed0,0x005670d0,512,1,direct_call_target,True
0x005670d0,sub_005670d0,0x005671a0,208,1,direct_call_target,True
0x005671a0,sub_005671a0,0x005671f0,80,1,aligned_or_padded_ebp_prologue;direct_call_target,True
0x005671f0,sub_005671f0,0x005672b0,192,1,aligned_or_padded_ebp_prologue;direct_call_target,True
0x005672b0,sub_005672b0,0x005672f0,64,1,aligned_or_padded_ebp_prologue;direct_call_target,True
0x005672f0,sub_005672f0,0x00567390,160,2,direct_call_target,True
0x00567390,sub_00567390,0x0056746f,223,1,direct_call_target,True
0x0056746f,sub_0056746f,0x0056b360,16113,2,direct_call_target,True
0x0056b360,sub_0056b360,0x0056b370,16,0,aligned_or_padded_ebp_prologue,True
0x0056b370,sub_0056b370,0x0056b380,16,0,aligned_or_padded_ebp_prologue,True
0x0056b380,sub_0056b380,0x0056b390,16,0,aligned_or_padded_ebp_prologue,True
0x0056b390,sub_0056b390,0x0056b3a0,16,0,aligned_or_padded_ebp_prologue,True
0x0056b3a0,sub_0056b3a0,0x0056b3b0,16,0,aligned_or_padded_ebp_prologue,True
0x0056b3b0,sub_0056b3b0,0x0056b3c0,16,0,aligned_or_padded_ebp_prologue,True
0x0056b3c0,sub_0056b3c0,0x0056b3d0,16,0,aligned_or_padded_ebp_prologue,True
0x0056b3d0,sub_0056b3d0,0x0056b3e0,16,0,aligned_or_padded_ebp_prologue,True
0x0056b3e0,sub_0056b3e0,0x0056b3f0,16,0,aligned_or_padded_ebp_prologue,True
0x0056b3f0,sub_0056b3f0,0x0056b400,16,0,aligned_or_padded_ebp_prologue,True
0x0056b400,sub_0056b400,0x0056b430,48,0,aligned_or_padded_ebp_prologue,True
0x0056b430,sub_0056b430,0x0056b47b,75,0,aligned_or_padded_ebp_prologue,True
