file_offset,va,encoding,text
0x00000218,0x00400218,ascii,.text
0x0000023f,0x0040023f,ascii,`.rdata
0x00000267,0x00400267,ascii,@.data
0x00000290,0x00400290,ascii,.fptable
0x000002b8,0x004002b8,ascii,.rsrc
0x000002df,0x004002df,ascii,@.reloc
0x0000bd52,0x0040c952,utf-16le,jjjjj
0x0000e06a,0x0040ec6a,utf-16le,jjjjj
0x0001d04d,0x0041dc4d,ascii,;QD}b
0x0001e007,0x0041ec07,ascii,?hLM\
0x0001e30b,0x0041ef0b,ascii,|)hLM\
0x0001fec0,0x00420ac0,ascii,PhxkW
0x000206e4,0x004212e4,utf-16le,jjjjjj
0x0002306e,0x00423c6e,ascii,Rh`BB
0x00023087,0x00423c87,ascii,Rh0OB
0x000230ca,0x00423cca,ascii,Rh0OB
0x000230ea,0x00423cea,ascii,Rh`BB
0x00023123,0x00423d23,ascii,RhPCB
0x00023175,0x00423d75,ascii,Rh0OB
0x000231e6,0x00423de6,ascii,Rh`DB
0x000231ff,0x00423dff,ascii,Rh0OB
0x00023e60,0x00424a60,ascii,J$+H 
0x00025e21,0x00426a21,ascii,PhplB
0x00027b76,0x00428776,ascii,PhplB
0x00034703,0x00435303,ascii," !""#$%"
0x0003474d,0x0043534d,ascii,"&'()*+,-./0123"
0x000347b1,0x004353b1,ascii,456789:;<=>?@ABCDEFG
0x00034815,0x00435415,ascii,HIJKLMNOPQRSTUVWXYZ[\]^_`abcdefghijklmnopq
0x00034879,0x00435479,ascii,rstuvwxyz{|
0x000398a7,0x0043a4a7,ascii,;E uE
0x00039994,0x0043a594,ascii,;M }<
0x00039c7c,0x0043a87c,ascii,;U uE
0x00039d69,0x0043a969,ascii,;E }<
0x0003a02d,0x0043ac2d,ascii,;U$uE
0x0003a11a,0x0043ad1a,ascii,;E$}<
0x0003a23a,0x0043ae3a,ascii,;U$uE
0x0003a327,0x0043af27,ascii,;E$}<
0x0004fbf4,0x004507f4,ascii,^@PkM
0x0004fc2c,0x0045082c,ascii,^@TkM
0x00055e2b,0x00456a2b,ascii,/E v<
0x00058fbd,0x00459bbd,ascii,Rh(lW
0x00059029,0x00459c29,ascii,;E$s&
0x0005929a,0x00459e9a,ascii,Rh(lW
0x000592cb,0x00459ecb,ascii,"M,Qhx"
0x00059306,0x00459f06,ascii,";E,s&"
0x0005a6c8,0x0045b2c8,ascii,Qh(lW
0x00072767,0x00473367,ascii,RhpHG
0x00072785,0x00473385,ascii,Rh`HG
0x000780a2,0x00478ca2,ascii,Qj3h$
0x0007811d,0x00478d1d,ascii,RjAh$
0x00082176,0x00482d76,ascii,P0;V4|
0x000825e7,0x004831e7,ascii,/@hvs
0x000827ff,0x004833ff,ascii,/BdvM
0x00082950,0x00483550,ascii,@0;F4|
0x00082bf2,0x004837f2,ascii,P8;V4|KQ
0x00095b28,0x00496728,ascii,"  !""##$$%&%&'(()"
0x00095b42,0x00496742,ascii,",,-.-./0/01"
0x00095b80,0x00496780,ascii,23456789:;<=>?@ABCDEFGHIJKLMHNOHHHPQRSTUVWXYZ[\]^_`abcdefghijklmnopqr
0x00095bc6,0x004967c6,ascii,stuvwx
0x00095be4,0x004967e4,ascii,yz{|}~
0x000a4ff3,0x004a5bf3,ascii,9ANIMt
0x000a517a,0x004a5d7a,ascii,:ECLIt
0x000a5ad8,0x004a66d8,ascii,/@LvK
0x000a5aea,0x004a66ea,ascii,/ALr%
0x000a91a1,0x004a9da1,ascii,9Ah|'
0x000a9281,0x004a9e81,ascii,9Ap|'
0x000a92e1,0x004a9ee1,ascii,9Ad|'
0x000a9341,0x004a9f41,ascii,9Al|'
0x000b2fc0,0x004b3bc0,ascii,D{(kE
0x000b4ca8,0x004b58a8,ascii,Rhp}K
0x000b4cc1,0x004b58c1,ascii,Rh`}K
0x000c304e,0x004c3c4e,ascii,RhpGL
0x000c3067,0x004c3c67,ascii,Rh@GL
0x000c4cdc,0x004c58dc,ascii,Php]L
0x000cac48,0x004cb848,ascii,/B|v8
0x000caced,0x004cb8ed,ascii,/Bxv8
0x000cb2b6,0x004cbeb6,ascii,/@xvA
0x000cb8f3,0x004cc4f3,ascii,/@|vA
0x000cb9b0,0x004cc5b0,ascii,/@xvA
0x000d3b92,0x004d4792,ascii,/@tw@
0x000d45f8,0x004d51f8,ascii,H8;N4|GQ
0x000d4868,0x004d5468,ascii,H8;N4|GQ
0x000d5710,0x004d6310,ascii,/E vd
0x000d5cd9,0x004d68d9,ascii,/B8vp
0x000d67ad,0x004d73ad,ascii,/@tva
0x000d6dd8,0x004d79d8,ascii,/@tv|
0x000d92c7,0x004d9ec7,ascii,tkjah
0x000dfdb5,0x004e09b5,ascii,"Kh\""W"
0x000dfdce,0x004e09ce,ascii,"2hh""W"
0x000e0821,0x004e1421,ascii,P0;Q4|
0x000e0842,0x004e1442,ascii,P0;Q4~
0x000e0a91,0x004e1691,ascii,P0;Q8
0x000e0ab2,0x004e16b2,ascii,P0;Q8}
0x000e2b73,0x004e3773,ascii,Ph4&W
0x000e3184,0x004e3d84,ascii,Ph4&W
0x000e472f,0x004e532f,ascii,Php%W
0x000e4839,0x004e5439,ascii,Ph(%W
0x000e4893,0x004e5493,ascii,PhL%W
0x000e4d8a,0x004e598a,ascii,Ph eN
0x000edfa5,0x004eeba5,utf-16le,jjjjj
0x000ee355,0x004eef55,utf-16le,jjjjj
0x000ee5d9,0x004ef1d9,utf-16le,jjjjj
0x000ee859,0x004ef459,utf-16le,jjjjj
0x000f0e09,0x004f1a09,ascii,;U }Z
0x000f4ad0,0x004f56d0,ascii,"P,;Q0u"
0x000f63a9,0x004f6fa9,utf-16le,jjjjj
0x000f7c63,0x004f8863,ascii,A4;B0}&
0x000fa7fa,0x004fb3fa,ascii,P<;Q0}
0x000fc360,0x004fcf60,ascii,"P,;Q0s$"
0x00102e43,0x00503a43,ascii,Qhx2W
0x0010807e,0x00508c7e,ascii,8t20ru9
0x00108df0,0x005099f0,ascii,Phd5W
0x00108e5e,0x00509a5e,ascii,Rhp5W
0x00109ce3,0x0050a8e3,ascii,Qhh4W
0x00109d33,0x0050a933,ascii,Qh(4W
0x0010e054,0x0050ec54,ascii,9TH02u[
0x0010e074,0x0050ec74,ascii,",9J$u<"
0x0010efc0,0x0050fbc0,ascii,Qh07W
0x0010f9bb,0x005105bb,ascii,H<Qh|
0x0011e8ef,0x0051f4ef,ascii,Qh4&W
0x00123e2d,0x00524a2d,ascii,Ph|RW
0x00125292,0x00525e92,ascii,*})h4SW
0x00125f51,0x00526b51,ascii,Ph4&W
0x001268ea,0x005274ea,ascii,Ph4&W
0x001281a0,0x00528da0,ascii,Qh|UW
0x001291fc,0x00529dfc,ascii,Rh0QW
0x0012b4aa,0x0052c0aa,ascii,j0j@h
0x0012d68a,0x0052e28a,ascii,PhdWW
0x0012ed4c,0x0052f94c,ascii,ThpWW
0x00132438,0x00533038,ascii,Qhp@S
0x001341d3,0x00534dd3,ascii,QhxbW
0x0013860b,0x0053920b,ascii,u$h(hW
0x00139383,0x00539f83,ascii,THA1t
0x001399db,0x0053a5db,ascii,RhLiW
0x00139b2c,0x0053a72c,ascii,QhdhW
0x0013eb05,0x0053f705,ascii,Rh jW
0x0013f2b0,0x0053feb0,ascii,:SCPTt3h
0x0013fb79,0x00540779,ascii,^h8lW
0x0013fb89,0x00540789,ascii,tNSh|lW
0x0013ffeb,0x00540beb,ascii,PQSVW
0x001407d9,0x005413d9,ascii,&tpj(
0x00140fb4,0x00541bb4,ascii,QQSWj
0x00141a31,0x00542631,ascii,PPPPPWS
0x00141c70,0x00542870,ascii,"u""hPO^"
0x001429f7,0x005435f7,ascii,Y__^[
0x00142b16,0x00543716,ascii,5ntel
0x00142b22,0x00543722,ascii,5Genu
0x00142bf3,0x005437f3,ascii,j$X9E
0x00143995,0x00544595,ascii,QQSVWd
0x00143af3,0x005446f3,utf-16le,jjjjj
0x00145c27,0x00546827,ascii,BVj(j
0x0014628b,0x00546e8b,ascii,uj_^[
0x001464bb,0x005470bb,ascii,@_^[]
0x001464e7,0x005470e7,ascii,"9p u"""
0x00146511,0x00547111,ascii,ft&9q
0x001465bd,0x005471bd,ascii,@_^[]
0x00146b4f,0x0054774f,ascii,URPQQh
0x00146e46,0x00547a46,ascii,"Vh,|Y"
0x00146e84,0x00547a84,ascii,Vh@|Y
0x00146f34,0x00547b34,ascii,UQPXY]Y[
0x001474be,0x005480be,ascii,PPPPP
0x00147b6e,0x0054876e,ascii,SSSSS
0x00147ccc,0x005488cc,ascii,PPPPP
0x00147d3a,0x0054893a,ascii,PPPPP
0x00147e9e,0x00548a9e,ascii,PPPPP
0x001480e1,0x00548ce1,ascii,SSSSS
0x0014826e,0x00548e6e,ascii,SSSSS
0x001483fb,0x00548ffb,ascii,SSSSS
0x00148597,0x00549197,ascii,G0_^[]
0x00148616,0x00549216,ascii,G0_^[
0x00148692,0x00549292,ascii,G0_^[
0x001486a0,0x005492a0,ascii,QQSVW
0x00148706,0x00549306,ascii,G0_^[
0x00148798,0x00549398,ascii,G0_^[
0x001487a6,0x005493a6,ascii,QQSVW
0x0014881e,0x0054941e,ascii,G0_^[
0x00148ca8,0x005498a8,ascii,SSSSS
0x00148cbf,0x005498bf,ascii,SSSSS
0x00148ce7,0x005498e7,ascii,PPPPP
0x00148cff,0x005498ff,utf-16le,jjjjj
0x00148d36,0x00549936,ascii,A-<Fu
0x00148d7d,0x0054997d,ascii,RRRRR
0x00148da0,0x005499a0,ascii,<ItC<Lt3<Tt#<h
0x00148e49,0x00549a49,ascii,A<lt'<tt
0x00149052,0x00549c52,ascii,V +V4+
0x0014936c,0x00549f6c,ascii,^j4Yt
0x00149380,0x00549f80,ascii,G0p}Y
0x001493b2,0x00549fb2,ascii,C-<at
0x00149480,0x0054a080,ascii,SWVQP
0x00149604,0x0054a204,ascii,PPPPP
0x001497e4,0x0054a3e4,ascii,PRRRRR
0x0014986e,0x0054a46e,ascii,8_^[]
0x00149cf4,0x0054a8f4,ascii,j-Yf;
0x0014a021,0x0054ac21,ascii,u3j0Z
0x0014a066,0x0054ac66,ascii,j:Zf;
0x0014a31e,0x0054af1e,ascii,j:^f;
0x0014a4f9,0x0054b0f9,ascii,j0Zf;
0x0014a505,0x0054b105,ascii,j:Yf;
0x0014a6bc,0x0054b2bc,ascii,j-Xf;
0x0014a938,0x0054b538,ascii,Fj)[f;
0x0014acbc,0x0054b8bc,ascii,PSSSSS
0x0014afae,0x0054bbae,ascii,j0Zf;
0x0014afba,0x0054bbba,ascii,j:_f;
0x0014b164,0x0054bd64,ascii,";},slPQ"
0x0014b3de,0x0054bfde,ascii,W8^0uc
0x0014b553,0x0054c153,ascii,W8^0ue
0x0014b96f,0x0054c56f,ascii,j%_f99u`
0x0014b97a,0x0054c57a,ascii,f98tX
0x0014e115,0x0054ed15,ascii,wIPS3
0x0014e5bb,0x0054f1bb,ascii,"f;F,t"
0x0014e7a9,0x0054f3a9,ascii,owCt8
0x0014ea7d,0x0054f67d,ascii,Tt0jh[f;
0x0014eb3b,0x0054f73b,ascii,Ejl_f;
0x0014ed04,0x0054f904,ascii,j^Xf9E
0x0014ef99,0x0054fb99,ascii,SSSSS
0x0014f688,0x00550288,ascii,PPPPP
0x0014f8d2,0x005504d2,ascii,PPPPP
0x0014f97b,0x0055057b,ascii,j:Xf;
0x0014fc44,0x00550844,ascii,j0Xf;
0x0014fc50,0x00550850,ascii,j:Yf;
0x0014fef7,0x00550af7,ascii,PPPPP
0x001501d3,0x00550dd3,ascii,j0Yf;
0x001501df,0x00550ddf,ascii,j:Zf;
0x00150791,0x00551391,ascii,SSSSS
0x001509c3,0x005515c3,ascii,;1t+;u
0x00150f97,0x00551b97,ascii,ARPRQh
0x001514c8,0x005520c8,ascii,SSSSS
0x00151563,0x00552163,ascii,WWWWW
0x00151745,0x00552345,utf-16le,jjjjj
0x00151946,0x00552546,ascii,PPPPPPPP
0x00151aa8,0x005526a8,ascii,uSSSSj
0x00152496,0x00553096,ascii,< t1<
0x001526fd,0x005532fd,ascii,PPPPP
0x00152820,0x00553420,ascii,PPPPP
0x00152894,0x00553494,ascii,tASVj
0x00152d2a,0x0055392a,ascii,QhlY^
0x00152e31,0x00553a31,ascii,{ WPV
0x00154dcc,0x005559cc,ascii,"t <""u"
0x00154fd3,0x00555bd3,ascii,SSSSS
0x00155003,0x00555c03,ascii,PPPPP
0x001550c5,0x00555cc5,ascii,Af;:u
0x0015512f,0x00555d2f,ascii,pLhdV^
0x001551af,0x00555daf,ascii,PPPPP
0x001551e4,0x00555de4,ascii,PPPPP
0x001551f8,0x00555df8,ascii,SWt@jU
0x00155244,0x00555e44,ascii,PPPPP
0x001552e6,0x00555ee6,ascii,VVVVV
0x001552f6,0x00555ef6,ascii,QQSVW
0x00155321,0x00555f21,ascii,j.Yf;
0x0015538a,0x00555f8a,ascii,PVj@W
0x0015539f,0x00555f9f,ascii,j.Xf;
0x001553b8,0x00555fb8,ascii,_t^PVj@
0x001553d9,0x00555fd9,ascii,u>PVj
0x001553f0,0x00555ff0,ascii,"u/j,Xf;"
0x00155423,0x00556023,ascii,SSSSS
0x00155503,0x00556103,ascii,"u,f9F"
0x0015588a,0x0055648a,ascii,PPPPP
0x001558cb,0x005564cb,ascii,SSSSS
0x00155a96,0x00556696,ascii,F _^[
0x00155aeb,0x005566eb,ascii,PPPPP
0x00155bb1,0x005567b1,ascii,j;Xf9
0x00155c31,0x00556831,ascii,j;Xf9
0x00155ddb,0x005569db,ascii,PPPPP
0x0015618c,0x00556d8c,ascii,PPPPP
0x001563d4,0x00556fd4,ascii,PPPPP
0x00156446,0x00557046,ascii,SSSSS
0x00156504,0x00557104,ascii,SSSSS
0x00156574,0x00557174,ascii,SSSSS
0x00157b04,0x00558704,ascii,"M,j""^QRRRRR"
0x00157bcd,0x005587cd,ascii,j0Xu3
0x00157d14,0x00558914,ascii,Vj0XPW
0x00157ec7,0x00558ac7,ascii,"M$j""^Q"
0x00157ed6,0x00558ad6,ascii,QQQQQ
0x00157f9f,0x00558b9f,ascii,-jd_;
0x00157fe5,0x00558be5,ascii,QQQQQ
0x001582aa,0x00558eaa,ascii,PPPPP
0x00158381,0x00558f81,ascii,QQSVW
0x0015839d,0x00558f9d,ascii,SSSSS
0x0015849c,0x0055909c,ascii,u0St:
0x00158647,0x00559247,ascii,VPPPPP
0x001586ed,0x005592ed,ascii,u VhhV^
0x0015953c,0x0055a13c,ascii,f9<H}
0x0015962b,0x0055a22b,ascii,<$tmf
0x00159c9b,0x0055a89b,ascii,<$t6f
0x0015a04b,0x0055ac4b,ascii,<$tIf
0x0015a107,0x0055ad07,ascii,f-00f=
0x0015a5ab,0x0055b1ab,ascii,<$tIf
0x0015a667,0x0055b267,ascii,f-00f=
0x0015a86b,0x0055b46b,ascii,<$tMf
0x0015a927,0x0055b527,ascii,f- 8f=
0x0015b5b6,0x0055c1b6,ascii,f95PY^
0x0015b627,0x0055c227,ascii,RQWPV
0x0015b6b0,0x0055c2b0,ascii,WVVV3
0x0015b773,0x0055c373,ascii,VVVVV
0x0015b812,0x0055c412,ascii,^[kE$<
0x0015b8b9,0x0055c4b9,utf-16le,jjjjj
0x0015b97c,0x0055c57c,ascii,PPPPP
0x0015bb1f,0x0055c71f,ascii,j:Xf;
0x0015bb78,0x0055c778,ascii,j:Xf;
0x0015bb9d,0x0055c79d,ascii,j0Zf;
0x0015bbbf,0x0055c7bf,ascii,j-Xf9E
0x0015bc0f,0x0055c80f,ascii,VVVVV
0x0015bd69,0x0055c969,ascii,VVVVV
0x0015be20,0x0055ca20,ascii,PPPPP
0x0015c4fd,0x0055d0fd,ascii,WWWWW
0x0015c6e2,0x0055d2e2,ascii,PPPPPWV
0x0015c781,0x0055d381,ascii,PPPSW
0x0015c79b,0x0055d39b,ascii,PP9E u
0x0015c7a2,0x0055d3a2,ascii,PPSWP
0x0015c85e,0x0055d45e,ascii,[PVVVVV
0x0015c8e1,0x0055d4e1,ascii,"j""[WVVVV"
0x0015c966,0x0055d566,ascii,PVVVVV
0x0015cb66,0x0055d766,ascii,_PSSSSS
0x0015cbbb,0x0055d7bb,ascii,"j""_VSSSS"
0x0015cc34,0x0055d834,ascii,WVVVVV
0x0015cd07,0x0055d907,ascii,VSRSQV
0x0015ce59,0x0055da59,ascii,RVVVj
0x0015d593,0x0055e193,ascii,SSSSj
0x0015d77e,0x0055e37e,ascii,PPPPP
0x0015d82f,0x0055e42f,ascii,WWWWW
0x0015d923,0x0055e523,ascii,SSSPSQ
0x0015e356,0x0055ef56,ascii,9=pY^
0x0015e4c2,0x0055f0c2,ascii,f9:t!V
0x0015e85b,0x0055f45b,ascii,SSSSS
0x0015e919,0x0055f519,ascii,PPPPP
0x0015ed6c,0x0055f96c,ascii,QQSVj8j@
0x0015ee11,0x0055fa11,ascii,Y_[^]
0x0015f237,0x0055fe37,ascii,C PjPW
0x0015f24b,0x0055fe4b,ascii,C$PjQW
0x0015f28a,0x0055fe8a,ascii,C*PjTW
0x0015f29e,0x0055fe9e,ascii,C+PjUW
0x0015f2b2,0x0055feb2,ascii,"C,PjVW"
0x0015f2c9,0x0055fec9,ascii,C-PjWW
0x0015f2dd,0x0055fedd,ascii,C.PjRW
0x0015f2f1,0x0055fef1,ascii,C/PjSW
0x0015f358,0x0055ff58,ascii,CHPjPW
0x0015f36f,0x0055ff6f,ascii,CLPjQW
0x0015faeb,0x005606eb,ascii,Y_^[]
0x0015fd4e,0x0056094e,ascii,tl=`&[
0x001600d5,0x00560cd5,ascii,WWWWW
0x001603bf,0x00560fbf,ascii,NX9F`t1
0x00160480,0x00561080,ascii,PSjUR
0x001604db,0x005610db,ascii,PPPPP
0x00160595,0x00561195,ascii,SSSSS
0x0016074f,0x0056134f,ascii,QQSVW
0x001607bb,0x005613bb,ascii,Y9CXu>Wj@h0
0x001608d9,0x005614d9,ascii,tjj_S
0x0016094e,0x0056154e,ascii,PPPPP
0x00160d61,0x00561961,ascii,9C`u99C\t4
0x00160e43,0x00561a43,ascii,u29K\t-
0x00160f0d,0x00561b0d,ascii,:f;>u
0x00160f43,0x00561b43,ascii,:f;>u
0x0016112a,0x00561d2a,ascii,WHPh@
0x0016124a,0x00561e4a,ascii,tVWjU
0x00161a3c,0x0056263c,ascii,PPPPP
0x00161b3a,0x0056273a,ascii,^PQQQQQ
0x00161b7d,0x0056277d,ascii,E ^PQQQQ
0x001630e0,0x00563ce0,ascii,PPPPP
0x00163193,0x00563d93,ascii,YY^[]
0x001637dd,0x005643dd,ascii,PPPPP
0x0016381a,0x0056441a,ascii,WWWWW
0x001638a8,0x005644a8,ascii,PPPPP
0x0016426f,0x00564e6f,ascii,PVVVVV
0x0016473d,0x0056533d,ascii,r5SPV
0x00164cf6,0x005658f6,ascii,PPPPPPPP
0x00165497,0x00566097,ascii,(%p&Z
0x00165f3b,0x00566b3b,ascii,(- 0Z
0x0016ae84,0x0056c484,ascii,Unknown exception
0x0016aeb0,0x0056c4b0,ascii,bad array new length
0x0016aec8,0x0056c4c8,ascii,string too long
0x0016af1c,0x0056c51c,ascii,generic
0x0016af40,0x0056c540,ascii,system
0x0016af48,0x0056c548,ascii,unknown error
0x0016af70,0x0056c570,ascii,exists
0x0016af78,0x0056c578,ascii,D:\cygwin\home\zun\prog\th20\src\core\filectrl.cpp:50 u_char
0x0016afb8,0x0056c5b8,ascii,D:\cygwin\home\zun\prog\th20\src\core\filectrl.cpp:131 u_char
0x0016aff8,0x0056c5f8,ascii,%s Decode ... 
0x0016b00c,0x0056c60c,ascii,%s Load ... 
0x0016b01c,0x0056c61c,ascii,error : %s is not found.
0x0016b038,0x0056c638,ascii,error : %s allocation error.
0x0016b058,0x0056c658,ascii,error : %s write error %s
0x0016b074,0x0056c674,ascii,error : %s write error
0x0016b090,0x0056c690,ascii,%s write ...
0x0016b0a0,0x0056c6a0,ascii,%s open ...
0x0016b0b0,0x0056c6b0,ascii,error : write error
0x0016b0c8,0x0056c6c8,ascii,write ...
0x0016b0d4,0x0056c6d4,ascii,D:\cygwin\home\zun\prog\th20\src\core\filectrl.cpp:496 void
0x0016b110,0x0056c710,ascii,Read ...
0x0016b11c,0x0056c71c,ascii,close ...
0x0016b128,0x0056c728,ascii,D:\cygwin\home\zun\prog\th20\src\core\func.cpp:317 funcChainInf
0x0016b1be,0x0056c7be,ascii,pAvector too long
0x0016b1e0,0x0056c7e0,ascii,D:\cygwin\home\zun\prog\th20\src\core\grpfont.cpp:615 u_char
0x0016b240,0x0056c840,utf-16le,Yu Mincho
0x0016b260,0x0056c860,ascii,D:\cygwin\home\zun\prog\th20\src\core\grpfont.cpp:920 AflDIB
0x0016b2bc,0x0056c8bc,ascii,list too long
0x0016b2e8,0x0056c8e8,ascii,C++/WinRT version:2.0.250303.1
0x0016b308,0x0056c908,ascii,create_directory
0x0016b330,0x0056c930,ascii,invalid string position
0x0016b353,0x0056c953,ascii,^ --------------------------------------------- 
0x0016b3a8,0x0056c9a8,ascii,th20.cfg
0x0016b3b4,0x0056c9b4,ascii,D:\cygwin\home\zun\prog\th20\src\core\main.cpp:172 FuncCtrlInf
0x0016b3f4,0x0056c9f4,ascii,D:\cygwin\home\zun\prog\th20\src\core\main.cpp:173 SprtCtrlInf
0x0016b434,0x0056ca34,ascii,"%d, %d"
0x0016b474,0x0056ca74,ascii,log.txt
0x0016b47a,0x0056ca7a,utf-16le,tAPPDATA
0x0016b48c,0x0056ca8c,ascii,ShanghaiAlice
0x0016b4a4,0x0056caa4,ascii,replay
0x0016b4ac,0x0056caac,ascii,snapshot
0x0016b4bc,0x0056cabc,ascii,th20_%.3d.png
0x0016b4cc,0x0056cacc,ascii,Direct3D 
0x0016b50e,0x0056cb0e,utf-16le, Fossilized Wonder. ver 1.00c
0x0016b550,0x0056cb50,utf-16le,TH20 - Fossilized Wonder. ver 1.00c
0x0016b5a4,0x0056cba4,ascii,Direct3D 
0x0016b5e1,0x0056cbe1,ascii,x %d %d
0x0016b608,0x0056cc08,ascii, 32Bits 
0x0016b628,0x0056cc28,ascii,D3DTEXOPCAPS_ADD 
0x0016b6c8,0x0056ccc8,ascii,D3DFMT_A8R8G8B8 
0x0016b70c,0x0056cd0c,utf-16le,th20 App
0x0016b738,0x0056cd38,ascii,Invalid window handle.
0x0016b804,0x0056ce04,ascii,L_THUMB
0x0016b80c,0x0056ce0c,ascii,R_THUMB
0x0016b814,0x0056ce14,ascii,START
0x0016b828,0x0056ce28,ascii,MouseL
0x0016b830,0x0056ce30,ascii,MouseR
0x0016b83c,0x0056ce3c,ascii,MouseM
0x0016b844,0x0056ce44,ascii,MouseX1
0x0016b84c,0x0056ce4c,ascii,MouseX2
0x0016b858,0x0056ce58,ascii,BackSpace
0x0016b870,0x0056ce70,ascii,Clear
0x0016b878,0x0056ce78,ascii,Enter
0x0016b888,0x0056ce88,ascii,Shift
0x0016b89c,0x0056ce9c,ascii,Pause
0x0016b8cc,0x0056cecc,ascii,Convt
0x0016b8d4,0x0056ced4,ascii,NonConv
0x0016b8e4,0x0056cee4,ascii,Space
0x0016b8ec,0x0056ceec,ascii,PageUp
0x0016b8f4,0x0056cef4,ascii,PageDown
0x0016b918,0x0056cf18,ascii,Right
0x0016b928,0x0056cf28,ascii,Select
0x0016b930,0x0056cf30,ascii,Print
0x0016b938,0x0056cf38,ascii,Execute
0x0016b940,0x0056cf40,ascii,SnapShot
0x0016b94c,0x0056cf4c,ascii,Insert
0x0016ba10,0x0056d010,ascii,Sleep
0x0016ba78,0x0056d078,ascii,Separator
0x0016bb3c,0x0056d13c,ascii,NumLock
0x0016bb44,0x0056d144,ascii,Scroll
0x0016bc9c,0x0056d29c,ascii,COMMA
0x0016bca4,0x0056d2a4,ascii,MINUS
0x0016bcac,0x0056d2ac,ascii,PERIOD
0x0016bdcc,0x0056d3cc,ascii,OEM102
0x0016bedc,0x0056d4dc,ascii,initialize InputInf
0x0016bf14,0x0056d514,utf-16le,\\.\root\cimv2
0x0016bf34,0x0056d534,utf-16le,Win32_PNPEntity
0x0016bf54,0x0056d554,utf-16le,DeviceID
0x0016bf7c,0x0056d57c,utf-16le,VID_%4X
0x0016bf98,0x0056d598,utf-16le,PID_%4X
0x0016bfa8,0x0056d5a8,ascii,DirectInput 
0x0016bfc8,0x0056d5c8,ascii,DirectInput SetDataFormat 
0x0016bff8,0x0056d5f8,ascii,DirectInput SetCooperativeLevel 
0x0016c02c,0x0056d62c,ascii,DirectInput 
0x0016c074,0x0056d674,ascii,start InputInf
0x0016c084,0x0056d684,ascii,shutdown InputInf
0x0016c098,0x0056d698,ascii,D:\cygwin\home\zun\prog\th20\src\core\pad.cpp:771 InputInf
0x0016c0d4,0x0056d6d4,ascii,Pad Num : %d
0x0016c0e4,0x0056d6e4,ascii,DirectInput Release
0x0016c0fc,0x0056d6fc,ascii,DirectInput(Pad) Release
0x0016c118,0x0056d718,ascii,DirectInput Device Release
0x0016c134,0x0056d734,ascii,Button %d
0x0016c150,0x0056d750,ascii,initialize ScreenInf
0x0016c168,0x0056d768,ascii,D:\cygwin\home\zun\prog\th20\src\core\screen.cpp:580 ScreenInf
0x0016c1a8,0x0056d7a8,ascii,shutdown ScreenInf
0x0016c1e0,0x0056d7e0,ascii,se_plst00.wav
0x0016c1f0,0x0056d7f0,ascii,se_enep00.wav
0x0016c200,0x0056d800,ascii,se_pldead00.wav
0x0016c210,0x0056d810,ascii,se_power0.wav
0x0016c220,0x0056d820,ascii,se_power1.wav
0x0016c230,0x0056d830,ascii,se_tan00.wav
0x0016c240,0x0056d840,ascii,se_tan01.wav
0x0016c250,0x0056d850,ascii,se_tan02.wav
0x0016c260,0x0056d860,ascii,se_ok00.wav
0x0016c26c,0x0056d86c,ascii,se_cancel00.wav
0x0016c27c,0x0056d87c,ascii,se_select00.wav
0x0016c28c,0x0056d88c,ascii,se_gun00.wav
0x0016c29c,0x0056d89c,ascii,se_cat00.wav
0x0016c2ac,0x0056d8ac,ascii,se_lazer00.wav
0x0016c2bc,0x0056d8bc,ascii,se_lazer01.wav
0x0016c2cc,0x0056d8cc,ascii,se_enep01.wav
0x0016c2dc,0x0056d8dc,ascii,se_damage00.wav
0x0016c2ec,0x0056d8ec,ascii,se_item00.wav
0x0016c2fc,0x0056d8fc,ascii,se_kira00.wav
0x0016c30c,0x0056d90c,ascii,se_kira01.wav
0x0016c31c,0x0056d91c,ascii,se_kira02.wav
0x0016c32c,0x0056d92c,ascii,se_timeout.wav
0x0016c33c,0x0056d93c,ascii,se_graze.wav
0x0016c34c,0x0056d94c,ascii,se_powerup.wav
0x0016c35c,0x0056d95c,ascii,se_pause.wav
0x0016c36c,0x0056d96c,ascii,se_cardget.wav
0x0016c37c,0x0056d97c,ascii,se_damage01.wav
0x0016c38c,0x0056d98c,ascii,se_timeout2.wav
0x0016c39c,0x0056d99c,ascii,se_invalid.wav
0x0016c3ac,0x0056d9ac,ascii,se_slash.wav
0x0016c3bc,0x0056d9bc,ascii,se_ch00.wav
0x0016c3c8,0x0056d9c8,ascii,se_ch01.wav
0x0016c3d4,0x0056d9d4,ascii,se_extend.wav
0x0016c3e4,0x0056d9e4,ascii,se_nep00.wav
0x0016c3f4,0x0056d9f4,ascii,se_bonus.wav
0x0016c404,0x0056da04,ascii,se_bonus2.wav
0x0016c414,0x0056da14,ascii,se_enep02.wav
0x0016c424,0x0056da24,ascii,se_lazer02.wav
0x0016c434,0x0056da34,ascii,se_nodamage.wav
0x0016c444,0x0056da44,ascii,se_boon00.wav
0x0016c454,0x0056da54,ascii,se_don00.wav
0x0016c464,0x0056da64,ascii,se_boon01.wav
0x0016c474,0x0056da74,ascii,se_ch02.wav
0x0016c480,0x0056da80,ascii,se_ch03.wav
0x0016c48c,0x0056da8c,ascii,se_extend2.wav
0x0016c49c,0x0056da9c,ascii,se_pin00.wav
0x0016c4ac,0x0056daac,ascii,se_pin01.wav
0x0016c4bc,0x0056dabc,ascii,se_lgods1.wav
0x0016c4cc,0x0056dacc,ascii,se_lgods2.wav
0x0016c4dc,0x0056dadc,ascii,se_lgods3.wav
0x0016c4ec,0x0056daec,ascii,se_lgods4.wav
0x0016c4fc,0x0056dafc,ascii,se_lgodsget.wav
0x0016c50c,0x0056db0c,ascii,se_msl.wav
0x0016c518,0x0056db18,ascii,se_msl2.wav
0x0016c524,0x0056db24,ascii,se_pldead01.wav
0x0016c534,0x0056db34,ascii,se_heal.wav
0x0016c540,0x0056db40,ascii,se_msl3.wav
0x0016c54c,0x0056db4c,ascii,se_fault.wav
0x0016c55c,0x0056db5c,ascii,se_noise.wav
0x0016c56c,0x0056db6c,ascii,se_etbreak.wav
0x0016c57c,0x0056db7c,ascii,se_tan03.wav
0x0016c58c,0x0056db8c,ascii,se_wolf.wav
0x0016c598,0x0056db98,ascii,se_bonus4.wav
0x0016c5a8,0x0056dba8,ascii,se_big.wav
0x0016c5b4,0x0056dbb4,ascii,se_item01.wav
0x0016c5c4,0x0056dbc4,ascii,se_release.wav
0x0016c5d4,0x0056dbd4,ascii,se_changeitem.wav
0x0016c5e8,0x0056dbe8,ascii,se_trophy.wav
0x0016c5f8,0x0056dbf8,ascii,se_warpl.wav
0x0016c608,0x0056dc08,ascii,se_warpr.wav
0x0016c618,0x0056dc18,ascii,se_notice.wav
0x0016c628,0x0056dc28,ascii,"invalid array<T, N> subscript"
0x0016c648,0x0056dc48,ascii,D:\cygwin\home\zun\prog\th20\src\core\sound.cpp:255 CSoundManager
0x0016c68c,0x0056dc8c,ascii,DirectSound 
0x0016c6bc,0x0056dcbc,ascii,error : Sound 
0x0016c6f4,0x0056dcf4,ascii,DirectSound 
0x0016c73c,0x0056dd3c,ascii,Create Sound Buffer %s
0x0016c754,0x0056dd54,ascii,Streming BGM Start
0x0016c770,0x0056dd70,ascii,error : 
0x0016c7b4,0x0056ddb4,ascii,Streming BGM Reopen %d
0x0016c7d0,0x0056ddd0,ascii,Streming BGM PreLoad %d
0x0016c7ec,0x0056ddec,ascii,error : bgmfile is not find %s
0x0016c810,0x0056de10,ascii,D:\cygwin\home\zun\prog\th20\src\core\sound.cpp:653 char
0x0016c84c,0x0056de4c,ascii,Streming BGM Load no %d
0x0016c868,0x0056de68,ascii,load comp
0x0016c874,0x0056de74,ascii,Streming BGM stop
0x0016c888,0x0056de88,ascii,stop m_dwNotifyThreadID
0x0016c8a4,0x0056dea4,ascii,stop comp
0x0016c8b0,0x0056deb0,ascii,Sound : PreLoad Stage
0x0016c8c8,0x0056dec8,ascii,Sound : Load Stage
0x0016c8e0,0x0056dee0,ascii,Sound : Reset Stage
0x0016c8f8,0x0056def8,ascii,Sound : Fill Buffer Stage
0x0016c914,0x0056df14,ascii,Sound : Play Stage
0x0016c92c,0x0056df2c,ascii,Sound : Stop Stage
0x0016c944,0x0056df44,ascii,Sound : Recreate Stage
0x0016c960,0x0056df60,ascii,Sound : ReOpen Stage
0x0016c978,0x0056df78,ascii,Sound : Thread Stop Stage
0x0016c994,0x0056df94,ascii,Sound : Thread Stop Wait Stage
0x0016c9b8,0x0056dfb8,ascii,Sound : Handle Close Stage
0x0016c9d8,0x0056dfd8,ascii,Sound : Fade Out Stage %d
0x0016c9f4,0x0056dff4,ascii,locked
0x0016c9fc,0x0056dffc,ascii,atention : 
0x0016ca34,0x0056e034,ascii,Sound Que Add %d
0x0016caa7,0x0056e0a7,ascii,?D:\cygwin\home\zun\prog\th20\src\core\sprtlib.h:911 void
0x0016cc50,0x0056e250,ascii,error D3DXCreateTexture
0x0016cc70,0x0056e270,ascii,D:\cygwin\home\zun\prog\th20\src\core\sprtlib.cpp:905 SprtGroupTexInf
0x0016ccb8,0x0056e2b8,ascii,D:\cygwin\home\zun\prog\th20\src\core\sprtlib.cpp:906 SprtDataInf
0x0016ccfc,0x0056e2fc,ascii,D:\cygwin\home\zun\prog\th20\src\core\sprtlib.cpp:907 int*
0x0016cd38,0x0056e338,ascii,D:\cygwin\home\zun\prog\th20\src\core\sprtlib.cpp:929 SprtInf
0x0016cd78,0x0056e378,ascii,::preloadAnim : %s
0x0016cdb0,0x0056e3b0,ascii,D:\cygwin\home\zun\prog\th20\src\core\sprtlib.cpp:950 SprtGroupInf
0x0016cdf4,0x0056e3f4,ascii,::preloadAnim already : %s
0x0016ce10,0x0056e410,ascii,::preloadAnimEnd : %s
0x0016cecc,0x0056e4cc,ascii,::postloadAnim : %d
0x0016cee4,0x0056e4e4,ascii,Error ::postload: %s
0x0016cfbc,0x0056e5bc,ascii,D:\cygwin\home\zun\prog\th20\src\core\sprtlib.cpp:2888 SprtInf
0x0016d0a8,0x0056e6a8,ascii,0123456789abcdefghijklmnopqrstuvwxyz---------------------------------------------------------- 
0x0016d136,0x0056e736,ascii, Al8Z
0x0016d150,0x0056e750,ascii,D:\cygwin\home\zun\prog\th20\src\core\zwave.cpp:119 CWaveFile
0x0016d190,0x0056e790,ascii,D:\cygwin\home\zun\prog\th20\src\core\zwave.cpp:154 DSBPOSITIONNOTIFY
0x0016d1d8,0x0056e7d8,ascii,D:\cygwin\home\zun\prog\th20\src\core\zwave.cpp:173 CStreamingSound
0x0016d21c,0x0056e81c,ascii,StreamingSound Create 
0x0016d238,0x0056e838,ascii,D:\cygwin\home\zun\prog\th20\src\core\zwave.cpp:209 CWaveFile
0x0016d278,0x0056e878,ascii,D:\cygwin\home\zun\prog\th20\src\core\zwave.cpp:237 DSBPOSITIONNOTIFY
0x0016d2c0,0x0056e8c0,ascii,D:\cygwin\home\zun\prog\th20\src\core\zwave.cpp:256 CStreamingSound
0x0016d304,0x0056e904,ascii,Success 
0x0016d310,0x0056e910,ascii,D:\cygwin\home\zun\prog\th20\src\core\zwave.cpp:278 LPDIRECTSOUNDBUFFER
0x0016d358,0x0056e958,ascii,D:\cygwin\home\zun\prog\th20\src\core\zwave.cpp:322 LPDIRECTSOUNDBUFFER
0x0016d3a0,0x0056e9a0,ascii,D:\cygwin\home\zun\prog\th20\src\core\zwave.cpp:336 DSBPOSITIONNOTIFY
0x0016d3e8,0x0056e9e8,ascii,Stream Skip
0x0016d3f8,0x0056e9f8,ascii,error : RestoreBuffer in HandleWaveStreamNotification
0x0016d430,0x0056ea30,ascii,error : FillBufferWithSound in HandleWaveStreamNotification
0x0016d470,0x0056ea70,ascii,error : Buffer->Lock in HandleWaveStreamNotification
0x0016d4a8,0x0056eaa8,ascii,error : m_pWaveFile->Read in HandleWaveStreamNotification
0x0016d4e8,0x0056eae8,ascii,error : m_pWaveFile->ResetFile in HandleWaveStreamNotification
0x0016d52c,0x0056eb2c,ascii,error : m_pWaveFile->Read(+) in HandleWaveStreamNotification
0x0016d570,0x0056eb70,ascii,error : m_apDSBuffer[0]->GetCurrentPosition in HandleWaveStreamNotification
0x0016d5c0,0x0056ebc0,ascii,Streaming File Open %s
0x0016d5dc,0x0056ebdc,ascii,error!
0x0016d5e4,0x0056ebe4,ascii,%s %d %d
0x0016d5f0,0x0056ebf0,ascii,Streaming File Close 
0x0016d630,0x0056ec30,ascii,D:\cygwin\home\zun\prog\th20\src\effect\effchargepoint.cpp:40 EffectChargePointInf
0x0016d684,0x0056ec84,ascii,effect
0x0016d6c0,0x0056ecc0,ascii,D:\cygwin\home\zun\prog\th20\src\effect\efffanspark.cpp:131 EffectFanSparkInf
0x0016d738,0x0056ed38,ascii,D:\cygwin\home\zun\prog\th20\src\effect\effline.cpp:70 EffectLineEffectInf
0x0016d788,0x0056ed88,ascii,D:\cygwin\home\zun\prog\th20\src\effect\effline.cpp:154 EffectLineEffectInf
0x0016d7f8,0x0056edf8,ascii,D:\cygwin\home\zun\prog\th20\src\effect\efflinespark.cpp:125 EffectLineSparkInf
0x0016d84a,0x0056ee4a,ascii,lBL:Z
0x0016d868,0x0056ee68,ascii,D:\cygwin\home\zun\prog\th20\src\effect\efflinespark2.cpp:135 EffectLineSpark2Inf
0x0016d8d8,0x0056eed8,ascii,D:\cygwin\home\zun\prog\th20\src\effect\efflinestone.cpp:139 EffectLineStoneInf
0x0016d948,0x0056ef48,ascii,D:\cygwin\home\zun\prog\th20\src\effect\efflinestone2.cpp:145 EffectLineStone2Inf
0x0016d9b8,0x0056efb8,ascii,D:\cygwin\home\zun\prog\th20\src\effect\effmenuwindow.cpp:93 EffectMenuWindowInf
0x0016da2c,0x0056f02c,ascii,stone
0x0016da38,0x0056f038,ascii,D:\cygwin\home\zun\prog\th20\src\effect\effpyramid.cpp:379 EffectPyramidInf
0x0016dab0,0x0056f0b0,ascii,D:\cygwin\home\zun\prog\th20\src\effect\effscreenswitch.cpp:37 EffectScreenSwitchInf
0x0016db38,0x0056f138,ascii,D:\cygwin\home\zun\prog\th20\src\effect\effshortline.cpp:60 EffectShortLineEffectInf
0x0016dbb0,0x0056f1b0,ascii,D:\cygwin\home\zun\prog\th20\src\effect\effshortline2.cpp:60 EffectShortLineEffect2Inf
0x0016dc28,0x0056f228,ascii,D:\cygwin\home\zun\prog\th20\src\effect\effshortline3.cpp:83 EffectShortLineEffect3Inf
0x0016dca0,0x0056f2a0,ascii,D:\cygwin\home\zun\prog\th20\src\effect\effstonegaugeline.cpp:130 EffectStoneGaugeLineInf
0x0016dd50,0x0056f350,ascii,00010203040506070809101112131415161718192021222324252627282930313233343536373839404142434445464748495051525354555657585960616263646566676869707172737475767778798081828384858687888990919293949596979899
0x0016de28,0x0056f428,utf-16le, '.6>GPZdoz
0x0016dea4,0x0056f4a4,utf-16le,(4BP_p
0x0016df80,0x0056f580,ascii,nan(ind)
0x0016df90,0x0056f590,ascii,nan(snan)
0x0016df9c,0x0056f59c,ascii,invalid string_view position
0x0016dfcc,0x0056f5cc,ascii,initialize AsciiInf
0x0016dfe4,0x0056f5e4,ascii,ascii.anm
0x0016dff0,0x0056f5f0,ascii,ascii_960.anm
0x0016e000,0x0056f600,ascii,ascii1280.anm
0x0016e028,0x0056f628,ascii,shutdown AsciiInf
0x0016e03c,0x0056f63c,ascii,D:\cygwin\home\zun\prog\th20\src\game\ascii.cpp:111 AsciiInf
0x0016e0d0,0x0056f6d0,ascii,D:\cygwin\home\zun\prog\th20\src\game\ascii.cpp:1118 JapaneseStrInf
0x0016e118,0x0056f718,ascii,D:\cygwin\home\zun\prog\th20\src\game\ascii.cpp:1139 JapaneseStrInf
0x0016e218,0x0056f818,ascii,initialize BackGroundInf
0x0016e26c,0x0056f86c,ascii,shutdown BackGroundInf
0x0016e288,0x0056f888,ascii,D:\cygwin\home\zun\prog\th20\src\game\background.cpp:136 BackGroundInf
0x0016e2d0,0x0056f8d0,ascii,D:\cygwin\home\zun\prog\th20\src\game\background.cpp:601 StageFileHeaderInf
0x0016e354,0x0056f954,ascii,D:\cygwin\home\zun\prog\th20\src\game\background.cpp
0x0016e390,0x0056f990,ascii,D:\cygwin\home\zun\prog\th20\src\game\background.cpp:1029 RenderMeshInf
0x0016e3d8,0x0056f9d8,ascii,D:\cygwin\home\zun\prog\th20\src\game\background.cpp:1031 RenderMeshInf
0x0016e4a0,0x0056faa0,ascii,initialize BombInf 
0x0016e4b8,0x0056fab8,ascii,shutdown BombInf 
0x0016e4cc,0x0056facc,ascii,D:\cygwin\home\zun\prog\th20\src\game\bomb.cpp:87 BombInf
0x0016e530,0x0056fb30,ascii,D:\cygwin\home\zun\prog\th20\src\game\bomb_marisaa.cpp:172 BombMarisaAInf
0x0016e58b,0x0056fb8b,ascii,Cpl00
0x0016e5b0,0x0056fbb0,ascii,D:\cygwin\home\zun\prog\th20\src\game\bomb_reimua.cpp:295 BombReimuAInf
0x0016e5fa,0x0056fbfa,ascii,L>333?fff?
0x0016e668,0x0056fc68,ascii,initialize BulletInf
0x0016e680,0x0056fc80,ascii,bullet.anm
0x0016e6c0,0x0056fcc0,ascii,shutdown BulletInf
0x0016e6d4,0x0056fcd4,ascii,D:\cygwin\home\zun\prog\th20\src\game\bullet.cpp:666 BulletInf
0x0016e714,0x0056fd14,ascii,bullet
0x0016e73b,0x0056fd3b,ascii,@333@
0x0016e752,0x0056fd52,ascii,yD`#tI
0x0016e794,0x0056fd94,ascii,initialize CardInf
0x0016e7a8,0x0056fda8,ascii,shutdown CardInf
0x0016e7bc,0x0056fdbc,ascii,D:\cygwin\home\zun\prog\th20\src\game\card.cpp:641 CardInf
0x0016e7fc,0x0056fdfc,ascii,MASTER
0x0016e804,0x0056fe04,ascii,%.2d/99+
0x0016e810,0x0056fe10,ascii,%.2d/%.2d
0x0016e8b4,0x0056feb4,ascii,MBossDead
0x0016e8c0,0x0056fec0,ascii,BossDead
0x0016e8cc,0x0056fecc,ascii,BossEscapeSpell
0x0016e8dc,0x0056fedc,ascii,MBossBDead
0x0016e8e8,0x0056fee8,ascii,D:\cygwin\home\zun\prog\th20\src\game\ecl.cpp:2387 EnemyDataInf::BossRenderInf
0x0016e938,0x0056ff38,ascii,D:\cygwin\home\zun\prog\th20\src\game\ecl.cpp:2395 RenderMeshInf
0x0016e9a0,0x0056ffa0,ascii,initialize EffectInf
0x0016e9b8,0x0056ffb8,ascii,effect.anm
0x0016e9c4,0x0056ffc4,ascii,screenswitch.anm
0x0016e9d8,0x0056ffd8,ascii,shutdown EffectInf
0x0016e9ec,0x0056ffec,ascii,D:\cygwin\home\zun\prog\th20\src\game\effect.cpp:213 EffectInf
0x0016ea2c,0x0057002c,ascii,D:\cygwin\home\zun\prog\th20\src\game\effect.cpp:430 SprtID
0x0016ea68,0x00570068,ascii,D:\cygwin\home\zun\prog\th20\src\game\effect.cpp:431 SprtInf*
0x0016eaa8,0x005700a8,ascii,D:\cygwin\home\zun\prog\th20\src\game\effect.cpp:432 sprtVERTEXC
0x0016eaec,0x005700ec,ascii,D:\cygwin\home\zun\prog\th20\src\game\effect.cpp:433 FVector
0x0016eb2c,0x0057012c,ascii,e00a0.msg
0x0016eb38,0x00570138,ascii,e00a1.msg
0x0016eb44,0x00570144,ascii,e00a2.msg
0x0016eb50,0x00570150,ascii,e00a3.msg
0x0016eb5c,0x0057015c,ascii,e00a4.msg
0x0016eb68,0x00570168,ascii,e00a5.msg
0x0016eb74,0x00570174,ascii,e00a6.msg
0x0016eb80,0x00570180,ascii,e00a7.msg
0x0016eb8c,0x0057018c,ascii,e01a0.msg
0x0016eb98,0x00570198,ascii,e01a1.msg
0x0016eba4,0x005701a4,ascii,e01a2.msg
0x0016ebb0,0x005701b0,ascii,e01a3.msg
0x0016ebbc,0x005701bc,ascii,e01a4.msg
0x0016ebc8,0x005701c8,ascii,e01a5.msg
0x0016ebd4,0x005701d4,ascii,e01a6.msg
0x0016ebe0,0x005701e0,ascii,e01a7.msg
0x0016ebec,0x005701ec,ascii,e00b.msg
0x0016ebf8,0x005701f8,ascii,e01b.msg
0x0016ec04,0x00570204,ascii,staff1.msg
0x0016ec10,0x00570210,ascii,staff2.msg
0x0016ec1c,0x0057021c,ascii,staff3.msg
0x0016ec28,0x00570228,ascii,staff4.msg
0x0016ec34,0x00570234,ascii,staff5.msg
0x0016ec50,0x00570250,ascii,initialize EndingInf
0x0016ec68,0x00570268,ascii,D:\cygwin\home\zun\prog\th20\src\game\ending.cpp:128 EndingMsgInf
0x0016ecac,0x005702ac,ascii,shutdown EndingInf
0x0016ecc0,0x005702c0,ascii,D:\cygwin\home\zun\prog\th20\src\game\ending.cpp:170 EndingInf
0x0016ed00,0x00570300,ascii,bgm/th20_15
0x0016ed0c,0x0057030c,ascii,bgm/th20_14
0x0016ee04,0x00570404,ascii,initialize EnemyCtrlInf
0x0016ee20,0x00570420,ascii,D:\cygwin\home\zun\prog\th20\src\game\enemy.cpp:69 EnemyInf
0x0016ee60,0x00570460,ascii,D:\cygwin\home\zun\prog\th20\src\game\enemy.cpp:205 EclResourceInf
0x0016eea4,0x005704a4,ascii,%s is skiped
0x0016eeb4,0x005704b4,ascii,%s is skiped.
0x0016eec4,0x005704c4,ascii,%s was loaded in 1P.
0x0016eedc,0x005704dc,ascii,shutdown EnemyCtrlInf
0x0016eef8,0x005704f8,ascii,D:\cygwin\home\zun\prog\th20\src\game\enemy.cpp:420 EnemyCtrlInf
0x0016ef3c,0x0057053c,ascii,invalid vector subscript
0x0016efb0,0x005705b0,ascii,initialize FPSInf
0x0016efc4,0x005705c4,ascii,shutdown FPSInf
0x0016efd8,0x005705d8,ascii,D:\cygwin\home\zun\prog\th20\src\game\fps.cpp:61 FPSInf
0x0016f038,0x00570638,ascii,front
0x0016f040,0x00570640,ascii,initialize FrontInf
0x0016f058,0x00570658,ascii,fronttr.anm
0x0016f064,0x00570664,ascii,%s load Skip
0x0016f074,0x00570674,ascii,front.anm
0x0016f080,0x00570680,ascii,shutdown FrontInf
0x0016f094,0x00570694,ascii,D:\cygwin\home\zun\prog\th20\src\game\front.cpp:402 FrontInf
0x0016f0dc,0x005706dc,ascii,%.2ds
0x0016f0f8,0x005706f8,ascii,D:\cygwin\home\zun\prog\th20\src\game\front.cpp:1199 MsgInf
0x0016f138,0x00570738,ascii,                                                                     
0x0016f510,0x00570b10,ascii,initialize GameTaskInf
0x0016f528,0x00570b28,ascii,st04b.std
0x0016f534,0x00570b34,ascii,st04d.std
0x0016f540,0x00570b40,ascii,st04c.std
0x0016f54c,0x00570b4c,ascii,st04a.std
0x0016f558,0x00570b58,ascii,shutdown GameTaskInf
0x0016f570,0x00570b70,ascii, Goto Title
0x0016f580,0x00570b80,ascii, Continue
0x0016f58c,0x00570b8c,ascii,D:\cygwin\home\zun\prog\th20\src\game\game.cpp:594 GameInf
0x0016f5d0,0x00570bd0,ascii,StartSubThread
0x0016f5f0,0x00570bf0,ascii,initialize HelpInf
0x0016f60c,0x00570c0c,ascii,help.anm
0x0016f618,0x00570c18,ascii,shutdown HelpInf
0x0016f62c,0x00570c2c,ascii,D:\cygwin\home\zun\prog\th20\src\game\help.cpp:86 HelpInf
0x0016f668,0x00570c68,ascii,help_%.2d.png
0x0016f694,0x00570c94,ascii,initialize HitCtrlInf
0x0016f6ac,0x00570cac,ascii,shutdown HitCtrlInf
0x0016f6c4,0x00570cc4,ascii,D:\cygwin\home\zun\prog\th20\src\game\hit.cpp:73 HitCtrlInf
0x0016f700,0x00570d00,ascii,D:\cygwin\home\zun\prog\th20\src\game\hit.cpp:605 HitInf
0x0016f74c,0x00570d4c,ascii,initialize ItemInf
0x0016f760,0x00570d60,ascii,shutdown ItemInf
0x0016f774,0x00570d74,ascii,D:\cygwin\home\zun\prog\th20\src\game\item.cpp:113 ItemInf
0x0016f7b8,0x00570db8,ascii,deque<T> too long
0x0016f7dc,0x00570ddc,ascii,initialize KeyConfigInf
0x0016f7f8,0x00570df8,ascii,shutdown KeyConfigInf
0x0016f810,0x00570e10,ascii,D:\cygwin\home\zun\prog\th20\src\game\keyconfig.cpp:74 KeyConfigTaskInf
0x0016f858,0x00570e58,ascii,Keyboard
0x0016f864,0x00570e64,ascii,GamePad
0x0016f86c,0x00570e6c,ascii,Controller Select
0x0016f880,0x00570e80,ascii,<%s> Setting
0x0016f890,0x00570e90,ascii,<%s%d> Setting
0x0016f8a0,0x00570ea0,ascii,KeyConfig ALL Reset
0x0016f91c,0x00570f1c,ascii,Spellcard
0x0016f930,0x00570f30,ascii,Default
0x0016fa04,0x00571004,ascii,Key Config
0x0016fa10,0x00571010,ascii,DirectInput
0x0016fa1c,0x0057101c,ascii,XInput
0x0016fa24,0x00571024,ascii,KeyBoard
0x0016fbd0,0x005711d0,ascii,D:\cygwin\home\zun\prog\th20\src\game\laser.h:315 LaserLineInf
0x0016fca0,0x005712a0,ascii,D:\cygwin\home\zun\prog\th20\src\game\laser.h:468 CurveEquationInf
0x0016fe0c,0x0057140c,ascii,initialize LaserInf
0x0016fe24,0x00571424,ascii,shutdown LaserInf
0x0016fe38,0x00571438,ascii,D:\cygwin\home\zun\prog\th20\src\game\laser.cpp:163 LaserInf
0x0016fe78,0x00571478,ascii,D:\cygwin\home\zun\prog\th20\src\game\laser.cpp:296 LaserLineInf
0x0016fec0,0x005714c0,ascii,D:\cygwin\home\zun\prog\th20\src\game\laser.cpp:306 LaserInfiniteInf
0x0016ff08,0x00571508,ascii,D:\cygwin\home\zun\prog\th20\src\game\laser.cpp:317 LaserBeamInf
0x0016ff50,0x00571550,ascii,D:\cygwin\home\zun\prog\th20\src\game\laser.cpp:328 LaserCurveInf
0x0016ff98,0x00571598,ascii,D:\cygwin\home\zun\prog\th20\src\game\laser.cpp:551 LaserHitDataInf
0x0016ffe0,0x005715e0,ascii,D:\cygwin\home\zun\prog\th20\src\game\laser.cpp:1730 LaserHitDataInf
0x00170028,0x00571628,ascii,D:\cygwin\home\zun\prog\th20\src\game\laser.cpp:2597 sprtVERTEXC
0x00170070,0x00571670,ascii,D:\cygwin\home\zun\prog\th20\src\game\laser.cpp:2599 LaserCurveVtxInf
0x001700b8,0x005716b8,ascii,D:\cygwin\home\zun\prog\th20\src\game\laser.cpp:2638 CurveEquationInf
0x00170100,0x00571700,ascii,D:\cygwin\home\zun\prog\th20\src\game\laser.cpp:2719 LaserHitDataInf
0x00170148,0x00571748,ascii,D:\cygwin\home\zun\prog\th20\src\game\laser.cpp:3617 u_char
0x0017018a,0x0057178a,ascii,@?33s?
0x001701a4,0x005717a4,ascii,initialize LoadingInf
0x001701bc,0x005717bc,ascii,LoadThread 1
0x001701cc,0x005717cc,ascii,sig.anm
0x001701d4,0x005717d4,ascii,LoadThread 2
0x001701e4,0x005717e4,ascii,text.anm
0x001701f0,0x005717f0,ascii,LoadThread 3
0x00170200,0x00571800,ascii,error : 
0x00170228,0x00571828,ascii,../../bgm/thbgm.fmt
0x0017023c,0x0057183c,ascii,error : BGM 
0x00170264,0x00571864,ascii,LoadThread 5
0x00170274,0x00571874,ascii,LoadThread 6
0x00170284,0x00571884,ascii,thbgm.dat
0x00170290,0x00571890,ascii,LoadThread 7
0x001702a0,0x005718a0,ascii,loading finish
0x001702b0,0x005718b0,ascii,shutdown LoadingInf
0x001702c8,0x005718c8,ascii,D:\cygwin\home\zun\prog\th20\src\game\loading.cpp:239 LoadingInf
0x00170328,0x00571928,ascii,th20.dat
0x00170334,0x00571934,ascii,th20_%.4x%c.ver
0x00170344,0x00571944,ascii,error : 
0x00170374,0x00571974,ascii,error : 
0x0017039c,0x0057199c,ascii,D:\cygwin\home\zun\prog\th20\src\game\mother.cpp:233 SprtInf
0x001703dc,0x005719dc,ascii,D:\cygwin\home\zun\prog\th20\src\game\mother.cpp:234 SprtInf
0x0017041c,0x00571a1c,ascii,D:\cygwin\home\zun\prog\th20\src\game\mother.cpp:235 SprtInf
0x0017045c,0x00571a5c,ascii,D:\cygwin\home\zun\prog\th20\src\game\mother.cpp:236 SprtInf
0x0017049c,0x00571a9c,ascii,D:\cygwin\home\zun\prog\th20\src\game\mother.cpp:237 SprtInf
0x001704dc,0x00571adc,ascii,shutdown MotherInf
0x001704f0,0x00571af0,ascii,VertexBuffer delete
0x00170508,0x00571b08,ascii,Sound Stop
0x00170514,0x00571b14,ascii,dummy
0x0017051c,0x00571b1c,ascii,SnapShot! %s
0x0017052c,0x00571b2c,ascii,16bit 
0x00170544,0x00571b44,ascii,D:\cygwin\home\zun\prog\th20\src\game\mother.cpp:424 BYTE
0x00170580,0x00571b80,ascii,error : snapShotScreen
0x00170598,0x00571b98,utf-16le,image/png
0x001705b0,0x00571bb0,ascii,D:\cygwin\home\zun\prog\th20\src\game\mother.cpp:483 Gdiplus::ImageCodecInfo
0x00170600,0x00571c00,ascii,D:\cygwin\home\zun\prog\th20\src\game\mother.cpp:501 BITMAPINFO
0x00170674,0x00571c74,ascii,Attention : 
0x001706cc,0x00571ccc,ascii,16Bit 
0x00170756,0x00571d56,ascii, DirectInput 
0x00170848,0x00571e48,ascii,SyncCloseSubThread
0x0017085c,0x00571e5c,ascii,"RenderOffet %f, %f"
0x00170870,0x00571e70,ascii,scene %d -> %d
0x00170884,0x00571e84,ascii,error SetRenderTarget
0x001708b4,0x00571eb4,ascii,initialize NoticeInf
0x001708cc,0x00571ecc,ascii,notice
0x001708d4,0x00571ed4,ascii,no notice
0x00170950,0x00571f50,ascii,notice.anm
0x00170994,0x00571f94,ascii,shutdown NoticeInf
0x001709a8,0x00571fa8,ascii,D:\cygwin\home\zun\prog\th20\src\game\notice.cpp:154 NoticeInf
0x001709e8,0x00571fe8,ascii,notice_%.2d.png
0x00170a84,0x00572084,ascii,SetVol
0x00170a9c,0x0057209c,ascii,initialize OptionInf
0x00170ab4,0x005720b4,ascii,shutdown OptionInf
0x00170ac8,0x005720c8,ascii,D:\cygwin\home\zun\prog\th20\src\game\option.cpp:60 OptionTaskInf
0x00170b0c,0x0057210c,ascii,Screen
0x00170b14,0x00572114,ascii,BGM Vol
0x00170b1c,0x0057211c,ascii,SE Vol
0x00170b32,0x00572132,ascii,  640 * 480
0x00170b4e,0x0057214e,ascii,  960 * 720
0x00170b6a,0x0057216a,ascii, 1280 * 960
0x00170b81,0x00572181,ascii,E      640 * 480
0x00170b9d,0x0057219d,ascii,E      960 * 720
0x00170bb9,0x005721b9,ascii,E     1280 * 960
0x00170bd5,0x005721d5,ascii,E     1920 * 1440
0x00170bf1,0x005721f1,ascii,E     2560 * 1920
0x00170c19,0x00572219,ascii,E (Dot by Dot) 
0x00170c4c,0x0057224c,ascii,Option
0x00170c54,0x00572254,ascii,Window
0x00170c5c,0x0057225c,ascii,FullScreen
0x00170c68,0x00572268,ascii,BorderlessDBD
0x00170c78,0x00572278,ascii,Borderless
0x00170d18,0x00572318,ascii,"ABCDEFGHIJKLMNOPQRSTUVWXYZabcdefghijklmnopqrstuvwxyz0123456789+-=.,!?@:;[]()_/{}|~^#$%&*   "
0x00170d74,0x00572374,ascii,Reimu 
0x00170d7c,0x0057237c,ascii,Marisa
0x00170d9c,0x0057239c,ascii,Red    
0x00170da4,0x005723a4,ascii,Red2   
0x00170dac,0x005723ac,ascii,Blue   
0x00170db4,0x005723b4,ascii,Blue2  
0x00170dbc,0x005723bc,ascii,Yellow 
0x00170dc4,0x005723c4,ascii,Yellow2
0x00170dcc,0x005723cc,ascii,Green  
0x00170dd4,0x005723d4,ascii,Green2 
0x00170ddc,0x005723dc,ascii,Easy   
0x00170de4,0x005723e4,ascii,Normal 
0x00170dec,0x005723ec,ascii,Hard   
0x00170df4,0x005723f4,ascii,Lunatic
0x00170dfc,0x005723fc,ascii,Extra  
0x00170e04,0x00572404,ascii,O.D.   
0x00170e24,0x00572424,ascii,test   
0x00170e2c,0x0057242c,ascii,Stage 1
0x00170e34,0x00572434,ascii,Stage 2
0x00170e3c,0x0057243c,ascii,Stage 3
0x00170e44,0x00572444,ascii,Stage 4
0x00170e4c,0x0057244c,ascii,Stage 5
0x00170e54,0x00572454,ascii,Stage 6
0x00170e5c,0x0057245c,ascii,Clear  
0x00170e64,0x00572464,ascii,ExClear
0x00170e94,0x00572494,ascii,UnPause
0x00170eac,0x005724ac,ascii,        
0x00170eb8,0x005724b8,ascii,initialize PauseInf
0x00170ed0,0x005724d0,ascii,shutdown PauseInf
0x00170ee4,0x005724e4,ascii,D:\cygwin\home\zun\prog\th20\src\game\pause.cpp:238 PauseInf
0x00170f28,0x00572528,ascii,No.%.2d %s %.2d/%.2d/%.2d %s %s %s
0x00170f4c,0x0057254c,ascii,No.%.2d %s %.2d/%.2d/%.2d %s Sp %3d
0x00170f70,0x00572570,ascii,No.%.2d -------- --/--/-- ------ -- St-
0x00170f98,0x00572598,ascii,            Score Ranking!!
0x00170fb4,0x005725b4,ascii,%2d %s %9llu%d %.2d/%.2d/%.2d %s
0x00170fd8,0x005725d8,ascii,%2d %s %9llu%d --/--/-- Stage -
0x00170ff8,0x005725f8,ascii,Credit %d
0x00171028,0x00572628,ascii,th128_08
0x00171034,0x00572634,ascii,th20_%.2d.rpy
0x0017107c,0x0057267c,ascii,bad cast
0x00171098,0x00572698,ascii,bad locale name
0x001710a8,0x005726a8,ascii,false
0x001710e0,0x005726e0,ascii,gffffff
0x0017135c,0x0057295c,ascii,0e+00
0x001714f8,0x00572af8,ascii,ffffff
0x001715b8,0x00572bb8,ascii,initialize PlayerInf
0x001715d0,0x00572bd0,ascii,pl00.sht
0x001715dc,0x00572bdc,ascii,pl{:02}.anm
0x001715e8,0x00572be8,ascii,pl{:02}.sht
0x001715f4,0x00572bf4,ascii,shutdown PlayerInf
0x00171608,0x00572c08,ascii,D:\cygwin\home\zun\prog\th20\src\game\player.cpp:313 PlayerInf
0x001716ac,0x00572cac,ascii,Unmatched '}' in format string.
0x001716cc,0x00572ccc,ascii,Invalid format string.
0x001716e4,0x00572ce4,ascii,Unknown format specifier.
0x00171700,0x00572d00,ascii,Missing '}' in format string.
0x00171720,0x00572d20,ascii,Invalid encoded character in format string.
0x0017174c,0x00572d4c,ascii,Can not switch from manual to automatic indexing
0x00171780,0x00572d80,ascii,Number is too big
0x00171794,0x00572d94,ascii,Argument not found.
0x001717a8,0x00572da8,ascii,Invalid type specification.
0x001717c4,0x00572dc4,ascii,Invalid presentation type specifier
0x001717e8,0x00572de8,ascii,Invalid presentation type for bool
0x0017180c,0x00572e0c,ascii,Invalid presentation type for char
0x00171830,0x00572e30,ascii,Invalid presentation type for integer
0x00171858,0x00572e58,ascii,Invalid presentation type for floating-point
0x00171888,0x00572e88,ascii,Invalid presentation type for string
0x001718b0,0x00572eb0,ascii,Invalid presentation type for pointer
0x001718d8,0x00572ed8,ascii,Hash/sign modifier requires an arithmetic presentation type
0x00171918,0x00572f18,ascii,Zero modifier requires an arithmetic or pointer presentation type
0x0017195c,0x00572f5c,ascii,invalid fill character '{'
0x00171978,0x00572f78,ascii,Missing precision specifier.
0x001719bc,0x00572fbc,ascii,String pointer is null.
0x001719d4,0x00572fd4,ascii,Can not switch from automatic to manual indexing
0x00171a08,0x00573008,ascii,integral cannot be stored in char
0x00171a2c,0x0057302c,ascii,Invalid fill (too long).
0x00171a48,0x00573048,ascii,Format specifier requires numeric or pointer argument.
0x00171a80,0x00573080,ascii,Format specifier requires numeric argument.
0x00171abc,0x005730bc,ascii,Precision not allowed for this argument type.
0x00171aec,0x005730ec,ascii,Number is too big.
0x00171b00,0x00573100,ascii,Width is not an integer.
0x00171b1c,0x0057311c,ascii,Negative width.
0x00171b2c,0x0057312c,ascii,Precision is not an integer.
0x00171b4c,0x0057314c,ascii,Negative precision.
0x00171b62,0x00573162,ascii,L?fff@
0x00171c84,0x00573284,ascii,D:\cygwin\home\zun\prog\th20\src\game\plyshot.cpp:184 ShotInf
0x00171cf0,0x005732f0,ascii,D:\cygwin\home\zun\prog\th20\src\game\replay.h:140 ReplayRecDataInf
0x00171d38,0x00573338,ascii,D:\cygwin\home\zun\prog\th20\src\game\replay.cpp:48 ReplayFileHeaderInf
0x00171d80,0x00573380,ascii,D:\cygwin\home\zun\prog\th20\src\game\replay.cpp:54 ReplayDataHeaderInf
0x00171dc8,0x005733c8,ascii,D:\cygwin\home\zun\prog\th20\src\game\replay.cpp:55 ReplayStageDataHeaderInf
0x00171e18,0x00573418,ascii,RandomSeed %d
0x00171e28,0x00573428,ascii,D:\cygwin\home\zun\prog\th20\src\game\replay.cpp:169 ReplayInf
0x00171e68,0x00573468,ascii,D:\cygwin\home\zun\prog\th20\src\game\replay.cpp:188 ReplayInf
0x00171eac,0x005734ac,ascii,D:\cygwin\home\zun\prog\th20\src\game\replay.cpp:530 void
0x00171ee8,0x005734e8,ascii,D:\cygwin\home\zun\prog\th20\src\game\replay.cpp:585 char
0x00171f4c,0x0057354c,ascii,1.00c
0x00171f54,0x00573554,ascii,Version %s
0x00171f64,0x00573564,ascii,Name %s
0x00171f70,0x00573570,ascii,Date %.2d/%.2d/%.2d %.2d:%.2d
0x00171f90,0x00573590,ascii,Chara %s
0x00171f9c,0x0057359c,ascii,Rank %s
0x00171fa8,0x005735a8,ascii,Extra Stage Clear
0x00171fbc,0x005735bc,ascii,Stage All Clear
0x00171fd0,0x005735d0,ascii,Extra Stage
0x00171fe0,0x005735e0,ascii,Stage %d
0x00171fec,0x005735ec,ascii,Stage %d 
0x00172000,0x00573600,ascii,Score %llu
0x00172010,0x00573610,ascii,Slow Rate %2.2f
0x00172038,0x00573638,ascii,Attention : 
0x00172070,0x00573670,ascii,D:\cygwin\home\zun\prog\th20\src\game\replay.cpp:708 ReplayFrameDataInf
0x001720b8,0x005736b8,ascii,D:\cygwin\home\zun\prog\th20\src\game\replay.cpp:818 ReplayStageDataHeaderInf
0x0017210f,0x0057370f,ascii,C--------
0x0017211c,0x0057371c,ascii,scoreth20bak.dat
0x00172130,0x00573730,ascii,scoreth20.dat
0x00172140,0x00573740,ascii,Score.LoadThread end
0x00172158,0x00573758,ascii,Score.SaveThread end
0x00172170,0x00573770,ascii,D:\cygwin\home\zun\prog\th20\src\game\score.cpp:118 ScoreInf
0x001721b0,0x005737b0,ascii,Init ScoreFile
0x001721c0,0x005737c0,ascii,D:\cygwin\home\zun\prog\th20\src\game\score.cpp:175 ScoreFileHeaderInf
0x00172208,0x00573808,ascii,Attention : ScoreFile 
0x00172220,0x00573820,ascii, Version 
0x00172248,0x00573848,ascii,D:\cygwin\home\zun\prog\th20\src\game\score.cpp:201 ScoreChunkInf
0x0017228c,0x0057388c,ascii,error ScoreFile Data Error
0x001722a8,0x005738a8,ascii,D:\cygwin\home\zun\prog\th20\src\game\score.cpp:252 char
0x001722e4,0x005738e4,ascii,error : 
0x00172360,0x00573960,ascii,initialize SmallScoreInf
0x0017237c,0x0057397c,ascii,shutdown SmallScoreInf
0x00172398,0x00573998,ascii,D:\cygwin\home\zun\prog\th20\src\game\smallscore.cpp:57 SmallScoreInf
0x001723e0,0x005739e0,ascii,BONUS %.1f
0x001723ec,0x005739ec,ascii,NO BONUS
0x001723fa,0x005739fa,ascii,0Ast01.std
0x00172408,0x00573a08,ascii,st00.ecl
0x00172414,0x00573a14,ascii,th20_02
0x0017241c,0x00573a1c,ascii,st01a.msg
0x00172428,0x00573a28,ascii,st01b.msg
0x00172434,0x00573a34,ascii,st01c.msg
0x00172440,0x00573a40,ascii,st01d.msg
0x0017244c,0x00573a4c,ascii,st01logo.anm
0x0017245c,0x00573a5c,ascii,st01.ecl
0x00172468,0x00573a68,ascii,th20_03
0x00172470,0x00573a70,ascii,st01r0.msg
0x0017247c,0x00573a7c,ascii,st01r1.msg
0x00172488,0x00573a88,ascii,st01r2.msg
0x00172494,0x00573a94,ascii,st01r3.msg
0x001724a0,0x00573aa0,ascii,st01m0.msg
0x001724ac,0x00573aac,ascii,st01m1.msg
0x001724b8,0x00573ab8,ascii,st01m2.msg
0x001724c4,0x00573ac4,ascii,st01m3.msg
0x001724d0,0x00573ad0,ascii,st02.std
0x001724dc,0x00573adc,ascii,st02.ecl
0x001724e8,0x00573ae8,ascii,th20_04
0x001724f0,0x00573af0,ascii,th20_05
0x001724f8,0x00573af8,ascii,st02r0.msg
0x00172504,0x00573b04,ascii,st02r1.msg
0x00172510,0x00573b10,ascii,st02r2.msg
0x0017251c,0x00573b1c,ascii,st02r3.msg
0x00172528,0x00573b28,ascii,st02m0.msg
0x00172534,0x00573b34,ascii,st02m1.msg
0x00172540,0x00573b40,ascii,st02m2.msg
0x0017254c,0x00573b4c,ascii,st02m3.msg
0x00172558,0x00573b58,ascii,st02logo.anm
0x00172568,0x00573b68,ascii,st03.std
0x00172574,0x00573b74,ascii,st03.ecl
0x00172580,0x00573b80,ascii,th20_06
0x00172588,0x00573b88,ascii,th20_07
0x00172590,0x00573b90,ascii,st03r0.msg
0x0017259c,0x00573b9c,ascii,st03r1.msg
0x001725a8,0x00573ba8,ascii,st03r2.msg
0x001725b4,0x00573bb4,ascii,st03r3.msg
0x001725c0,0x00573bc0,ascii,st03m0.msg
0x001725cc,0x00573bcc,ascii,st03m1.msg
0x001725d8,0x00573bd8,ascii,st03m2.msg
0x001725e4,0x00573be4,ascii,st03m3.msg
0x001725f0,0x00573bf0,ascii,st03logo.anm
0x00172600,0x00573c00,ascii,st04.std
0x0017260c,0x00573c0c,ascii,st04.ecl
0x00172618,0x00573c18,ascii,th20_08
0x00172620,0x00573c20,ascii,th20_09
0x00172628,0x00573c28,ascii,st04r0.msg
0x00172634,0x00573c34,ascii,st04r1.msg
0x00172640,0x00573c40,ascii,st04r2.msg
0x0017264c,0x00573c4c,ascii,st04r3.msg
0x00172658,0x00573c58,ascii,st04m0.msg
0x00172664,0x00573c64,ascii,st04m1.msg
0x00172670,0x00573c70,ascii,st04m2.msg
0x0017267c,0x00573c7c,ascii,st04m3.msg
0x00172688,0x00573c88,ascii,st04logo.anm
0x00172698,0x00573c98,ascii,st05.std
0x001726a4,0x00573ca4,ascii,st05.ecl
0x001726b0,0x00573cb0,ascii,th20_10
0x001726b8,0x00573cb8,ascii,th20_11
0x001726c0,0x00573cc0,ascii,st05r0.msg
0x001726cc,0x00573ccc,ascii,st05r1.msg
0x001726d8,0x00573cd8,ascii,st05r2.msg
0x001726e4,0x00573ce4,ascii,st05r3.msg
0x001726f0,0x00573cf0,ascii,st05m0.msg
0x001726fc,0x00573cfc,ascii,st05m1.msg
0x00172708,0x00573d08,ascii,st05m2.msg
0x00172714,0x00573d14,ascii,st05m3.msg
0x00172720,0x00573d20,ascii,st05logo.anm
0x00172730,0x00573d30,ascii,st06.std
0x0017273c,0x00573d3c,ascii,st06.ecl
0x00172748,0x00573d48,ascii,th20_13
0x00172750,0x00573d50,ascii,th20_12
0x00172758,0x00573d58,ascii,st06r0.msg
0x00172764,0x00573d64,ascii,st06r1.msg
0x00172770,0x00573d70,ascii,st06r2.msg
0x0017277c,0x00573d7c,ascii,st06r3.msg
0x00172788,0x00573d88,ascii,st06m0.msg
0x00172794,0x00573d94,ascii,st06m1.msg
0x001727a0,0x00573da0,ascii,st06m2.msg
0x001727ac,0x00573dac,ascii,st06m3.msg
0x001727b8,0x00573db8,ascii,st06logo.anm
0x001727c8,0x00573dc8,ascii,st07.std
0x001727d4,0x00573dd4,ascii,st07.ecl
0x001727e0,0x00573de0,ascii,th20_17
0x001727e8,0x00573de8,ascii,th20_18
0x001727f0,0x00573df0,ascii,st07r0.msg
0x001727fc,0x00573dfc,ascii,st07r1.msg
0x00172808,0x00573e08,ascii,st07r2.msg
0x00172814,0x00573e14,ascii,st07r3.msg
0x00172820,0x00573e20,ascii,st07r4.msg
0x0017282c,0x00573e2c,ascii,st07r5.msg
0x00172838,0x00573e38,ascii,st07r6.msg
0x00172844,0x00573e44,ascii,st07r7.msg
0x00172850,0x00573e50,ascii,st07m0.msg
0x0017285c,0x00573e5c,ascii,st07m1.msg
0x00172868,0x00573e68,ascii,st07m2.msg
0x00172874,0x00573e74,ascii,st07m3.msg
0x00172880,0x00573e80,ascii,st07m4.msg
0x0017288c,0x00573e8c,ascii,st07m5.msg
0x00172898,0x00573e98,ascii,st07m6.msg
0x001728a4,0x00573ea4,ascii,st07m7.msg
0x001728b0,0x00573eb0,ascii,st07logo.anm
0x001728d0,0x00573ed0,ascii,initialize StageClearInf
0x001728ec,0x00573eec,ascii,shutdown StageClearInf
0x00172908,0x00573f08,ascii,D:\cygwin\home\zun\prog\th20\src\game\stageclear.cpp:89 StageClearInf
0x00172a40,0x00574040,ascii,StoneR
0x00172a48,0x00574048,ascii,StoneB
0x00172a50,0x00574050,ascii,StoneY
0x00172a58,0x00574058,ascii,StoneG
0x00172a60,0x00574060,ascii,StoneAttackLevel_R1
0x00172a74,0x00574074,ascii,StoneAttackLevel_R2
0x00172a88,0x00574088,ascii,StoneAttackLevel_R3
0x00172a9c,0x0057409c,ascii,StoneAttackLevel_R4
0x00172ab0,0x005740b0,ascii,StoneAttackLevel_R5
0x00172ac4,0x005740c4,ascii,StoneAttackLevel_B1
0x00172ad8,0x005740d8,ascii,StoneAttackLevel_B2
0x00172aec,0x005740ec,ascii,StoneAttackLevel_B3
0x00172b00,0x00574100,ascii,StoneAttackLevel_B4
0x00172b14,0x00574114,ascii,StoneAttackLevel_B5
0x00172b28,0x00574128,ascii,StoneAttackLevel_Y1
0x00172b3c,0x0057413c,ascii,StoneAttackLevel_Y2
0x00172b50,0x00574150,ascii,StoneAttackLevel_Y3
0x00172b64,0x00574164,ascii,StoneAttackLevel_Y4
0x00172b78,0x00574178,ascii,StoneAttackLevel_Y5
0x00172b8c,0x0057418c,ascii,StoneAttackLevel_G1
0x00172ba0,0x005741a0,ascii,StoneAttackLevel_G2
0x00172bb4,0x005741b4,ascii,StoneAttackLevel_G3
0x00172bc8,0x005741c8,ascii,StoneAttackLevel_G4
0x00172bdc,0x005741dc,ascii,StoneAttackLevel_G5
0x00172bf0,0x005741f0,ascii,D:\cygwin\home\zun\prog\th20\src\game\stoneenemy.cpp:67 StoneEnemyCtrlInf
0x00172c40,0x00574240,ascii,D:\cygwin\home\zun\prog\th20\src\game\stoneenemy.cpp:76 StoneEnemyInf
0x00172c88,0x00574288,ascii,Wonder Stone Appeared!
0x00172ca0,0x005742a0,ascii,Level 
0x00172ca8,0x005742a8,ascii,enemy
0x00172fc4,0x005745c4,ascii,REIMU_MAIN_RED
0x00172fd4,0x005745d4,ascii,REIMU_WIDE_RED
0x00172fe4,0x005745e4,ascii,REIMU_NARROW_RED
0x00172ff8,0x005745f8,ascii,REIMU_SUB_RED
0x00173008,0x00574608,ascii,REIMU_MAIN_RED2
0x00173018,0x00574618,ascii,REIMU_WIDE_RED2
0x00173028,0x00574628,ascii,REIMU_NARROW_RED2
0x0017303c,0x0057463c,ascii,REIMU_SUB_RED2
0x0017304c,0x0057464c,ascii,REIMU_MAIN_BLUE
0x0017305c,0x0057465c,ascii,REIMU_WIDE_BLUE
0x0017306c,0x0057466c,ascii,REIMU_NARROW_BLUE
0x00173080,0x00574680,ascii,REIMU_SUB_BLUE
0x00173090,0x00574690,ascii,REIMU_MAIN_BLUE2
0x001730a4,0x005746a4,ascii,REIMU_WIDE_BLUE2
0x001730b8,0x005746b8,ascii,REIMU_NARROW_BLUE2
0x001730cc,0x005746cc,ascii,REIMU_SUB_BLUE2
0x001730dc,0x005746dc,ascii,REIMU_MAIN_YELLOW
0x001730f0,0x005746f0,ascii,REIMU_WIDE_YELLOW
0x00173104,0x00574704,ascii,REIMU_NARROW_YELLOW
0x00173118,0x00574718,ascii,REIMU_SUB_YELLOW
0x0017312c,0x0057472c,ascii,REIMU_MAIN_YELLOW2
0x00173140,0x00574740,ascii,REIMU_WIDE_YELLOW2
0x00173154,0x00574754,ascii,REIMU_NARROW_YELLOW2
0x0017316c,0x0057476c,ascii,REIMU_SUB_YELLOW2
0x00173180,0x00574780,ascii,REIMU_MAIN_GREEN
0x00173194,0x00574794,ascii,REIMU_WIDE_GREEN
0x001731a8,0x005747a8,ascii,REIMU_NARROW_GREEN
0x001731bc,0x005747bc,ascii,REIMU_SUB_GREEN
0x001731cc,0x005747cc,ascii,REIMU_MAIN_GREEN2
0x001731e0,0x005747e0,ascii,REIMU_WIDE_GREEN2
0x001731f4,0x005747f4,ascii,REIMU_NARROW_GREEN2
0x00173208,0x00574808,ascii,REIMU_SUB_GREEN2
0x0017321c,0x0057481c,ascii,REIMU_MAIN_COMMON
0x00173230,0x00574830,ascii,REIMU_WIDE_COMMON
0x00173244,0x00574844,ascii,REIMU_NARROW_COMMON
0x00173258,0x00574858,ascii,REIMU_SUB_COMMON
0x0017326c,0x0057486c,ascii,MARISA_MAIN_RED
0x0017327c,0x0057487c,ascii,MARISA_WIDE_RED
0x0017328c,0x0057488c,ascii,MARISA_NARROW_RED
0x001732a0,0x005748a0,ascii,MARISA_SUB_RED
0x001732b0,0x005748b0,ascii,MARISA_MAIN_RED2
0x001732c4,0x005748c4,ascii,MARISA_WIDE_RED2
0x001732d8,0x005748d8,ascii,MARISA_NARROW_RED2
0x001732ec,0x005748ec,ascii,MARISA_SUB_RED2
0x001732fc,0x005748fc,ascii,MARISA_MAIN_BLUE
0x00173310,0x00574910,ascii,MARISA_WIDE_BLUE
0x00173324,0x00574924,ascii,MARISA_NARROW_BLUE
0x00173338,0x00574938,ascii,MARISA_SUB_BLUE
0x00173348,0x00574948,ascii,MARISA_MAIN_BLUE2
0x0017335c,0x0057495c,ascii,MARISA_WIDE_BLUE2
0x00173370,0x00574970,ascii,MARISA_NARROW_BLUE2
0x00173384,0x00574984,ascii,MARISA_SUB_BLUE2
0x00173398,0x00574998,ascii,MARISA_MAIN_YELLOW
0x001733ac,0x005749ac,ascii,MARISA_WIDE_YELLOW
0x001733c0,0x005749c0,ascii,MARISA_NARROW_YELLOW
0x001733d8,0x005749d8,ascii,MARISA_SUB_YELLOW
0x001733ec,0x005749ec,ascii,MARISA_MAIN_YELLOW2
0x00173400,0x00574a00,ascii,MARISA_WIDE_YELLOW2
0x00173414,0x00574a14,ascii,MARISA_NARROW_YELLOW2
0x0017342c,0x00574a2c,ascii,MARISA_SUB_YELLOW2
0x00173440,0x00574a40,ascii,MARISA_MAIN_GREEN
0x00173454,0x00574a54,ascii,MARISA_WIDE_GREEN
0x00173468,0x00574a68,ascii,MARISA_NARROW_GREEN
0x0017347c,0x00574a7c,ascii,MARISA_SUB_GREEN
0x00173490,0x00574a90,ascii,MARISA_MAIN_GREEN2
0x001734a4,0x00574aa4,ascii,MARISA_WIDE_GREEN2
0x001734b8,0x00574ab8,ascii,MARISA_NARROW_GREEN2
0x001734d0,0x00574ad0,ascii,MARISA_SUB_GREEN2
0x001734e4,0x00574ae4,ascii,MARISA_MAIN_COMMON
0x001734f8,0x00574af8,ascii,MARISA_WIDE_COMMON
0x0017350c,0x00574b0c,ascii,MARISA_NARROW_COMMON
0x00173524,0x00574b24,ascii,MARISA_SUB_COMMON
0x00173538,0x00574b38,ascii,REIMU_MAIN_RED_EX
0x0017354c,0x00574b4c,ascii,REIMU_MAIN_RED2_EX
0x00173560,0x00574b60,ascii,REIMU_MAIN_BLUE_EX
0x00173574,0x00574b74,ascii,REIMU_MAIN_BLUE2_EX
0x00173588,0x00574b88,ascii,REIMU_MAIN_YELLOW_EX
0x001735a0,0x00574ba0,ascii,REIMU_MAIN_YELLOW2_EX
0x001735b8,0x00574bb8,ascii,REIMU_MAIN_GREEN_EX
0x001735cc,0x00574bcc,ascii,REIMU_MAIN_GREEN2_EX
0x001735e4,0x00574be4,ascii,MARISA_MAIN_RED_EX
0x001735f8,0x00574bf8,ascii,MARISA_MAIN_RED2_EX
0x0017360c,0x00574c0c,ascii,MARISA_MAIN_BLUE_EX
0x00173620,0x00574c20,ascii,MARISA_MAIN_BLUE2_EX
0x00173638,0x00574c38,ascii,MARISA_MAIN_YELLOW_EX
0x00173650,0x00574c50,ascii,MARISA_MAIN_YELLOW2_EX
0x00173668,0x00574c68,ascii,MARISA_MAIN_GREEN_EX
0x00173680,0x00574c80,ascii,MARISA_MAIN_GREEN2_EX
0x001736b4,0x00574cb4,ascii,iostream
0x001736c0,0x00574cc0,ascii,iostream stream error
0x0017372c,0x00574d2c,ascii,ios_base::badbit set
0x00173744,0x00574d44,ascii,ios_base::failbit set
0x0017375c,0x00574d5c,ascii,ios_base::eofbit set
0x0017382c,0x00574e2c,ascii,initialize StoneMenuInf
0x00173848,0x00574e48,ascii,stone.anm
0x00173854,0x00574e54,ascii,stonetext.txt
0x00173864,0x00574e64,ascii,shitdown StoneMenuInf
0x00173880,0x00574e80,ascii,D:\cygwin\home\zun\prog\th20\src\game\stonemenu.cpp:302 StoneMenuInf
0x001739cc,0x00574fcc,ascii,initialize TitleInf
0x001739e4,0x00574fe4,ascii,title
0x001739ec,0x00574fec,ascii,title.anm
0x001739f8,0x00574ff8,ascii,title_v.anm
0x00173a04,0x00575004,ascii,shutdown TitleInf
0x00173a18,0x00575018,ascii,D:\cygwin\home\zun\prog\th20\src\game\title.cpp:219 TitleInf
0x00173a58,0x00575058,ascii,demo/demo1.rpy
0x00173a68,0x00575068,ascii,demo/demo2.rpy
0x00173a78,0x00575078,ascii,demo/demo3.rpy
0x00173a88,0x00575088,ascii,demo/demo4.rpy
0x00173a98,0x00575098,ascii,th20_01
0x00173ac8,0x005750c8,ascii,Game Start
0x00173ad4,0x005750d4,ascii,Extra Start
0x00173ae0,0x005750e0,ascii,Practice
0x00173aec,0x005750ec,ascii,Spell Practice
0x00173afc,0x005750fc,ascii,Replay
0x00173b04,0x00575104,ascii,Player Data
0x00173b10,0x00575110,ascii,Music Room
0x00173b1c,0x0057511c,ascii,Manual
0x00173b24,0x00575124,ascii,---------
0x00173b30,0x00575130,ascii,%.7d0
0x00173b38,0x00575138,ascii,th20_ud????.rpy
0x00173b48,0x00575148,ascii,No.%.2d %s %.2d/%.2d/%.2d %.2d:%.2d %s %s %s %s %2.1f%%
0x00173b80,0x00575180,ascii,No.%.2d -------- --/--/-- --:-- ------ ------- ------- --- ---%%
0x00173bc4,0x005751c4,ascii,%s  %s %.2d/%.2d/%.2d %.2d:%.2d %s %s %s%s %s %2.1f%%
0x00173bfc,0x005751fc,ascii,User  -------- --/--/-- --:-- ------ ------- ------- --- ---%%
0x00173c3c,0x0057523c,ascii,No.%.2d %s %.2d/%.2d/%.2d %.2d:%.2d %s %s SpellPr %3d %2.1f%%
0x00173c7c,0x0057527c,ascii,%s  ---------
0x00173c8c,0x0057528c,ascii,%s  %8llu%d
0x00173cc8,0x005752c8,ascii,%2d  %s  %9llu%d  %.4d/%.2d/%.2d %.2d:%.2d  %s  %2.1f%%
0x00173d00,0x00575300,ascii,%2d  %s  %9llu%d  ----/--/-- --:--  Stage -  ---%%
0x00173d38,0x00575338,ascii,No.%s%s%s   %s
0x00173d48,0x00575348,ascii,%4d/%4d
0x00173d50,0x00575350,ascii,No.%s%s%s   
0x00173d88,0x00575388,ascii,    %5d
0x00173d90,0x00575390,ascii,%3lld:%.2lld:%.2lld
0x00173da8,0x005753a8,ascii,No.%.2d %s %.2d/%.2d/%.2d %.2d:%.2d %s %s %s %2.1f%%
0x00173de0,0x005753e0,ascii,musiccmt.txt
0x00173f08,0x00575508,ascii,No.%2d  
0x00173f28,0x00575528,ascii, No.%3d  %s
0x00173f5c,0x0057555c,ascii, No.%3d  
0x00173f7c,0x0057557c,ascii,SCORE %8llu0  %4d/%4d
0x00173f94,0x00575594,ascii,GAME MODE        %4d/%4d
0x00173fb0,0x005755b0,ascii,SCORE        00  ----/----
0x00174010,0x00575610,ascii,D:\cygwin\home\zun\prog\th20\src\game\title.cpp:5302 RenderMeshInf
0x001740a4,0x005756a4,ascii,invalid stoi argument
0x001740bc,0x005756bc,ascii,stoi argument out of range
0x001740e8,0x005756e8,ascii,initialize TrophyInf
0x00174100,0x00575700,ascii,trophy.anm
0x0017410c,0x0057570c,ascii,shutdown TrophyInf
0x00174120,0x00575720,ascii,D:\cygwin\home\zun\prog\th20\src\game\trophy.cpp:92 TrophyMsgInf
0x00174164,0x00575764,ascii,trophy.txt
0x00174170,0x00575770,ascii,D:\cygwin\home\zun\prog\th20\src\game\trophy.cpp:181 TrophyInf
0x001741c4,0x005757c4,ascii,trophy
0x00174308,0x00575908,ascii,D:\cygwin\home\zun\prog\th20\src\game\weaponblue.cpp:39 StoneBlueReimuInf
0x001743d0,0x005759d0,ascii,D:\cygwin\home\zun\prog\th20\src\game\weaponblue2.cpp:51 StoneBlueReimu2Inf
0x001744a0,0x00575aa0,ascii,D:\cygwin\home\zun\prog\th20\src\game\weaponblue2_m.cpp:52 StoneBlueMarisa2Inf
0x00174570,0x00575b70,ascii,D:\cygwin\home\zun\prog\th20\src\game\weaponblue_m.cpp:39 StoneBlueMarisaInf
0x00174640,0x00575c40,ascii,D:\cygwin\home\zun\prog\th20\src\game\weapongreen.cpp:59 StoneGreenReimuInf
0x00174708,0x00575d08,ascii,D:\cygwin\home\zun\prog\th20\src\game\weapongreen2.cpp:73 StoneGreenReimu2Inf
0x001747d8,0x00575dd8,ascii,D:\cygwin\home\zun\prog\th20\src\game\weapongreen2_m.cpp:72 StoneGreenMarisa2Inf
0x001748a8,0x00575ea8,ascii,D:\cygwin\home\zun\prog\th20\src\game\weapongreen_m.cpp:59 StoneGreenMarisaInf
0x00174978,0x00575f78,ascii,D:\cygwin\home\zun\prog\th20\src\game\weaponred.cpp:42 StoneRedReimuInf
0x00174a40,0x00576040,ascii,D:\cygwin\home\zun\prog\th20\src\game\weaponred2.cpp:35 StoneRedReimu2Inf
0x00174b08,0x00576108,ascii,D:\cygwin\home\zun\prog\th20\src\game\weaponred2_m.cpp:36 StoneRedMarisa2Inf
0x00174bd8,0x005761d8,ascii,D:\cygwin\home\zun\prog\th20\src\game\weaponred_m.cpp:37 StoneRedMarisaInf
0x00174c34,0x00576234,ascii,initialize WeaponStoneInf
0x00174c50,0x00576250,ascii,aura.anm
0x00174c5c,0x0057625c,ascii,shitdown WeaponStoneInf
0x00174c78,0x00576278,ascii,D:\cygwin\home\zun\prog\th20\src\game\weaponstone.cpp:256 WeaponStoneInf
0x00174cd0,0x005762d0,ascii,D:\cygwin\home\zun\prog\th20\src\game\weaponstone.cpp:482 RenderMeshInf
0x00174d18,0x00576318,ascii,D:\cygwin\home\zun\prog\th20\src\game\weaponstone.cpp:652 RenderMeshInf
0x00174de0,0x005763e0,ascii,D:\cygwin\home\zun\prog\th20\src\game\weaponyellow.cpp:71 StoneYellowReimuInf
0x00174eb0,0x005764b0,ascii,D:\cygwin\home\zun\prog\th20\src\game\weaponyellow2.cpp:81 StoneYellowReimu2Inf
0x00174fd0,0x005765d0,ascii,D:\cygwin\home\zun\prog\th20\src\game\weaponyellow2_m.cpp:81 StoneYellowMarisa2Inf
0x001750f8,0x005766f8,ascii,D:\cygwin\home\zun\prog\th20\src\game\weaponyellow_m.cpp:72 StoneYellowMarisaInf
0x00175198,0x00576798,ascii,D:\cygwin\home\zun\prog\th20\src\pack\File.cpp:162 void
0x001751ec,0x005767ec,ascii,D:\cygwin\home\zun\prog\th20\src\pack\LzssUtil.cpp:57 BYTE
0x00175228,0x00576828,ascii,D:\cygwin\home\zun\prog\th20\src\pack\LzssUtil.cpp:202 BYTE
0x00175264,0x00576864,ascii,info : CurrentDirectory %s 
0x00175284,0x00576884,ascii,info : %s open arcfile
0x001752a0,0x005768a0,ascii,D:\cygwin\home\zun\prog\th20\src\pack\_ArcMngr.cpp:78 File
0x001752dc,0x005768dc,ascii,info : %s not found
0x001752f4,0x005768f4,ascii,info : %s close arcfile
0x00175310,0x00576910,ascii,D:\cygwin\home\zun\prog\th20\src\pack\_ArcMngr.cpp:173 BYTE
0x0017534c,0x0057694c,ascii,info : %s error
0x00175360,0x00576960,ascii,D:\cygwin\home\zun\prog\th20\src\pack\_ArcMngr.cpp:344 void
0x001753a0,0x005769a0,ascii,D:\cygwin\home\zun\prog\th20\src\pack\_ArcMngr.cpp:385 ARCFILE_INFO
0x001753e4,0x005769e4,ascii,D:\cygwin\home\zun\prog\th20\src\pack\_ArcMngr.cpp:422 char
0x00175420,0x00576a20,ascii, error : 
0x00175440,0x00576a40,ascii,D:\cygwin\home\zun\prog\th20\src\script\sptcmd.cpp:1013 SptBaseInf
0x00175488,0x00576a88,ascii,D:\cygwin\home\zun\prog\th20\src\script\sptcmd.cpp:1014 LinkInf<SptBaseInf*>
0x001754d8,0x00576ad8,ascii,error : Spt FileHeader ID error
0x001754fc,0x00576afc,ascii,error : Spt FileHeader Version error
0x00175524,0x00576b24,ascii,Script stack over
0x00175638,0x00576c38,utf-16le,api-ms-win-core-synch-l1-2-0.dll
0x0017567c,0x00576c7c,ascii,WaitOnAddress
0x0017568c,0x00576c8c,ascii,WakeByAddressSingle
0x001756a0,0x00576ca0,ascii,WakeByAddressAll
0x001756ec,0x00576cec,ascii,device or resource busy
0x00175704,0x00576d04,ascii,invalid argument
0x00175718,0x00576d18,ascii,no such process
0x00175728,0x00576d28,ascii,not enough memory
0x0017573c,0x00576d3c,ascii,operation not permitted
0x00175754,0x00576d54,ascii,resource deadlock would occur
0x00175774,0x00576d74,ascii,resource unavailable try again
0x00175794,0x00576d94,ascii,bad allocation
0x001757b0,0x00576db0,ascii,bad function call
0x001758f8,0x00576ef8,utf-16le,!x-sys-default-locale
0x00175e40,0x00577440,ascii,success
0x00175e48,0x00577448,ascii,address family not supported
0x00175e68,0x00577468,ascii,address in use
0x00175e78,0x00577478,ascii,address not available
0x00175e90,0x00577490,ascii,already connected
0x00175ea4,0x005774a4,ascii,argument list too long
0x00175ebc,0x005774bc,ascii,argument out of domain
0x00175ed4,0x005774d4,ascii,bad address
0x00175ee0,0x005774e0,ascii,bad file descriptor
0x00175ef4,0x005774f4,ascii,bad message
0x00175f00,0x00577500,ascii,broken pipe
0x00175f0c,0x0057750c,ascii,connection aborted
0x00175f20,0x00577520,ascii,connection already in progress
0x00175f40,0x00577540,ascii,connection refused
0x00175f54,0x00577554,ascii,connection reset
0x00175f68,0x00577568,ascii,cross device link
0x00175f7c,0x0057757c,ascii,destination address required
0x00175f9c,0x0057759c,ascii,directory not empty
0x00175fb0,0x005775b0,ascii,executable format error
0x00175fc8,0x005775c8,ascii,file exists
0x00175fd4,0x005775d4,ascii,file too large
0x00175fe4,0x005775e4,ascii,filename too long
0x00175ff8,0x005775f8,ascii,function not supported
0x00176010,0x00577610,ascii,host unreachable
0x00176024,0x00577624,ascii,identifier removed
0x00176038,0x00577638,ascii,illegal byte sequence
0x00176050,0x00577650,ascii,inappropriate io control operation
0x00176074,0x00577674,ascii,interrupted
0x00176080,0x00577680,ascii,invalid seek
0x00176090,0x00577690,ascii,io error
0x0017609c,0x0057769c,ascii,is a directory
0x001760ac,0x005776ac,ascii,message size
0x001760bc,0x005776bc,ascii,network down
0x001760cc,0x005776cc,ascii,network reset
0x001760dc,0x005776dc,ascii,network unreachable
0x001760f0,0x005776f0,ascii,no buffer space
0x00176100,0x00577700,ascii,no child process
0x00176114,0x00577714,ascii,no link
0x0017611c,0x0057771c,ascii,no lock available
0x00176130,0x00577730,ascii,no message available
0x00176148,0x00577748,ascii,no message
0x00176154,0x00577754,ascii,no protocol option
0x00176168,0x00577768,ascii,no space on device
0x0017617c,0x0057777c,ascii,no stream resources
0x00176190,0x00577790,ascii,no such device or address
0x001761ac,0x005777ac,ascii,no such device
0x001761bc,0x005777bc,ascii,no such file or directory
0x001761d8,0x005777d8,ascii,not a directory
0x001761e8,0x005777e8,ascii,not a socket
0x001761f8,0x005777f8,ascii,not a stream
0x00176208,0x00577808,ascii,not connected
0x00176218,0x00577818,ascii,not supported
0x00176228,0x00577828,ascii,operation canceled
0x0017623c,0x0057783c,ascii,operation in progress
0x00176254,0x00577854,ascii,operation not supported
0x0017626c,0x0057786c,ascii,operation would block
0x00176284,0x00577884,ascii,owner dead
0x00176290,0x00577890,ascii,permission denied
0x001762a4,0x005778a4,ascii,protocol error
0x001762b4,0x005778b4,ascii,protocol not supported
0x001762cc,0x005778cc,ascii,read only file system
0x001762e4,0x005778e4,ascii,result out of range
0x001762f8,0x005778f8,ascii,state not recoverable
0x00176310,0x00577910,ascii,stream timeout
0x00176320,0x00577920,ascii,text file busy
0x00176330,0x00577930,ascii,timed out
0x0017633c,0x0057793c,ascii,too many files open in system
0x0017635c,0x0057795c,ascii,too many files open
0x00176370,0x00577970,ascii,too many links
0x00176380,0x00577980,ascii,too many symbolic link levels
0x001763a0,0x005779a0,ascii,value too large
0x001763b0,0x005779b0,ascii,wrong protocol type
0x001763c4,0x005779c4,ascii,unknown error
0x001763d4,0x005779d4,utf-16le,kernel32.dll
0x001763f0,0x005779f0,ascii,GetTempPath2W
0x00178950,0x00579f50,ascii,433333333333333
0x00178a26,0x0057a026,ascii,N=`s%
0x00178b04,0x0057a104,ascii,u*/6(
0x00178bb0,0x0057a1b0,ascii,!4(x]
0x00178c74,0x0057a274,ascii,Haz[~i
0x00178d62,0x0057a362,ascii,1w`;l
0x00178db4,0x0057a3b4,ascii,!q^}M)R
0x00178f02,0x0057a502,ascii,=@53-;
0x00178f44,0x0057a544,ascii,",oGlN"
0x00179165,0x0057a765,ascii,4*?r^
0x00179393,0x0057a993,ascii,l%mDX=XG^
0x00179423,0x0057aa23,ascii,Y(=B*
0x00179566,0x0057ab66,ascii,%J\eH
0x001797d8,0x0057add8,ascii,",$,TPu"
0x00179840,0x0057ae40,ascii,* Bj*y
0x001799f9,0x0057aff9,ascii,V{dfK
0x00179a72,0x0057b072,ascii,}?G4g*
0x00179d28,0x0057b328,ascii,K3 sK
0x00179f48,0x0057b548,ascii,D4/LN
0x0017a019,0x0057b619,ascii,II]':j
0x0017a044,0x0057b644,ascii,JKvP[
0x0017a3e5,0x0057b9e5,ascii,31:viN<
0x0017a4b0,0x0057bab0,ascii,zo!T7
0x0017a4d0,0x0057bad0,ascii,/>tsF
0x0017a5e0,0x0057bbe0,ascii,\!4O5
0x0017a5f4,0x0057bbf4,ascii,BW6H;
0x0017a614,0x0057bc14,ascii,",tjPV"
0x0017a678,0x0057bc78,ascii,"e,<O7tC"
0x0017a923,0x0057bf23,ascii,$19;@)2
0x0017a946,0x0057bf46,ascii,\t`>.
0x0017abd4,0x0057c1d4,ascii,Rv87e
0x0017af62,0x0057c562,ascii, Ejs%
0x0017bd30,0x0057d330,ascii,$89=E
0x0017be52,0x0057d452,ascii,#89=E
0x0017bf8c,0x0057d58c,ascii,#89=E
0x0017c0de,0x0057d6de,ascii,#89=E
0x0017c230,0x0057d830,ascii,#89=E
0x0017c39a,0x0057d99a,ascii,#89=E
0x0017c504,0x0057db04,ascii,#89=E
0x0017c60f,0x0057dc0f,ascii,H#@Ow&
0x0017cce7,0x0057e2e7,ascii,"Z`>X5,"
0x0017cd68,0x0057e368,ascii,$;6m89
0x0017cf1a,0x0057e51a,ascii,#;6m89
0x0017d099,0x0057e699,ascii,3Sfr(
0x0017d0e4,0x0057e6e4,ascii,#;6m89
0x0017d263,0x0057e863,ascii,3Sfr(
0x0017d2ae,0x0057e8ae,ascii,#;6m89
0x0017d445,0x0057ea45,ascii,3Sfr(
0x0017d490,0x0057ea90,ascii,#;6m89
0x0017d627,0x0057ec27,ascii,3Sfr(
0x0017d672,0x0057ec72,ascii,#;6m89
0x0017d821,0x0057ee21,ascii,3Sfr(
0x0017d86c,0x0057ee6c,ascii,#;6m89P
0x0017d8b7,0x0057eeb7,ascii,",Z%CR"
0x0017da33,0x0057f033,ascii,3Sfr(
0x0017da7e,0x0057f07e,ascii,#;6m:
0x0017dc45,0x0057f245,ascii,3Sfr(
0x0017e216,0x0057f816,ascii,"R:\2"""
0x0017e2d8,0x0057f8d8,ascii,_5eh6
0x0017e43e,0x0057fa3e,ascii,a9>7QL
0x0017e4d8,0x0057fad8,ascii,$_.!@
0x0017e732,0x0057fd32,ascii,#_.!@
0x0017e7d0,0x0057fdd0,ascii,Hahx'
0x0017e98c,0x0057ff8c,ascii,#_.!@
0x0017ebfe,0x005801fe,ascii,#_.!@
0x0017ecb8,0x005802b8,ascii,atQl3
0x0017ee70,0x00580470,ascii,#_.!@
0x0017eec8,0x005804c8,ascii,qo`Q49
0x0017ef2a,0x0058052a,ascii,`tQl3
0x0017f0fa,0x005806fa,ascii,#_.!@
0x0017f152,0x00580752,ascii,po`Q49
0x0017f1b4,0x005807b4,ascii,`tQl3
0x0017f384,0x00580984,ascii,#_.!@
0x0017f3dc,0x005809dc,ascii,po`Q49
0x0017f43e,0x00580a3e,ascii,`tQl3
0x0017f4f8,0x00580af8,ascii,hmjpP
0x0017f626,0x00580c26,ascii,#_.!x
0x0017f67e,0x00580c7e,ascii,po`Q49
0x0017f6e0,0x00580ce0,ascii,`tQl3
0x0017f799,0x00580d99,ascii,^gmjpP
0x0017f938,0x00580f38,ascii,po`Q49
0x0017f99a,0x00580f9a,ascii,`tQl3
0x0017fa53,0x00581053,ascii,^gmjpP
0x0017fbf2,0x005811f2,ascii,po`Q49
0x0017fc54,0x00581254,ascii,`tQl3
0x0017fd0d,0x0058130d,ascii,^gmjpP
0x0017fec4,0x005814c4,ascii,po`Q49
0x0017ffdf,0x005815df,ascii,^gmjpP
0x001802b1,0x005818b1,ascii,^gmjpP
0x00180480,0x00581a80,ascii,"po\N"""
0x001804a0,0x00581aa0,ascii,gfkM=
0x001804c6,0x00581ac6,ascii,L&-\jA
0x0018059b,0x00581b9b,ascii,^gmjpP
0x00180608,0x00581c08,ascii,"EwZhN"""
0x0018078a,0x00581d8a,ascii,ffkM=
0x00180885,0x00581e85,ascii,^gmjp*
0x001808f2,0x00581ef2,ascii,"DwZhN"""
0x00180a8c,0x0058208c,ascii,ffkM=
0x00180b87,0x00582187,ascii,"^gm$x,"
0x00180bc1,0x005821c1,ascii,V?AgP
0x00180bf4,0x005821f4,ascii,"DwZhN"""
0x00180c90,0x00582290,ascii,eVt{!
0x00180d8e,0x0058238e,ascii,ffkM=
0x00180ec3,0x005824c3,ascii,V?AgP
0x00180ef6,0x005824f6,ascii,"DwZhN"""
0x001810a8,0x005826a8,ascii,ffkM=
0x001811dd,0x005827dd,ascii,V?AgP
0x00181210,0x00582810,ascii,"DwZhN"""
0x001813c2,0x005829c2,ascii,ffkM=
0x0018149f,0x00582a9f,ascii,Jqt@1
0x001814f7,0x00582af7,ascii,V?AgP
0x0018152a,0x00582b2a,ascii,"DwZhN"""
0x001816f4,0x00582cf4,ascii,ffkM=
0x00181829,0x00582e29,ascii,V?AgP
0x0018185c,0x00582e5c,ascii,"DwZhN"""
0x00181a26,0x00583026,ascii,ffkM_
0x00181b5b,0x0058315b,ascii,V?AgP
0x00181ea5,0x005834a5,ascii,V?AgPhU
0x00182070,0x00583670,ascii,E7RK(
0x001821ef,0x005837ef,ascii,V?AUE
0x001829b6,0x00583fb6,ascii,&+y|O{
0x00182c85,0x00584285,ascii,/_![G
0x00182e03,0x00584403,ascii,/_![GJ
0x00182fb1,0x005845b1,ascii,/_![GJ
0x00183136,0x00584736,ascii,{'e4|
0x00183177,0x00584777,ascii,/_![GJ
0x001832e6,0x005848e6,ascii,6:m&+
0x00183355,0x00584955,ascii,/_![GJ
0x0018344f,0x00584a4f,ascii,jA+cT
0x001834dc,0x00584adc,ascii,6:m&+
0x0018354b,0x00584b4b,ascii,/_![GJ
0x001835fc,0x00584bfc,ascii,~~ZP&
0x00183702,0x00584d02,ascii,6:m&+
0x00183771,0x00584d71,ascii,/_![GJ
0x00183822,0x00584e22,ascii,~~ZP&
0x00183940,0x00584f40,ascii,6:m&+
0x001839b0,0x00584fb0,ascii,_![GJ
0x00183a60,0x00585060,ascii,~~ZP&
0x00183b96,0x00585196,ascii,6:m&+
0x00183cb6,0x005852b6,ascii,~~ZP&
0x00183e04,0x00585404,ascii,6:m&+
0x00183f24,0x00585524,ascii,~~ZP&
0x001840a2,0x005856a2,ascii,6:m&+
0x001841c2,0x005857c2,ascii,~~ZP&
0x001841e4,0x005857e4,ascii,R-Np/
0x00184478,0x00585a78,ascii,~~ZP&
0x0018449a,0x00585a9a,ascii,R-Np/
0x001844a0,0x00585aa0,ascii,k_Hv5
0x001845d6,0x00585bd6,ascii,[NVJfx'
0x00184607,0x00585c07,ascii,R5qhi5
0x00184780,0x00585d80,ascii,R-Np/
0x001848bc,0x00585ebc,ascii,[NVJ2
0x00184a66,0x00586066,ascii,R-Np/
0x00184acc,0x005860cc,ascii,"j+""Mw^"
0x00184ba2,0x005861a2,ascii,[NVJ2
0x00184cf5,0x005862f5,ascii,v<L/{Q
0x00184d64,0x00586364,ascii,R-Np/
0x00184dca,0x005863ca,ascii,"j+""Mw^r"
0x00184ea0,0x005864a0,ascii,[NVJ2
0x00184f4f,0x0058654f,ascii,",c>qI3"
0x00185023,0x00586623,ascii,v<L/{
0x0018506c,0x0058666c,ascii,eLK(w
0x00185092,0x00586692,ascii,R-Np/
0x001850b5,0x005866b5,ascii,29|8(
0x001850f8,0x005866f8,ascii,"j+""Mw^r"
0x001851ce,0x005867ce,ascii,[NVJ2
0x00185369,0x00586969,ascii,v<L/{
0x001853b2,0x005869b2,ascii,eLK(w
0x001853d8,0x005869d8,ascii,R-Np/
0x001853fb,0x005869fb,ascii,29|8(
0x0018543e,0x00586a3e,ascii,"j+""Mw^r"
0x00185514,0x00586b14,ascii,[NVJ2
0x00185538,0x00586b38,ascii,=(:S(
0x001856c7,0x00586cc7,ascii,v<L/{
0x00185710,0x00586d10,ascii,eLK(w
0x00185759,0x00586d59,ascii,29|8(
0x00185775,0x00586d75,ascii,{Xb4z:
0x0018579c,0x00586d9c,ascii,"j+""Mw^r"
0x00185872,0x00586e72,ascii,[NVJ2
0x00185a3d,0x0058703d,ascii,v<L/{
0x00185a86,0x00587086,ascii,eLK(w
0x00185acf,0x005870cf,ascii,29|8(
0x00185aeb,0x005870eb,ascii,{Xb4z
0x00185b12,0x00587112,ascii,"j+""Mw^r"
0x00185be8,0x005871e8,ascii,[NVJ2
0x00185de3,0x005873e3,ascii,v<L/{
0x00185e2c,0x0058742c,ascii,eLK(w
0x00185e75,0x00587475,ascii,29|8(
0x00185e91,0x00587491,ascii,{Xb4z
0x00185eb8,0x005874b8,ascii,"j+""Mw^r"
0x001861a1,0x005877a1,ascii,v<L/{
0x001861ea,0x005877ea,ascii,eLK(w
0x00186233,0x00587833,ascii,29|8(
0x0018624f,0x0058784f,ascii,{Xb4z
0x00186278,0x00587878,ascii,"""Mw^r"
0x001865d8,0x00587bd8,ascii,eLK(w
0x00186621,0x00587c21,ascii,29|8(
0x0018663d,0x00587c3d,ascii,{Xb4z
0x00186a2b,0x0058802b,ascii,{Xb4z
0x00186e49,0x00588449,ascii,{Xb4z
0x00187d3c,0x0058933c,ascii,Nl!C5
0x00187ea6,0x005894a6,ascii,~yjS$
0x001881d2,0x005897d2,ascii,Nl!C5
0x001881f0,0x005897f0,ascii,E$E?(
0x00188328,0x00589928,ascii,EDBH$
0x0018833c,0x0058993c,ascii,~yjS6/
0x001885df,0x00589bdf,ascii,w33H$
0x00188680,0x00589c80,ascii,Nl!C5
0x001887ea,0x00589dea,ascii,~yjS6/1
0x00188a78,0x0058a078,ascii,"fe?,7"
0x00188b46,0x0058a146,ascii,Nl!C5
0x00188cb0,0x0058a2b0,ascii,~yjS6/1
0x0018903c,0x0058a63c,ascii,Nl!C5
0x001891a6,0x0058a7a6,ascii,~yjS6/1
0x00189532,0x0058ab32,ascii,Nl!C5
0x0018969c,0x0058ac9c,ascii,~yjS6/1
0x00189a58,0x0058b058,ascii,Nl!C5
0x00189bc2,0x0058b1c2,ascii,~yjS6/1
0x0018a100,0x0058b700,ascii,~yjS6/1
0x0018a670,0x0058bc70,ascii,jS6/1
0x0018ab2e,0x0058c12e,ascii,BXwxZH+
0x0018ab45,0x0058c145,ascii,dSp^z
0x0018af7e,0x0058c57e,ascii,"f>):oB"""
0x0018b010,0x0058c610,ascii,E\vi(
0x0018b0e3,0x0058c6e3,ascii,dSp^z0hS 6
0x0018b699,0x0058cc99,ascii,dSp^z0h
0x0018b8de,0x0058cede,ascii, P>GkD
0x0018bc7f,0x0058d27f,ascii,dSp^z0h
0x0018bec4,0x0058d4c4,ascii, P>Gg
0x0018c138,0x0058d738,ascii,"?h$2,"
0x0018c27d,0x0058d87d,ascii,dSp^z0h
0x0018c3ec,0x0058d9ec,ascii,"\%Fd""U"
0x0018c4c2,0x0058dac2,ascii, P>Gg
0x0018c893,0x0058de93,ascii,dSp^z0h
0x0018ca02,0x0058e002,ascii,"\%Fd""U"
0x0018cad8,0x0058e0d8,ascii, P>Gg
0x0018cec1,0x0058e4c1,ascii,dSp^z0h
0x0018d030,0x0058e630,ascii,"\%Fd""U"
0x0018d106,0x0058e706,ascii, P>Gg
0x0018d508,0x0058eb08,ascii,Sp^z0h
0x0018d518,0x0058eb18,ascii,d=.h$
0x0018d676,0x0058ec76,ascii,"\%Fd""U"
0x0018d74c,0x0058ed4c,ascii, P>Gg
0x0018dcec,0x0058f2ec,ascii,"\%Fd""U"
0x0018ddc2,0x0058f3c2,ascii, P>Gg
0x0018e362,0x0058f962,ascii,"\%Fd""U"
0x0018e438,0x0058fa38,ascii, P>Gg
0x0018e940,0x0058ff40,ascii,bY't&
0x0018ea08,0x00590008,ascii,"\%Fd""U"
0x0018f1df,0x005907df,ascii,hFr?m
0x0018f495,0x00590a95,ascii,|1T8x
0x0018f6d5,0x00590cd5,ascii,P?tb(
0x0018fb9b,0x0059119b,ascii,|1T8xBO`
0x0018fddb,0x005913db,ascii,P?tb(
0x0018fe3d,0x0059143d,ascii,4*REmv
0x0018fe6d,0x0059146d,ascii,"""P3gy"
0x0018ff90,0x00591590,ascii,"`u""Z2"
0x0018ffd8,0x005915d8,ascii,}Nws/
0x00190095,0x00591695,ascii,(ytR>u
0x00190124,0x00591724,ascii,}m9hR'>M.
0x001902b9,0x005918b9,ascii,|1T8xBO
0x00190395,0x00591995,ascii,J_7`3
0x0019043d,0x00591a3d,ascii,kqu]h
0x001904f9,0x00591af9,ascii,P?tb(
0x0019055b,0x00591b5b,ascii,4*REm
0x0019058b,0x00591b8b,ascii,"""P3gy"
0x001907b3,0x00591db3,ascii,(ytR>
0x00190842,0x00591e42,ascii,}m9hR'
0x001909ef,0x00591fef,ascii,|1T8xBO
0x00190acb,0x005920cb,ascii,J_7`3
0x00190b73,0x00592173,ascii,kqu]h
0x00190c2f,0x0059222f,ascii,P?tb(
0x00190c91,0x00592291,ascii,4*REm
0x00190cc1,0x005922c1,ascii,"""P3gy"
0x00190cf8,0x005922f8,ascii,:jW~1
0x00190ee9,0x005924e9,ascii,(ytR>
0x00190f78,0x00592578,ascii,}m9hR'
0x00191155,0x00592755,ascii,|1T8xBO
0x00191231,0x00592831,ascii,J_7`3
0x001912d9,0x005928d9,ascii,kqu]h
0x0019133d,0x0059293d,ascii,rF!Ff
0x00191395,0x00592995,ascii,P?tb(
0x001913f7,0x005929f7,ascii,4*REm
0x00191427,0x00592a27,ascii,"""P3gy"
0x0019164f,0x00592c4f,ascii,(ytR>
0x0019166e,0x00592c6e,ascii,rH6v6u
0x001916de,0x00592cde,ascii,}m9hR'
0x001918d3,0x00592ed3,ascii,|1T8xBO
0x001919af,0x00592faf,ascii,J_7`3
0x00191a57,0x00593057,ascii,kqu]h
0x00191abb,0x005930bb,ascii,rF!Ff
0x00191b13,0x00593113,ascii,P?tb(
0x00191b37,0x00593137,ascii,z3\Gc0
0x00191b75,0x00593175,ascii,4*REm
0x00191ba5,0x005931a5,ascii,"""P3gy"
0x00191dcd,0x005933cd,ascii,(ytR>
0x00191dec,0x005933ec,ascii,rH6v>
0x00191e5c,0x0059345c,ascii,}m9hR'
0x00192069,0x00593669,ascii,|1T8xBO
0x001920f0,0x005936f0,ascii,)BEI/
0x00192145,0x00593745,ascii,J_7`3
0x001921ed,0x005937ed,ascii,kqu]h
0x00192251,0x00593851,ascii,rF!Ff
0x001922a9,0x005938a9,ascii,P?tb(
0x0019230b,0x0059390b,ascii,4*REm
0x0019233b,0x0059393b,ascii,"""P3gy"
0x00192438,0x00593a38,ascii,zX:[2
0x00192527,0x00593b27,ascii,VHNzu
0x00192563,0x00593b63,ascii,(ytR>
0x00192582,0x00593b82,ascii,rH6v>
0x001925f2,0x00593bf2,ascii,}m9hR'
0x00192818,0x00593e18,ascii,1T8xBO
0x00192888,0x00593e88,ascii,t<{i$
0x001928f3,0x00593ef3,ascii,J_7`3
0x0019299b,0x00593f9b,ascii,kqu]h
0x001929ff,0x00593fff,ascii,rF!Ff
0x00192ab9,0x005940b9,ascii,4*REm
0x00192ae9,0x005940e9,ascii,"""P3gy"
0x00192be6,0x005941e6,ascii,zXP4;
0x00192d11,0x00594311,ascii,(ytR>
0x00192d30,0x00594330,ascii,rH6v>
0x00192da0,0x005943a0,ascii,}m9hR'
0x001930d1,0x005946d1,ascii,J_7`3
0x00193179,0x00594779,ascii,kqu]h
0x001931dd,0x005947dd,ascii,rF!Ff
0x0019350e,0x00594b0e,ascii,rH6v>
0x0019367e,0x00594c7e,ascii,3']t2+1
0x001936ae,0x00594cae,ascii,x`.+eh%
0x00193788,0x00594d88,ascii,daZ+ 
0x00193937,0x00594f37,ascii,'wnGz$
0x001939d3,0x00594fd3,ascii,rF!Ff
0x00193c38,0x00595238,ascii,\Xw^(
0x00193d04,0x00595304,ascii,rH6v>
0x00193e74,0x00595474,ascii,"3']t"""
0x00193ea4,0x005954a4,ascii,x`.+WV+
0x001941e1,0x005957e1,ascii,rF!Ff
0x001944c0,0x00595ac0,ascii,xxj81
0x00194512,0x00595b12,ascii,rH6v>
0x00194682,0x00595c82,ascii,"3']t"""
0x001946b2,0x00595cb2,ascii,x`.+WV
0x00194867,0x00595e67,ascii,=33s?
0x0019498b,0x00595f8b,ascii,L'knN
0x00194a2a,0x0059602a,ascii,1w-!O?
0x00194a3f,0x0059603f,ascii,?ffffff
0x00194a5c,0x0059605c,ascii,UMP?7
0x00194a77,0x00596077,ascii,?fffff
0x00194b1b,0x0059611b,ascii,tHbP?
0x00194b37,0x00596137,ascii,?8EGr
0x00194b6b,0x0059616b,ascii,IMbP?i
0x00194ba7,0x005961a7,ascii,@3333
0x00194c24,0x00596224,ascii,MbP?}F
0x00194c6e,0x0059626e,ascii,.Afff
0x00194c8c,0x0059628c,ascii,MbP?{
0x00194df4,0x005963f4,ascii,MbP?8
0x00194e7c,0x0059647c,ascii,MbP?Z
0x00194eec,0x005964ec,ascii,vH7Bf
0x00194f0c,0x0059650c,ascii,MbP?^
0x00194fa4,0x005965a4,ascii,MbP?w
0x00195044,0x00596644,ascii,MbP?z
0x0019514b,0x0059674b,ascii,9Y>)F$
0x00195173,0x00596773,ascii,raB3G
0x001952f5,0x005968f5,ascii,[*QlU
0x00195323,0x00596923,ascii,"mr""iR"
0x0019534d,0x0059694d,ascii,-sSN\
0x0019541f,0x00596a1f,ascii,X4AHx
0x0019545f,0x00596a5f,ascii,Z~$|7
0x00195565,0x00596b65,ascii,s\ax}?
0x001955d3,0x00596bd3,ascii,tC7Ddw
0x0019560f,0x00596c0f,ascii,eax~Z
0x00195675,0x00596c75,ascii,ekhHD
0x001956f7,0x00596cf7,ascii,k*do^
0x0019572b,0x00596d2b,ascii,:V!2m
0x0019588d,0x00596e8d,ascii,STv.N
0x001958e7,0x00596ee7,ascii,xg^Jp5|
0x0019592e,0x00596f2e,ascii,{zel#|67
0x00195a10,0x00597010,ascii,invalid random_device value
0x00195a2c,0x0059702c,ascii,GetSystemTimePreciseAsFileTime
0x00195a80,0x00597080,ascii,0123456789abcdefghijklmnopqrstuvwxyz
0x00195ad0,0x005970d0,ascii,0123456789abcdefghijklmnopqrstuvwxyz
0x00195b90,0x00597190,ascii,bad exception
0x00195f28,0x00597528,ascii,__based(
0x00195f34,0x00597534,ascii,__cdecl
0x00195f3c,0x0059753c,ascii,__stdcall
0x00195f48,0x00597548,ascii,__thiscall
0x00195f54,0x00597554,ascii,__fastcall
0x00195f60,0x00597560,ascii,__vectorcall
0x00195f70,0x00597570,ascii,__preserve_none
0x00195f80,0x00597580,ascii,__clrcall
0x00195f8c,0x0059758c,ascii,__eabi
0x00195f94,0x00597594,ascii,__swift_1
0x00195fa0,0x005975a0,ascii,__swift_2
0x00195fac,0x005975ac,ascii,__swift_3
0x00195fb8,0x005975b8,ascii,__ptr64
0x00195fc0,0x005975c0,ascii,__restrict
0x00195fcc,0x005975cc,ascii,__unaligned
0x00195fd8,0x005975d8,ascii,restrict(
0x00195fec,0x005975ec,ascii, delete
0x00196010,0x00597610,ascii,operator
0x00196084,0x00597684,ascii,`vftable'
0x00196090,0x00597690,ascii,`vbtable'
0x0019609c,0x0059769c,ascii,`vcall'
0x001960a4,0x005976a4,ascii,`typeof'
0x001960b0,0x005976b0,ascii,`local static guard'
0x001960c8,0x005976c8,ascii,`string'
0x001960d4,0x005976d4,ascii,`vbase destructor'
0x001960e8,0x005976e8,ascii,`vector deleting destructor'
0x00196108,0x00597708,ascii,`default constructor closure'
0x00196128,0x00597728,ascii,`scalar deleting destructor'
0x00196148,0x00597748,ascii,`vector constructor iterator'
0x00196168,0x00597768,ascii,`vector destructor iterator'
0x00196188,0x00597788,ascii,`vector vbase constructor iterator'
0x001961ac,0x005977ac,ascii,`virtual displacement map'
0x001961c8,0x005977c8,ascii,`eh vector constructor iterator'
0x001961ec,0x005977ec,ascii,`eh vector destructor iterator'
0x0019620c,0x0059780c,ascii,`eh vector vbase constructor iterator'
0x00196234,0x00597834,ascii,`copy constructor closure'
0x00196250,0x00597850,ascii,`udt returning'
0x00196264,0x00597864,ascii,`RTTI
0x0019626c,0x0059786c,ascii,`local vftable'
0x0019627c,0x0059787c,ascii,`local vftable constructor closure'
0x001962a0,0x005978a0,ascii, new[]
0x001962a8,0x005978a8,ascii, delete[]
0x001962b4,0x005978b4,ascii,`omni callsig'
0x001962c4,0x005978c4,ascii,`placement delete closure'
0x001962e0,0x005978e0,ascii,`placement delete[] closure'
0x00196300,0x00597900,ascii,`managed vector constructor iterator'
0x00196328,0x00597928,ascii,`managed vector destructor iterator'
0x00196350,0x00597950,ascii,`eh vector copy constructor iterator'
0x00196378,0x00597978,ascii,`eh vector vbase copy constructor iterator'
0x001963a4,0x005979a4,ascii,`dynamic initializer for '
0x001963c0,0x005979c0,ascii,`dynamic atexit destructor for '
0x001963e4,0x005979e4,ascii,`vector copy constructor iterator'
0x00196408,0x00597a08,ascii,`vector vbase copy constructor iterator'
0x00196434,0x00597a34,ascii,`managed vector copy constructor iterator'
0x00196460,0x00597a60,ascii,`local static thread guard'
0x0019647c,0x00597a7c,ascii,"operator """" "
0x0019648c,0x00597a8c,ascii,operator co_await
0x001964a0,0x00597aa0,ascii,operator<=>
0x001964ac,0x00597aac,ascii, Type Descriptor'
0x001964c0,0x00597ac0,ascii, Base Class Descriptor at (
0x001964dc,0x00597adc,ascii, Base Class Array'
0x001964f0,0x00597af0,ascii, Class Hierarchy Descriptor'
0x00196510,0x00597b10,ascii, Complete Object Locator'
0x0019652c,0x00597b2c,ascii,`anonymous namespace'
0x0019654e,0x00597b4e,utf-16le,Yapi-ms-win-core-fibers-l1-1-1
0x0019658c,0x00597b8c,utf-16le,api-ms-win-core-synch-l1-2-0
0x001965c8,0x00597bc8,utf-16le,kernel32
0x001965dc,0x00597bdc,utf-16le,api-ms-
0x001965f4,0x00597bf4,ascii,FlsAlloc
0x00196608,0x00597c08,ascii,FlsFree
0x00196618,0x00597c18,ascii,FlsGetValue
0x0019662c,0x00597c2c,ascii,FlsSetValue
0x00196640,0x00597c40,ascii,InitializeCriticalSectionEx
0x00196760,0x00597d60,utf-16le,(null)
0x00196770,0x00597d70,ascii,(null)
0x001968c4,0x00597ec4,ascii,[aOni*{
0x0019699b,0x00597f9b,ascii,eLK(w
0x00196aa5,0x005980a5,ascii,~ $s%r
0x00196ab4,0x005980b4,ascii,@b;zO]
0x00196bcc,0x005981cc,ascii,"iu+-,"
0x00196c3d,0x0059823d,ascii,obwQ4
0x00196e8f,0x0059848f,ascii,v2!L.2
0x00197012,0x00598612,ascii,^<V7w
0x00197140,0x00598740,utf-16le,minkernel\crts\ucrt\inc\corecrt_internal_strtox.h
0x001971a8,0x005987a8,utf-16le,__crt_strtox::floating_point_value::as_double
0x00197204,0x00598804,utf-16le,_is_double
0x00197220,0x00598820,utf-16le,__crt_strtox::floating_point_value::as_float
0x0019727c,0x0059887c,utf-16le,!_is_double
0x00197320,0x00598920,utf-16le,INITY
0x0019732c,0x0059892c,utf-16le,inity
0x00197348,0x00598948,utf-16le,SNAN)
0x00197354,0x00598954,utf-16le,snan)
0x00197360,0x00598960,utf-16le,IND)ind)
0x00197640,0x00598c40,utf-16le,         (((((                  H
0x001978e0,0x00598ee0,ascii," !""#$%&'()*+,-./0123456789:;<=>?@abcdefghijklmnopqrstuvwxyz[\]^_`abcdefghijklmnopqrstuvwxyz{|}~"
0x00197a60,0x00599060,ascii," !""#$%&'()*+,-./0123456789:;<=>?@ABCDEFGHIJKLMNOPQRSTUVWXYZ[\]^_`ABCDEFGHIJKLMNOPQRSTUVWXYZ{|}~"
0x00197b42,0x00599142,utf-16le,         (((((                  H
0x00197c40,0x00599240,utf-16le,      (                          
0x00197de4,0x005993e4,utf-16le,mscoree.dll
0x00197dfc,0x005993fc,ascii,CorExitProcess
0x00197f84,0x00599584,ascii,log10
0x00197fbc,0x005995bc,ascii,atan2
0x00197fe0,0x005995e0,ascii,floor
0x00197ff8,0x005995f8,ascii,ldexp
0x00198000,0x00599600,ascii,_cabs
0x00198008,0x00599608,ascii,_hypot
0x00198018,0x00599618,ascii,frexp
0x0019802c,0x0059962c,ascii,_logb
0x00198034,0x00599634,ascii,_nextafter
0x0019805f,0x0059965f,ascii," !""#$%&'()*+,-./0123456789:;<=>?@ABCDEFGHIJKLMNOPQRSTUVWXYZ[\]^_`abcdefghijklmnopqrstuvwxyz{|}~"
0x00198106,0x00599706,utf-16le,VLC_ALL
0x00198118,0x00599718,utf-16le,LC_COLLATE
0x00198130,0x00599730,utf-16le,LC_CTYPE
0x00198144,0x00599744,utf-16le,LC_MONETARY
0x0019815c,0x0059975c,utf-16le,LC_NUMERIC
0x00198174,0x00599774,utf-16le,LC_TIME
0x00198210,0x00599810,utf-16le,api-ms-win-core-datetime-l1-1-1
0x00198250,0x00599850,utf-16le,api-ms-win-core-fibers-l1-1-2
0x0019828c,0x0059988c,utf-16le,api-ms-win-core-file-l1-2-4
0x001982c4,0x005998c4,utf-16le,api-ms-win-core-file-l1-2-2
0x001982fc,0x005998fc,utf-16le,api-ms-win-core-file-l2-1-4
0x00198338,0x00599938,utf-16le,api-ms-win-core-localization-l1-2-1
0x00198380,0x00599980,utf-16le,api-ms-win-core-localization-obsolete-l1-2-0
0x001983e0,0x005999e0,utf-16le,api-ms-win-core-processthreads-l1-1-2
0x0019842c,0x00599a2c,utf-16le,api-ms-win-core-string-l1-1-0
0x00198468,0x00599a68,utf-16le,api-ms-win-core-sysinfo-l1-2-1
0x001984a8,0x00599aa8,utf-16le,api-ms-win-core-winrt-l1-1-0
0x001984e4,0x00599ae4,utf-16le,api-ms-win-core-xstate-l2-1-0
0x00198520,0x00599b20,utf-16le,api-ms-win-rtcore-ntuser-window-l1-1-0
0x00198570,0x00599b70,utf-16le,api-ms-win-security-systemfunctions-l1-1-0
0x001985c8,0x00599bc8,utf-16le,ext-ms-win-ntuser-dialogbox-l1-1-0
0x00198610,0x00599c10,utf-16le,ext-ms-win-ntuser-windowstation-l1-1-0
0x00198660,0x00599c60,utf-16le,advapi32
0x00198674,0x00599c74,utf-16le,kernelbase
0x0019868c,0x00599c8c,utf-16le,ntdll
0x00198698,0x00599c98,utf-16le,api-ms-win-appmodel-runtime-l1-1-2
0x001986e0,0x00599ce0,utf-16le,user32
0x001986f0,0x00599cf0,utf-16le,ext-ms-
0x00198704,0x00599d04,ascii,AreFileApisANSI
0x0019871c,0x00599d1c,ascii,CompareStringEx
0x00198734,0x00599d34,ascii,EnumSystemLocalesEx
0x00198750,0x00599d50,ascii,FlsGetValue2
0x00198768,0x00599d68,ascii,GetDateFormatEx
0x00198780,0x00599d80,ascii,GetLocaleInfoEx
0x00198798,0x00599d98,ascii,GetTimeFormatEx
0x001987b0,0x00599db0,ascii,GetUserDefaultLocaleName
0x001987d4,0x00599dd4,ascii,IsValidLocaleName
0x001987f0,0x00599df0,ascii,LCMapStringEx
0x00198808,0x00599e08,ascii,LCIDToLocaleName
0x00198824,0x00599e24,ascii,LocaleNameToLCID
0x0019883c,0x00599e3c,ascii,RoInitialize
0x00198850,0x00599e50,ascii,RoUninitialize
0x00198864,0x00599e64,ascii,AppPolicyGetProcessTerminationMethod
0x00198890,0x00599e90,ascii,AppPolicyGetThreadInitializationType
0x001988c0,0x00599ec0,ascii,SystemFunction036
0x00198a3c,0x0059a03c,ascii,Sunday
0x00198a44,0x0059a044,ascii,Monday
0x00198a4c,0x0059a04c,ascii,Tuesday
0x00198a54,0x0059a054,ascii,Wednesday
0x00198a60,0x0059a060,ascii,Thursday
0x00198a6c,0x0059a06c,ascii,Friday
0x00198a74,0x0059a074,ascii,Saturday
0x00198ab0,0x0059a0b0,ascii,January
0x00198ab8,0x0059a0b8,ascii,February
0x00198ac4,0x0059a0c4,ascii,March
0x00198acc,0x0059a0cc,ascii,April
0x00198ae4,0x0059a0e4,ascii,August
0x00198aec,0x0059a0ec,ascii,September
0x00198af8,0x0059a0f8,ascii,October
0x00198b00,0x0059a100,ascii,November
0x00198b0c,0x0059a10c,ascii,December
0x00198b20,0x0059a120,ascii,MM/dd/yy
0x00198b2c,0x0059a12c,ascii,"dddd, MMMM dd, yyyy"
0x00198b40,0x0059a140,ascii,HH:mm:ss
0x00198b84,0x0059a184,utf-16le,Sunday
0x00198b94,0x0059a194,utf-16le,Monday
0x00198ba4,0x0059a1a4,utf-16le,Tuesday
0x00198bb4,0x0059a1b4,utf-16le,Wednesday
0x00198bc8,0x0059a1c8,utf-16le,Thursday
0x00198bdc,0x0059a1dc,utf-16le,Friday
0x00198bec,0x0059a1ec,utf-16le,Saturday
0x00198c60,0x0059a260,utf-16le,January
0x00198c70,0x0059a270,utf-16le,February
0x00198c84,0x0059a284,utf-16le,March
0x00198c90,0x0059a290,utf-16le,April
0x00198cb4,0x0059a2b4,utf-16le,August
0x00198cc4,0x0059a2c4,utf-16le,September
0x00198cd8,0x0059a2d8,utf-16le,October
0x00198ce8,0x0059a2e8,utf-16le,November
0x00198cfc,0x0059a2fc,utf-16le,December
0x00198d20,0x0059a320,utf-16le,MM/dd/yy
0x00198d34,0x0059a334,utf-16le,"dddd, MMMM dd, yyyy"
0x00198d5c,0x0059a35c,utf-16le,HH:mm:ss
0x00198d70,0x0059a370,utf-16le,en-US
0x00198dc8,0x0059a3c8,ascii,NAN(SNAN)
0x00198dd4,0x0059a3d4,ascii,NAN(IND)
0x00198de0,0x0059a3e0,ascii,e+000
0x00198e78,0x0059a478,ascii,UUUUUU
0x00198e80,0x0059a480,ascii,333333
0x00198e97,0x0059a497,ascii,?333333
0x00198ea7,0x0059a4a7,ascii,?UUUUUU
0x00198ebf,0x0059a4bf,ascii,?$rxxx
0x00198f1f,0x0059a51f,ascii,7atan
0x00198f60,0x0059a560,ascii,RUUUUU
0x00198fe1,0x0059a5e1,ascii,TUUUU
0x00199090,0x0059a690,ascii,UUUUUU
0x001990a7,0x0059a6a7,ascii,?UUUUUU
0x001990d3,0x0059a6d3,ascii,m0_$@
0x001991d0,0x0059a7d0,ascii,UUUUUU
0x001991e7,0x0059a7e7,ascii,?UUUUUU
0x00199213,0x0059a813,ascii,m0_$@
0x00199283,0x0059a883,ascii,m0_$@
0x0019928b,0x0059a88b,ascii,m0_$@
0x00199381,0x0059a981,ascii,atan2
0x001993fe,0x0059a9fe,utf-16le,Yja-JP
0x0019940c,0x0059aa0c,utf-16le,zh-CN
0x00199418,0x0059aa18,utf-16le,ko-KR
0x00199424,0x0059aa24,utf-16le,zh-TW
0x00199858,0x0059ae58,utf-16le,american
0x0019986c,0x0059ae6c,utf-16le,american english
0x00199890,0x0059ae90,utf-16le,american-english
0x001998b4,0x0059aeb4,utf-16le,australian
0x001998cc,0x0059aecc,utf-16le,belgian
0x001998dc,0x0059aedc,utf-16le,canadian
0x00199900,0x0059af00,utf-16le,chinese
0x00199910,0x0059af10,utf-16le,chinese-hongkong
0x00199934,0x0059af34,utf-16le,chinese-simplified
0x0019995c,0x0059af5c,utf-16le,chinese-singapore
0x00199980,0x0059af80,utf-16le,chinese-traditional
0x001999a8,0x0059afa8,utf-16le,dutch-belgian
0x001999c4,0x0059afc4,utf-16le,english-american
0x001999e8,0x0059afe8,utf-16le,english-aus
0x00199a00,0x0059b000,utf-16le,english-belize
0x00199a20,0x0059b020,utf-16le,english-can
0x00199a38,0x0059b038,utf-16le,english-caribbean
0x00199a5c,0x0059b05c,utf-16le,english-ire
0x00199a74,0x0059b074,utf-16le,english-jamaica
0x00199a94,0x0059b094,utf-16le,english-nz
0x00199aac,0x0059b0ac,utf-16le,english-south africa
0x00199ad8,0x0059b0d8,utf-16le,english-trinidad y tobago
0x00199b0c,0x0059b10c,utf-16le,english-uk
0x00199b24,0x0059b124,utf-16le,english-us
0x00199b3c,0x0059b13c,utf-16le,english-usa
0x00199b54,0x0059b154,utf-16le,french-belgian
0x00199b74,0x0059b174,utf-16le,french-canadian
0x00199b94,0x0059b194,utf-16le,french-luxembourg
0x00199bb8,0x0059b1b8,utf-16le,french-swiss
0x00199bd4,0x0059b1d4,utf-16le,german-austrian
0x00199bf4,0x0059b1f4,utf-16le,german-lichtenstein
0x00199c1c,0x0059b21c,utf-16le,german-luxembourg
0x00199c40,0x0059b240,utf-16le,german-swiss
0x00199c5c,0x0059b25c,utf-16le,irish-english
0x00199c78,0x0059b278,utf-16le,italian-swiss
0x00199c94,0x0059b294,utf-16le,norwegian
0x00199ca8,0x0059b2a8,utf-16le,norwegian-bokmal
0x00199ccc,0x0059b2cc,utf-16le,norwegian-nynorsk
0x00199cf0,0x0059b2f0,utf-16le,portuguese-brazilian
0x00199d1c,0x0059b31c,utf-16le,spanish-argentina
0x00199d40,0x0059b340,utf-16le,spanish-bolivia
0x00199d60,0x0059b360,utf-16le,spanish-chile
0x00199d7c,0x0059b37c,utf-16le,spanish-colombia
0x00199da0,0x0059b3a0,utf-16le,spanish-costa rica
0x00199dc8,0x0059b3c8,utf-16le,spanish-dominican republic
0x00199e00,0x0059b400,utf-16le,spanish-ecuador
0x00199e20,0x0059b420,utf-16le,spanish-el salvador
0x00199e48,0x0059b448,utf-16le,spanish-guatemala
0x00199e6c,0x0059b46c,utf-16le,spanish-honduras
0x00199e90,0x0059b490,utf-16le,spanish-mexican
0x00199eb0,0x0059b4b0,utf-16le,spanish-modern
0x00199ed0,0x0059b4d0,utf-16le,spanish-nicaragua
0x00199ef4,0x0059b4f4,utf-16le,spanish-panama
0x00199f14,0x0059b514,utf-16le,spanish-paraguay
0x00199f38,0x0059b538,utf-16le,spanish-peru
0x00199f54,0x0059b554,utf-16le,spanish-puerto rico
0x00199f7c,0x0059b57c,utf-16le,spanish-uruguay
0x00199f9c,0x0059b59c,utf-16le,spanish-venezuela
0x00199fc0,0x0059b5c0,utf-16le,swedish-finland
0x00199fe0,0x0059b5e0,utf-16le,swiss
0x0019a004,0x0059b604,utf-16le,america
0x0019a014,0x0059b614,utf-16le,britain
0x0019a024,0x0059b624,utf-16le,china
0x0019a030,0x0059b630,utf-16le,czech
0x0019a03c,0x0059b63c,utf-16le,england
0x0019a04c,0x0059b64c,utf-16le,great britain
0x0019a068,0x0059b668,utf-16le,holland
0x0019a078,0x0059b678,utf-16le,hong-kong
0x0019a08c,0x0059b68c,utf-16le,new-zealand
0x0019a0ac,0x0059b6ac,utf-16le,pr china
0x0019a0c0,0x0059b6c0,utf-16le,pr-china
0x0019a0d4,0x0059b6d4,utf-16le,puerto-rico
0x0019a0ec,0x0059b6ec,utf-16le,slovak
0x0019a0fc,0x0059b6fc,utf-16le,south africa
0x0019a118,0x0059b718,utf-16le,south korea
0x0019a130,0x0059b730,utf-16le,south-africa
0x0019a14c,0x0059b74c,utf-16le,south-korea
0x0019a164,0x0059b764,utf-16le,trinidad & tobago
0x0019a188,0x0059b788,utf-16le,united-kingdom
0x0019a1a8,0x0059b7a8,utf-16le,united-states
0x0019a1d8,0x0059b7d8,utf-16le,utf-8
0x0019a938,0x0059bf38,utf-16le,zh-CHS
0x0019ab30,0x0059c130,utf-16le,ar-SA
0x0019ab3c,0x0059c13c,utf-16le,bg-BG
0x0019ab48,0x0059c148,utf-16le,ca-ES
0x0019ab54,0x0059c154,utf-16le,cs-CZ
0x0019ab60,0x0059c160,utf-16le,da-DK
0x0019ab6c,0x0059c16c,utf-16le,de-DE
0x0019ab78,0x0059c178,utf-16le,el-GR
0x0019ab84,0x0059c184,utf-16le,fi-FI
0x0019ab90,0x0059c190,utf-16le,fr-FR
0x0019ab9c,0x0059c19c,utf-16le,he-IL
0x0019aba8,0x0059c1a8,utf-16le,hu-HU
0x0019abb4,0x0059c1b4,utf-16le,is-IS
0x0019abc0,0x0059c1c0,utf-16le,it-IT
0x0019abcc,0x0059c1cc,utf-16le,nl-NL
0x0019abd8,0x0059c1d8,utf-16le,nb-NO
0x0019abe4,0x0059c1e4,utf-16le,pl-PL
0x0019abf0,0x0059c1f0,utf-16le,pt-BR
0x0019abfc,0x0059c1fc,utf-16le,ro-RO
0x0019ac08,0x0059c208,utf-16le,ru-RU
0x0019ac14,0x0059c214,utf-16le,hr-HR
0x0019ac20,0x0059c220,utf-16le,sk-SK
0x0019ac2c,0x0059c22c,utf-16le,sq-AL
0x0019ac38,0x0059c238,utf-16le,sv-SE
0x0019ac44,0x0059c244,utf-16le,th-TH
0x0019ac50,0x0059c250,utf-16le,tr-TR
0x0019ac5c,0x0059c25c,utf-16le,ur-PK
0x0019ac68,0x0059c268,utf-16le,id-ID
0x0019ac74,0x0059c274,utf-16le,uk-UA
0x0019ac80,0x0059c280,utf-16le,be-BY
0x0019ac8c,0x0059c28c,utf-16le,sl-SI
0x0019ac98,0x0059c298,utf-16le,et-EE
0x0019aca4,0x0059c2a4,utf-16le,lv-LV
0x0019acb0,0x0059c2b0,utf-16le,lt-LT
0x0019acbc,0x0059c2bc,utf-16le,fa-IR
0x0019acc8,0x0059c2c8,utf-16le,vi-VN
0x0019acd4,0x0059c2d4,utf-16le,hy-AM
0x0019ace0,0x0059c2e0,utf-16le,az-AZ-Latn
0x0019acf8,0x0059c2f8,utf-16le,eu-ES
0x0019ad04,0x0059c304,utf-16le,mk-MK
0x0019ad10,0x0059c310,utf-16le,tn-ZA
0x0019ad1c,0x0059c31c,utf-16le,xh-ZA
0x0019ad28,0x0059c328,utf-16le,zu-ZA
0x0019ad34,0x0059c334,utf-16le,af-ZA
0x0019ad40,0x0059c340,utf-16le,ka-GE
0x0019ad4c,0x0059c34c,utf-16le,fo-FO
0x0019ad58,0x0059c358,utf-16le,hi-IN
0x0019ad64,0x0059c364,utf-16le,mt-MT
0x0019ad70,0x0059c370,utf-16le,se-NO
0x0019ad7c,0x0059c37c,utf-16le,ms-MY
0x0019ad88,0x0059c388,utf-16le,kk-KZ
0x0019ad94,0x0059c394,utf-16le,ky-KG
0x0019ada0,0x0059c3a0,utf-16le,sw-KE
0x0019adac,0x0059c3ac,utf-16le,uz-UZ-Latn
0x0019adc4,0x0059c3c4,utf-16le,tt-RU
0x0019add0,0x0059c3d0,utf-16le,bn-IN
0x0019addc,0x0059c3dc,utf-16le,pa-IN
0x0019ade8,0x0059c3e8,utf-16le,gu-IN
0x0019adf4,0x0059c3f4,utf-16le,ta-IN
0x0019ae00,0x0059c400,utf-16le,te-IN
0x0019ae0c,0x0059c40c,utf-16le,kn-IN
0x0019ae18,0x0059c418,utf-16le,ml-IN
0x0019ae24,0x0059c424,utf-16le,mr-IN
0x0019ae30,0x0059c430,utf-16le,sa-IN
0x0019ae3c,0x0059c43c,utf-16le,mn-MN
0x0019ae48,0x0059c448,utf-16le,cy-GB
0x0019ae54,0x0059c454,utf-16le,gl-ES
0x0019ae60,0x0059c460,utf-16le,kok-IN
0x0019ae70,0x0059c470,utf-16le,syr-SY
0x0019ae80,0x0059c480,utf-16le,div-MV
0x0019ae90,0x0059c490,utf-16le,quz-BO
0x0019aea0,0x0059c4a0,utf-16le,ns-ZA
0x0019aeac,0x0059c4ac,utf-16le,mi-NZ
0x0019aeb8,0x0059c4b8,utf-16le,ar-IQ
0x0019aec4,0x0059c4c4,utf-16le,de-CH
0x0019aed0,0x0059c4d0,utf-16le,en-GB
0x0019aedc,0x0059c4dc,utf-16le,es-MX
0x0019aee8,0x0059c4e8,utf-16le,fr-BE
0x0019aef4,0x0059c4f4,utf-16le,it-CH
0x0019af00,0x0059c500,utf-16le,nl-BE
0x0019af0c,0x0059c50c,utf-16le,nn-NO
0x0019af18,0x0059c518,utf-16le,pt-PT
0x0019af24,0x0059c524,utf-16le,sr-SP-Latn
0x0019af3c,0x0059c53c,utf-16le,sv-FI
0x0019af48,0x0059c548,utf-16le,az-AZ-Cyrl
0x0019af60,0x0059c560,utf-16le,se-SE
0x0019af6c,0x0059c56c,utf-16le,ms-BN
0x0019af78,0x0059c578,utf-16le,uz-UZ-Cyrl
0x0019af90,0x0059c590,utf-16le,quz-EC
0x0019afa0,0x0059c5a0,utf-16le,ar-EG
0x0019afac,0x0059c5ac,utf-16le,zh-HK
0x0019afb8,0x0059c5b8,utf-16le,de-AT
0x0019afc4,0x0059c5c4,utf-16le,en-AU
0x0019afd0,0x0059c5d0,utf-16le,es-ES
0x0019afdc,0x0059c5dc,utf-16le,fr-CA
0x0019afe8,0x0059c5e8,utf-16le,sr-SP-Cyrl
0x0019b000,0x0059c600,utf-16le,se-FI
0x0019b00c,0x0059c60c,utf-16le,quz-PE
0x0019b01c,0x0059c61c,utf-16le,ar-LY
0x0019b028,0x0059c628,utf-16le,zh-SG
0x0019b034,0x0059c634,utf-16le,de-LU
0x0019b040,0x0059c640,utf-16le,en-CA
0x0019b04c,0x0059c64c,utf-16le,es-GT
0x0019b058,0x0059c658,utf-16le,fr-CH
0x0019b064,0x0059c664,utf-16le,hr-BA
0x0019b070,0x0059c670,utf-16le,smj-NO
0x0019b080,0x0059c680,utf-16le,ar-DZ
0x0019b08c,0x0059c68c,utf-16le,zh-MO
0x0019b098,0x0059c698,utf-16le,de-LI
0x0019b0a4,0x0059c6a4,utf-16le,en-NZ
0x0019b0b0,0x0059c6b0,utf-16le,es-CR
0x0019b0bc,0x0059c6bc,utf-16le,fr-LU
0x0019b0c8,0x0059c6c8,utf-16le,bs-BA-Latn
0x0019b0e0,0x0059c6e0,utf-16le,smj-SE
0x0019b0f0,0x0059c6f0,utf-16le,ar-MA
0x0019b0fc,0x0059c6fc,utf-16le,en-IE
0x0019b108,0x0059c708,utf-16le,es-PA
0x0019b114,0x0059c714,utf-16le,fr-MC
0x0019b120,0x0059c720,utf-16le,sr-BA-Latn
0x0019b138,0x0059c738,utf-16le,sma-NO
0x0019b148,0x0059c748,utf-16le,ar-TN
0x0019b154,0x0059c754,utf-16le,en-ZA
0x0019b160,0x0059c760,utf-16le,es-DO
0x0019b16c,0x0059c76c,utf-16le,sr-BA-Cyrl
0x0019b184,0x0059c784,utf-16le,sma-SE
0x0019b194,0x0059c794,utf-16le,ar-OM
0x0019b1a0,0x0059c7a0,utf-16le,en-JM
0x0019b1ac,0x0059c7ac,utf-16le,es-VE
0x0019b1b8,0x0059c7b8,utf-16le,sms-FI
0x0019b1c8,0x0059c7c8,utf-16le,ar-YE
0x0019b1d4,0x0059c7d4,utf-16le,en-CB
0x0019b1e0,0x0059c7e0,utf-16le,es-CO
0x0019b1ec,0x0059c7ec,utf-16le,smn-FI
0x0019b1fc,0x0059c7fc,utf-16le,ar-SY
0x0019b208,0x0059c808,utf-16le,en-BZ
0x0019b214,0x0059c814,utf-16le,es-PE
0x0019b220,0x0059c820,utf-16le,ar-JO
0x0019b22c,0x0059c82c,utf-16le,en-TT
0x0019b238,0x0059c838,utf-16le,es-AR
0x0019b244,0x0059c844,utf-16le,ar-LB
0x0019b250,0x0059c850,utf-16le,en-ZW
0x0019b25c,0x0059c85c,utf-16le,es-EC
0x0019b268,0x0059c868,utf-16le,ar-KW
0x0019b274,0x0059c874,utf-16le,en-PH
0x0019b280,0x0059c880,utf-16le,es-CL
0x0019b28c,0x0059c88c,utf-16le,ar-AE
0x0019b298,0x0059c898,utf-16le,es-UY
0x0019b2a4,0x0059c8a4,utf-16le,ar-BH
0x0019b2b0,0x0059c8b0,utf-16le,es-PY
0x0019b2bc,0x0059c8bc,utf-16le,ar-QA
0x0019b2c8,0x0059c8c8,utf-16le,es-BO
0x0019b2d4,0x0059c8d4,utf-16le,es-SV
0x0019b2e0,0x0059c8e0,utf-16le,es-HN
0x0019b2ec,0x0059c8ec,utf-16le,es-NI
0x0019b2f8,0x0059c8f8,utf-16le,es-PR
0x0019b304,0x0059c904,utf-16le,zh-CHT
0x0019ba40,0x0059d040,utf-16le,af-za
0x0019ba4c,0x0059d04c,utf-16le,ar-ae
0x0019ba58,0x0059d058,utf-16le,ar-bh
0x0019ba64,0x0059d064,utf-16le,ar-dz
0x0019ba70,0x0059d070,utf-16le,ar-eg
0x0019ba7c,0x0059d07c,utf-16le,ar-iq
0x0019ba88,0x0059d088,utf-16le,ar-jo
0x0019ba94,0x0059d094,utf-16le,ar-kw
0x0019baa0,0x0059d0a0,utf-16le,ar-lb
0x0019baac,0x0059d0ac,utf-16le,ar-ly
0x0019bab8,0x0059d0b8,utf-16le,ar-ma
0x0019bac4,0x0059d0c4,utf-16le,ar-om
0x0019bad0,0x0059d0d0,utf-16le,ar-qa
0x0019badc,0x0059d0dc,utf-16le,ar-sa
0x0019bae8,0x0059d0e8,utf-16le,ar-sy
0x0019baf4,0x0059d0f4,utf-16le,ar-tn
0x0019bb00,0x0059d100,utf-16le,ar-ye
0x0019bb0c,0x0059d10c,utf-16le,az-az-cyrl
0x0019bb24,0x0059d124,utf-16le,az-az-latn
0x0019bb3c,0x0059d13c,utf-16le,be-by
0x0019bb48,0x0059d148,utf-16le,bg-bg
0x0019bb54,0x0059d154,utf-16le,bn-in
0x0019bb60,0x0059d160,utf-16le,bs-ba-latn
0x0019bb78,0x0059d178,utf-16le,ca-es
0x0019bb84,0x0059d184,utf-16le,cs-cz
0x0019bb90,0x0059d190,utf-16le,cy-gb
0x0019bb9c,0x0059d19c,utf-16le,da-dk
0x0019bba8,0x0059d1a8,utf-16le,de-at
0x0019bbb4,0x0059d1b4,utf-16le,de-ch
0x0019bbc0,0x0059d1c0,utf-16le,de-de
0x0019bbcc,0x0059d1cc,utf-16le,de-li
0x0019bbd8,0x0059d1d8,utf-16le,de-lu
0x0019bbe4,0x0059d1e4,utf-16le,div-mv
0x0019bbf4,0x0059d1f4,utf-16le,el-gr
0x0019bc00,0x0059d200,utf-16le,en-au
0x0019bc0c,0x0059d20c,utf-16le,en-bz
0x0019bc18,0x0059d218,utf-16le,en-ca
0x0019bc24,0x0059d224,utf-16le,en-cb
0x0019bc30,0x0059d230,utf-16le,en-gb
0x0019bc3c,0x0059d23c,utf-16le,en-ie
0x0019bc48,0x0059d248,utf-16le,en-jm
0x0019bc54,0x0059d254,utf-16le,en-nz
0x0019bc60,0x0059d260,utf-16le,en-ph
0x0019bc6c,0x0059d26c,utf-16le,en-tt
0x0019bc78,0x0059d278,utf-16le,en-us
0x0019bc84,0x0059d284,utf-16le,en-za
0x0019bc90,0x0059d290,utf-16le,en-zw
0x0019bc9c,0x0059d29c,utf-16le,es-ar
0x0019bca8,0x0059d2a8,utf-16le,es-bo
0x0019bcb4,0x0059d2b4,utf-16le,es-cl
0x0019bcc0,0x0059d2c0,utf-16le,es-co
0x0019bccc,0x0059d2cc,utf-16le,es-cr
0x0019bcd8,0x0059d2d8,utf-16le,es-do
0x0019bce4,0x0059d2e4,utf-16le,es-ec
0x0019bcf0,0x0059d2f0,utf-16le,es-es
0x0019bcfc,0x0059d2fc,utf-16le,es-gt
0x0019bd08,0x0059d308,utf-16le,es-hn
0x0019bd14,0x0059d314,utf-16le,es-mx
0x0019bd20,0x0059d320,utf-16le,es-ni
0x0019bd2c,0x0059d32c,utf-16le,es-pa
0x0019bd38,0x0059d338,utf-16le,es-pe
0x0019bd44,0x0059d344,utf-16le,es-pr
0x0019bd50,0x0059d350,utf-16le,es-py
0x0019bd5c,0x0059d35c,utf-16le,es-sv
0x0019bd68,0x0059d368,utf-16le,es-uy
0x0019bd74,0x0059d374,utf-16le,es-ve
0x0019bd80,0x0059d380,utf-16le,et-ee
0x0019bd8c,0x0059d38c,utf-16le,eu-es
0x0019bd98,0x0059d398,utf-16le,fa-ir
0x0019bda4,0x0059d3a4,utf-16le,fi-fi
0x0019bdb0,0x0059d3b0,utf-16le,fo-fo
0x0019bdbc,0x0059d3bc,utf-16le,fr-be
0x0019bdc8,0x0059d3c8,utf-16le,fr-ca
0x0019bdd4,0x0059d3d4,utf-16le,fr-ch
0x0019bde0,0x0059d3e0,utf-16le,fr-fr
0x0019bdec,0x0059d3ec,utf-16le,fr-lu
0x0019bdf8,0x0059d3f8,utf-16le,fr-mc
0x0019be04,0x0059d404,utf-16le,gl-es
0x0019be10,0x0059d410,utf-16le,gu-in
0x0019be1c,0x0059d41c,utf-16le,he-il
0x0019be28,0x0059d428,utf-16le,hi-in
0x0019be34,0x0059d434,utf-16le,hr-ba
0x0019be40,0x0059d440,utf-16le,hr-hr
0x0019be4c,0x0059d44c,utf-16le,hu-hu
0x0019be58,0x0059d458,utf-16le,hy-am
0x0019be64,0x0059d464,utf-16le,id-id
0x0019be70,0x0059d470,utf-16le,is-is
0x0019be7c,0x0059d47c,utf-16le,it-ch
0x0019be88,0x0059d488,utf-16le,it-it
0x0019be94,0x0059d494,utf-16le,ja-jp
0x0019bea0,0x0059d4a0,utf-16le,ka-ge
0x0019beac,0x0059d4ac,utf-16le,kk-kz
0x0019beb8,0x0059d4b8,utf-16le,kn-in
0x0019bec4,0x0059d4c4,utf-16le,kok-in
0x0019bed4,0x0059d4d4,utf-16le,ko-kr
0x0019bee0,0x0059d4e0,utf-16le,ky-kg
0x0019beec,0x0059d4ec,utf-16le,lt-lt
0x0019bef8,0x0059d4f8,utf-16le,lv-lv
0x0019bf04,0x0059d504,utf-16le,mi-nz
0x0019bf10,0x0059d510,utf-16le,mk-mk
0x0019bf1c,0x0059d51c,utf-16le,ml-in
0x0019bf28,0x0059d528,utf-16le,mn-mn
0x0019bf34,0x0059d534,utf-16le,mr-in
0x0019bf40,0x0059d540,utf-16le,ms-bn
0x0019bf4c,0x0059d54c,utf-16le,ms-my
0x0019bf58,0x0059d558,utf-16le,mt-mt
0x0019bf64,0x0059d564,utf-16le,nb-no
0x0019bf70,0x0059d570,utf-16le,nl-be
0x0019bf7c,0x0059d57c,utf-16le,nl-nl
0x0019bf88,0x0059d588,utf-16le,nn-no
0x0019bf94,0x0059d594,utf-16le,ns-za
0x0019bfa0,0x0059d5a0,utf-16le,pa-in
0x0019bfac,0x0059d5ac,utf-16le,pl-pl
0x0019bfb8,0x0059d5b8,utf-16le,pt-br
0x0019bfc4,0x0059d5c4,utf-16le,pt-pt
0x0019bfd0,0x0059d5d0,utf-16le,quz-bo
0x0019bfe0,0x0059d5e0,utf-16le,quz-ec
0x0019bff0,0x0059d5f0,utf-16le,quz-pe
0x0019c000,0x0059d600,utf-16le,ro-ro
0x0019c00c,0x0059d60c,utf-16le,ru-ru
0x0019c018,0x0059d618,utf-16le,sa-in
0x0019c024,0x0059d624,utf-16le,se-fi
0x0019c030,0x0059d630,utf-16le,se-no
0x0019c03c,0x0059d63c,utf-16le,se-se
0x0019c048,0x0059d648,utf-16le,sk-sk
0x0019c054,0x0059d654,utf-16le,sl-si
0x0019c060,0x0059d660,utf-16le,sma-no
0x0019c070,0x0059d670,utf-16le,sma-se
0x0019c080,0x0059d680,utf-16le,smj-no
0x0019c090,0x0059d690,utf-16le,smj-se
0x0019c0a0,0x0059d6a0,utf-16le,smn-fi
0x0019c0b0,0x0059d6b0,utf-16le,sms-fi
0x0019c0c0,0x0059d6c0,utf-16le,sq-al
0x0019c0cc,0x0059d6cc,utf-16le,sr-ba-cyrl
0x0019c0e4,0x0059d6e4,utf-16le,sr-ba-latn
0x0019c0fc,0x0059d6fc,utf-16le,sr-sp-cyrl
0x0019c114,0x0059d714,utf-16le,sr-sp-latn
0x0019c12c,0x0059d72c,utf-16le,sv-fi
0x0019c138,0x0059d738,utf-16le,sv-se
0x0019c144,0x0059d744,utf-16le,sw-ke
0x0019c150,0x0059d750,utf-16le,syr-sy
0x0019c160,0x0059d760,utf-16le,ta-in
0x0019c16c,0x0059d76c,utf-16le,te-in
0x0019c178,0x0059d778,utf-16le,th-th
0x0019c184,0x0059d784,utf-16le,tn-za
0x0019c190,0x0059d790,utf-16le,tr-tr
0x0019c19c,0x0059d79c,utf-16le,tt-ru
0x0019c1a8,0x0059d7a8,utf-16le,uk-ua
0x0019c1b4,0x0059d7b4,utf-16le,ur-pk
0x0019c1c0,0x0059d7c0,utf-16le,uz-uz-cyrl
0x0019c1d8,0x0059d7d8,utf-16le,uz-uz-latn
0x0019c1f0,0x0059d7f0,utf-16le,vi-vn
0x0019c1fc,0x0059d7fc,utf-16le,xh-za
0x0019c208,0x0059d808,utf-16le,zh-chs
0x0019c218,0x0059d818,utf-16le,zh-cht
0x0019c228,0x0059d828,utf-16le,zh-cn
0x0019c234,0x0059d834,utf-16le,zh-hk
0x0019c240,0x0059d840,utf-16le,zh-mo
0x0019c24c,0x0059d84c,utf-16le,zh-sg
0x0019c258,0x0059d858,utf-16le,zh-tw
0x0019c264,0x0059d864,utf-16le,zu-za
0x0019c270,0x0059d870,ascii,1#INF
0x0019c278,0x0059d878,ascii,1#QNAN
0x0019c280,0x0059d880,ascii,1#SNAN
0x0019c288,0x0059d888,ascii,1#IND
0x0019c469,0x0059da69,ascii,4lkQg
0x0019c60f,0x0059dc0f,ascii,?ju!4
0x0019c93f,0x0059df3f,ascii,?V:e:
0x0019cb71,0x0059e171,ascii,5SmT4
0x0019cc31,0x0059e231,ascii,*+xi(
0x0019d06f,0x0059e66f,ascii,?ZEM-'^
0x0019d1ef,0x0059e7ef,ascii,?>6)}
0x0019d30f,0x0059e90f,ascii,?{yK+;
0x0019d3ef,0x0059e9ef,ascii,?765@Z
0x0019d641,0x0059ec41,ascii,D<xZu
0x0019d757,0x0059ed57,ascii,?l$G~
0x0019d7e9,0x0059ede9,ascii,^\sY0
0x0019d87f,0x0059ee7f,ascii,?e')lW
0x0019dab2,0x0059f0b2,ascii,i^^?(>
0x0019dcf1,0x0059f2f1,ascii,Y:/(A6>
0x0019ddb3,0x0059f3b3,ascii,MVx:>
0x0019e203,0x0059f803,ascii,"[j&,>"
0x0019e4b7,0x0059fab7,ascii,?6FID
0x0019e79f,0x0059fd9f,ascii,?5L$.
0x0019e983,0x0059ff83,ascii,F\IE>
0x0019eaff,0x005a00ff,ascii,?A%My
0x0019ebab,0x005a01ab,ascii,B'=>>
0x0019ecb3,0x005a02b3,ascii,in]D>
0x0019ece3,0x005a02e3,ascii,"F""VM>"
0x0019ecfb,0x005a02fb,ascii,30}->
0x0019ee33,0x005a0433,ascii,0)LK>
0x0019f18f,0x005a078f,ascii,?43-s
0x0019f1a7,0x005a07a7,ascii,?P`E5
0x0019f35f,0x005a095f,ascii,?uZEeu
0x0019f460,0x005a0a60,ascii,uZEeu
0x0019f760,0x005a0d60,ascii,uZEeu
0x0019f85f,0x005a0e5f,ascii,?uZEeu
0x0019fa17,0x005a1017,ascii,?UUUUUU
0x0019fad5,0x005a10d5,ascii,|u?!u$
0x0019fae5,0x005a10e5,ascii,Nu?-HF
0x0019faf6,0x005a10f6,ascii,d? cf>
0x0019ff95,0x005a1595,ascii,&2@UUUUUU
0x001a014a,0x005a174a,ascii,#wi#:
0x001a0240,0x005a1840,ascii,+*tsJ
0x001a0331,0x005a1931,ascii,s{c|H
0x001a0578,0x005a1b78,ascii,UUUUUU
0x001a0687,0x005a1c87,ascii,>o3fW
0x001a0751,0x005a1d51,ascii,s{c|H
0x001a07c0,0x005a1dc0,ascii,+*tsJ
0x001a089b,0x005a1e9b,ascii,?c3y?
0x001a098a,0x005a1f8a,ascii,#wi#:=
0x001a09df,0x005a1fdf,ascii,"?.""S-"
0x001a0a1d,0x005a201d,ascii,A]?VJ
0x001a0a95,0x005a2095,ascii,&2@UUUUUU
0x001a0f85,0x005a2585,ascii,Nu?-HF
0x001a11a0,0x005a27a0,ascii,log10
0x001a12c7,0x005a28c7,ascii,?5Wg4p
0x001a138b,0x005a298b,ascii,BC .=
0x001a14d9,0x005a2ad9,ascii,%S#[k
0x001a152a,0x005a2b2a,ascii,"""B <1="
0x001a155b,0x005a2b5b,ascii,#.X'=
0x001a19d0,0x005a2fd0,utf-16le,CONOUT$
0x001a77e0,0x005a8de0,ascii,RSDSP
0x001a77f8,0x005a8df8,ascii,D:\cygwin\home\zun\prog\th20\bin\Release\th20.pdb
0x001a784c,0x005a8e4c,ascii,.text$di
0x001a7860,0x005a8e60,ascii,.text$mn
0x001a7874,0x005a8e74,ascii,.text$x
0x001a7884,0x005a8e84,ascii,.text$yd
0x001a7898,0x005a8e98,ascii,.idata$5
0x001a78ac,0x005a8eac,ascii,.00cfg
0x001a78bc,0x005a8ebc,ascii,.CRT$XCA
0x001a78d0,0x005a8ed0,ascii,.CRT$XCAA
0x001a78e4,0x005a8ee4,ascii,.CRT$XCC
0x001a78f8,0x005a8ef8,ascii,.CRT$XCL
0x001a790c,0x005a8f0c,ascii,.CRT$XCU
0x001a7920,0x005a8f20,ascii,.CRT$XCZ
0x001a7934,0x005a8f34,ascii,.CRT$XIA
0x001a7948,0x005a8f48,ascii,.CRT$XIAA
0x001a795c,0x005a8f5c,ascii,.CRT$XIAC
0x001a7970,0x005a8f70,ascii,.CRT$XIC
0x001a7984,0x005a8f84,ascii,.CRT$XIZ
0x001a7998,0x005a8f98,ascii,.CRT$XPA
0x001a79ac,0x005a8fac,ascii,.CRT$XPX
0x001a79c0,0x005a8fc0,ascii,.CRT$XPXA
0x001a79d4,0x005a8fd4,ascii,.CRT$XPZ
0x001a79e8,0x005a8fe8,ascii,.CRT$XTA
0x001a79fc,0x005a8ffc,ascii,.CRT$XTZ
0x001a7a10,0x005a9010,ascii,.rdata
0x001a7a20,0x005a9020,ascii,.rdata$r
0x001a7a34,0x005a9034,ascii,.rdata$sxdata
0x001a7a4c,0x005a904c,ascii,.rdata$voltmd
0x001a7a64,0x005a9064,ascii,.rdata$zzzdbg
0x001a7a7c,0x005a907c,ascii,.rtc$IAA
0x001a7a90,0x005a9090,ascii,.rtc$IZZ
0x001a7aa4,0x005a90a4,ascii,.rtc$TAA
0x001a7ab8,0x005a90b8,ascii,.rtc$TZZ
0x001a7acc,0x005a90cc,ascii,.xdata$x
0x001a7ae0,0x005a90e0,ascii,.idata$2
0x001a7af4,0x005a90f4,ascii,.idata$3
0x001a7b08,0x005a9108,ascii,.idata$4
0x001a7b1c,0x005a911c,ascii,.idata$6
0x001a7b30,0x005a9130,ascii,.data
0x001a7b40,0x005a9140,ascii,.data$r
0x001a7b50,0x005a9150,ascii,.data$rs
0x001a7b74,0x005a9174,ascii,.fptable
0x001a7b88,0x005a9188,ascii,.rsrc$01
0x001a7b9c,0x005a919c,ascii,.rsrc$02
0x001ab5be,0x005acbbe,ascii,Sleep
0x001ab5c6,0x005acbc6,ascii,CreateFileW
0x001ab5d4,0x005acbd4,ascii,GetFileSize
0x001ab5e2,0x005acbe2,ascii,ReadFile
0x001ab5ee,0x005acbee,ascii,SetFilePointer
0x001ab600,0x005acc00,ascii,WriteFile
0x001ab60c,0x005acc0c,ascii,CloseHandle
0x001ab61a,0x005acc1a,ascii,GetLastError
0x001ab62a,0x005acc2a,ascii,LocalFree
0x001ab636,0x005acc36,ascii,FormatMessageW
0x001ab648,0x005acc48,ascii,MultiByteToWideChar
0x001ab65e,0x005acc5e,ascii,GetEnvironmentVariableW
0x001ab678,0x005acc78,ascii,QueryPerformanceCounter
0x001ab692,0x005acc92,ascii,QueryPerformanceFrequency
0x001ab6ae,0x005accae,ascii,CreateMutexW
0x001ab6be,0x005accbe,ascii,GetStartupInfoW
0x001ab6d0,0x005accd0,ascii,GetModuleFileNameW
0x001ab6e6,0x005acce6,ascii,WideCharToMultiByte
0x001ab6fc,0x005accfc,ascii,GetUserDefaultLCID
0x001ab712,0x005acd12,ascii,GetConsoleTitleW
0x001ab726,0x005acd26,ascii,WaitForSingleObject
0x001ab73c,0x005acd3c,ascii,CreateEventW
0x001ab74c,0x005acd4c,ascii,CreateThread
0x001ab75c,0x005acd5c,ascii,FindClose
0x001ab768,0x005acd68,ascii,FindFirstFileW
0x001ab77a,0x005acd7a,ascii,FindNextFileW
0x001ab78a,0x005acd8a,ascii,GetCurrentDirectoryW
0x001ab7a0,0x005acda0,ascii,KERNEL32.dll
0x001ab7b0,0x005acdb0,ascii,GetDC
0x001ab7b8,0x005acdb8,ascii,ReleaseDC
0x001ab7c4,0x005acdc4,ascii,TranslateMessage
0x001ab7d8,0x005acdd8,ascii,DispatchMessageW
0x001ab7ec,0x005acdec,ascii,PeekMessageW
0x001ab7fc,0x005acdfc,ascii,SendMessageW
0x001ab80c,0x005ace0c,ascii,DefWindowProcW
0x001ab81e,0x005ace1e,ascii,RegisterClassW
0x001ab830,0x005ace30,ascii,CreateWindowExW
0x001ab842,0x005ace42,ascii,IsWindow
0x001ab84e,0x005ace4e,ascii,DestroyWindow
0x001ab85e,0x005ace5e,ascii,ShowWindow
0x001ab86c,0x005ace6c,ascii,SetWindowPos
0x001ab87c,0x005ace7c,ascii,CreateDialogParamW
0x001ab892,0x005ace92,ascii,GetDlgItem
0x001ab8a0,0x005acea0,ascii,CheckRadioButton
0x001ab8b4,0x005aceb4,ascii,IsDlgButtonChecked
0x001ab8ca,0x005aceca,ascii,GetKeyState
0x001ab8d8,0x005aced8,ascii,EnableWindow
0x001ab8e8,0x005acee8,ascii,GetSystemMetrics
0x001ab8fc,0x005acefc,ascii,UpdateWindow
0x001ab90c,0x005acf0c,ascii,SetForegroundWindow
0x001ab922,0x005acf22,ascii,BeginPaint
0x001ab930,0x005acf30,ascii,EndPaint
0x001ab93c,0x005acf3c,ascii,InvalidateRect
0x001ab94e,0x005acf4e,ascii,GetWindowRect
0x001ab95e,0x005acf5e,ascii,AdjustWindowRectEx
0x001ab974,0x005acf74,ascii,ShowCursor
0x001ab982,0x005acf82,ascii,SetCursor
0x001ab98e,0x005acf8e,ascii,FillRect
0x001ab99a,0x005acf9a,ascii,SetWindowLongW
0x001ab9ac,0x005acfac,ascii,LoadCursorW
0x001ab9ba,0x005acfba,ascii,IsDialogMessageW
0x001ab9ce,0x005acfce,ascii,EnumDisplaySettingsW
0x001ab9e6,0x005acfe6,ascii,SystemParametersInfoW
0x001ab9fe,0x005acffe,ascii,GetRawInputData
0x001aba10,0x005ad010,ascii,RegisterRawInputDevices
0x001aba2a,0x005ad02a,ascii,WINNLSEnableIME
0x001aba3c,0x005ad03c,ascii,GetKeyboardState
0x001aba50,0x005ad050,ascii,SetKeyboardState
0x001aba64,0x005ad064,ascii,PostThreadMessageW
0x001aba7a,0x005ad07a,ascii,MsgWaitForMultipleObjects
0x001aba96,0x005ad096,ascii,SetTimer
0x001abaa2,0x005ad0a2,ascii,KillTimer
0x001abaae,0x005ad0ae,ascii,MessageBoxW
0x001ababa,0x005ad0ba,ascii,USER32.dll
0x001abac8,0x005ad0c8,ascii,CreateCompatibleDC
0x001abade,0x005ad0de,ascii,CreateFontW
0x001abaec,0x005ad0ec,ascii,DeleteDC
0x001abaf8,0x005ad0f8,ascii,DeleteObject
0x001abb08,0x005ad108,ascii,EnumFontFamiliesExW
0x001abb1e,0x005ad11e,ascii,GetTextExtentPoint32W
0x001abb36,0x005ad136,ascii,SelectObject
0x001abb46,0x005ad146,ascii,SetBkMode
0x001abb52,0x005ad152,ascii,SetTextColor
0x001abb62,0x005ad162,ascii,CreateDIBSection
0x001abb76,0x005ad176,ascii,TextOutW
0x001abb82,0x005ad182,ascii,CreateSolidBrush
0x001abb96,0x005ad196,ascii,GetDeviceCaps
0x001abba6,0x005ad1a6,ascii,GetStockObject
0x001abbb6,0x005ad1b6,ascii,GDI32.dll
0x001abbc2,0x005ad1c2,ascii,CoUninitialize
0x001abbd4,0x005ad1d4,ascii,CoCreateInstance
0x001abbe8,0x005ad1e8,ascii,CoInitialize
0x001abbf8,0x005ad1f8,ascii,CoSetProxyBlanket
0x001abc0a,0x005ad20a,ascii,ole32.dll
0x001abc14,0x005ad214,ascii,OLEAUT32.dll
0x001abc24,0x005ad224,ascii,DirectInput8Create
0x001abc38,0x005ad238,ascii,DINPUT8.dll
0x001abc44,0x005ad244,ascii,DSOUND.dll
0x001abc52,0x005ad252,ascii,Direct3DCreate9
0x001abc62,0x005ad262,ascii,d3d9.dll
0x001abc6e,0x005ad26e,ascii,D3DXVec3Transform
0x001abc82,0x005ad282,ascii,D3DXVec3Project
0x001abc94,0x005ad294,ascii,D3DXMatrixMultiply
0x001abcaa,0x005ad2aa,ascii,D3DXMatrixRotationX
0x001abcc0,0x005ad2c0,ascii,D3DXMatrixRotationY
0x001abcd6,0x005ad2d6,ascii,D3DXMatrixRotationZ
0x001abcec,0x005ad2ec,ascii,D3DXLoadSurfaceFromFileInMemory
0x001abd0e,0x005ad30e,ascii,D3DXLoadSurfaceFromSurface
0x001abd2c,0x005ad32c,ascii,D3DXCreateTexture
0x001abd40,0x005ad340,ascii,D3DXVec3TransformCoord
0x001abd5a,0x005ad35a,ascii,D3DXVec3ProjectArray
0x001abd72,0x005ad372,ascii,D3DXMatrixTranslation
0x001abd8a,0x005ad38a,ascii,D3DXMatrixLookAtLH
0x001abda0,0x005ad3a0,ascii,D3DXMatrixPerspectiveFovLH
0x001abdbc,0x005ad3bc,ascii,d3dx9_43.dll
0x001abdcc,0x005ad3cc,ascii,timeGetTime
0x001abdda,0x005ad3da,ascii,timeBeginPeriod
0x001abdec,0x005ad3ec,ascii,timeEndPeriod
0x001abdfc,0x005ad3fc,ascii,joyGetPosEx
0x001abe0a,0x005ad40a,ascii,joyGetDevCapsW
0x001abe1a,0x005ad41a,ascii,WINMM.dll
0x001abe24,0x005ad424,ascii,XINPUT1_4.dll
0x001abe34,0x005ad434,ascii,GdipAlloc
0x001abe40,0x005ad440,ascii,GdipFree
0x001abe4c,0x005ad44c,ascii,GdiplusStartup
0x001abe5e,0x005ad45e,ascii,GdiplusShutdown
0x001abe70,0x005ad470,ascii,GdipCloneImage
0x001abe82,0x005ad482,ascii,GdipDisposeImage
0x001abe96,0x005ad496,ascii,GdipSaveImageToFile
0x001abeac,0x005ad4ac,ascii,GdipCreateBitmapFromHBITMAP
0x001abeca,0x005ad4ca,ascii,GdipGetImageEncodersSize
0x001abee6,0x005ad4e6,ascii,GdipGetImageEncoders
0x001abefc,0x005ad4fc,ascii,gdiplus.dll
0x001abf0a,0x005ad50a,ascii,ReleaseSRWLockExclusive
0x001abf24,0x005ad524,ascii,AcquireSRWLockExclusive
0x001abf3e,0x005ad53e,ascii,WakeAllConditionVariable
0x001abf5a,0x005ad55a,ascii,SleepConditionVariableSRW
0x001abf76,0x005ad576,ascii,GetModuleHandleW
0x001abf8a,0x005ad58a,ascii,GetProcAddress
0x001abf9c,0x005ad59c,ascii,WaitForSingleObjectEx
0x001abfb4,0x005ad5b4,ascii,GetCurrentThreadId
0x001abfca,0x005ad5ca,ascii,GetExitCodeThread
0x001abfde,0x005ad5de,ascii,TryAcquireSRWLockExclusive
0x001abffc,0x005ad5fc,ascii,FormatMessageA
0x001ac00e,0x005ad60e,ascii,GetLocaleInfoEx
0x001ac020,0x005ad620,ascii,CreateDirectoryW
0x001ac034,0x005ad634,ascii,FindFirstFileExW
0x001ac048,0x005ad648,ascii,GetFileAttributesExW
0x001ac060,0x005ad660,ascii,AreFileApisANSI
0x001ac072,0x005ad672,ascii,GetFileInformationByHandleEx
0x001ac092,0x005ad692,ascii,InitOnceBeginInitialize
0x001ac0ac,0x005ad6ac,ascii,InitOnceComplete
0x001ac0c0,0x005ad6c0,ascii,GetCPInfoExW
0x001ac0d0,0x005ad6d0,ascii,InitializeCriticalSectionEx
0x001ac0ee,0x005ad6ee,ascii,GetSystemTimeAsFileTime
0x001ac108,0x005ad708,ascii,EnterCriticalSection
0x001ac120,0x005ad720,ascii,LeaveCriticalSection
0x001ac138,0x005ad738,ascii,DeleteCriticalSection
0x001ac150,0x005ad750,ascii,EncodePointer
0x001ac160,0x005ad760,ascii,DecodePointer
0x001ac170,0x005ad770,ascii,LCMapStringEx
0x001ac180,0x005ad780,ascii,GetStringTypeW
0x001ac192,0x005ad792,ascii,GetCPInfo
0x001ac19e,0x005ad79e,ascii,UnhandledExceptionFilter
0x001ac1ba,0x005ad7ba,ascii,SetUnhandledExceptionFilter
0x001ac1d8,0x005ad7d8,ascii,GetCurrentProcess
0x001ac1ec,0x005ad7ec,ascii,TerminateProcess
0x001ac200,0x005ad800,ascii,IsProcessorFeaturePresent
0x001ac21c,0x005ad81c,ascii,IsDebuggerPresent
0x001ac230,0x005ad830,ascii,GetCurrentProcessId
0x001ac246,0x005ad846,ascii,InitializeSListHead
0x001ac25c,0x005ad85c,ascii,RtlUnwind
0x001ac268,0x005ad868,ascii,RaiseException
0x001ac27a,0x005ad87a,ascii,SetLastError
0x001ac28a,0x005ad88a,ascii,InitializeCriticalSectionAndSpinCount
0x001ac2b2,0x005ad8b2,ascii,TlsAlloc
0x001ac2be,0x005ad8be,ascii,TlsGetValue
0x001ac2cc,0x005ad8cc,ascii,TlsSetValue
0x001ac2da,0x005ad8da,ascii,TlsFree
0x001ac2e4,0x005ad8e4,ascii,FreeLibrary
0x001ac2f2,0x005ad8f2,ascii,LoadLibraryExW
0x001ac304,0x005ad904,ascii,ExitThread
0x001ac312,0x005ad912,ascii,FreeLibraryAndExitThread
0x001ac32e,0x005ad92e,ascii,GetModuleHandleExW
0x001ac344,0x005ad944,ascii,ExitProcess
0x001ac352,0x005ad952,ascii,GetStdHandle
0x001ac362,0x005ad962,ascii,HeapAlloc
0x001ac36e,0x005ad96e,ascii,HeapFree
0x001ac37a,0x005ad97a,ascii,FlsAlloc
0x001ac386,0x005ad986,ascii,FlsGetValue
0x001ac394,0x005ad994,ascii,FlsSetValue
0x001ac3a2,0x005ad9a2,ascii,FlsFree
0x001ac3ac,0x005ad9ac,ascii,VirtualProtect
0x001ac3be,0x005ad9be,ascii,CompareStringW
0x001ac3d0,0x005ad9d0,ascii,LCMapStringW
0x001ac3e0,0x005ad9e0,ascii,GetLocaleInfoW
0x001ac3f2,0x005ad9f2,ascii,IsValidLocale
0x001ac402,0x005ada02,ascii,EnumSystemLocalesW
0x001ac418,0x005ada18,ascii,GetFileType
0x001ac426,0x005ada26,ascii,GetTimeZoneInformation
0x001ac440,0x005ada40,ascii,SetFilePointerEx
0x001ac454,0x005ada54,ascii,HeapReAlloc
0x001ac462,0x005ada62,ascii,IsValidCodePage
0x001ac474,0x005ada74,ascii,GetACP
0x001ac47e,0x005ada7e,ascii,GetOEMCP
0x001ac48a,0x005ada8a,ascii,GetCommandLineA
0x001ac49c,0x005ada9c,ascii,GetCommandLineW
0x001ac4ae,0x005adaae,ascii,GetEnvironmentStringsW
0x001ac4c8,0x005adac8,ascii,FreeEnvironmentStringsW
0x001ac4e2,0x005adae2,ascii,SetEnvironmentVariableW
0x001ac4fc,0x005adafc,ascii,GetProcessHeap
0x001ac50e,0x005adb0e,ascii,HeapSize
0x001ac51a,0x005adb1a,ascii,HeapQueryInformation
0x001ac532,0x005adb32,ascii,SetStdHandle
0x001ac542,0x005adb42,ascii,FlushFileBuffers
0x001ac556,0x005adb56,ascii,GetConsoleOutputCP
0x001ac56c,0x005adb6c,ascii,GetConsoleMode
0x001ac57e,0x005adb7e,ascii,WriteConsoleW
0x001ac87b,0x005ae27b,ascii," !""#$-.0123456789ABCDEFGHIJKLMNOPQRSTUVWXYZ"
0x001b107a,0x005b2a7a,ascii,                          
0x001b115a,0x005b2b5a,ascii,abcdefghijklmnopqrstuvwxyz
0x001b117a,0x005b2b7a,ascii,ABCDEFGHIJKLMNOPQRSTUVWXYZ
0x001b1282,0x005b2c82,ascii,                          
0x001b1369,0x005b2d69,ascii,abcdefghijklmnopqrstuvwxyz
0x001b1389,0x005b2d89,ascii,ABCDEFGHIJKLMNOPQRSTUVWXYZ
0x001b1638,0x005b3038,ascii,.?AVexception@std@@
0x001b1654,0x005b3054,ascii,.?AVbad_array_new_length@std@@
0x001b167c,0x005b307c,ascii,.?AVbad_alloc@std@@
0x001b1698,0x005b3098,ascii,.?AVruntime_error@std@@
0x001b16b8,0x005b30b8,ascii,.?AVsystem_error@std@@
0x001b16d8,0x005b30d8,ascii,.?AV_System_error@std@@
0x001b16f8,0x005b30f8,ascii,.?AVfilesystem_error@filesystem@std@@
0x001b1728,0x005b3128,ascii,.?AV<lambda_1>@?BE@??grpPrint@@YA?AUtagSIZE@@PBUtagRECT@@HKKPBDPAUIDirect3DTexture9@@HHHPA_NV?$function@$$A6AXXZ@std@@@Z@
0x001b17b0,0x005b31b0,ascii,.?AV<lambda_2>@?8??getSprt@SprtCtrlInf@@QAEPAVSprtInf@@VSprtID@@@Z@
0x001b1800,0x005b3200,ascii,.?AV<lambda_1>@?8??getSprt@SprtCtrlInf@@QAEPAVSprtInf@@VSprtID@@@Z@
0x001b1850,0x005b3250,ascii,.?AV<lambda_1>@?BB@??JPrintf@AsciiInf@@QAAXABVFVector@@V?$basic_string_view@DU?$char_traits@D@std@@@std@@ZZ@
0x001b18c8,0x005b32c8,ascii,.?AV<lambda_1>@?1???R0?BB@??JPrintf@AsciiInf@@QAAXABVFVector@@V?$basic_string_view@DU?$char_traits@D@std@@@std@@ZZ@QBE@XZ@
0x001b194c,0x005b334c,ascii,.?AV<lambda_1>@?1??Start@CardInf@@QAEXHPADHH@Z@
0x001b1988,0x005b3388,ascii,.?AV<lambda_1>@?1???R0?1??Start@CardInf@@QAEXHPADHH@Z@QBE@XZ@
0x001b19d0,0x005b33d0,ascii,.?AV<lambda_2>@?BD@??Anim@EndingMsgInf@@QAEHXZ@
0x001b1a08,0x005b3408,ascii,.?AV<lambda_1>@?1???R<lambda_2>@?BD@??Anim@EndingMsgInf@@QAEHXZ@QBE@XZ@
0x001b1a58,0x005b3458,ascii,.?AV<lambda_1>@?BB@??Anim@EndingMsgInf@@QAEHXZ@
0x001b1a90,0x005b3490,ascii,.?AV<lambda_1>@?1???R0?BB@??Anim@EndingMsgInf@@QAEHXZ@QBE@XZ@
0x001b1ad8,0x005b34d8,ascii,.?AV<lambda_14>@?BB@??Anim@MsgInf@@QAEHXZ@
0x001b1b10,0x005b3510,ascii,.?AV<lambda_1>@?1???R<lambda_14>@?BB@??Anim@MsgInf@@QAEHXZ@QBE@XZ@
0x001b1b5c,0x005b355c,ascii,.?AV<lambda_13>@?BB@??Anim@MsgInf@@QAEHXZ@
0x001b1b90,0x005b3590,ascii,.?AV<lambda_1>@?1???R<lambda_13>@?BB@??Anim@MsgInf@@QAEHXZ@QBE@XZ@
0x001b1bdc,0x005b35dc,ascii,.?AV<lambda_12>@?BB@??Anim@MsgInf@@QAEHXZ@
0x001b1c10,0x005b3610,ascii,.?AV<lambda_1>@?1???R<lambda_12>@?BB@??Anim@MsgInf@@QAEHXZ@QBE@XZ@
0x001b1c5c,0x005b365c,ascii,.?AV<lambda_11>@?BB@??Anim@MsgInf@@QAEHXZ@
0x001b1c90,0x005b3690,ascii,.?AV<lambda_1>@?1???R<lambda_11>@?BB@??Anim@MsgInf@@QAEHXZ@QBE@XZ@
0x001b1cdc,0x005b36dc,ascii,.?AV<lambda_10>@?BB@??Anim@MsgInf@@QAEHXZ@
0x001b1d10,0x005b3710,ascii,.?AV<lambda_1>@?1???R<lambda_10>@?BB@??Anim@MsgInf@@QAEHXZ@QBE@XZ@
0x001b1d5c,0x005b375c,ascii,.?AV<lambda_9>@?BB@??Anim@MsgInf@@QAEHXZ@
0x001b1d90,0x005b3790,ascii,.?AV<lambda_1>@?1???R<lambda_9>@?BB@??Anim@MsgInf@@QAEHXZ@QBE@XZ@
0x001b1ddc,0x005b37dc,ascii,.?AV<lambda_8>@?BB@??Anim@MsgInf@@QAEHXZ@
0x001b1e10,0x005b3810,ascii,.?AV<lambda_1>@?1???R<lambda_8>@?BB@??Anim@MsgInf@@QAEHXZ@QBE@XZ@
0x001b1e5c,0x005b385c,ascii,.?AV<lambda_7>@?BB@??Anim@MsgInf@@QAEHXZ@
0x001b1e90,0x005b3890,ascii,.?AV<lambda_1>@?1???R<lambda_7>@?BB@??Anim@MsgInf@@QAEHXZ@QBE@XZ@
0x001b1edc,0x005b38dc,ascii,.?AV<lambda_6>@?CF@??Anim@MsgInf@@QAEHXZ@
0x001b1f10,0x005b3910,ascii,.?AV<lambda_1>@?1???R<lambda_6>@?CF@??Anim@MsgInf@@QAEHXZ@QBE@XZ@
0x001b1f5c,0x005b395c,ascii,.?AV<lambda_5>@?CD@??Anim@MsgInf@@QAEHXZ@
0x001b1f90,0x005b3990,ascii,.?AV<lambda_1>@?1???R<lambda_5>@?CD@??Anim@MsgInf@@QAEHXZ@QBE@XZ@
0x001b1fdc,0x005b39dc,ascii,.?AV<lambda_4>@?BM@??Anim@MsgInf@@QAEHXZ@
0x001b2010,0x005b3a10,ascii,.?AV<lambda_1>@?1???R<lambda_4>@?BM@??Anim@MsgInf@@QAEHXZ@QBE@XZ@
0x001b205c,0x005b3a5c,ascii,.?AV<lambda_3>@?BK@??Anim@MsgInf@@QAEHXZ@
0x001b2090,0x005b3a90,ascii,.?AV<lambda_1>@?1???R<lambda_3>@?BK@??Anim@MsgInf@@QAEHXZ@QBE@XZ@
0x001b20dc,0x005b3adc,ascii,.?AV<lambda_2>@?BB@??Anim@MsgInf@@QAEHXZ@
0x001b2110,0x005b3b10,ascii,.?AV<lambda_1>@?1???R<lambda_2>@?BB@??Anim@MsgInf@@QAEHXZ@QBE@XZ@
0x001b215c,0x005b3b5c,ascii,.?AV<lambda_1>@?BB@??Anim@MsgInf@@QAEHXZ@
0x001b2190,0x005b3b90,ascii,.?AV<lambda_1>@?1???R0?BB@??Anim@MsgInf@@QAEHXZ@QBE@XZ@
0x001b21d0,0x005b3bd0,ascii,.?AV<lambda_5>@?5??Calc@NoticeInf@@QAEHXZ@
0x001b2204,0x005b3c04,ascii,.?AV<lambda_4>@?P@??Calc@NoticeInf@@QAEHXZ@
0x001b2238,0x005b3c38,ascii,.?AV<lambda_3>@?O@??Calc@NoticeInf@@QAEHXZ@
0x001b226c,0x005b3c6c,ascii,.?AV<lambda_2>@?L@??Calc@NoticeInf@@QAEHXZ@
0x001b22a0,0x005b3ca0,ascii,.?AV<lambda_1>@?7??Calc@NoticeInf@@QAEHXZ@
0x001b22d4,0x005b3cd4,ascii,.?AVbad_cast@std@@
0x001b22f0,0x005b3cf0,ascii,.?AVformat_error@std@@
0x001b2310,0x005b3d10,ascii,.?AV<lambda_2>@?1??Start@StoneEnemyInf@@QAEXVEnemyID@@H@Z@
0x001b2354,0x005b3d54,ascii,.?AVfailure@ios_base@std@@
0x001b2378,0x005b3d78,ascii,.?AV<lambda_2>@?6??Calc@TrophyInf@@QAEHXZ@
0x001b23ac,0x005b3dac,ascii,.?AV<lambda_1>@?6??Calc@TrophyInf@@QAEHXZ@
0x001b23e0,0x005b3de0,ascii,.?AV<lambda_1>@?9??CalcSub@StoneYellowReimu2Inf@@UAEXXZ@
0x001b2428,0x005b3e28,ascii,.?AV<lambda_1>@?4??CalcMain@StoneYellowReimu2Inf@@UAEXXZ@
0x001b2470,0x005b3e70,ascii,.?AV<lambda_1>@?8??OnStoneAttack@StoneYellowReimu2Inf@@UAEHXZ@
0x001b24b8,0x005b3eb8,ascii,.?AV<lambda_1>@?9??CalcSub@StoneYellowMarisa2Inf@@UAEXXZ@
0x001b2500,0x005b3f00,ascii,.?AV<lambda_1>@?4??CalcMain@StoneYellowMarisa2Inf@@UAEXXZ@
0x001b2548,0x005b3f48,ascii,.?AV<lambda_1>@?8??OnStoneAttack@StoneYellowMarisa2Inf@@UAEHXZ@
0x001b2590,0x005b3f90,ascii,.?AVinvalid_argument@std@@
0x001b25b4,0x005b3fb4,ascii,.?AVlogic_error@std@@
0x001b25d4,0x005b3fd4,ascii,.?AVlength_error@std@@
0x001b25f4,0x005b3ff4,ascii,.?AVout_of_range@std@@
0x001b2614,0x005b4014,ascii,.?AVbad_function_call@std@@
0x001b2638,0x005b4038,ascii,.?AVbad_exception@std@@
0x001b2658,0x005b4058,ascii,.?AVerror_category@std@@
0x001b267c,0x005b407c,ascii,.?AV_Generic_error_category@std@@
0x001b26a8,0x005b40a8,ascii,.?AV_System_error_category@std@@
0x001b26d4,0x005b40d4,ascii,.?AV?$_Func_base@X$$V@std@@
0x001b26f8,0x005b40f8,ascii,.?AV?$_Func_impl_no_alloc@V<lambda_1>@?BE@??grpPrint@@YA?AUtagSIZE@@PBUtagRECT@@HKKPBDPAUIDirect3DTexture9@@HHHPA_NV?$function@$$A6AXXZ@std@@@Z@X$$V@std@@
0x001b279c,0x005b419c,ascii,.?AVmemory_resource@pmr@std@@
0x001b27c4,0x005b41c4,ascii,.?AVdebug_memory_resource@@
0x001b27e8,0x005b41e8,ascii,.?AVTaskInf@@
0x001b2800,0x005b4200,ascii,.?AVInputInf@@
0x001b2818,0x005b4218,ascii,.?AVScreenInf@@
0x001b2830,0x005b4230,ascii,.?AVSprtFuncBaseInf@@
0x001b2850,0x005b4250,ascii,.?AV?$_Func_base@_NAAV?$LinkInf@PAVSprtInf@@@@@std@@
0x001b2890,0x005b4290,ascii,.?AV?$_Func_impl_no_alloc@V<lambda_1>@?8??getSprt@SprtCtrlInf@@QAEPAVSprtInf@@VSprtID@@@Z@_NAAV?$LinkInf@PAVSprtInf@@@@@std@@
0x001b2918,0x005b4318,ascii,.?AV?$_Func_impl_no_alloc@V<lambda_2>@?8??getSprt@SprtCtrlInf@@QAEPAVSprtInf@@VSprtID@@@Z@_NAAV?$LinkInf@PAVSprtInf@@@@@std@@
0x001b29a0,0x005b43a0,ascii,.?AVCSound@@
0x001b29b8,0x005b43b8,ascii,.?AVCStreamingSound@@
0x001b29d8,0x005b43d8,ascii,.?AVEffectChargePointInf@@
0x001b29fc,0x005b43fc,ascii,.?AVEffectFanSparkInf@@
0x001b2a1c,0x005b441c,ascii,.?AVEffectLineEffectInf@@
0x001b2a40,0x005b4440,ascii,.?AVEffectLineSparkInf@@
0x001b2a64,0x005b4464,ascii,.?AVEffectLineSpark2Inf@@
0x001b2a88,0x005b4488,ascii,.?AVEffectLineStoneInf@@
0x001b2aac,0x005b44ac,ascii,.?AVEffectLineStone2Inf@@
0x001b2ad0,0x005b44d0,ascii,.?AVEffectMenuWindowInf@@
0x001b2af4,0x005b44f4,ascii,.?AVEffectPyramidInf@@
0x001b2b14,0x005b4514,ascii,.?AVEffectScreenSwitchInf@@
0x001b2b38,0x005b4538,ascii,.?AVEffectShortLineEffectInf@@
0x001b2b60,0x005b4560,ascii,.?AVEffectShortLineEffect2Inf@@
0x001b2b88,0x005b4588,ascii,.?AVEffectShortLineEffect3Inf@@
0x001b2bb0,0x005b45b0,ascii,.?AVEffectStoneGaugeLineInf@@
0x001b2bd8,0x005b45d8,ascii,.?AVAsciiInf@@
0x001b2bf0,0x005b45f0,ascii,.?AV?$_Func_impl_no_alloc@V<lambda_1>@?1???R1?BB@??JPrintf@AsciiInf@@QAAXABVFVector@@V?$basic_string_view@DU?$char_traits@D@std@@@std@@ZZ@QBE@XZ@X$$V@std@@
0x001b2c98,0x005b4698,ascii,.?AV?$_Func_impl_no_alloc@V<lambda_1>@?BB@??JPrintf@AsciiInf@@QAAXABVFVector@@V?$basic_string_view@DU?$char_traits@D@std@@@std@@ZZ@X$$V@std@@
0x001b2d30,0x005b4730,ascii,.?AVBackGroundInf@@
0x001b2d4c,0x005b474c,ascii,.?AVBombInf@@
0x001b2d64,0x005b4764,ascii,.?AVBombBaseInf@@
0x001b2d80,0x005b4780,ascii,.?AVBombMarisaAInf@@
0x001b2da0,0x005b47a0,ascii,.?AVBombReimuAInf@@
0x001b2dbc,0x005b47bc,ascii,.?AV_Ref_count_base@std@@
0x001b2de0,0x005b47e0,ascii,.?AVBulletInf@@
0x001b2df8,0x005b47f8,ascii,.?AV?$_Ref_count_obj_alloc3@UEtamaArgInf@@U?$DebugAllocator@UEtamaArgInf@@@@@std@@
0x001b2e58,0x005b4858,ascii,.?AV?$_Ebco_base@U?$DebugAllocator@UEtamaArgInf@@@@$00@std@@
0x001b2ea0,0x005b48a0,ascii,.?AU?$DebugAllocator@UEtamaArgInf@@@@
0x001b2ed0,0x005b48d0,ascii,.?AVCardInf@@
0x001b2ee8,0x005b48e8,ascii,.?AV?$_Func_impl_no_alloc@V<lambda_1>@?1???R1?1??Start@CardInf@@QAEXHPADHH@Z@QBE@XZ@X$$V@std@@
0x001b2f50,0x005b4950,ascii,.?AV?$_Func_impl_no_alloc@V<lambda_1>@?1??Start@CardInf@@QAEXHPADHH@Z@X$$V@std@@
0x001b2fac,0x005b49ac,ascii,.?AVEffectInf@@
0x001b2fc4,0x005b49c4,ascii,.?AVEndingInf@@
0x001b2fe0,0x005b49e0,ascii,.?AV?$_Func_impl_no_alloc@V<lambda_1>@?1???R1?BB@??Anim@EndingMsgInf@@QAEHXZ@QBE@XZ@X$$V@std@@
0x001b3048,0x005b4a48,ascii,.?AV?$_Func_impl_no_alloc@V<lambda_1>@?BB@??Anim@EndingMsgInf@@QAEHXZ@X$$V@std@@
0x001b30a8,0x005b4aa8,ascii,.?AV?$_Func_impl_no_alloc@V<lambda_1>@?1???R<lambda_2>@?BD@??Anim@EndingMsgInf@@QAEHXZ@QBE@XZ@X$$V@std@@
0x001b3120,0x005b4b20,ascii,.?AV?$_Func_impl_no_alloc@V<lambda_2>@?BD@??Anim@EndingMsgInf@@QAEHXZ@X$$V@std@@
0x001b317c,0x005b4b7c,ascii,.?AVEnemyCtrlInf@@
0x001b3198,0x005b4b98,ascii,.?AVSptResourceInf@@
0x001b31b8,0x005b4bb8,ascii,.?AVSptInf@@
0x001b31d0,0x005b4bd0,ascii,.?AVEnemyInf@@
0x001b31e8,0x005b4be8,ascii,.?AVEclResourceInf@@
0x001b3208,0x005b4c08,ascii,.?AVFPSInf@@
0x001b3220,0x005b4c20,ascii,.?AVFrontInf@@
0x001b3238,0x005b4c38,ascii,.?AV?$_Func_impl_no_alloc@V<lambda_1>@?1???R1?BB@??Anim@MsgInf@@QAEHXZ@QBE@XZ@X$$V@std@@
0x001b32a0,0x005b4ca0,ascii,.?AV?$_Func_impl_no_alloc@V<lambda_1>@?BB@??Anim@MsgInf@@QAEHXZ@X$$V@std@@
0x001b32f8,0x005b4cf8,ascii,.?AV?$_Func_impl_no_alloc@V<lambda_1>@?1???R<lambda_2>@?BB@??Anim@MsgInf@@QAEHXZ@QBE@XZ@X$$V@std@@
0x001b3368,0x005b4d68,ascii,.?AV?$_Func_impl_no_alloc@V<lambda_2>@?BB@??Anim@MsgInf@@QAEHXZ@X$$V@std@@
0x001b33c0,0x005b4dc0,ascii,.?AV?$_Func_impl_no_alloc@V<lambda_1>@?1???R<lambda_3>@?BK@??Anim@MsgInf@@QAEHXZ@QBE@XZ@X$$V@std@@
0x001b3430,0x005b4e30,ascii,.?AV?$_Func_impl_no_alloc@V<lambda_3>@?BK@??Anim@MsgInf@@QAEHXZ@X$$V@std@@
0x001b3488,0x005b4e88,ascii,.?AV?$_Func_impl_no_alloc@V<lambda_1>@?1???R<lambda_4>@?BM@??Anim@MsgInf@@QAEHXZ@QBE@XZ@X$$V@std@@
0x001b34f8,0x005b4ef8,ascii,.?AV?$_Func_impl_no_alloc@V<lambda_4>@?BM@??Anim@MsgInf@@QAEHXZ@X$$V@std@@
0x001b3550,0x005b4f50,ascii,.?AV?$_Func_impl_no_alloc@V<lambda_1>@?1???R<lambda_5>@?CD@??Anim@MsgInf@@QAEHXZ@QBE@XZ@X$$V@std@@
0x001b35c0,0x005b4fc0,ascii,.?AV?$_Func_impl_no_alloc@V<lambda_5>@?CD@??Anim@MsgInf@@QAEHXZ@X$$V@std@@
0x001b3618,0x005b5018,ascii,.?AV?$_Func_impl_no_alloc@V<lambda_1>@?1???R<lambda_6>@?CF@??Anim@MsgInf@@QAEHXZ@QBE@XZ@X$$V@std@@
0x001b3688,0x005b5088,ascii,.?AV?$_Func_impl_no_alloc@V<lambda_6>@?CF@??Anim@MsgInf@@QAEHXZ@X$$V@std@@
0x001b36e0,0x005b50e0,ascii,.?AV?$_Func_impl_no_alloc@V<lambda_1>@?1???R<lambda_7>@?BB@??Anim@MsgInf@@QAEHXZ@QBE@XZ@X$$V@std@@
0x001b3750,0x005b5150,ascii,.?AV?$_Func_impl_no_alloc@V<lambda_7>@?BB@??Anim@MsgInf@@QAEHXZ@X$$V@std@@
0x001b37a8,0x005b51a8,ascii,.?AV?$_Func_impl_no_alloc@V<lambda_1>@?1???R<lambda_8>@?BB@??Anim@MsgInf@@QAEHXZ@QBE@XZ@X$$V@std@@
0x001b3818,0x005b5218,ascii,.?AV?$_Func_impl_no_alloc@V<lambda_8>@?BB@??Anim@MsgInf@@QAEHXZ@X$$V@std@@
0x001b3870,0x005b5270,ascii,.?AV?$_Func_impl_no_alloc@V<lambda_1>@?1???R<lambda_9>@?BB@??Anim@MsgInf@@QAEHXZ@QBE@XZ@X$$V@std@@
0x001b38e0,0x005b52e0,ascii,.?AV?$_Func_impl_no_alloc@V<lambda_9>@?BB@??Anim@MsgInf@@QAEHXZ@X$$V@std@@
0x001b3938,0x005b5338,ascii,.?AV?$_Func_impl_no_alloc@V<lambda_1>@?1???R<lambda_10>@?BB@??Anim@MsgInf@@QAEHXZ@QBE@XZ@X$$V@std@@
0x001b39a8,0x005b53a8,ascii,.?AV?$_Func_impl_no_alloc@V<lambda_10>@?BB@??Anim@MsgInf@@QAEHXZ@X$$V@std@@
0x001b3a00,0x005b5400,ascii,.?AV?$_Func_impl_no_alloc@V<lambda_1>@?1???R<lambda_11>@?BB@??Anim@MsgInf@@QAEHXZ@QBE@XZ@X$$V@std@@
0x001b3a70,0x005b5470,ascii,.?AV?$_Func_impl_no_alloc@V<lambda_11>@?BB@??Anim@MsgInf@@QAEHXZ@X$$V@std@@
0x001b3ac8,0x005b54c8,ascii,.?AV?$_Func_impl_no_alloc@V<lambda_1>@?1???R<lambda_12>@?BB@??Anim@MsgInf@@QAEHXZ@QBE@XZ@X$$V@std@@
0x001b3b38,0x005b5538,ascii,.?AV?$_Func_impl_no_alloc@V<lambda_12>@?BB@??Anim@MsgInf@@QAEHXZ@X$$V@std@@
0x001b3b90,0x005b5590,ascii,.?AV?$_Func_impl_no_alloc@V<lambda_1>@?1???R<lambda_13>@?BB@??Anim@MsgInf@@QAEHXZ@QBE@XZ@X$$V@std@@
0x001b3c00,0x005b5600,ascii,.?AV?$_Func_impl_no_alloc@V<lambda_13>@?BB@??Anim@MsgInf@@QAEHXZ@X$$V@std@@
0x001b3c58,0x005b5658,ascii,.?AV?$_Func_impl_no_alloc@V<lambda_1>@?1???R<lambda_14>@?BB@??Anim@MsgInf@@QAEHXZ@QBE@XZ@X$$V@std@@
0x001b3cc8,0x005b56c8,ascii,.?AV?$_Func_impl_no_alloc@V<lambda_14>@?BB@??Anim@MsgInf@@QAEHXZ@X$$V@std@@
0x001b3d1c,0x005b571c,ascii,.?AVGameInf@@
0x001b3d34,0x005b5734,ascii,.?AVHelpInf@@
0x001b3d4c,0x005b574c,ascii,.?AVHitCtrlInf@@
0x001b3d68,0x005b5768,ascii,.?AVItemInf@@
0x001b3d80,0x005b5780,ascii,.?AVKeyConfigTaskInf@@
0x001b3da0,0x005b57a0,ascii,.?AVLaserInf@@
0x001b3db8,0x005b57b8,ascii,.?AVLaserDataInf@@
0x001b3dd4,0x005b57d4,ascii,.?AVLaserLineInf@@
0x001b3df0,0x005b57f0,ascii,.?AVLaserCurveInf@@
0x001b3e0c,0x005b580c,ascii,.?AVLaserInfiniteInf@@
0x001b3e2c,0x005b582c,ascii,.?AVLaserBeamInf@@
0x001b3e48,0x005b5848,ascii,.?AVLoadingInf@@
0x001b3e64,0x005b5864,ascii,.?AVGdiplusBase@Gdiplus@@
0x001b3e88,0x005b5888,ascii,.?AVBitmap@Gdiplus@@
0x001b3ea8,0x005b58a8,ascii,.?AVImage@Gdiplus@@
0x001b3ec4,0x005b58c4,ascii,.?AVNoticeInf@@
0x001b3ee0,0x005b58e0,ascii,.?AV?$_Func_impl_no_alloc@V<lambda_1>@?7??Calc@NoticeInf@@QAEHXZ@X$$V@std@@
0x001b3f38,0x005b5938,ascii,.?AV?$_Func_impl_no_alloc@V<lambda_2>@?L@??Calc@NoticeInf@@QAEHXZ@X$$V@std@@
0x001b3f90,0x005b5990,ascii,.?AV?$_Func_impl_no_alloc@V<lambda_3>@?O@??Calc@NoticeInf@@QAEHXZ@X$$V@std@@
0x001b3fe8,0x005b59e8,ascii,.?AV?$_Func_impl_no_alloc@V<lambda_4>@?P@??Calc@NoticeInf@@QAEHXZ@X$$V@std@@
0x001b4040,0x005b5a40,ascii,.?AV?$_Func_impl_no_alloc@V<lambda_5>@?5??Calc@NoticeInf@@QAEHXZ@X$$V@std@@
0x001b4094,0x005b5a94,ascii,.?AVOptionTaskInf@@
0x001b40b0,0x005b5ab0,ascii,.?AVPauseInf@@
0x001b40c8,0x005b5ac8,ascii,.?AV_Facet_base@std@@
0x001b40e8,0x005b5ae8,ascii,.?AVfacet@locale@std@@
0x001b4108,0x005b5b08,ascii,.?AU_Crt_new_delete@std@@
0x001b412c,0x005b5b2c,ascii,.?AV?$_Fmt_buffer@D@std@@
0x001b4150,0x005b5b50,ascii,.?AVPlayerInf@@
0x001b4168,0x005b5b68,ascii,.?AV?$_Fmt_counting_buffer@D@std@@
0x001b4198,0x005b5b98,ascii,.?AV?$_Fmt_iterator_buffer@V?$_String_iterator@V?$_String_val@U?$_Simple_types@D@std@@@std@@@std@@DU_Fmt_buffer_traits@2@@std@@
0x001b4220,0x005b5c20,ascii,.?AU_Fmt_buffer_traits@std@@
0x001b4248,0x005b5c48,ascii,.?AV?$numpunct@D@std@@
0x001b4268,0x005b5c68,ascii,.?AVReplayInf@@
0x001b4280,0x005b5c80,ascii,.?AVSmallScoreInf@@
0x001b429c,0x005b5c9c,ascii,.?AVStageClearInf@@
0x001b42b8,0x005b5cb8,ascii,.?AV?$_Func_base@HPAVEnemyInf@@@std@@
0x001b42e8,0x005b5ce8,ascii,.?AV?$_Func_impl_no_alloc@V<lambda_2>@?1??Start@StoneEnemyInf@@QAEXVEnemyID@@H@Z@HPAVEnemyInf@@@std@@
0x001b4358,0x005b5d58,ascii,.?AVios_base@std@@
0x001b4374,0x005b5d74,ascii,.?AV?$_Iosb@H@std@@
0x001b4390,0x005b5d90,ascii,.?AV_Iostream_error_category2@std@@
0x001b43bc,0x005b5dbc,ascii,.?AUctype_base@std@@
0x001b43dc,0x005b5ddc,ascii,.?AV?$ctype@D@std@@
0x001b43f8,0x005b5df8,ascii,.?AV?$basic_ios@DU?$char_traits@D@std@@@std@@
0x001b4430,0x005b5e30,ascii,.?AV?$basic_streambuf@DU?$char_traits@D@std@@@std@@
0x001b446c,0x005b5e6c,ascii,.?AV?$basic_istream@DU?$char_traits@D@std@@@std@@
0x001b44a8,0x005b5ea8,ascii,.?AV?$basic_stringbuf@DU?$char_traits@D@std@@V?$allocator@D@2@@std@@
0x001b44f8,0x005b5ef8,ascii,.?AV?$basic_istringstream@DU?$char_traits@D@std@@V?$allocator@D@2@@std@@
0x001b454c,0x005b5f4c,ascii,.?AVStoneMenuInf@@
0x001b4568,0x005b5f68,ascii,.?AVTitleInf@@
0x001b4580,0x005b5f80,ascii,.?AVTrophyInf@@
0x001b4598,0x005b5f98,ascii,.?AV?$_Func_impl_no_alloc@V<lambda_1>@?6??Calc@TrophyInf@@QAEHXZ@X$$V@std@@
0x001b45f0,0x005b5ff0,ascii,.?AV?$_Func_impl_no_alloc@V<lambda_2>@?6??Calc@TrophyInf@@QAEHXZ@X$$V@std@@
0x001b4644,0x005b6044,ascii,.?AVStoneBaseInf@@
0x001b4660,0x005b6060,ascii,.?AVStoneBlueReimuInf@@
0x001b4680,0x005b6080,ascii,.?AVStoneBlueReimu2Inf@@
0x001b46a4,0x005b60a4,ascii,.?AVStoneBlueMarisa2Inf@@
0x001b46c8,0x005b60c8,ascii,.?AVStoneBlueMarisaInf@@
0x001b46ec,0x005b60ec,ascii,.?AVStoneGreenReimuInf@@
0x001b4710,0x005b6110,ascii,.?AVStoneGreenReimu2Inf@@
0x001b4734,0x005b6134,ascii,.?AVStoneGreenMarisa2Inf@@
0x001b4758,0x005b6158,ascii,.?AVStoneGreenMarisaInf@@
0x001b477c,0x005b617c,ascii,.?AVStoneRedReimuInf@@
0x001b479c,0x005b619c,ascii,.?AVStoneRedReimu2Inf@@
0x001b47bc,0x005b61bc,ascii,.?AVStoneRedMarisa2Inf@@
0x001b47e0,0x005b61e0,ascii,.?AVStoneRedMarisaInf@@
0x001b4800,0x005b6200,ascii,.?AVWeaponStoneInf@@
0x001b4820,0x005b6220,ascii,.?AVStoneYellowReimuInf@@
0x001b4844,0x005b6244,ascii,.?AVStoneYellowReimu2Inf@@
0x001b4868,0x005b6268,ascii,.?AV?$_Func_base@HAAVFVector@@@std@@
0x001b4898,0x005b6298,ascii,.?AV?$_Func_impl_no_alloc@V<lambda_1>@?8??OnStoneAttack@StoneYellowReimu2Inf@@UAEHXZ@HAAVFVector@@@std@@
0x001b4910,0x005b6310,ascii,.?AV?$_Func_impl_no_alloc@V<lambda_1>@?4??CalcMain@StoneYellowReimu2Inf@@UAEXXZ@HAAVFVector@@@std@@
0x001b4980,0x005b6380,ascii,.?AV?$_Func_impl_no_alloc@V<lambda_1>@?9??CalcSub@StoneYellowReimu2Inf@@UAEXXZ@HAAVFVector@@@std@@
0x001b49ec,0x005b63ec,ascii,.?AVStoneYellowMarisa2Inf@@
0x001b4a10,0x005b6410,ascii,.?AV?$_Func_impl_no_alloc@V<lambda_1>@?8??OnStoneAttack@StoneYellowMarisa2Inf@@UAEHXZ@HAAVFVector@@@std@@
0x001b4a88,0x005b6488,ascii,.?AV?$_Func_impl_no_alloc@V<lambda_1>@?4??CalcMain@StoneYellowMarisa2Inf@@UAEXXZ@HAAVFVector@@@std@@
0x001b4af8,0x005b64f8,ascii,.?AV?$_Func_impl_no_alloc@V<lambda_1>@?9??CalcSub@StoneYellowMarisa2Inf@@UAEXXZ@HAAVFVector@@@std@@
0x001b4b64,0x005b6564,ascii,.?AVStoneYellowMarisaInf@@
0x001b4b88,0x005b6588,ascii,.?AVIFile@Pbg@@
0x001b4ba0,0x005b65a0,ascii,.?AVFile@Pbg@@
0x001b4bb8,0x005b65b8,ascii,.?AV_Identity_equal_resource@pmr@std@@
0x001b4be8,0x005b65e8,ascii,.?AV_Aligned_new_delete_resource_impl@pmr@std@@
0x001b4c20,0x005b6620,ascii,.?AV_Locimp@locale@std@@
0x001b4c44,0x005b6644,ascii,.?AVtype_info@@
0x001b51da,0x005e71da,utf-16le,IDI_ICON3
0x001b51ee,0x005e71ee,utf-16le,AFX_DIALOG_LAYOUT(
0x001b5436,0x005e7436,ascii,"N^\TIFNIGH@>:3160-4,*("
0x001b5508,0x005e7508,ascii,VSQPHC
0x001b55c1,0x005e75c1,ascii,yvl`C=8
0x001b5616,0x005e7616,ascii,KbpKbpKbp
0x001b5769,0x005e7769,ascii,dee>>>;
0x001b5850,0x005e7850,ascii,"""&9ep"
0x001b5971,0x005e7971,ascii,//!#.
0x001b5986,0x005e7986,ascii,"KO""Qa"
0x001b5b6e,0x005e7b6e,ascii,e`^GDBxtqr
0x001b5bce,0x005e7bce,ascii,ib\je`
0x001b5c6e,0x005e7c6e,ascii,prGok
0x001b5c7b,0x005e7c7b,ascii,qjl`zuo
0x001b5c85,0x005e7c85,ascii,#! jaY
0x001b5d27,0x005e7d27,ascii,211kklfgg\]]
0x001b5d42,0x005e7d42,ascii,PPPPMJ
0x001b5f00,0x005e7f00,utf-16le,MS Shell Dlg
0x001b5f43,0x005e7f43,ascii,bW0f0O0`0U0D0
0x001b5f86,0x005e7f86,utf-16le, DOT by DOT
0x001b6012,0x005e8012,utf-16le, 1280
0x001b6052,0x005e8052,utf-16le,  960
0x001b6092,0x005e8092,utf-16le,  640
0x001b60ce,0x005e80ce,utf-16le,     2560
0x001b6116,0x005e8116,utf-16le,     1920
0x001b615e,0x005e815e,utf-16le,     1280
0x001b61a2,0x005e81a2,utf-16le,      960
0x001b61e6,0x005e81e6,utf-16le,      640
0x001b6223,0x005e8223,ascii,RBfk0
0x001b6296,0x005e8296,utf-16le,MS Shell Dlg
0x001b62cc,0x005e82cc,utf-16le,Choose resolution.
0x001b6310,0x005e8310,utf-16le,Borderless Window DOT by DOT
0x001b634a,0x005e834a,utf-16le,Recommend
0x001b6380,0x005e8380,utf-16le,Borderless Window 
0x001b63c4,0x005e83c4,utf-16le,Full Screen 1280
0x001b640c,0x005e840c,utf-16le,Full Screen  960
0x001b6454,0x005e8454,utf-16le,Full Screen  640
0x001b649c,0x005e849c,utf-16le,Window     2560
0x001b64e4,0x005e84e4,utf-16le,Window     1920
0x001b652c,0x005e852c,utf-16le,Window     1280
0x001b6574,0x005e8574,utf-16le,Window      960
0x001b65bc,0x005e85bc,utf-16le,Window      640
0x001b6604,0x005e8604,utf-16le,Ask each startup time
0x001b6670,0x005e8670,ascii,<?xml version='1.0' encoding='UTF-8' standalone='yes'?>
0x001b66a9,0x005e86a9,ascii,<assembly xmlns='urn:schemas-microsoft-com:asm.v1' manifestVersion='1.0'>
0x001b66f4,0x005e86f4,ascii,"  <trustInfo xmlns=""urn:schemas-microsoft-com:asm.v3"">"
0x001b672c,0x005e872c,ascii,    <security>
0x001b673c,0x005e873c,ascii,      <requestedPrivileges>
0x001b6759,0x005e8759,ascii,        <requestedExecutionLevel level='asInvoker' uiAccess='false' />
0x001b67a1,0x005e87a1,ascii,      </requestedPrivileges>
0x001b67bf,0x005e87bf,ascii,    </security>
0x001b67d0,0x005e87d0,ascii,  </trustInfo>
0x001b67e0,0x005e87e0,ascii,</assembly>
0x001b680d,0x005e900d,ascii,060@0J0f0p0z0
0x001b6829,0x005e9029,ascii,1&1F1f1
0x001b6841,0x005e9041,ascii,2 2*2D2
0x001b6867,0x005e9067,ascii,3%363;3A3K3U3_3q3v3|3
0x001b6899,0x005e9099,ascii,4$4*404:4D4N4`4f4l4v4
0x001b68cd,0x005e90cd,ascii,5 5*545>5P5V5\5f5p5z5
0x001b6901,0x005e9101,ascii,6$6.6@6F6N6V6\6f6p6z6
0x001b6935,0x005e9135,ascii,7#747:7@7J7T7^7p7v7|7
0x001b6967,0x005e9167,ascii,8$8*808:8D8N8`8f8l8v8
0x001b699d,0x005e919d,ascii,9'919;9M9R9X9b9l9v9
0x001b69d1,0x005e91d1,ascii,:':9:>:F:N:T:^:h:r:|:
0x001b6a05,0x005e9205,ascii,";,;2;8;B;L;V;h;n;t;~;"
0x001b6a39,0x005e9239,ascii,<%</<9<C<U<Z<`<j<t<~<
0x001b6a6d,0x005e926d,ascii,=(=2=D=J=P=Z=d=n=
0x001b6a9f,0x005e929f,ascii,">"">4>:>B>J>P>Z>d>n>x>"
0x001b6ad3,0x005e92d3,ascii,?)?.?4?>?H?R?d?i?o?y?
0x001b6b11,0x005e9311,ascii,0#0-070A0S0Y0_0i0s0}0
0x001b6b45,0x005e9345,ascii,1'111C1I1O1Y1c1m1
0x001b6b77,0x005e9377,ascii,2!23292A2I2O2Y2c2m2w2
0x001b6bab,0x005e93ab,ascii,3'3-333=3G3Q3c3i3o3y3
0x001b6bdf,0x005e93df,ascii,4#4-474A4S4Y4_4i4s4}4
0x001b6c13,0x005e9413,ascii,5$5.5@5E5K5U5_5i5{5
0x001b6c47,0x005e9447,ascii,"6,61696A6G6Q6[6e6o6y6"
0x001b6c7b,0x005e947b,ascii,7%7+757?7I7[7a7g7q7{7
0x001b6caf,0x005e94af,ascii,"8""8,868H8M8S8]8g8q8"
0x001b6ce3,0x005e94e3,ascii,9%979=9C9M9W9a9s9y9
0x001b6d15,0x005e9515,ascii,:':-:5:=:C:M:W:a:k:u:
0x001b6d49,0x005e9549,ascii,;!;';1;;;E;W;\;b;l;v;
0x001b6d7d,0x005e957d,ascii,< <*<4<F<L<R<\<f<p<
0x001b6db1,0x005e95b1,ascii,=$=6=<=B=L=V=`=r=x=~=
0x001b6de3,0x005e95e3,ascii,">&>,>4><>B>L>V>`>j>t>~>"
0x001b6e17,0x005e9617,ascii,? ?&?0?:?D?V?\?b?l?v?
0x001b6e55,0x005e9655,ascii,0 0*040F0L0R0\0f0p0
0x001b6e89,0x005e9689,ascii,1!13181>1H1R1\1n1s1y1
0x001b6ebd,0x005e96bd,ascii,"2$2,242:2D2N2X2b2l2v2"
0x001b6ef3,0x005e96f3,ascii,3(323<3N3T3Z3d3n3x3
0x001b6f27,0x005e9727,ascii,4)4;4@4F4P4Z4d4v4|4
0x001b6f59,0x005e9759,ascii,5*50565@5J5T5f5l5r5|5
0x001b6f8b,0x005e978b,ascii,6 6(60666@6J6T6^6h6r6|6
0x001b6fc1,0x005e97c1,ascii,7$7.787J7O7U7_7i7s7
0x001b6ff5,0x005e97f5,ascii,8'898?8E8O8Y8c8u8{8
0x001b7027,0x005e9827,ascii,9)9/959?9I9S9e9k9q9{9
0x001b705b,0x005e985b,ascii,:':/:5:?:I:S:]:g:q:{:
0x001b708f,0x005e988f,ascii,;#;-;7;I;O;U;_;i;s;
0x001b70c3,0x005e98c3,ascii,<'<9<?<E<O<Y<c<u<z<
0x001b70f5,0x005e98f5,ascii,=&=+=1=;=E=O=a=f=l=v=
0x001b712b,0x005e992b,ascii,>'>->7>A>K>U>_>i>s>}>
0x001b715f,0x005e995f,ascii,?%?/?A?G?M?W?a?k?}?
0x001b719d,0x005e999d,ascii,0.03090C0M0W0i0o0u0
0x001b71cf,0x005e99cf,ascii,1#1)131=1G1Y1_1e1o1y1
0x001b7203,0x005e9a03,ascii,2#2)232=2G2Q2[2e2o2y2
0x001b7237,0x005e9a37,ascii,3!3+3=3B3H3R3\3f3x3~3
0x001b726b,0x005e9a6b,ascii,"4,42484B4L4V4h4n4t4~4"
0x001b729d,0x005e9a9d,ascii,"5""5(525<5F5X5^5d5n5x5"
0x001b72d1,0x005e9ad1,ascii,"6""6(626<6F6P6Z6d6n6x6"
0x001b7305,0x005e9b05,ascii,7 7*7<7B7H7R7\7f7x7~7
0x001b7339,0x005e9b39,ascii,"8,82888B8L8V8h8m8s8}8"
0x001b736d,0x005e9b6d,ascii,9$9.989B9T9Y9_9i9s9}9
0x001b73a1,0x005e9ba1,ascii,: :*:4:>:H:R:\:f:p:
0x001b73d5,0x005e9bd5,ascii,";"";4;:;@;J;T;^;p;u;{;"
0x001b7407,0x005e9c07,ascii,"<!<&<,<6<@<J<\<b<h<r<|<"
0x001b743d,0x005e9c3d,ascii,=&=0=:=L=R=X=b=l=v=
0x001b7471,0x005e9c71,ascii,>&>0>:>D>N>X>b>l>~>
0x001b74a5,0x005e9ca5,ascii,?0?5?;?E?O?Y?k?q?w?
0x001b74e1,0x005e9ce1,ascii,0%0+050?0I0[0a0g0q0{0
0x001b7515,0x005e9d15,ascii,1%1/191K1Q1W1a1k1u1
0x001b7549,0x005e9d49,ascii,2%2/292C2M2W2a2k2}2
0x001b757d,0x005e9d7d,ascii,3/353;3E3O3Y3k3q3w3
0x001b75af,0x005e9daf,ascii,4%4+454?4I4[4`4f4p4z4
0x001b75e3,0x005e9de3,ascii,5!5+555G5L5R5\5f5p5
0x001b7619,0x005e9e19,ascii,6'616;6E6O6Y6c6u6{6
0x001b764b,0x005e9e4b,ascii,7'717;7E7O7Y7c7m7
0x001b767f,0x005e9e7f,ascii,81878=8G8Q8[8m8s8y8
0x001b76af,0x005e9eaf,ascii,9!9'939C9K9Q9[9e9o9y9
0x001b76e3,0x005e9ee3,ascii,:):/:5:?:I:S:e:k:q:{:
0x001b7717,0x005e9f17,ascii,;%;/;9;C;U;[;g;w;
0x001b7747,0x005e9f47,ascii,"<""<'<-<7<A<K<]<c<i<s<}<"
0x001b777d,0x005e9f7d,ascii,='=1=;=M=S=Y=c=m=w=
0x001b77ad,0x005e9fad,ascii,>!>'>1>;>E>V>[>a>k>u>
0x001b77e3,0x005e9fe3,ascii,?)?3?E?K?Q?[?e?o?
0x001b781f,0x005ea01f,ascii,0)030=0O0U0[0e0o0y0
0x001b7851,0x005ea051,ascii,1!1+1=1C1I1S1]1g1y1
0x001b7883,0x005ea083,ascii,2!2+252?2I2S2]2g2q2
0x001b78b7,0x005ea0b7,ascii,3#353;3A3K3U3_3q3w3}3
0x001b78e9,0x005ea0e9,ascii,4%4+474G4O4U4_4i4s4}4
0x001b791d,0x005ea11d,ascii,5-53595C5M5W5i5o5u5
0x001b794f,0x005ea14f,ascii,6#6)636=6G6Y6_6k6{6
0x001b7983,0x005ea183,ascii,"7""7,767B7H7N7X7b7m7r7x7"
0x001b79bd,0x005ea1bd,ascii,8 8&808:8F8L8R8\8f8q8v8|8
0x001b79f9,0x005ea1f9,ascii,9$9*949>9J9P9V9`9j9u9z9
0x001b7a31,0x005ea231,ascii,:!:':1:;:G:M:S:]:g:s:y:
0x001b7a6b,0x005ea26b,ascii,; ;%;+;5;?;K;Q;W;a;k;w;};
0x001b7aa7,0x005ea2a7,ascii,<$<)</<9<C<O<U<[<e<o<{<
0x001b7adf,0x005ea2df,ascii,=$=)=/=9=C=O=U=[=e=o={=
0x001b7b1b,0x005ea31b,ascii,>(>->3>=>G>S>Y>_>i>s>
0x001b7b55,0x005ea355,ascii,"?!?,?1?7?A?K?W?]?c?m?w?"
0x001b7b97,0x005ea397,ascii,"0!0,01070A0K0W0]0c0m0w0"
0x001b7bd3,0x005ea3d3,ascii,1%10151;1E1O1[1a1g1q1{1
0x001b7c0f,0x005ea40f,ascii,2)24292?2I2S2_2e2k2u2
0x001b7c47,0x005ea447,ascii,3)333D3J3P3Z3d3n3
0x001b7c79,0x005ea479,ascii,4 42484>4H4R4\4n4t4z4
0x001b7cab,0x005ea4ab,ascii,5 5*5<5B5H5R5\5f5w5}5
0x001b7cdf,0x005ea4df,ascii,6)6/656?6I6S6e6k6q6{6
0x001b7d11,0x005ea511,ascii,7!7+757?7I7S7]7o7u7{7
0x001b7d43,0x005ea543,ascii,"8!8&8,868@8J8\8b8h8r8|8"
0x001b7d77,0x005ea577,ascii,"9""929:9@9J9T9^9h9r9|9"
0x001b7dab,0x005ea5ab,ascii,:%:/:9:C:U:[:g:w:
0x001b7ddb,0x005ea5db,ascii,";"";';-;7;A;K;];c;i;s;};"
0x001b7e11,0x005ea611,ascii,<'<1<;<M<S<Y<c<m<w<
0x001b7e41,0x005ea641,ascii,=!='=1=;=E=W=\=b=l=v=
0x001b7e77,0x005ea677,ascii,>)>3>E>K>Q>[>e>o>
0x001b7ea9,0x005ea6a9,ascii,"?""?4?9???I?S?]?o?t?z?"
0x001b7ee3,0x005ea6e3,ascii,0 0%0+050?0I0[0`0f0p0z0
0x001b7f1b,0x005ea71b,ascii,1(121<1N1T1Z1d1n1x1
0x001b7f4d,0x005ea74d,ascii,2 2*2<2A2G2Q2[2e2w2|2
0x001b7f81,0x005ea781,ascii,3)3/353?3I3S3e3k3q3{3
0x001b7fb5,0x005ea7b5,ascii,4%4/494C4U4[4a4k4u4
0x001b7fe9,0x005ea7e9,ascii,5%5/595K5Q5W5a5k5u5
0x001b801d,0x005ea81d,ascii,6&686>6D6N6X6b6t6z6
0x001b804f,0x005ea84f,ascii,7(7.747>7H7R7d7j7p7z7
0x001b8083,0x005ea883,ascii,8$8.888B8T8Z8`8j8t8~8
0x001b80b7,0x005ea8b7,ascii,9$9.989J9O9U9_9i9s9
0x001b80eb,0x005ea8eb,ascii,:&:8:>:D:N:X:b:t:z:
0x001b811d,0x005ea91d,ascii,";';,;2;<;F;P;b;g;m;w;"
0x001b8153,0x005ea953,ascii,<(<2<<<N<S<Y<c<m<w<
0x001b8187,0x005ea987,ascii,=&=0=:=D=N=X=b=l=v=
0x001b81b9,0x005ea9b9,ascii,> >*>4>>>H>R>\>f>p>z>
0x001b81ed,0x005ea9ed,ascii,?$?.?8?B?L?V?`?j?t?~?
0x001b822b,0x005eaa2b,ascii,0$0.080B0L0V0g0m0s0}0
0x001b8265,0x005eaa65,ascii,1)131?1E1K1U1_1k1q1w1
0x001b829f,0x005eaa9f,ascii,2#2-272C2I2O2Y2c2o2u2{2
0x001b82d9,0x005eaad9,ascii,3!3+353?3I3S3]3o3u3{3
0x001b8311,0x005eab11,ascii,4!4'414;4G4M4S4]4g4s4y4
0x001b834b,0x005eab4b,ascii,5 5%5+555?5K5Q5W5a5k5w5}5
0x001b8389,0x005eab89,ascii,6)636=6G6Q6[6e6w6}6
0x001b83bf,0x005eabbf,ascii,7$7)7/797C7O7U7[7e7o7{7
0x001b83fb,0x005eabfb,ascii,8(8-838=8G8S8Y8_8i8s8
0x001b8437,0x005eac37,ascii,9'919;9E9O9Y9c9m9
0x001b846d,0x005eac6d,ascii,:!:-:3:9:C:M:X:]:c:m:w:
0x001b84a9,0x005eaca9,ascii,;%;1;7;=;G;Q;\;a;g;q;{;
0x001b84e5,0x005eace5,ascii,<%</<9<C<M<W<a<k<u<
0x001b8519,0x005ead19,ascii,='=9=?=E=O=Y=c=u={=
0x001b854b,0x005ead4b,ascii,>)>/>;>K>S>Y>c>m>w>
0x001b857f,0x005ead7f,ascii,?1?7?=?G?Q?[?m?s?y?
0x001b85b7,0x005eadb7,ascii,0!0'0-070A0K0]0c0o0
0x001b85eb,0x005eadeb,ascii,1*1/151?1I1S1e1k1q1{1
0x001b861f,0x005eae1f,ascii,2%2/292C2U2[2a2k2u2
0x001b8651,0x005eae51,ascii,3%3/393C3M3W3a3k3u3
0x001b8683,0x005eae83,ascii,4%4/494C4M4W4a4k4u4
0x001b86b5,0x005eaeb5,ascii,5%5/595C5M5_5e5k5u5
0x001b86e9,0x005eaee9,ascii,6'616;6M6S6Y6c6m6w6
0x001b8719,0x005eaf19,ascii,7#7+717;7E7O7Y7c7m7w7
0x001b874f,0x005eaf4f,ascii,8)838E8K8Q8[8e8o8
0x001b8781,0x005eaf81,ascii,9#959;9G9W9_9e9o9y9
0x001b87a9,0x005eafa9,ascii,:#:-:F:R:c:h:y:~:
0x001b87d9,0x005eafd9,ascii,;$;);7;<;J;O;];b;p;u;
0x001b880f,0x005eb00f,ascii,< <.<3<A<F<T<Y<g<l<z<
0x001b8845,0x005eb045,ascii,=%=*=8===K=P=^=c=q=v=
0x001b887b,0x005eb07b,ascii,>D>T>d>t>
0x001b889b,0x005eb09b,ascii,>F?U?
0x001b88c3,0x005eb0c3,ascii,9f<u<
0x001b88e9,0x005eb0e9,ascii,97;W<
0x001b8905,0x005eb105,ascii,1G2w3
0x001b890d,0x005eb10d,ascii,5'7G8^8
0x001b8919,0x005eb119,ascii,8V:e:
0x001b8929,0x005eb129,ascii,<f<u<
0x001b8939,0x005eb139,ascii,>%?V?e?
0x001b895f,0x005eb15f,ascii,2f2u2
0x001b8967,0x005eb167,ascii,3&3Y3
0x001b8973,0x005eb173,ascii,5P5\6
0x001b898d,0x005eb18d,ascii,2C2Y3l3
0x001b89bb,0x005eb1bb,ascii,4%4g5
0x001b89c9,0x005eb1c9,ascii,7&7I7P7U7
0x001b89d7,0x005eb1d7,ascii,7F8U8k8
0x001b89fb,0x005eb1fb,ascii,:!:Q:X:]:
0x001b8a09,0x005eb209,ascii,:C;s;
0x001b8a17,0x005eb217,ascii,<(<9<P<b<}<
0x001b8a45,0x005eb245,ascii,?9?G?W?l?
0x001b8a5f,0x005eb25f,ascii,0f0u0
0x001b8a77,0x005eb277,ascii,2F3U3
0x001b8a7d,0x005eb27d,ascii,3X5h5'7
0x001b8aaf,0x005eb2af,ascii,3D3j3
0x001b8acd,0x005eb2cd,ascii,8%8>8
0x001b8ad3,0x005eb2d3,ascii,8#9C9N:t:x:|:
0x001b8b09,0x005eb309,ascii,>&?3?
0x001b8b27,0x005eb327,ascii,3&626
0x001b8b2f,0x005eb32f,ascii,6f7u7
0x001b8b35,0x005eb335,ascii,8%8&959w;
0x001b8b4f,0x005eb34f,ascii,1V3e3f4s4
0x001b8b5b,0x005eb35b,ascii,6$8G8
0x001b8b73,0x005eb373,ascii,292S2f4u4
0x001b8b83,0x005eb383,ascii,5a6n6
0x001b8b8d,0x005eb38d,ascii,6:7?7K7e7
0x001b8b99,0x005eb399,ascii,768H8e8
0x001b8bad,0x005eb3ad,ascii,9%9D9c9
0x001b8bbf,0x005eb3bf,ascii,:<:[:w:
0x001b8bd5,0x005eb3d5,ascii,;$<[<
0x001b8c17,0x005eb417,ascii,"1 1$1(1,1014181F1U1i1}1"
0x001b8c3b,0x005eb43b,ascii,3&484w4}4
0x001b8c47,0x005eb447,ascii,<*=7=P=T=Y=p=~=
0x001b8c67,0x005eb467,ascii,>R>_>
0x001b8c73,0x005eb473,ascii,>-?7?t?~?
0x001b8c8b,0x005eb48b,ascii,0O0\0
0x001b8c97,0x005eb497,ascii,061C1\1t1
0x001b8ca7,0x005eb4a7,ascii,2A2N2
0x001b8cb3,0x005eb4b3,ascii,2(353u3
0x001b8cc3,0x005eb4c3,ascii,4\4i4
0x001b8cd1,0x005eb4d1,ascii,5X5e5
0x001b8cdd,0x005eb4dd,ascii,5?6L6
0x001b8ce9,0x005eb4e9,ascii,6&737s7
0x001b8cfd,0x005eb4fd,ascii,8F8S8
0x001b8d09,0x005eb509,ascii,8-9:9z9
0x001b8d17,0x005eb517,ascii,:!:a:n:
0x001b8d21,0x005eb521,ascii,=F>U>
0x001b8d3d,0x005eb53d,ascii,677Z7
0x001b8d51,0x005eb551,ascii,=F>S>
0x001b8d69,0x005eb569,ascii,4/474{5
0x001b8d89,0x005eb589,ascii,7'7/7f7x7
0x001b8db1,0x005eb5b1,ascii,":"":2:m:"
0x001b8dc7,0x005eb5c7,ascii,;/;Z;e;o;
0x001b8dd7,0x005eb5d7,ascii,;*<R<Z<x<
0x001b8ded,0x005eb5ed,ascii,"=#=,=7=B=L=r="
0x001b8dfb,0x005eb5fb,ascii,=X>`>j>
0x001b8e0f,0x005eb60f,ascii,?8?O?n?y?
0x001b8e2d,0x005eb62d,ascii,0H0T0_0r0
0x001b8e55,0x005eb655,ascii,3/3[3
0x001b8e61,0x005eb661,ascii,4:4f4
0x001b8e6b,0x005eb66b,ascii,"4""5N5z5"
0x001b8e79,0x005eb679,ascii,6;6s6
0x001b8e87,0x005eb687,ascii,7G7u7
0x001b8e91,0x005eb691,ascii,7-8[8
0x001b8e9b,0x005eb69b,ascii,979n9
0x001b8ea7,0x005eb6a7,ascii,:):4:?:J:v:
0x001b8eb7,0x005eb6b7,ascii,:<;H;R;\;d;p;
0x001b8ed1,0x005eb6d1,ascii,;8<X<_<n<u<
0x001b8efb,0x005eb6fb,ascii,>#>/>6>T>z>
0x001b8f0b,0x005eb70b,ascii,?4?@?L?R?a?m?y?
0x001b8f2c,0x005eb72c,ascii,*060=0o0{0
0x001b8f45,0x005eb745,ascii,1#1*1\1g1
0x001b8f5f,0x005eb75f,ascii,2$2.2@2P2
0x001b8f75,0x005eb775,ascii,2K3V3
0x001b8f81,0x005eb781,ascii,4 4I4O4b4
0x001b8f9b,0x005eb79b,ascii,5(52595C5J5T5b5p5~5
0x001b8fbd,0x005eb7bd,ascii,6&6E6
0x001b8fc9,0x005eb7c9,ascii,717M7y7~7
0x001b8fe8,0x005eb7e8,ascii,*040>0C0I0U0Z0
0x001b900b,0x005eb80b,ascii,2%212I2V2
0x001b901b,0x005eb81b,ascii,3*3<3G3U3Z3
0x001b9037,0x005eb837,ascii,4<4E4N4V4[4p4y4
0x001b9071,0x005eb871,ascii,666D6N6S6a6l6q6~6
0x001b9097,0x005eb897,ascii,777O7[7f7o7
0x001b90b3,0x005eb8b3,ascii,848@8I8d8v8
0x001b90cd,0x005eb8cd,ascii,9*969E9Q9]9j9s9
0x001b90e5,0x005eb8e5,ascii,;&;:;@;P;Y;b;m;s;
0x001b910f,0x005eb90f,ascii,=6=F=V=k=u=z=
0x001b912b,0x005eb92b,ascii,>F?d?j?y?
0x001b914b,0x005eb94b,ascii,0+070=0I0T0
0x001b9157,0x005eb957,ascii,061E1W3
0x001b9171,0x005eb971,ascii,4!4-4P4W4a4x4
0x001b9189,0x005eb989,ascii,5&515R5Y5h5w5
0x001b91a7,0x005eb9a7,ascii,616C6U6a6p6|6
0x001b91c9,0x005eb9c9,ascii,"7,7=7N7U7^7l7x7"
0x001b9201,0x005eba01,ascii,"9 9$9(9,9094989<9@9D9H9L9P9T9X9z="
0x001b9230,0x005eba30,ascii,Z0i0|0
0x001b9255,0x005eba55,ascii,1$1*131?1M1U1[1d1m1u1}1
0x001b9289,0x005eba89,ascii,2$2.262D2I2Q2`2m2u2
0x001b92b3,0x005ebab3,ascii,"3""3/373F3N3\3c3x3"
0x001b92df,0x005ebadf,ascii,4-4<4N4V4\4f4q4
0x001b930b,0x005ebb0b,ascii,5I5i5
0x001b9319,0x005ebb19,ascii,6!686@6_6g6o6w6
0x001b9337,0x005ebb37,ascii,757K7S7
0x001b935b,0x005ebb5b,ascii,9(9.9P9c9v9|9
0x001b9387,0x005ebb87,ascii,:!:):1:7:
0x001b93a1,0x005ebba1,ascii,:*;>;K;l;v;
0x001b93c1,0x005ebbc1,ascii,<'<1<=<H<M<S<]<h<s<~<
0x001b93ed,0x005ebbed,ascii,=$=0=I=m=t=
0x001b9411,0x005ebc11,ascii,">"">)>1>8>J>V>a>t>{>"
0x001b9443,0x005ebc43,ascii,"? ?&?,?2?7?D?K?V?_?j?q?|?"
0x001b9485,0x005ebc85,ascii,"0 0%0,020>0T0^0c0p0"
0x001b94a7,0x005ebca7,ascii,1 191D1P1
0x001b94b9,0x005ebcb9,ascii,6&6w6
0x001b94c5,0x005ebcc5,ascii,6g7v7
0x001b94db,0x005ebcdb,ascii,"9,=v="
0x001b94f5,0x005ebcf5,ascii,>X?o?u?
0x001b950f,0x005ebd0f,ascii,0[0r0
0x001b9523,0x005ebd23,ascii,1^2m2
0x001b953f,0x005ebd3f,ascii,7&737E7g7
0x001b954b,0x005ebd4b,ascii,748:8U8[8
0x001b955f,0x005ebd5f,ascii,8-939
0x001b9577,0x005ebd77,ascii,:$;<;A;s;
0x001b9585,0x005ebd85,ascii,;S<X<
0x001b9599,0x005ebd99,ascii,=#>D>
0x001b95bd,0x005ebdbd,ascii,0)0J0\0
0x001b95cd,0x005ebdcd,ascii,242=2C2g2m2
0x001b95df,0x005ebddf,ascii,243]4
0x001b9609,0x005ebe09,ascii,:3:G:k:w:|:
0x001b9617,0x005ebe17,ascii,;`;};
0x001b962f,0x005ebe2f,ascii,383Z3
0x001b9637,0x005ebe37,ascii,7?7r7
0x001b9643,0x005ebe43,ascii,;5;J;
0x001b9649,0x005ebe49,ascii,;F>S>g>&?3?G?
0x001b9673,0x005ebe73,ascii,4Z6e6o6
0x001b967f,0x005ebe7f,ascii,838[8
0x001b968d,0x005ebe8d,ascii,9+9A9
0x001b9699,0x005ebe99,ascii,:?:k:
0x001b96ad,0x005ebead,ascii,;7;e;
0x001b96b7,0x005ebeb7,ascii,<2<R<p<
0x001b96c7,0x005ebec7,ascii,=%=>=^=w=
0x001b96d9,0x005ebed9,ascii,>!>p>t>x>|>
0x001b9705,0x005ebf05,ascii,2#2h2
0x001b970d,0x005ebf0d,ascii,3%3j3
0x001b9723,0x005ebf23,ascii,5.6U6
0x001b9731,0x005ebf31,ascii,747A7b7~7
0x001b9747,0x005ebf47,ascii,8/868n8
0x001b9759,0x005ebf59,ascii,9'9C9T9k9w9
0x001b9775,0x005ebf75,ascii,;%;H;U;v;
0x001b978b,0x005ebf8b,ascii,<)<E<L<
0x001b979d,0x005ebf9d,ascii,=$=@=\=m=
0x001b97b3,0x005ebfb3,ascii,>$>1><>H>
0x001b97d1,0x005ebfd1,ascii,>7?T?a?
0x001b97fb,0x005ebffb,ascii,4F6U6
0x001b9801,0x005ec001,ascii,7%779Z9
0x001b9813,0x005ec013,ascii,<#<7<v<
0x001b9839,0x005ec039,ascii,3:4@4t4y4
0x001b9843,0x005ec043,ascii,4J6u6
0x001b9851,0x005ec051,ascii,677<7j7
0x001b986b,0x005ec06b,ascii,:#:-:M:V:_:g:
0x001b987b,0x005ec07b,ascii,;2<w<
0x001b988f,0x005ec08f,ascii,=)=F=
0x001b9899,0x005ec099,ascii,>c?k?v?
0x001b98b9,0x005ec0b9,ascii,"3""3>3f3x3"
0x001b98c3,0x005ec0c3,ascii,3l4z4
0x001b98c9,0x005ec0c9,ascii,4:5Y5z5
0x001b98d5,0x005ec0d5,ascii,6+6=6
0x001b98fb,0x005ec0fb,ascii,;'<t<F=
0x001b9905,0x005ec105,ascii,=#>D>M>h>
0x001b9929,0x005ec129,ascii,0Q0z1
0x001b9931,0x005ec131,ascii,1P3T3X3\3`3d3h3l3p3*4
0x001b994d,0x005ec14d,ascii,6G6Y6
0x001b9953,0x005ec153,ascii,6[7r7x7
0x001b9971,0x005ec171,ascii,:':<:L:r:
0x001b9999,0x005ec199,ascii,7T8{8
0x001b99a1,0x005ec1a1,ascii,9+9=9E9Q9
0x001b99b1,0x005ec1b1,ascii,:%:5:Z:
0x001b99bb,0x005ec1bb,ascii,;.<<<a<o<
0x001b99d9,0x005ec1d9,ascii,0$010F0S0s0u2
0x001b9a2f,0x005ec22f,ascii,0+080X0
0x001b9a4f,0x005ec24f,ascii,"6,666\6"
0x001b9a75,0x005ec275,ascii,2G3O3q3y3
0x001b9a87,0x005ec287,ascii,4J4R4Y4a4i4q5
0x001b9b0b,0x005ec30b,ascii,"0 0$0(0,0004080<0@0D0H0L0P0T0X0\0`0d0h0l0p0t0x0|0"
0x001b9b8b,0x005ec38b,ascii,"1 1$1(1,1014181<1@1D1H1L1P1T1X1\1`1d1h1l1p1t1x1|1"
0x001b9c0b,0x005ec40b,ascii,"2 2$2(2,2024282<2@2D2H2L2P2T2X2\2`2d2h2l2p2t2x2|2"
0x001b9c3d,0x005ec43d,ascii,245?5
0x001b9c45,0x005ec445,ascii,5(636
0x001b9c5b,0x005ec45b,ascii,8!808{8
0x001b9c6f,0x005ec46f,ascii,=6>S>
0x001b9c79,0x005ec479,ascii,?%?7???
0x001b9ca3,0x005ec4a3,ascii,7&7.7
0x001b9cb9,0x005ec4b9,ascii,9O9W9_9g9o9d:
0x001b9cc9,0x005ec4c9,ascii,;5<G<g<o<
0x001b9cd7,0x005ec4d7,ascii,<b=P>??
0x001b9cf9,0x005ec4f9,ascii,1i2p2
0x001b9d0d,0x005ec50d,ascii,2^3e3
0x001b9d1f,0x005ec51f,ascii,"4 4$4(4,4044484<4@4"
0x001b9d3b,0x005ec53b,ascii,:Q:f:
0x001b9d45,0x005ec545,ascii,<0<'=.=
0x001b9d4d,0x005ec54d,ascii,>0>4>8><>@>D>H>L>P>T>X>\>`>d>h>l>p>t>
0x001b9d91,0x005ec591,ascii,1%1_1{1
0x001b9db3,0x005ec5b3,ascii,"2 2$2(2,2024282<2@2D2H2L2P2T2X2\2`2d2h2l2p2t2x2|2"
0x001b9deb,0x005ec5eb,ascii,4N5_5g5
0x001b9e1b,0x005ec61b,ascii,1*1Y1
0x001b9e35,0x005ec635,ascii,;O<W<
0x001b9e51,0x005ec651,ascii,1%1I1
0x001b9e6d,0x005ec66d,ascii,5(5`5{5
0x001b9e93,0x005ec693,ascii,859P9w9
0x001b9e9b,0x005ec69b,ascii,9Z:h:
0x001b9ead,0x005ec6ad,ascii,<;<Z<
0x001b9eb9,0x005ec6b9,ascii,=(=G=
0x001b9ebf,0x005ec6bf,ascii,>H>g>
0x001b9ecb,0x005ec6cb,ascii,?5?T?
0x001b9ed9,0x005ec6d9,ascii,0&0D0h0
0x001b9ee5,0x005ec6e5,ascii,112j2/373o3
0x001b9ef7,0x005ec6f7,ascii,8'8@8
0x001b9f41,0x005ec741,ascii,"4""4@4d4"
0x001b9f49,0x005ec749,ascii,4Y5a536
0x001b9f5d,0x005ec75d,ascii,8=8}8
0x001b9f7b,0x005ec77b,ascii,>#>>>Z>
0x001b9f99,0x005ec799,ascii,1)1W2
0x001b9fb7,0x005ec7b7,ascii,9>9a:
0x001b9fc3,0x005ec7c3,ascii,<&<D<h<G=O=
0x001ba007,0x005ec807,ascii,50585
0x001ba011,0x005ec811,ascii,8L8j8
0x001ba017,0x005ec817,ascii,8c9`;~;~<
0x001ba04f,0x005ec84f,ascii,1a5o5}5
0x001ba05f,0x005ec85f,ascii,5A6O6]6l6
0x001ba06f,0x005ec86f,ascii,7/7?7T7d7y7
0x001ba089,0x005ec889,ascii,8&8C8\8q8
0x001ba09f,0x005ec89f,ascii,9+9;9X9r9
0x001ba0bb,0x005ec8bb,ascii,:!:1:@:N:]:l:{:
0x001ba0dd,0x005ec8dd,ascii,;';/;E;M;d;l;
0x001ba0fb,0x005ec8fb,ascii,"?""?5?F?V?g?"
0x001ba123,0x005ec923,ascii,2C2f2u2
0x001ba157,0x005ec957,ascii,6 6;6\6
0x001ba181,0x005ec981,ascii,;1;G;r;
0x001ba1a7,0x005ec9a7,ascii,>;>[>
0x001ba1b7,0x005ec9b7,ascii,?2?H?s?
0x001ba1d3,0x005ec9d3,ascii,020C0n0t0
0x001ba1ef,0x005ec9ef,ascii,2>2T2
0x001ba1ff,0x005ec9ff,ascii,3!3'3<3B3X3^3
0x001ba223,0x005eca23,ascii,4!4:4`5
0x001ba233,0x005eca33,ascii,7#7+719
0x001ba245,0x005eca45,ascii,:':=:
0x001ba251,0x005eca51,ascii,;!;6;N;d;
0x001ba25b,0x005eca5b,ascii,< <;<@<
0x001ba267,0x005eca67,ascii,=7=N=q=}=
0x001ba27b,0x005eca7b,ascii,>(>I>V>e>
0x001ba2a5,0x005ecaa5,ascii,"0,1~1"
0x001ba2af,0x005ecaaf,ascii,1]2j2
0x001ba2db,0x005ecadb,ascii,<4=I=^=s=
0x001ba33f,0x005ecb3f,ascii,=+=3=g=
0x001ba350,0x005ecb50,ascii,Z2~2\3
0x001ba397,0x005ecb97,ascii,"0 0$0(0,0004080<0@0D0H0L0P0T0X0\0`0d0h0l0p0t0x0|0"
0x001ba417,0x005ecc17,ascii,1 1$1(1
0x001ba43f,0x005ecc3f,ascii,8T8d8h8l8p8
0x001ba451,0x005ecc51,ascii,</<^<
0x001ba45d,0x005ecc5d,ascii,=5=a=
0x001ba467,0x005ecc67,ascii,=#>O>{>
0x001ba473,0x005ecc73,ascii,?4?i?
0x001ba493,0x005ecc93,ascii,1<1q1
0x001ba4b7,0x005eccb7,ascii,6h6l6p6t6x6|6
0x001ba4d3,0x005eccd3,ascii,7G7o7
0x001ba4dd,0x005eccdd,ascii,7!8O8}8
0x001ba4e9,0x005ecce9,ascii,9;9i9
0x001ba4f3,0x005eccf3,ascii,9':U:
0x001ba4ff,0x005eccff,ascii,; ;$;(;l;
0x001ba511,0x005ecd11,ascii,<6=C=
0x001ba527,0x005ecd27,ascii,273^3
0x001ba539,0x005ecd39,ascii,4&555N5
0x001ba54f,0x005ecd4f,ascii,6E7J7
0x001ba555,0x005ecd55,ascii,<#<7<f<s<
0x001ba581,0x005ecd81,ascii,1-151E1M1`1s1
0x001ba5a7,0x005ecda7,ascii,2&262>2N2V2i2|2
0x001ba5d3,0x005ecdd3,ascii,5/5B5U5h5{5
0x001ba5ed,0x005ecded,ascii,6&696L6_6r6
0x001ba609,0x005ece09,ascii,707C7V7i7|7
0x001ba623,0x005ece23,ascii,8'8:8M8`8s8
0x001ba633,0x005ece33,ascii,8F;U;v=
0x001ba64d,0x005ece4d,ascii,2f2u2
0x001ba653,0x005ece53,ascii,3#3v3
0x001ba66d,0x005ece6d,ascii,97:v:
0x001ba675,0x005ece75,ascii,:&;5;
0x001ba67f,0x005ece7f,ascii,<'=6=
0x001ba685,0x005ece85,ascii,=F>U>n>
0x001ba698,0x005ece98,ascii,80B0Q0
0x001ba6cf,0x005ececf,ascii,;R;g;
0x001ba6dd,0x005ecedd,ascii,<&<8<U<
0x001ba6f1,0x005ecef1,ascii,?B?U?
0x001ba700,0x005ecf00,ascii,&080U0v0/171n1
0x001ba70f,0x005ecf0f,ascii,1V5e5
0x001ba717,0x005ecf17,ascii,5(787&8v8
0x001ba747,0x005ecf47,ascii,"1,1A1l1"
0x001ba75f,0x005ecf5f,ascii,4U5}5
0x001ba788,0x005ecf88,ascii,'0A0]0y0
0x001ba79f,0x005ecf9f,ascii,2)2R2
0x001ba7ab,0x005ecfab,ascii,3.3N3n3
0x001ba7d9,0x005ecfd9,ascii,9h:o:~:
0x001ba7f1,0x005ecff1,ascii,:`;g;
0x001ba7f9,0x005ecff9,ascii,";'<,=g="
0x001ba823,0x005ed023,ascii,354B4L4S445
0x001ba849,0x005ed049,ascii,9]:d:
0x001ba85f,0x005ed05f,ascii,<H<M<
0x001ba869,0x005ed069,ascii,<F=U=p=
0x001ba891,0x005ed091,ascii,0A1v1
0x001ba8b1,0x005ed0b1,ascii,5P5Z5h5
0x001ba8c3,0x005ed0c3,ascii,6#616<6M6
0x001ba8db,0x005ed0db,ascii,7!8F8U8A:v:
0x001ba8ed,0x005ed0ed,ascii,<6=E=
0x001ba8fd,0x005ed0fd,ascii,011f1u1
0x001ba905,0x005ed105,ascii,213z5U6
0x001ba91d,0x005ed11d,ascii,:E;u;
0x001ba92b,0x005ed12b,ascii,=C=S=p=
0x001ba935,0x005ed135,ascii,>!>)>1>9>_>
0x001ba948,0x005ed148,ascii,V0e0~0
0x001ba9c7,0x005ed1c7,ascii,1.2P2
0x001ba9d5,0x005ed1d5,ascii,4A4V4{4
0x001ba9f1,0x005ed1f1,ascii,=x>}>
0x001baa15,0x005ed215,ascii,1V1h1~162H2^2
0x001baa3d,0x005ed23d,ascii,8$8>8F8`8h8
0x001baa6b,0x005ed26b,ascii,>)>8>T>\>
0x001baa75,0x005ed275,ascii,>4?S?`?q?
0x001baa93,0x005ed293,ascii,0-0>0O0m0z0
0x001baab1,0x005ed2b1,ascii,1&1>1K1W1_1y1
0x001baacf,0x005ed2cf,ascii,"2""2/2@2Q2Y2q2~2"
0x001baaef,0x005ed2ef,ascii,3*3;3G3a3n3|3
0x001bab11,0x005ed311,ascii,4G4O4o4w4
0x001bab2b,0x005ed32b,ascii,5%5>5K5S5m5z5
0x001bab4d,0x005ed34d,ascii,636@6L6T6\6d6t6|6
0x001bab77,0x005ed377,ascii,7#7+737;7K7S7[7c7k7s7
0x001baba5,0x005ed3a5,ascii,"8""8*828:8B8J8^8f8n8v8~8"
0x001babd5,0x005ed3d5,ascii,9!959=9E9M9U9]9m9
0x001bac03,0x005ed403,ascii,":$:,:4:D:a:x:"
0x001bac31,0x005ed431,ascii,;-;=;V;m;z;
0x001bac5b,0x005ed45b,ascii,"<""<2<K<b<o<{<"
0x001bac87,0x005ed487,ascii,='=@=W=d=p=x=
0x001bacb3,0x005ed4b3,ascii,>5>L>Y>e>m>u>}>
0x001bacdd,0x005ed4dd,ascii,"?,?0?4?8?<?@?D?H?L?P?T?X?\?`?d?h?l?p?t?x?|?"
0x001bad2f,0x005ed52f,ascii,3Q4f4
0x001bad49,0x005ed549,ascii,9%;G;Q;
0x001bad53,0x005ed553,ascii,;W=a=0>8>I>
0x001bad75,0x005ed575,ascii,1*3X3
0x001bad7d,0x005ed57d,ascii,3`4h4y4
0x001bad8f,0x005ed58f,ascii,"7,7G7"
0x001bad9b,0x005ed59b,ascii,8M8d8
0x001bada1,0x005ed5a1,ascii,8L99:A:
0x001badbd,0x005ed5bd,ascii,=2=:=U=p=
0x001baddd,0x005ed5dd,ascii,0:1M1u1
0x001badf1,0x005ed5f1,ascii,"2,2G2a2{2"
0x001bae07,0x005ed607,ascii,3*323M3h3
0x001bae19,0x005ed619,ascii,3]5{5
0x001bae27,0x005ed627,ascii,6/6w6@7Y7a7{7
0x001bae41,0x005ed641,ascii,8)818K8g;q;
0x001bae51,0x005ed651,ascii,<*=c=
0x001bae5b,0x005ed65b,ascii,=4>f>
0x001bae77,0x005ed677,ascii,3V3e3~3
0x001bae81,0x005ed681,ascii,4?5H5N5R6
0x001bae8f,0x005ed68f,ascii,7Q8v8
0x001bae99,0x005ed699,ascii,9&939A:Y:w:
0x001baf29,0x005ed729,ascii,6A7X7
0x001baf47,0x005ed747,ascii,='>Q>
0x001baf5f,0x005ed75f,ascii,061C1W1
0x001baf6d,0x005ed76d,ascii,2}3.4q4v5
0x001baf7b,0x005ed77b,ascii,6]9x9
0x001baf8d,0x005ed78d,ascii,;G;b;j;
0x001baf99,0x005ed799,ascii,=S=n={=w?
0x001bafb5,0x005ed7b5,ascii,2g374
0x001bafc3,0x005ed7c3,ascii,5'5V5c5w5
0x001bafd5,0x005ed7d5,ascii,7M8b8
0x001bafe7,0x005ed7e7,ascii,9G:\:
0x001bafed,0x005ed7ed,ascii,;O<y<
0x001baff7,0x005ed7f7,ascii,=6>C>W>
0x001bb010,0x005ed810,ascii,W0l0t0
0x001bb027,0x005ed827,ascii,3)5/5Y5_5
0x001bb03d,0x005ed83d,ascii,8e8z8
0x001bb04f,0x005ed84f,ascii,9':<:
0x001bb055,0x005ed855,ascii,:L<y<
0x001bb06d,0x005ed86d,ascii,2#272f2s2
0x001bb08b,0x005ed88b,ascii,8 8&9.969
0x001bb0b5,0x005ed8b5,ascii,161C1W1
0x001bb0cd,0x005ed8cd,ascii,4c4x4w5
0x001bb0dd,0x005ed8dd,ascii,888v8
0x001bb0e3,0x005ed8e3,ascii,8(9v:
0x001bb0eb,0x005ed8eb,ascii,:z<^=
0x001bb0f5,0x005ed8f5,ascii,=(>=>9???f?u?
0x001bb10d,0x005ed90d,ascii,0G1o1
0x001bb119,0x005ed919,ascii,1F2}2
0x001bb12b,0x005ed92b,ascii,365E5
0x001bb135,0x005ed935,ascii,6F6S6g6
0x001bb14d,0x005ed94d,ascii,8C;Z;
0x001bb155,0x005ed955,ascii,;2>M>
0x001bb169,0x005ed969,ascii,0$0t0
0x001bb16f,0x005ed96f,ascii,0%1}1
0x001bb175,0x005ed975,ascii,"1,262Q2"
0x001bb1bf,0x005ed9bf,ascii,3c3j3
0x001bb1cb,0x005ed9cb,ascii,9_:V<
0x001bb1f1,0x005ed9f1,ascii,>'?6?
0x001bb20d,0x005eda0d,ascii,1.1Q1
0x001bb215,0x005eda15,ascii,2 2$2(282;4l4p4t4x4
0x001bb229,0x005eda29,ascii,5F6U6
0x001bb233,0x005eda33,ascii,7#7(7
0x001bb24b,0x005eda4b,ascii,9':_:
0x001bb257,0x005eda57,ascii,:;;I;
0x001bb265,0x005eda65,ascii,<1<G<]<
0x001bb279,0x005eda79,ascii,=&>]>
0x001bb285,0x005eda85,ascii,?E?}?
0x001bb2a1,0x005edaa1,ascii,0-1e1
0x001bb2ad,0x005edaad,ascii,2-232|2
0x001bb2bf,0x005edabf,ascii,3H3`3y3
0x001bb2c9,0x005edac9,ascii,"3""4Y4"
0x001bb2d3,0x005edad3,ascii,485m5
0x001bb2dd,0x005edadd,ascii,6J6T6
0x001bb2e5,0x005edae5,ascii,6\7d7
0x001bb2f5,0x005edaf5,ascii,8i9o9
0x001bb325,0x005edb25,ascii,<V=c=w=
0x001bb333,0x005edb33,ascii,>g?|?
0x001bb359,0x005edb59,ascii,2F3S3g3
0x001bb367,0x005edb67,ascii,3W5l5t5
0x001bb377,0x005edb77,ascii,7t7~7i8o8
0x001bb383,0x005edb83,ascii,869C9W9
0x001bb38f,0x005edb8f,ascii,:S<w<h=p=
0x001bb3b9,0x005edbb9,ascii,5#626
0x001bb3c9,0x005edbc9,ascii,7'8<8
0x001bb3e1,0x005edbe1,ascii,;)</<
0x001bb3ed,0x005edbed,ascii,=&>3>
0x001bb40b,0x005edc0b,ascii,4G5h5
0x001bb42d,0x005edc2d,ascii,>F?U?
0x001bb443,0x005edc43,ascii,1`1g1<2j2
0x001bb44d,0x005edc4d,ascii,2H3L3P3T3X3\3`3d3
0x001bb45f,0x005edc5f,ascii,4Q5r5
0x001bb471,0x005edc71,ascii,:5;D;
0x001bb48d,0x005edc8d,ascii,1*172
0x001bb49f,0x005edc9f,ascii,768E8
0x001bb4af,0x005edcaf,ascii,";,;Q;d;V>e>"
0x001bb4bd,0x005edcbd,ascii,? ?%?:?L?a?v?
0x001bb4f3,0x005edcf3,ascii,5$616D6Q6q6y6
0x001bb51b,0x005edd1b,ascii,:`;l;
0x001bb527,0x005edd27,ascii,<I=Q=p=x=\>d>v>~>
0x001bb563,0x005edd63,ascii,"1""1;1W1s1"
0x001bb56f,0x005edd6f,ascii,2(2?2
0x001bb577,0x005edd77,ascii,3>4D4
0x001bb593,0x005edd93,ascii,"< <$<(<,<"
0x001bb5b1,0x005eddb1,ascii,3#454
0x001bb5bd,0x005eddbd,ascii,4;5C5[5c5
0x001bb5cf,0x005eddcf,ascii,5#6;6p6
0x001bb5df,0x005edddf,ascii,7A7{7
0x001bb5f3,0x005eddf3,ascii,8f9n9
0x001bb605,0x005ede05,ascii,:&:x:
0x001bb62b,0x005ede2b,ascii,=1=9=
0x001bb63b,0x005ede3b,ascii,"=,>4><>O>W>"
0x001bb647,0x005ede47,ascii,>2?j?
0x001bb65f,0x005ede5f,ascii,4Y5a5r5
0x001bb66d,0x005ede6d,ascii,5E7M7w7
0x001bb691,0x005ede91,ascii,"9 9$9(9,9094989<9@9D9H9L9P9T9X9\9`9d9h9l9p9t9x9|9"
0x001bb711,0x005edf11,ascii,1I3T3
0x001bb717,0x005edf17,ascii,425?5O5q5
0x001bb74d,0x005edf4d,ascii,=.=]=
0x001bb775,0x005edf75,ascii,5t6y6
0x001bb77b,0x005edf7b,ascii,7#7;7
0x001bb7a5,0x005edfa5,ascii,<F<S<g<
0x001bb7cb,0x005edfcb,ascii,314T4
0x001bb7d3,0x005edfd3,ascii,5C5K5g5o5
0x001bb7e9,0x005edfe9,ascii,6i7q7
0x001bb811,0x005ee011,ascii,;);7;D;R;h;~;
0x001bb83f,0x005ee03f,ascii,>(>>>s>
0x001bb853,0x005ee053,ascii,">""?3?L?R?k?q?y?"
0x001bb885,0x005ee085,ascii,112?2
0x001bb88b,0x005ee08b,ascii,2/373K3i3
0x001bb8a3,0x005ee0a3,ascii,8&8F8k:
0x001bb8ab,0x005ee0ab,ascii,:*;<;\;
0x001bb8cb,0x005ee0cb,ascii,3%4L4u4
0x001bb8d5,0x005ee0d5,ascii,4 55556M6i6
0x001bb8f1,0x005ee0f1,ascii,738?8
0x001bb8ff,0x005ee0ff,ascii,8i9~:P;
0x001bb91b,0x005ee11b,ascii,>+?J?O?
0x001bb950,0x005ee150,ascii,p0H2s2
0x001bb95f,0x005ee15f,ascii,323^3
0x001bb96f,0x005ee16f,ascii,3l4t4|4
0x001bb989,0x005ee189,ascii,5v6~6
0x001bb993,0x005ee193,ascii,7!7y7
0x001bb999,0x005ee199,ascii,758=8E8
0x001bb9a5,0x005ee1a5,ascii,829:9
0x001bb9b1,0x005ee1b1,ascii,9':/:b:j:
0x001bb9c1,0x005ee1c1,ascii,":,;D;p;"
0x001bb9cb,0x005ee1cb,ascii,;'</<7<?<m<
0x001bb9d9,0x005ee1d9,ascii,"<$=,=4=<=j="
0x001bb9e7,0x005ee1e7,ascii,=!>)>1>k>
0x001bb9f7,0x005ee1f7,ascii,?A?I?a?
0x001bba0d,0x005ee20d,ascii,0!0)010i0
0x001bba33,0x005ee233,ascii,"2,3034383<3@3D3H3L3P3T3X3\3`3d3h3l3p3t3x3|3"
0x001bba8f,0x005ee28f,ascii,99:f:s:
0x001bba9f,0x005ee29f,ascii,;%;A;S;2<
0x001bbaab,0x005ee2ab,ascii,=B>j>
0x001bbacf,0x005ee2cf,ascii,3<3e3
0x001bbaf9,0x005ee2f9,ascii,9b:p:
0x001bbb03,0x005ee303,ascii,<I<Q<n<
0x001bbb0d,0x005ee30d,ascii,<!=X=f>
0x001bbb28,0x005ee328,ascii,$1*1F1U1
0x001bbb3b,0x005ee33b,ascii,3A566>6F6X6e6s6
0x001bbb55,0x005ee355,ascii,6Q7_7m7
0x001bbb5d,0x005ee35d,ascii,7j8Z:b:x:
0x001bbb9f,0x005ee39f,ascii,1F2S2
0x001bbba5,0x005ee3a5,ascii,404N4m4f5s5
0x001bbbb3,0x005ee3b3,ascii,6f6u6
0x001bbbd0,0x005ee3d0,ascii,V0e0&151
0x001bbbdf,0x005ee3df,ascii,2F7S7g7
0x001bbc05,0x005ee405,ascii,0&252
0x001bbc11,0x005ee411,ascii,2F3U3m3
0x001bbc2f,0x005ee42f,ascii,":"";>;k;"
0x001bbc47,0x005ee447,ascii,>f?u?
0x001bbc5b,0x005ee45b,ascii,1F2U2
0x001bbc6b,0x005ee46b,ascii,5&5.5
0x001bbca7,0x005ee4a7,ascii,:B;q;
0x001bbcd1,0x005ee4d1,ascii,:-=\=l=
0x001bbceb,0x005ee4eb,ascii,"4""5X5\<`<d<h<l<p<t<x<|<"
0x001bbd51,0x005ee551,ascii,"= =$=(=,="
0x001bbd71,0x005ee571,ascii,0<0x0
0x001bbd81,0x005ee581,ascii,3.3;3P3X3p3}3
0x001bbd95,0x005ee595,ascii,404=4
0x001bbda5,0x005ee5a5,ascii,4l5y5
0x001bbdb1,0x005ee5b1,ascii,5!6j6
0x001bbdd5,0x005ee5d5,ascii,:L;T;
0x001bbddf,0x005ee5df,ascii,;.<`<
0x001bbdeb,0x005ee5eb,ascii,=<=D=
0x001bbe0d,0x005ee60d,ascii,1c1=2s2
0x001bbe15,0x005ee615,ascii,"3,3x3"
0x001bbe1f,0x005ee61f,ascii,3<4h4 5_6
0x001bbe29,0x005ee629,ascii,6x7|7
0x001bbe69,0x005ee669,ascii,>+>w>
0x001bbe6f,0x005ee66f,ascii,>8?@?
0x001bbe8f,0x005ee68f,ascii,1#2?2
0x001bbe9f,0x005ee69f,ascii,4r4z4
0x001bbed8,0x005ee6d8,ascii,60]0?1G1O1D2
0x001bbef5,0x005ee6f5,ascii,9*:m:
0x001bbf10,0x005ee710,ascii,-171K1U1G2V2
0x001bbf2f,0x005ee72f,ascii,384@4^4}4
0x001bbf47,0x005ee747,ascii,5!535P5c5
0x001bbf69,0x005ee769,ascii,7J7X7e7
0x001bbf79,0x005ee779,ascii,8B8L8W8
0x001bbf91,0x005ee791,ascii,=4=>=
0x001bbfa1,0x005ee7a1,ascii,0F0b0~0
0x001bbfb1,0x005ee7b1,ascii,1!1+1
0x001bbfc7,0x005ee7c7,ascii,556;6v6
0x001bbfd1,0x005ee7d1,ascii,7F7S7
0x001bbfdf,0x005ee7df,ascii,8&959
0x001bbfed,0x005ee7ed,ascii,<&=3=K=
0x001bc017,0x005ee817,ascii,2>3l3
0x001bc035,0x005ee835,ascii,6&646V6p6~6
0x001bc04b,0x005ee84b,ascii,7>7M7^7
0x001bc05b,0x005ee85b,ascii,8Y8b8s8
0x001bc067,0x005ee867,ascii,8:9h9|9
0x001bc07f,0x005ee87f,ascii,:*;G;`;6<H<
0x001bc097,0x005ee897,ascii,=?>u>
0x001bc09f,0x005ee89f,ascii,>\?z?
0x001bc0cf,0x005ee8cf,ascii,6>:%;+;f;
0x001bc0e3,0x005ee8e3,ascii,>$?w?
0x001bc0fb,0x005ee8fb,ascii,467E7
0x001bc11f,0x005ee91f,ascii,3V4e4&555
0x001bc12f,0x005ee92f,ascii,6f7u7'8
0x001bc139,0x005ee939,ascii,87?Z?
0x001bc14f,0x005ee94f,ascii,7O?\?d?
0x001bc16b,0x005ee96b,ascii,0e2B4
0x001bc197,0x005ee997,ascii,=<>q>
0x001bc1b7,0x005ee9b7,ascii,5[5c5
0x001bc1d3,0x005ee9d3,ascii,7H9P9
0x001bc1df,0x005ee9df,ascii,;N;V;
0x001bc219,0x005eea19,ascii,9B9n9Z;
0x001bc23d,0x005eea3d,ascii,0 1<1W1_1
0x001bc24f,0x005eea4f,ascii,2!2.2R2{2
0x001bc25b,0x005eea5b,ascii,3%3-3Q3b3j3{3
0x001bc27d,0x005eea7d,ascii,4%4-4?4G4O4Z:
0x001bc28f,0x005eea8f,ascii,;>;o;)=
0x001bc2c5,0x005eeac5,ascii,; <x<
0x001bc335,0x005eeb35,ascii,"4 4$4(4,4044484<4@4D4H4L4P4T4X4\4`4d4h4l4p4t4x4|4"
0x001bc3b5,0x005eebb5,ascii,"5 5$5(5,5054585<5@5D5H5L5P5T5X5\5`5d5h5l5p5t5x5|5"
0x001bc435,0x005eec35,ascii,"6 6$6(6,6064686<6@6D6H6L6P6T6X6\6`6d6h6l6p6t6x6|6"
0x001bc481,0x005eec81,ascii,6x9|9
0x001bc4b3,0x005eecb3,ascii,;?<X?\?`?d?h?l?p?t?x?|?
0x001bc50b,0x005eed0b,ascii,0F1U1;2B2D5H5L5P5T5X5\5`5d5h5l5p5t5x5|5
0x001bc545,0x005eed45,ascii,5+626]8l8z8
0x001bc59b,0x005eed9b,ascii,061E1
0x001bc5a7,0x005eeda7,ascii,6$6F6U6d6~6
0x001bc5d1,0x005eedd1,ascii,2+2G2Y2
0x001bc5e5,0x005eede5,ascii,7H7p7
0x001bc61f,0x005eee1f,ascii,": :$:(:,:0:4:8:<:@:D:H:L:P:T:X:\:`:d:h:l:p:t:x:|:"
0x001bc69f,0x005eee9f,ascii,"; ;$;(;,;0;4;8;<;@;D;H;L;P;T;X;\;`;d;h;l;p;t;x;|;"
0x001bc6f3,0x005eeef3,ascii,"<""<=<"
0x001bc70d,0x005eef0d,ascii,:A:a:
0x001bc729,0x005eef29,ascii,"< <$<(<,<0<4<8<<<@<D<H<L<P<T<X<\<`<d<h<l<p<t<x<|<"
0x001bc7a9,0x005eefa9,ascii,"= =$=(=,=0=4=8=<=@=D=H=L=P=T=X=\=`=d=h=l=p=t=x=|="
0x001bc827,0x005ef027,ascii,4#4'5
0x001bc855,0x005ef055,ascii,000@0Q0a0p0
0x001bc875,0x005ef075,ascii,333H3Z3g3t3
0x001bc899,0x005ef099,ascii,7W8x8
0x001bc8bb,0x005ef0bb,ascii,;D;I;
0x001bc8c5,0x005ef0c5,ascii,>D?b?
0x001bc8dd,0x005ef0dd,ascii,141t1
0x001bc8e5,0x005ef0e5,ascii,2F2S2
0x001bc8ed,0x005ef0ed,ascii,263v3
0x001bc8f5,0x005ef0f5,ascii,364C4
0x001bc8fd,0x005ef0fd,ascii,4V5e5
0x001bc91d,0x005ef11d,ascii,<6<C<c<
0x001bc94d,0x005ef14d,ascii,0'040A0]0|0
0x001bc965,0x005ef165,ascii,3I4H6
0x001bc96d,0x005ef16d,ascii,8-8m8
0x001bc981,0x005ef181,ascii,:9:H:g:x:
0x001bc98d,0x005ef18d,ascii,:7;N;\;g;
0x001bc9a8,0x005ef1a8,ascii,30>0]0j0
0x001bc9c3,0x005ef1c3,ascii,"2""2K2R2x2"
0x001bc9f3,0x005ef1f3,ascii,"4 4$4(4,404x4"
0x001bca03,0x005ef203,ascii,415A5
0x001bca0b,0x005ef20b,ascii,6/6H6V6a6k6
0x001bca25,0x005ef225,ascii,767l7|7
0x001bca33,0x005ef233,ascii,8F8d8
0x001bca41,0x005ef241,ascii,8<9B9
0x001bca59,0x005ef259,ascii,=h=x=
0x001bca77,0x005ef277,ascii,0R0V1e1
0x001bcab3,0x005ef2b3,ascii,3'7N7
0x001bcabd,0x005ef2bd,ascii,8*8v;
0x001bcac5,0x005ef2c5,ascii,;V<e<6=E=T>
0x001bcae7,0x005ef2e7,ascii,5\667E7
0x001bcaf3,0x005ef2f3,ascii,8&959P9U9r9
0x001bcb05,0x005ef305,ascii,:/:s:
0x001bcb0b,0x005ef30b,ascii,;%;@;
0x001bcb27,0x005ef327,ascii,232H2
0x001bcb39,0x005ef339,ascii,"3,343L3d3"
0x001bcb4d,0x005ef34d,ascii,565u5
0x001bcb5b,0x005ef35b,ascii,606?6M6a6i6x6
0x001bcb77,0x005ef377,ascii,6L7T7Y7
0x001bcb85,0x005ef385,ascii,8%8E9&:5:C;&<5<C=6>E>l?
0x001bcba4,0x005ef3a4,ascii,F0U0w0g1
0x001bcbb1,0x005ef3b1,ascii,2W3m3
0x001bcbbf,0x005ef3bf,ascii,5!5D5L5V5p5F6X6Y7
0x001bcc45,0x005ef445,ascii,<O<[<c<
0x001bcc59,0x005ef459,ascii,>*?h?
0x001bcc79,0x005ef479,ascii,3G4O4g4o4
0x001bcc8f,0x005ef48f,ascii,5L7P7T7X7\7
0x001bcc9b,0x005ef49b,ascii,878A8i8
0x001bcca3,0x005ef4a3,ascii,8*909
0x001bccab,0x005ef4ab,ascii,;C<J<
0x001bccd1,0x005ef4d1,ascii,060C0X0e0
0x001bccdb,0x005ef4db,ascii,0_4l4x4
0x001bcced,0x005ef4ed,ascii,477t=
0x001bccf3,0x005ef4f3,ascii,=@>D>H>L>P>T>X>\>
0x001bcd15,0x005ef515,ascii,2$2N3
0x001bcd1d,0x005ef51d,ascii,8%8v8
0x001bcd3c,0x005ef53c,ascii,H1M1S1\1b1n1u1}1
0x001bcd59,0x005ef559,ascii,9u:{:
0x001bcd67,0x005ef567,ascii,<-<S<c<
0x001bcd81,0x005ef581,ascii,"= >,>@>^>u>"
0x001bcd95,0x005ef595,ascii,>7?D?S?
0x001bcdb3,0x005ef5b3,ascii,010E0S0`0
0x001bcdc5,0x005ef5c5,ascii,243t3
0x001bcdcd,0x005ef5cd,ascii,344t4
0x001bcdd7,0x005ef5d7,ascii,545d5
0x001bcddf,0x005ef5df,ascii,5$6d6
0x001bcde9,0x005ef5e9,ascii,747t7
0x001bcdf7,0x005ef5f7,ascii,849t9
0x001bce0b,0x005ef60b,ascii,;f;s;
0x001bce13,0x005ef613,ascii,;F<S<
0x001bce1b,0x005ef61b,ascii,<&=3=
0x001bce2f,0x005ef62f,ascii,>V?c?
0x001bce53,0x005ef653,ascii,2f2s2
0x001bce59,0x005ef659,ascii,2&333
0x001bce69,0x005ef669,ascii,4&5f5s5
0x001bce73,0x005ef673,ascii,5F6S6
0x001bce7b,0x005ef67b,ascii,668E8
0x001bce87,0x005ef687,ascii,9F:U:
0x001bce93,0x005ef693,ascii,;V<e<
0x001bceab,0x005ef6ab,ascii,869E9F;S;
0x001bceb7,0x005ef6b7,ascii,;V=c=w=
0x001bcec9,0x005ef6c9,ascii,>F>S>g>
0x001bcef5,0x005ef6f5,ascii,545G5
0x001bcf0b,0x005ef70b,ascii,8]9p9
0x001bcf2b,0x005ef72b,ascii,=M=s=
0x001bcf35,0x005ef735,ascii,>3>a>
0x001bcf49,0x005ef749,ascii,0T1v1
0x001bcf57,0x005ef757,ascii,2A3f3u3
0x001bcf65,0x005ef765,ascii,415}5
0x001bcf73,0x005ef773,ascii,6&787
0x001bcf89,0x005ef789,ascii,9(:m:
0x001bcfa5,0x005ef7a5,ascii,071O1
0x001bcfab,0x005ef7ab,ascii,2 4`4
0x001bcfb3,0x005ef7b3,ascii,4p5|5V6
0x001bcfbb,0x005ef7bb,ascii,677q7
0x001bcfd9,0x005ef7d9,ascii,5O6`6
0x001bcfe1,0x005ef7e1,ascii,6<7H7T7
0x001bcfeb,0x005ef7eb,ascii,8S8r8
0x001bcff9,0x005ef7f9,ascii,8(9691:9:K:S:
0x001bd015,0x005ef815,ascii,;F;N;V;
0x001bd02d,0x005ef82d,ascii,"< <$<(<,<0<4<8<<<@<D<H<L<P<T<X<\<`<d<h<l<p<t<x<|<"
0x001bd067,0x005ef867,ascii,<T=y=
0x001bd08b,0x005ef88b,ascii,738}8
0x001bd099,0x005ef899,ascii,9o:w:
0x001bd0a3,0x005ef8a3,ascii,:E;M;
0x001bd0a9,0x005ef8a9,ascii,";$<,<3<;<C<K<"
0x001bd0cf,0x005ef8cf,ascii,"3""3N3"
0x001bd0f9,0x005ef8f9,ascii,7:7e7s7
0x001bd105,0x005ef905,ascii,8E8O8`8n8y8
0x001bd11d,0x005ef91d,ascii,9.9<9J9U9
0x001bd13b,0x005ef93b,ascii,: :0:=:J:W:e:u:
0x001bd157,0x005ef957,ascii,;B;L;b;~;
0x001bd169,0x005ef969,ascii,;*<4<o<~<
0x001bd17f,0x005ef97f,ascii,=*=Z=
0x001bd191,0x005ef991,ascii,>/>=>
0x001bd1a3,0x005ef9a3,ascii,?.?=?L?Z?e?}?
0x001bd1c0,0x005ef9c0,ascii,-0T0j0y0
0x001bd1d1,0x005ef9d1,ascii,1*181C1U1g1
0x001bd1eb,0x005ef9eb,ascii,2(272F2T2_2n2~2
0x001bd201,0x005efa01,ascii,3 3|3
0x001bd211,0x005efa11,ascii,3D4R4`4k4}4
0x001bd24f,0x005efa4f,ascii,7%737>7K7X7e7
0x001bd25d,0x005efa5d,ascii,7+868>8F8e8j8
0x001bd26f,0x005efa6f,ascii,"8$9,9:9?9T9k9w9"
0x001bd291,0x005efa91,ascii,": :,:r:w:"
0x001bd2a7,0x005efaa7,ascii,<&=x=
0x001bd2b1,0x005efab1,ascii,>3?V?
0x001bd2c9,0x005efac9,ascii,0c0k0
0x001bd2d1,0x005efad1,ascii,0/1M1~1
0x001bd2d9,0x005efad9,ascii,1*282I2[2
0x001bd2f5,0x005efaf5,ascii,505d5q5
0x001bd307,0x005efb07,ascii,>V?e?
0x001bd32b,0x005efb2b,ascii,2f2u2
0x001bd333,0x005efb33,ascii,2F3U3
0x001bd33b,0x005efb3b,ascii,3&454
0x001bd34f,0x005efb4f,ascii,5V6e6
0x001bd357,0x005efb57,ascii,667E7
0x001bd371,0x005efb71,ascii,:(:8:H:X:h:x:
0x001bd391,0x005efb91,ascii,;(;8;H;X;h;x;
0x001bd3a3,0x005efba3,ascii,=.=<=M=
0x001bd3c7,0x005efbc7,ascii,:F:d:l:t:
0x001bd445,0x005efc45,ascii,"8,9v9|9"
0x001bd459,0x005efc59,ascii,<#<J<
0x001bd46b,0x005efc6b,ascii,?#?:?C?R?\?g?q?z?
0x001bd499,0x005efc99,ascii,0$060I0W0b0l0~0
0x001bd4b9,0x005efcb9,ascii,1!101@1O1]1l1{1
0x001bd4d1,0x005efcd1,ascii,2 2<2J2
0x001bd4e1,0x005efce1,ascii,3(363C3M3X3c3r3~3
0x001bd501,0x005efd01,ascii,6*6S6
0x001bd519,0x005efd19,ascii,7(818:8y8
0x001bd541,0x005efd41,ascii,:g<y<
0x001bd569,0x005efd69,ascii,>)>8>
0x001bd593,0x005efd93,ascii,"1,1;1L1W1l1"
0x001bd5ab,0x005efdab,ascii,2+2E2U2t2
0x001bd5bf,0x005efdbf,ascii,3 3?3R3
0x001bd5d3,0x005efdd3,ascii,"4""4J4V4]4g4s4z4"
0x001bd601,0x005efe01,ascii,8[8g8v8
0x001bd61b,0x005efe1b,ascii,9 9%979
0x001bd625,0x005efe25,ascii,:9:G:U:
0x001bd637,0x005efe37,ascii,;$;6;B;Y;q;
0x001bd64d,0x005efe4d,ascii,<%<0<:<D<N<Y<d<o<{<
0x001bd669,0x005efe69,ascii,<.=8=X=\=`=d=h=l=p=t=
0x001bd688,0x005efe88,ascii,)010Y0
0x001bd6af,0x005efeaf,ascii,6*6<6X6
0x001bd6c3,0x005efec3,ascii,7)737>7L7|7
0x001bd6d7,0x005efed7,ascii,8-8O8a8
0x001bd6e9,0x005efee9,ascii,9 9d9
0x001bd6fb,0x005efefb,ascii,9::e:
0x001bd70b,0x005eff0b,ascii,:(;;;P;{;
0x001bd71f,0x005eff1f,ascii,<#<K<s<
0x001bd72b,0x005eff2b,ascii,>->@>S>}>
0x001bd73d,0x005eff3d,ascii,>f?u?
0x001bd74f,0x005eff4f,ascii,1)2Y2
0x001bd75b,0x005eff5b,ascii,3I3y3
0x001bd777,0x005eff77,ascii,6%6>6
0x001bd7a3,0x005effa3,ascii,;w<}<
0x001bd7b1,0x005effb1,ascii,=7=v>
0x001bd7bb,0x005effbb,ascii,>E?V?
0x001bd7d9,0x005effd9,ascii,011(282|2
0x001bd7e5,0x005effe5,ascii,243D3s3
0x001bd7ff,0x005effff,ascii,5.6t6
0x001bd807,0x005f0007,ascii,6!717j7z7
0x001bd827,0x005f0027,ascii,959=9J9`9k9x9
0x001bd83b,0x005f003b,ascii,96;f;
0x001bd841,0x005f0041,ascii,;@<u<{<
0x001bd86c,0x005f006c,ascii,&151P1U1j1
0x001bd883,0x005f0083,ascii,;J;c;
0x001bd8bb,0x005f00bb,ascii,464C4W4
0x001bd8f5,0x005f00f5,ascii,:.;V;^;f;
0x001bd907,0x005f0107,ascii,=1=N>\?
0x001bd925,0x005f0125,ascii,2A2g5
0x001bd92f,0x005f012f,ascii,788<8@8D8H8L8P8T8X8\8`8d8h8l8p8
0x001bd95b,0x005f015b,ascii,;X;`;
0x001bd961,0x005f0161,ascii,<7<P<i<5=J=\=q=
0x001bd97b,0x005f017b,ascii,1!1.1!2`2@3n3
0x001bd98d,0x005f018d,ascii,4C4h4
0x001bd9b3,0x005f01b3,ascii,7E7N7u7~7
0x001bd9e5,0x005f01e5,ascii,2g465C5c5\6m6
0x001bda03,0x005f0203,ascii,7\8`8d8h8
0x001bda31,0x005f0231,ascii,333C3
0x001bda45,0x005f0245,ascii,5%5p5
0x001bda55,0x005f0255,ascii,687K7
0x001bda61,0x005f0261,ascii,8@9x9
0x001bda77,0x005f0277,ascii,; ;7;H;x;
0x001bda91,0x005f0291,ascii,<%</<J<k<t<
0x001bdab5,0x005f02b5,ascii,"="">1>S>|>"
0x001bdac7,0x005f02c7,ascii,?'?7?D?T?c?y?
0x001bdae7,0x005f02e7,ascii,0B0[0v0
0x001bdafb,0x005f02fb,ascii,1)141C1
0x001bdb07,0x005f0307,ascii,1B2v2
0x001bdb11,0x005f0311,ascii,2%3y3
0x001bdb1b,0x005f031b,ascii,4B4R4
0x001bdb25,0x005f0325,ascii,5+5;5
0x001bdb39,0x005f0339,ascii,6(626:6S6c6
0x001bdb47,0x005f0347,ascii,7!7)7<7X7\7`7d7h7w7
0x001bdb7f,0x005f037f,ascii,"9,9K9"
0x001bdb8d,0x005f038d,ascii,:&:<:^:n:{:
0x001bdba5,0x005f03a5,ascii,:+;D;_;n;
0x001bdbb9,0x005f03b9,ascii,<5<D<U<c<q<|<
0x001bdbd5,0x005f03d5,ascii,>'?N?
0x001bdbef,0x005f03ef,ascii,3$4Y4
0x001bdc11,0x005f0411,ascii,;7;v;
0x001bdc39,0x005f0439,ascii,5K6S6{6
0x001bdc49,0x005f0449,ascii,878w8
0x001bdc63,0x005f0463,ascii,;-;c;
0x001bdc71,0x005f0471,ascii,?s?{?
0x001bdc95,0x005f0495,ascii,444<4
0x001bdcaf,0x005f04af,ascii,;v<~<
0x001bdcb7,0x005f04b7,ascii,<S=[=
0x001bdcf3,0x005f04f3,ascii,868C8^8f8n8v8
0x001bdd23,0x005f0523,ascii,:G;O;
0x001bdd2f,0x005f052f,ascii,<5===
0x001bdd37,0x005f0537,ascii,=M>_>g>o>w>
0x001bdd69,0x005f0569,ascii,1*222
0x001bdd75,0x005f0575,ascii,354^4
0x001bdd85,0x005f0585,ascii,5'5G5Y5a5i5q5}5
0x001bddc9,0x005f05c9,ascii,>e?m?
0x001bdde9,0x005f05e9,ascii,6?6G6
0x001bde0f,0x005f060f,ascii,"="">W>"
0x001bde20,0x005f0620,ascii,&282a2i2!3
0x001bde31,0x005f0631,ascii,5(5n5v5
0x001bde39,0x005f0639,ascii,61696k6
0x001bde41,0x005f0641,ascii,617D7L7
0x001bde49,0x005f0649,ascii,8-858
0x001bde53,0x005f0653,ascii,;6<><o<w<
0x001bde5f,0x005f065f,ascii,=(>6>
0x001bde7b,0x005f067b,ascii,1?1G1
0x001bde9f,0x005f069f,ascii,:J;P;
0x001bdea7,0x005f06a7,ascii,<e<m<
0x001bdeb5,0x005f06b5,ascii,<)=v=
0x001bdebd,0x005f06bd,ascii,=A>I>q>y>
0x001bdf0f,0x005f070f,ascii,=S>u>
0x001bdf20,0x005f0720,ascii,l2p2t2x2|2
0x001bdf4b,0x005f074b,ascii,3@4D4H4L4P4v4
0x001bdf59,0x005f0759,ascii,465=5_7^9n:
0x001bdf93,0x005f0793,ascii,"3 3$3(3,30343"
0x001bdfa5,0x005f07a5,ascii,364E4G5Z7
0x001bdfb1,0x005f07b1,ascii,8*:l;t;
0x001bdfbf,0x005f07bf,ascii,=S>K?Y?
0x001bdfeb,0x005f07eb,ascii,7q8w8
0x001bdfff,0x005f07ff,ascii,</<Q<b<
0x001be013,0x005f0813,ascii,=w=i>
0x001be02b,0x005f082b,ascii,0W1I2
0x001be047,0x005f0847,ascii,7G8L8R8
0x001be055,0x005f0855,ascii,9i9o9
0x001be06b,0x005f086b,ascii,;C<Q<_<m<
0x001be075,0x005f0875,ascii,<;=C=
0x001be087,0x005f0887,ascii,=)>1>
0x001be08f,0x005f088f,ascii,>@?H?V?^?m?z?
0x001be0b9,0x005f08b9,ascii,7H8o8^9
0x001be0cb,0x005f08cb,ascii,;-;H;V;l;
0x001be0e5,0x005f08e5,ascii,=k=W>
0x001be0f3,0x005f08f3,ascii,?0?N?\?k?
0x001be111,0x005f0911,ascii,151K1b1j1
0x001be137,0x005f0937,ascii,;G<T?
0x001be144,0x005f0944,ascii,R0Z0c0
0x001be155,0x005f0955,ascii,587<7@7D7Z7
0x001be169,0x005f0969,ascii,=(>E>K>
0x001be18d,0x005f098d,ascii,0 020D0O0Y0j0
0x001be19f,0x005f099f,ascii,"1""1,161=1"
0x001be1af,0x005f09af,ascii,1.2G2u2
0x001be1b7,0x005f09b7,ascii,2[3`3m3u3}3
0x001be1d1,0x005f09d1,ascii,444A4F4T4Y4f4s4~4
0x001be1f9,0x005f09f9,ascii,525B5
0x001be203,0x005f0a03,ascii,6&656
0x001be21b,0x005f0a1b,ascii,9.;|=
0x001be22d,0x005f0a2d,ascii,?$?/?9?c?
0x001be24f,0x005f0a4f,ascii,0H0Y0c0
0x001be265,0x005f0a65,ascii,0(151A1j1
0x001be27f,0x005f0a7f,ascii,2!2'2j2x2
0x001be297,0x005f0a97,ascii,3!3>3c3
0x001be2ad,0x005f0aad,ascii,4&454
0x001be2b7,0x005f0ab7,ascii,5&5:5A5V5k5
0x001be2d3,0x005f0ad3,ascii,6&6;6O6g6p6f7u7
0x001be2e3,0x005f0ae3,ascii,70868
0x001be2eb,0x005f0aeb,ascii,8G9V9
0x001be2f7,0x005f0af7,ascii,":,:H:U:z:$;Z;h;q;|;"
0x001be317,0x005f0b17,ascii,;F<X<
0x001be335,0x005f0b35,ascii,?!?5?:?g?u?~?
0x001be351,0x005f0b51,ascii,0E0{0
0x001be357,0x005f0b57,ascii,0+141?1j1
0x001be367,0x005f0b67,ascii,1!2;2}2
0x001be37f,0x005f0b7f,ascii,3#4;4_4
0x001be38d,0x005f0b8d,ascii,4F5U5
0x001be399,0x005f0b99,ascii,6f6m6z6
0x001be3a9,0x005f0ba9,ascii,7=7|7
0x001be3e3,0x005f0be3,ascii,; ;$;E<|<
0x001be3fb,0x005f0bfb,ascii,>1>l>
0x001be41d,0x005f0c1d,ascii,0%0<0D0Y0a0
0x001be42b,0x005f0c2b,ascii,081h1
0x001be433,0x005f0c33,ascii,1k2s2{2
0x001be447,0x005f0c47,ascii,2;3v3
0x001be44f,0x005f0c4f,ascii,"3 4P4""515"
0x001be45d,0x005f0c5d,ascii,606o6
0x001be463,0x005f0c63,ascii,6 7(70787P7X7{7
0x001be483,0x005f0c83,ascii,8C8K8
0x001be48b,0x005f0c8b,ascii,8+9[9
0x001be493,0x005f0c93,ascii,9_:g:o:{:
0x001be4c3,0x005f0cc3,ascii,===V=S>
0x001be4e3,0x005f0ce3,ascii,2b2g2
0x001be4f9,0x005f0cf9,ascii,3#3/3:3l3q3
0x001be517,0x005f0d17,ascii,4 4%434H4M4_4x4}4
0x001be52b,0x005f0d2b,ascii,4@5K5U5`5l5
0x001be53f,0x005f0d3f,ascii,6%6?6[6t6
0x001be557,0x005f0d57,ascii,7&717<7G7R7]7h7s7
0x001be571,0x005f0d71,ascii,"8,8B8Y8p8"
0x001be589,0x005f0d89,ascii,9E9q9
0x001be593,0x005f0d93,ascii,9*:Y:~:
0x001be5a7,0x005f0da7,ascii,<:<Z<
0x001be5b5,0x005f0db5,ascii,=1={=
0x001be5bd,0x005f0dbd,ascii,= >W>
0x001be5c7,0x005f0dc7,ascii,>1?h?
0x001be5ed,0x005f0ded,ascii,151;1F1k1|1
0x001be601,0x005f0e01,ascii,"2""232L2R2k2q2y2"
0x001be61b,0x005f0e1b,ascii,3$3B3S3l3r3
0x001be633,0x005f0e33,ascii,4-4B4c4
0x001be653,0x005f0e53,ascii,5%535=5J5S5]5g5n5y5
0x001be681,0x005f0e81,ascii,"6""6+656@6E6J6P6[6a6l6t6~6"
0x001be6bd,0x005f0ebd,ascii,7 7:7F7Q7_7k7q7
0x001be6dd,0x005f0edd,ascii,8I8Q8Y8e8o8x8
0x001be6fd,0x005f0efd,ascii,9%9>9R9
0x001be717,0x005f0f17,ascii,<S<}<
0x001be723,0x005f0f23,ascii,=-=5=Q=Y=q=y=
0x001be73b,0x005f0f3b,ascii,=7>l>
0x001be75d,0x005f0f5d,ascii,121<1C1M1W1a1s1
0x001be779,0x005f0f79,ascii,222O2n2
0x001be791,0x005f0f91,ascii,3(3@3y3
0x001be79d,0x005f0f9d,ascii,4$5T5
0x001be7b3,0x005f0fb3,ascii,6V7c7
0x001be7bb,0x005f0fbb,ascii,7f:s:
0x001be7c1,0x005f0fc1,ascii,:R;c;
0x001be7d9,0x005f0fd9,ascii,<K=z=
0x001be7f9,0x005f0ff9,ascii,1D2k2
0x001be80b,0x005f100b,ascii,5}5<6@6D6H6L6P6T6X6\6`6d6h6|6
0x001be837,0x005f1037,ascii,"7""7-7:7F8U8"
0x001be845,0x005f1045,ascii,8&959
0x001be865,0x005f1065,ascii,;V<c<
0x001be86f,0x005f106f,ascii,<&=3=K=P=e=w=
0x001be89d,0x005f109d,ascii,0'010:0O0Z0d0m0
0x001be8b9,0x005f10b9,ascii,1*1<1K1^1e1t1
0x001be8d1,0x005f10d1,ascii,1)22292D2Z2b2i2t2
0x001be8ef,0x005f10ef,ascii,3%343F3X3g3z3
0x001be90b,0x005f110b,ascii,3\4l4
0x001be919,0x005f1119,ascii,5)5n5
0x001be937,0x005f1137,ascii,"7 7$7(7,7074787<7@7D7H7L7P7T7X7\7`7d7h7l7p7t7x7|7"
0x001be983,0x005f1183,ascii,8+8;8E8O8e8r8
0x001be995,0x005f1195,ascii,8!9+9A9P9
0x001be9b7,0x005f11b7,ascii,:(:.:8:K:o:
0x001be9d3,0x005f11d3,ascii,;.;I;W;y;
0x001be9e7,0x005f11e7,ascii,< <.<U<k<
0x001be9fb,0x005f11fb,ascii,=)=?=]=k=
0x001bea15,0x005f1215,ascii,>8><>@>D>H>L>P>T>X>\>`>d>h>l>p>t>
0x001bea57,0x005f1257,ascii,0>0P0e0m0
0x001bea65,0x005f1265,ascii,0I1U1
0x001bea73,0x005f1273,ascii,2T3n3
0x001bea7d,0x005f127d,ascii,3[4*565C5
0x001bea87,0x005f1287,ascii,546j6m7
0x001bea9d,0x005f129d,ascii,=^>o>
0x001beabd,0x005f12bd,ascii,1$191J1r1
0x001bead3,0x005f12d3,ascii,2L2P2T2X2j2
0x001beaf5,0x005f12f5,ascii,8N9_9
0x001beafd,0x005f12fd,ascii,: :^:
0x001beb33,0x005f1333,ascii,"4,4j425C5""6u7"
0x001beb41,0x005f1341,ascii,8*8{8
0x001beb4f,0x005f134f,ascii,9 :8:I:
0x001beb63,0x005f1363,ascii,=R>q>|>
0x001beb6d,0x005f136d,ascii,?%?B?S?
0x001beb87,0x005f1387,ascii,0K1c1t1
0x001beb8f,0x005f138f,ascii,1?2S2c2o2
0x001beb99,0x005f1399,ascii,253R3c3
0x001bebad,0x005f13ad,ascii,5;6I6p6
0x001bebcd,0x005f13cd,ascii,:.:9:_:~:
0x001bebe3,0x005f13e3,ascii,;*;=;c;y;
0x001bebf3,0x005f13f3,ascii,<*<f<v<
0x001bec1d,0x005f141d,ascii,"= =$=(=,=0=4=8=<=@=D=H=L=W=g="
0x001bec4d,0x005f144d,ascii,?A?l?
0x001bec6d,0x005f146d,ascii,0'040O0X0
0x001bec85,0x005f1485,ascii,0I1\1s1
0x001bec97,0x005f1497,ascii,2G2a2o2
0x001beca1,0x005f14a1,ascii,213;3Q3c3p3
0x001becb3,0x005f14b3,ascii,4;4E4m4
0x001becc3,0x005f14c3,ascii,41595A5j5w5
0x001becdb,0x005f14db,ascii,5'6A6O6r6|6
0x001becf1,0x005f14f1,ascii,7U7h7t7
0x001becff,0x005f14ff,ascii,8M8W8m8
0x001bed11,0x005f1511,ascii,9-999H9[9o9
0x001bed27,0x005f1527,ascii,:$:D:`:u:
0x001bed45,0x005f1545,ascii,;#;C;Z;d;r;~;
0x001bed5f,0x005f155f,ascii,<&<1<?<J<[<f<
0x001bed7d,0x005f157d,ascii,=&=3=?=j=~=
0x001bed91,0x005f1591,ascii,>8>F>Q>b>m>
0x001bedad,0x005f15ad,ascii,>;?b?q?
0x001bedcb,0x005f15cb,ascii,0&020<0K0^0i0
0x001bede1,0x005f15e1,ascii,0V1u1
0x001bee05,0x005f1605,ascii,4!8/8
0x001bee11,0x005f1611,ascii,<4?D?W?
0x001bee29,0x005f1629,ascii,8F<U<
0x001bee2f,0x005f162f,ascii,=8=R=b=F>U>W?~?
0x001bee59,0x005f1659,ascii,2t3x3|3
0x001bee6d,0x005f166d,ascii,4V5e5g6
0x001bee7d,0x005f167d,ascii,7&888
0x001bee83,0x005f1683,ascii,9B9G9
0x001beead,0x005f16ad,ascii,9J;/<8<
0x001beed1,0x005f16d1,ascii,2(3/3
0x001bef10,0x005f1710,ascii,B3;4R4064686<6@6D6H6L6P6|6
0x001bef33,0x005f1733,ascii,6H7O7
0x001bef5d,0x005f175d,ascii,0 0$0(070g1
0x001bef77,0x005f1777,ascii,575`5i5r5
0x001bef8b,0x005f178b,ascii,6=6p6t6x6|6
0x001befa1,0x005f17a1,ascii,"7""7:7X7"
0x001befb9,0x005f17b9,ascii,8-8E8]8}8
0x001befeb,0x005f17eb,ascii,>6?H?
0x001bf011,0x005f1811,ascii,2'3G6
0x001bf017,0x005f1817,ascii,639]9d9
0x001bf025,0x005f1825,ascii,:::Z:z:
0x001bf063,0x005f1863,ascii,=M>i>
0x001bf069,0x005f1869,ascii,>-?I?
0x001bf0df,0x005f18df,ascii,"2 2$2(2,2024282<2@2D2r2"
0x001bf13d,0x005f193d,ascii,5Y5l5
0x001bf14f,0x005f194f,ascii,:Y:l:
0x001bf161,0x005f1961,ascii,?Y?l?
0x001bf173,0x005f1973,ascii,0044484<4
0x001bf185,0x005f1985,ascii,5p9t9x9|9
0x001bf1a3,0x005f19a3,ascii,0^1.2N2
0x001bf1b3,0x005f19b3,ascii,4#5:5
0x001bf1b9,0x005f19b9,ascii,5:6!7
0x001bf1d9,0x005f19d9,ascii,=Z>~>
0x001bf201,0x005f1a01,ascii,9%9J9R9
0x001bf211,0x005f1a11,ascii,?%?9?
0x001bf227,0x005f1a27,ascii,1#171v1
0x001bf239,0x005f1a39,ascii,5#5N5
0x001bf24b,0x005f1a4b,ascii,:1:\>
0x001bf260,0x005f1a60,ascii,80Z0k0
0x001bf26b,0x005f1a6b,ascii,0F1S1
0x001bf27d,0x005f1a7d,ascii,2&333K3P3e3w3
0x001bf291,0x005f1a91,ascii,4 4J4b4
0x001bf29d,0x005f1a9d,ascii,4(5F5S5
0x001bf2bf,0x005f1abf,ascii,3-3)6=699M9Y<m<
0x001bf2db,0x005f1adb,ascii,3*3U3t3
0x001bf2e5,0x005f1ae5,ascii,4:4R4g4
0x001bf2f7,0x005f1af7,ascii,6E7M7U7
0x001bf30b,0x005f1b0b,ascii,;0<8<H<P<X<
0x001bf337,0x005f1b37,ascii,010C0
0x001bf33d,0x005f1b3d,ascii,2d2q2;3I3q3
0x001bf357,0x005f1b57,ascii,4*4<4R7~7
0x001bf36d,0x005f1b6d,ascii,9E9p9}9
0x001bf387,0x005f1b87,ascii,:%:4:F:U:d:r:}:
0x001bf3a3,0x005f1ba3,ascii,;d;o;
0x001bf3b3,0x005f1bb3,ascii,>8>T>
0x001bf3c7,0x005f1bc7,ascii,>N?W?
0x001bf3dd,0x005f1bdd,ascii,011:1
0x001bf3ef,0x005f1bef,ascii,495L5g5
0x001bf3ff,0x005f1bff,ascii,6^7c7
0x001bf413,0x005f1c13,ascii,979Z9=:+;i<
0x001bf423,0x005f1c23,ascii,">,>s>"
0x001bf42d,0x005f1c2d,ascii,>!?.?{?
0x001bf444,0x005f1c44,ascii,#000t0
0x001bf44b,0x005f1c4b,ascii,0/1<1
0x001bf453,0x005f1c53,ascii,1'2B2
0x001bf45f,0x005f1c5f,ascii,3-353=3W3e3
0x001bf483,0x005f1c83,ascii,5-5>5
0x001bf48d,0x005f1c8d,ascii,6)6A6T6g6z6
0x001bf4a3,0x005f1ca3,ascii,7!7N7V7
0x001bf4ab,0x005f1cab,ascii,7(9h9
0x001bf4b5,0x005f1cb5,ascii,;L=P=T=X=\=
0x001bf517,0x005f1d17,ascii,>)>b>{>
0x001bf535,0x005f1d35,ascii,"3 3$3(3,3034383<3@3D3"
0x001bf551,0x005f1d51,ascii,334E4S4[4
0x001bf55b,0x005f1d5b,ascii,8 :L:
0x001bf577,0x005f1d77,ascii,=(>^>
0x001bf58f,0x005f1d8f,ascii,2Q3Y3
0x001bf5a3,0x005f1da3,ascii,7'7/777
0x001bf5ab,0x005f1dab,ascii,7+8@8H8P8
0x001bf5d1,0x005f1dd1,ascii,<&=.=6=H=`=h=p=
0x001bf5f9,0x005f1df9,ascii,0S0h0p0x0
0x001bf609,0x005f1e09,ascii,0V1p1x1
0x001bf649,0x005f1e49,ascii,70787
0x001bf663,0x005f1e63,ascii,:*:7:E:j:r:
0x001bf675,0x005f1e75,ascii,:$;P;a;k;
0x001bf683,0x005f1e83,ascii,;==g=
0x001bf69f,0x005f1e9f,ascii,0m1~1
0x001bf6ad,0x005f1ead,ascii,3'5Z5
0x001bf6bf,0x005f1ebf,ascii,8D9M9
0x001bf6c5,0x005f1ec5,ascii,9N:n:
0x001bf6db,0x005f1edb,ascii,<0<u<
0x001bf6e7,0x005f1ee7,ascii,<D=g=
0x001bf705,0x005f1f05,ascii,0%0<0
0x001bf70b,0x005f1f0b,ascii,0a1o1c2
0x001bf71d,0x005f1f1d,ascii,3#3.3Y3
0x001bf72d,0x005f1f2d,ascii,4Z4 5
0x001bf733,0x005f1f33,ascii,5 7(7
0x001bf73f,0x005f1f3f,ascii,8\9E:
0x001bf747,0x005f1f47,ascii,;A<V<^<
0x001bf759,0x005f1f59,ascii,>#?+?3?>?
0x001bf78b,0x005f1f8b,ascii,2%2R2e2x2
0x001bf795,0x005f1f95,ascii,2B3N3
0x001bf7a1,0x005f1fa1,ascii,7R7Z7r7z7
0x001bf7ad,0x005f1fad,ascii,828}8
0x001bf7b7,0x005f1fb7,ascii,8094989<9@9V9e9
0x001bf7d1,0x005f1fd1,ascii,:(;f;
0x001bf7e4,0x005f1fe4,ascii,!040G0Z0
0x001bf7ef,0x005f1fef,ascii,1%2H2P2~2
0x001bf823,0x005f2023,ascii,8'858
0x001bf82d,0x005f202d,ascii,: :$:(:;:[:s:
0x001bf853,0x005f2053,ascii,2f3u3~5
0x001bf869,0x005f2069,ascii,6<6M6U6s6
0x001bf881,0x005f2081,ascii,7/7@7H7e7
0x001bf899,0x005f2099,ascii,"8""8B8S8"
0x001bf8d1,0x005f20d1,ascii,283=3f5s5
0x001bf8dd,0x005f20dd,ascii,5f8s8
0x001bf8eb,0x005f20eb,ascii,8$9m9
0x001bf8f9,0x005f20f9,ascii,96:C:
0x001bf909,0x005f2109,ascii,;(<.<
0x001bf90f,0x005f210f,ascii,=$=6=@=
0x001bf923,0x005f2123,ascii,> ?2?D?
0x001bf943,0x005f2143,ascii,0P0a0
0x001bf953,0x005f2153,ascii,1#1[1n1
0x001bf961,0x005f2161,ascii,2(2\2m2
0x001bf96b,0x005f216b,ascii,2=3g3u3
0x001bf979,0x005f2179,ascii,4)4>4H4Y4
0x001bf98d,0x005f218d,ascii,5.545J5k5
0x001bf997,0x005f2197,ascii,5\6x6
0x001bf9a5,0x005f21a5,ascii,717H7U7
0x001bf9b1,0x005f21b1,ascii,858J8
0x001bf9c3,0x005f21c3,ascii,:B:R:a:p:
0x001bfa0f,0x005f220f,ascii,9O9Z9
0x001bfa29,0x005f2229,ascii,;(;`;
0x001bfa37,0x005f2237,ascii,<U=u?~?
0x001bfa4f,0x005f224f,ascii,2?2i2o2
0x001bfa63,0x005f2263,ascii,2]4{4
0x001bfa71,0x005f2271,ascii,737=7G7
0x001bfa8f,0x005f228f,ascii,959;9d9y9
0x001bfa9b,0x005f229b,ascii,:f:u:
0x001bfaa1,0x005f22a1,ascii,;%;>;
0x001bfaaf,0x005f22af,ascii,<W=z=
0x001bfab7,0x005f22b7,ascii,=&?3?
0x001bfad0,0x005f22d0,ascii,j4F5S5
0x001bfaf5,0x005f22f5,ascii,=!=b>
0x001bfb13,0x005f2313,ascii,1#2O2x2
0x001bfb25,0x005f2325,ascii,3*3Z3j3
0x001bfb49,0x005f2349,ascii,9G:L:d:
0x001bfb53,0x005f2353,ascii,:1;f;u;
0x001bfb65,0x005f2365,ascii,<$</<9<Z<g<
0x001bfb7b,0x005f237b,ascii,>1>I>{>
0x001bfb9f,0x005f239f,ascii,111P1^1
0x001bfbb3,0x005f23b3,ascii,5(5L5T5k5
0x001bfbd1,0x005f23d1,ascii,6N6`6y6
0x001bfbeb,0x005f23eb,ascii,9M:^:
0x001bfc09,0x005f2409,ascii,=@=Q=
0x001bfc19,0x005f2419,ascii,> >\>`>d>h>l>p>
0x001bfc31,0x005f2431,ascii,>+?8?G?_?m?
0x001bfc51,0x005f2451,ascii,0>0L0m0
0x001bfc61,0x005f2461,ascii,0$121S1e1
0x001bfc9d,0x005f249d,ascii,86:E:
0x001bfcc5,0x005f24c5,ascii,>9>0?f?
0x001bfced,0x005f24ed,ascii,2=4X4j4
0x001bfcfb,0x005f24fb,ascii,5s6X9\9`9d9h9l9p9t9
0x001bfd19,0x005f2519,ascii,:+;8;g;w;
0x001bfd2b,0x005f252b,ascii,< <R<a<p<
0x001bfd43,0x005f2543,ascii,=.=>=M=`=
0x001bfd61,0x005f2561,ascii,>3>B>U>g>o>
0x001bfd7f,0x005f257f,ascii,?P?j?p?
0x001bfd9f,0x005f259f,ascii,3K4Y4
0x001bfda7,0x005f25a7,ascii,4G5U5
0x001bfdc3,0x005f25c3,ascii,7o8|8
0x001bfdef,0x005f25ef,ascii,0D2J2T2
0x001bfe2b,0x005f262b,ascii,868E8j8
0x001bfe41,0x005f2641,ascii,;H=x=
0x001bfe49,0x005f2649,ascii,=F>U>
0x001bfe69,0x005f2669,ascii,1L1v1
0x001bfe79,0x005f2679,ascii,2V2e2
0x001bfe95,0x005f2695,ascii,":,;=;"
0x001bfe9d,0x005f269d,ascii,;i<z<
0x001bfec0,0x005f26c0,ascii,90p0~0
0x001bfec9,0x005f26c9,ascii,031A1
0x001bfecf,0x005f26cf,ascii,2I2)3
0x001bfed7,0x005f26d7,ascii,3J4[4
0x001bfeef,0x005f26ef,ascii,7#888e8
0x001bff11,0x005f2711,ascii,;'<?<
0x001bff1f,0x005f271f,ascii,?L?X?
0x001bff47,0x005f2747,ascii,2 202N2[2z2
0x001bff81,0x005f2781,ascii,9C9e9
0x001bff97,0x005f2797,ascii,:(:6:D:Z:h:~:
0x001bffad,0x005f27ad,ascii,;!;1;>;k;
0x001bffbd,0x005f27bd,ascii,<E<|<
0x001bffc9,0x005f27c9,ascii,=]=i=|=
0x001bfff3,0x005f27f3,ascii,091O1_1
0x001c0007,0x005f2807,ascii,3*3J3R3Z3h3p3
0x001c0019,0x005f2819,ascii,"4,4>4P4^4v4"
0x001c0035,0x005f2835,ascii,6;6N6Y6
0x001c0047,0x005f2847,ascii,7J7Y7t7
0x001c0061,0x005f2861,ascii,8f9x9
0x001c0073,0x005f2873,ascii,:0:L:
0x001c0089,0x005f2889,ascii,0*1T1
0x001c0097,0x005f2897,ascii,3(3S3k3
0x001c00b3,0x005f28b3,ascii,6B6F7U7
0x001c00bb,0x005f28bb,ascii,:6<I<
0x001c00c1,0x005f28c1,ascii,=F>Y>
0x001c00e9,0x005f28e9,ascii,667F7
0x001c00ef,0x005f28ef,ascii,7d9v9
0x001c00f9,0x005f28f9,ascii,<%<><
0x001c011f,0x005f291f,ascii,9&959N9
0x001c0127,0x005f2927,ascii,9%<+<P<e<w=f>u>
0x001c0143,0x005f2943,ascii,162E2^2
0x001c015f,0x005f295f,ascii,:':V:c:w:
0x001c0171,0x005f2971,ascii,;<;l>}>
0x001c01af,0x005f29af,ascii,414I4Z4
0x001c01c9,0x005f29c9,ascii,5J5V5u566A6U6l6w6
0x001c01e7,0x005f29e7,ascii,647:7D7V7i7
0x001c01ff,0x005f29ff,ascii,7:8Y8
0x001c0211,0x005f2a11,ascii,9#9[9e9
0x001c021d,0x005f2a1d,ascii,99:?:I:O:Y:
0x001c0235,0x005f2a35,ascii,";C<,=0=4=8=<=@=D=H=L=P=T=X=\=`=d=h=l=p=t=x=|="
0x001c0271,0x005f2a71,ascii,>#>c>k>s>
0x001c029b,0x005f2a9b,ascii,0Y1v1}1
0x001c02a5,0x005f2aa5,ascii,1+2Z2a2
0x001c02bf,0x005f2abf,ascii,"2,363k3"
0x001c02cf,0x005f2acf,ascii,4 4%474?4[4`4
0x001c02e1,0x005f2ae1,ascii,4b5y5
0x001c02eb,0x005f2aeb,ascii,5R6L7d7
0x001c02fb,0x005f2afb,ascii,808B8K8W8e8t8
0x001c030d,0x005f2b0d,ascii,8N<)=J=e=
0x001c0337,0x005f2b37,ascii,2$2^2
0x001c0357,0x005f2b57,ascii,4*4D4V4o4
0x001c0363,0x005f2b63,ascii,5_5j5x5
0x001c036f,0x005f2b6f,ascii,6x6&777|7
0x001c037b,0x005f2b7b,ascii,7l8}8
0x001c0387,0x005f2b87,ascii,9d9r9
0x001c039d,0x005f2b9d,ascii,;;<B<P<l<p<t<x<
0x001c03c1,0x005f2bc1,ascii,>&><>Q>^>k>x>
0x001c03d3,0x005f2bd3,ascii,?7?G?]?o?
0x001c03f0,0x005f2bf0,ascii,30j0w0
0x001c0405,0x005f2c05,ascii,3&3q3z3
0x001c0411,0x005f2c11,ascii,475H5v5
0x001c0429,0x005f2c29,ascii,8A8a8k8u8
0x001c0439,0x005f2c39,ascii,9<9V9f9
0x001c0451,0x005f2c51,ascii,;3;=;p;
0x001c0469,0x005f2c69,ascii,<-<e<
0x001c0479,0x005f2c79,ascii,>G>z>
0x001c0483,0x005f2c83,ascii,?C?T?
0x001c04ad,0x005f2cad,ascii,2'2d2v2|2
0x001c04bd,0x005f2cbd,ascii,2&3K3`3h3n3
0x001c04d5,0x005f2cd5,ascii,4%434\4
0x001c04dd,0x005f2cdd,ascii,5U5b5x5
0x001c04e9,0x005f2ce9,ascii,6@6.7?7
0x001c04f7,0x005f2cf7,ascii,7Z8k8
0x001c050d,0x005f2d0d,ascii,<2<M<e<v<
0x001c0519,0x005f2d19,ascii,=O=e=
0x001c052f,0x005f2d2f,ascii,>*>P>`>m>|>
0x001c0543,0x005f2d43,ascii,?)?_?n?
0x001c055d,0x005f2d5d,ascii,0/0?0J0Z0
0x001c0569,0x005f2d69,ascii,0 1)1i1s1
0x001c0581,0x005f2d81,ascii,2W2g2q2{2
0x001c0593,0x005f2d93,ascii,3*3A3M3W3
0x001c05ab,0x005f2dab,ascii,4f4~4
0x001c05b7,0x005f2db7,ascii,5<6M6
0x001c05c3,0x005f2dc3,ascii,6@7Q7
0x001c05cf,0x005f2dcf,ascii,7-8^8o8&9
0x001c05df,0x005f2ddf,ascii,;f;~;
0x001c05f1,0x005f2df1,ascii,<:=A=O=]=h=
0x001c0601,0x005f2e01,ascii,>R>M?l?
0x001c062b,0x005f2e2b,ascii,1 151
0x001c063f,0x005f2e3f,ascii,3W3h3
0x001c064d,0x005f2e4d,ascii,4(4f4
0x001c0655,0x005f2e55,ascii,535I5[5h5
0x001c0661,0x005f2e61,ascii,5-6I6Q6^6
0x001c0671,0x005f2e71,ascii,7^7h7
0x001c067d,0x005f2e7d,ascii,8;8Q8p8
0x001c0687,0x005f2e87,ascii,859m9z9
0x001c0691,0x005f2e91,ascii,9):/:9:
0x001c0699,0x005f2e99,ascii,;9;C;
0x001c06ad,0x005f2ead,ascii,>(>z>
0x001c06db,0x005f2edb,ascii,272U2[2q2w2
0x001c06fd,0x005f2efd,ascii,353;3Q3W3m3s3
0x001c0721,0x005f2f21,ascii,41474M4S4i4o4
0x001c0745,0x005f2f45,ascii,5!5&5d5n5z5
0x001c0767,0x005f2f67,ascii,6-676@6F6R6\6r6
0x001c0783,0x005f2f83,ascii,7+8;8H8W8~8
0x001c0795,0x005f2f95,ascii,9&9g9v9
0x001c07cb,0x005f2fcb,ascii,=$=3=@=
0x001c07f3,0x005f2ff3,ascii,112^2o2@3o3
0x001c0813,0x005f3013,ascii,4=5J5c5s5
0x001c0825,0x005f3025,ascii,6$757z7
0x001c0833,0x005f3033,ascii,8b8s8
0x001c0841,0x005f3041,ascii,9p:t:x:|:
0x001c0851,0x005f3051,ascii,;S;I<Z<
0x001c085b,0x005f305b,ascii,<.=F=W=
0x001c0881,0x005f3081,ascii,0[0l0
0x001c08a9,0x005f30a9,ascii,7#717
0x001c08b9,0x005f30b9,ascii,7;8I8^8
0x001c08cf,0x005f30cf,ascii,:%:/:E:W:d:
0x001c08e1,0x005f30e1,ascii,;(;0;;;
0x001c08f3,0x005f30f3,ascii,;2<S<a<v<
0x001c090b,0x005f310b,ascii,=&=4=
0x001c0919,0x005f3119,ascii,=L>U>y>
0x001c092b,0x005f312b,ascii,">""?I?R?d?n?"
0x001c0951,0x005f3151,ascii,1.1Z1
0x001c0959,0x005f3159,ascii,1:2H2R2`2
0x001c0993,0x005f3193,ascii,607A7
0x001c099f,0x005f319f,ascii,828C8
0x001c09a7,0x005f31a7,ascii,8<:@:D:H:L:Z:
0x001c09bb,0x005f31bb,ascii,:1;>;T;
0x001c09cf,0x005f31cf,ascii,"<""<S<"
0x001c09df,0x005f31df,ascii,<-===V=
0x001c09f1,0x005f31f1,ascii,>%>8>G>S>`>v>
0x001c0a05,0x005f3205,ascii,?(?>?J?T?j?|?
0x001c0a2f,0x005f322f,ascii,1*2m2~2
0x001c0a3d,0x005f323d,ascii,213F3
0x001c0a49,0x005f3249,ascii,4 4R4k4
0x001c0a57,0x005f3257,ascii,4@5Q5
0x001c0a65,0x005f3265,ascii,6&676c6u6
0x001c0a79,0x005f3279,ascii,747W7z7
0x001c0a87,0x005f3287,ascii,8 8@8b8
0x001c0a97,0x005f3297,ascii,9*9J9j9
0x001c0aa9,0x005f32a9,ascii,:K:R:
0x001c0ab7,0x005f32b7,ascii,": ;$;(;,;0;G;{;"
0x001c0acd,0x005f32cd,ascii,;*<<<
0x001c0add,0x005f32dd,ascii,<!='=1=G=Q=Z=p=
0x001c0afd,0x005f32fd,ascii,>0>B>O>\>
0x001c0b0b,0x005f330b,ascii,?2???_?
0x001c0b27,0x005f3327,ascii,"1,1q1"
0x001c0b33,0x005f3333,ascii,2M2r2
0x001c0b47,0x005f3347,ascii,3 4w4~4
0x001c0b59,0x005f3359,ascii,5;5L5R5n5
0x001c0b9b,0x005f339b,ascii,7A7O7l7{7
0x001c0ba9,0x005f33a9,ascii,8:8N8[8h8x8
0x001c0bc1,0x005f33c1,ascii,:Z:k:
0x001c0bd1,0x005f33d1,ascii,<.<7<E<O<
0x001c0be5,0x005f33e5,ascii,<+=a=r=
0x001c0bfd,0x005f33fd,ascii,>%>;>A>W>]>s>y>
0x001c0c21,0x005f3421,ascii,?!?7?=?S?Y?o?u?
0x001c0c51,0x005f3451,ascii,03090O0U0k0q0
0x001c0c71,0x005f3471,ascii,1(131;1D1R1]1h1o1v1
0x001c0c97,0x005f3497,ascii,2k2y2
0x001c0cab,0x005f34ab,ascii,3=3m3w3
0x001c0cbd,0x005f34bd,ascii,314l4p4t4x4
0x001c0cd1,0x005f34d1,ascii,4D5W5g5
0x001c0ce7,0x005f34e7,ascii,6B6V6i6z6
0x001c0cfb,0x005f34fb,ascii,7 7.7H7W7
0x001c0d0f,0x005f350f,ascii,8-8<8r8
0x001c0d29,0x005f3529,ascii,9.:7:
0x001c0d33,0x005f3533,ascii,=(=W=^=l=v=
0x001c0d41,0x005f3541,ascii,=?>I>S>e>z>
0x001c0d53,0x005f3553,ascii,>`?j?
0x001c0d69,0x005f3569,ascii,0 0$060E0^0
0x001c0d7d,0x005f357d,ascii,0-1S1
0x001c0d83,0x005f3583,ascii,1&353N3F4U4n4
0x001c0d95,0x005f3595,ascii,5F6U6n6{7
0x001c0daf,0x005f35af,ascii,:_;p;
0x001c0ddf,0x005f35df,ascii,0F1S1
0x001c0e07,0x005f3607,ascii,<+<0<E<W<b<
0x001c0e21,0x005f3621,ascii,070c0q0
0x001c0e39,0x005f3639,ascii,2(2<2D2R2W2q2w2
0x001c0e51,0x005f3651,ascii,5F6i6
0x001c0e57,0x005f3657,ascii,647E7P7W7b7g8
0x001c0e67,0x005f3667,ascii,;6<E<
0x001c0e6d,0x005f366d,ascii,=X>h>
0x001c0e83,0x005f3683,ascii,1&464
0x001c0e8b,0x005f368b,ascii,5M5b5
0x001c0e97,0x005f3697,ascii,6F8U8n8
0x001c0e9f,0x005f369f,ascii,9$909=9G9N9T9
0x001c0eb3,0x005f36b3,ascii,:F:U:
0x001c0ed1,0x005f36d1,ascii,0K0Z0
0x001c0edd,0x005f36dd,ascii,1g1o1
0x001c0ee3,0x005f36e3,ascii,1@3D3H3L3
0x001c0f09,0x005f3709,ascii,8#919K9
0x001c0f2d,0x005f372d,ascii,<T=r=
0x001c0f37,0x005f3737,ascii,">$>,>"
0x001c0f58,0x005f3758,ascii,40:0v0
0x001c0f69,0x005f3769,ascii,3;3H3P3g4
0x001c0f83,0x005f3783,ascii,637W8W:
0x001c0f8d,0x005f378d,ascii,:J;W;
0x001c0f97,0x005f3797,ascii,;6<E<
0x001c0fb1,0x005f37b1,ascii,0-1:1w1
0x001c0fc5,0x005f37c5,ascii,363E3
0x001c0fcb,0x005f37cb,ascii,3d4j4
0x001c0fd3,0x005f37d3,ascii,4$5d5j5
0x001c0fdd,0x005f37dd,ascii,5$646:6V6e6
0x001c0fed,0x005f37ed,ascii,7G7j7
0x001c0ff7,0x005f37f7,ascii,8\9v9
0x001c1009,0x005f3809,ascii,":,:A:S:`:+;4;"
0x001c103f,0x005f383f,ascii,0$0:0S0
0x001c1049,0x005f3849,ascii,2b3<6
0x001c1053,0x005f3853,ascii,9/:H:P:^:f:y:
0x001c107b,0x005f387b,ascii,<4<Q<Y<e<
0x001c1091,0x005f3891,ascii,<P=X=
0x001c10a1,0x005f38a1,ascii,>#>*>2>>>e>m>t>|>
0x001c10c3,0x005f38c3,ascii,?@?a?r?
0x001c10e1,0x005f38e1,ascii,124h4
0x001c1115,0x005f3915,ascii,:p:x:
0x001c111d,0x005f391d,ascii,:(;I;O;u;
0x001c1129,0x005f3929,ascii,;?<G<O<h<p<
0x001c1143,0x005f3943,ascii,>V>e>
0x001c1149,0x005f3949,ascii,>*?J?i?
0x001c1158,0x005f3958,ascii,"""0a0{0"
0x001c1163,0x005f3963,ascii,1!1<1
0x001c117f,0x005f397f,ascii,5A5g5z5
0x001c118d,0x005f398d,ascii,6;6P6
0x001c119d,0x005f399d,ascii,7H7R7
0x001c11a7,0x005f39a7,ascii,7$8V8c8
0x001c11b9,0x005f39b9,ascii,9F;U;$<
0x001c11c1,0x005f39c1,ascii,=Y=f='>/?
0x001c11d8,0x005f39d8,ascii,10G0T0
0x001c120f,0x005f3a0f,ascii,7F9U9
0x001c1217,0x005f3a17,ascii,9&:5:
0x001c1225,0x005f3a25,ascii,::;T;
0x001c122f,0x005f3a2f,ascii,;1<9<A<F<`<h<t<
0x001c124b,0x005f3a4b,ascii,=T=Z=
0x001c1255,0x005f3a55,ascii,=4>f>s>
0x001c127b,0x005f3a7b,ascii,3c4w4
0x001c12b3,0x005f3ab3,ascii,<i<~<F=U=
0x001c12bf,0x005f3abf,ascii,=&>5>
0x001c12dd,0x005f3add,ascii,030a0
0x001c12ff,0x005f3aff,ascii,2!3;3W3
0x001c130d,0x005f3b0d,ascii,3G4.585*6
0x001c131b,0x005f3b1b,ascii,7*787N7
0x001c132b,0x005f3b2b,ascii,8$8A8{8
0x001c1337,0x005f3b37,ascii,9D9M9W9\9
0x001c1351,0x005f3b51,ascii,":,;6;l;"
0x001c135d,0x005f3b5d,ascii,<?<Z<[=
0x001c138b,0x005f3b8b,ascii,1&1F1P1^1
0x001c13a9,0x005f3ba9,ascii,"2,3q4"
0x001c13b9,0x005f3bb9,ascii,5W5s5
0x001c13c3,0x005f3bc3,ascii,6w8j9w9
0x001c13d9,0x005f3bd9,ascii,:':9:H:R:[:u:
0x001c13f1,0x005f3bf1,ascii,:';J;
0x001c1403,0x005f3c03,ascii,=.=f=s=
0x001c142d,0x005f3c2d,ascii,1/1H1
0x001c143b,0x005f3c3b,ascii,22282=4G4
0x001c1445,0x005f3c45,ascii,4:5H5W5f5
0x001c1455,0x005f3c55,ascii,"6""7.7?7L7R7"
0x001c1467,0x005f3c67,ascii,<6>E>
0x001c14a9,0x005f3ca9,ascii,=:>L>
0x001c14b8,0x005f3cb8,ascii,"(1,1014181<1@1D1H1L1P1T1X1\1`1d1h1l1p1t1x1|1"
0x001c1533,0x005f3d33,ascii,"2 2$2(2,2024282<2@2D2H2L2P2T2X2\2`2d2h2l2p2t2x2|2"
0x001c157b,0x005f3d7b,ascii,2I3`3
0x001c15c5,0x005f3dc5,ascii,<F=U=j>
0x001c15d9,0x005f3dd9,ascii,5\6b6h6n6t6z6
0x001c1601,0x005f3e01,ascii,6^7{7
0x001c1621,0x005f3e21,ascii,8'8_8f8
0x001c1637,0x005f3e37,ascii,9.9W9^9
0x001c1647,0x005f3e47,ascii,:):;:T:f:
0x001c1671,0x005f3e71,ascii,=7===R=o=
0x001c1685,0x005f3e85,ascii,>2>B>Y>
0x001c1695,0x005f3e95,ascii,?'?6?O?
0x001c16b7,0x005f3eb7,ascii,040Y0z0
0x001c16c5,0x005f3ec5,ascii,1+171i1u1
0x001c16e5,0x005f3ee5,ascii,3/4\4
0x001c16ed,0x005f3eed,ascii,4R5Z5i5r5
0x001c16ff,0x005f3eff,ascii,7*8:8q8
0x001c170b,0x005f3f0b,ascii,81999I9s9
0x001c1721,0x005f3f21,ascii,:7:J:\:l:
0x001c1731,0x005f3f31,ascii,;';=;Y;u;
0x001c1743,0x005f3f43,ascii,<7<[<
0x001c1777,0x005f3f77,ascii,3F3T3
0x001c178d,0x005f3f8d,ascii,4#414>4P4_4i4
0x001c17af,0x005f3faf,ascii,"5,5<5B5I5P5v5"
0x001c17bd,0x005f3fbd,ascii,5#6@6
0x001c17cb,0x005f3fcb,ascii,8M8s8
0x001c17f7,0x005f3ff7,ascii,:9:B:M:T:g:u:{:
0x001c182d,0x005f402d,ascii,; ;0;@;I;o;};
0x001c1861,0x005f4061,ascii,<!<&<r<
0x001c1873,0x005f4073,ascii,>!>)>9>
0x001c187d,0x005f407d,ascii,>&?a?
0x001c18a9,0x005f40a9,ascii,5S5(6[6
0x001c18bd,0x005f40bd,ascii,"8""8+848=8C8I8^8g8u8}8"
0x001c18e5,0x005f40e5,ascii,"9""9,929;9A9I9N9b9g9"
0x001c1907,0x005f4107,ascii,:1:G:
0x001c190d,0x005f410d,ascii,";,;6;j;"
0x001c1919,0x005f4119,ascii,";,<A<^<"
0x001c192d,0x005f412d,ascii,=$=*=t=}=
0x001c1957,0x005f4157,ascii,>T>g>
0x001c1977,0x005f4177,ascii,0+1014181<1
0x001c1983,0x005f4183,ascii,"4,4t4"
0x001c19e7,0x005f41e7,ascii,1#1'1+1/13171B1l2
0x001c19ff,0x005f41ff,ascii,3r4K6
0x001c1a09,0x005f4209,ascii,7!7.7P7
0x001c1a19,0x005f4219,ascii,8=8Q8m8x8
0x001c1a33,0x005f4233,ascii,9Q9`9@:q<
0x001c1a61,0x005f4261,ascii,7 7&7U7a7z8
0x001c1a75,0x005f4275,ascii,"9,969V9`9l9"
0x001c1a9b,0x005f429b,ascii,:2:<:H:M:R:p:z:
0x001c1ab7,0x005f42b7,ascii,;#;V;a;
0x001c1ac9,0x005f42c9,ascii,<X<g<
0x001c1ad5,0x005f42d5,ascii,=^=j=v=
0x001c1ae1,0x005f42e1,ascii,=A>P>i>
0x001c1b0f,0x005f430f,ascii,364G7
0x001c1b27,0x005f4327,ascii,9!9%9)9-919
0x001c1b75,0x005f4375,ascii,6%7)7-7175797=7A7E7I7a7I8M8Q8U8Y8]8a8e8i8m8
0x001c1ba8,0x005f43a8,ascii,l4t4z4
0x001c1bb5,0x005f43b5,ascii,61666;6
0x001c1bc1,0x005f43c1,ascii,>8>?>
0x001c1bdf,0x005f43df,ascii,:K:R:h=
0x001c1be7,0x005f43e7,ascii,?!?R?Y?
0x001c1c25,0x005f4425,ascii,:/:3:7:;:?:
0x001c1c49,0x005f4449,ascii,021Z1s1
0x001c1c6d,0x005f446d,ascii,6R8l8{8
0x001c1c83,0x005f4483,ascii,9)969D9S9^9s9
0x001c1c95,0x005f4495,ascii,;5>?>I>g>
0x001c1cd3,0x005f44d3,ascii,8#9>9W9
0x001c1ce7,0x005f44e7,ascii,; ;m;z;
0x001c1d03,0x005f4503,ascii,<Z<i< ='=9=F=T=m=u=~=
0x001c1d31,0x005f4531,ascii,?V?_?
0x001c1d40,0x005f4540,ascii,I1S1l1v1
0x001c1d59,0x005f4559,ascii,5'5:5E5P5o5
0x001c1d73,0x005f4573,ascii,8(8|8
0x001c1d81,0x005f4581,ascii,"8,9A9L9T9_9e9p9v9"
0x001c1daf,0x005f45af,ascii,<7<A<c<m<
0x001c1dd3,0x005f45d3,ascii,1#2u2
0x001c1de0,0x005f45e0,ascii,W798A8G8
0x001c1def,0x005f45ef,ascii,9!999G9N9W9m9
0x001c1e0f,0x005f460f,ascii,:);B;G;P;
0x001c1e1b,0x005f461b,ascii,<'=2=<=K=S=[=R>
0x001c1e55,0x005f4655,ascii,9!<Y<
0x001c1e7f,0x005f467f,ascii,3b3i3p3w3
0x001c1e97,0x005f4697,ascii,5+5Y5
0x001c1e9f,0x005f469f,ascii,516b6
0x001c1ea7,0x005f46a7,ascii,6`7v7
0x001c1eb5,0x005f46b5,ascii,9$9/9A9T9m9
0x001c1ec9,0x005f46c9,ascii,:!:-:W:^:
0x001c1ef3,0x005f46f3,ascii,</<6<<<D<|<
0x001c1f1b,0x005f471b,ascii,='=8===B=R=c=h=m=}=
0x001c1f4b,0x005f474b,ascii,>)>:>?>D>i>
0x001c1f63,0x005f4763,ascii,?1?;?G?]?y?
0x001c1f89,0x005f4789,ascii,030p0
0x001c1f99,0x005f4799,ascii,1*1O1d1
0x001c1fc1,0x005f47c1,ascii,3!393I3W3\3a3
0x001c1fdb,0x005f47db,ascii,434E4Q4c4
0x001c1feb,0x005f47eb,ascii,5(5O5Y5|5
0x001c1ff9,0x005f47f9,ascii,5f;q>
0x001c200f,0x005f480f,ascii,4/4N4
0x001c2017,0x005f4817,ascii,8%8;8q8y8
0x001c2025,0x005f4825,ascii,8+9=9m9
0x001c204b,0x005f484b,ascii,1U2g2
0x001c207f,0x005f487f,ascii,6'636?6f6
0x001c209f,0x005f489f,ascii,9J9R9f9p9
0x001c20b7,0x005f48b7,ascii,": :,:8:D:P:"
0x001c20d3,0x005f48d3,ascii,;$;0;<;t;
0x001c20ed,0x005f48ed,ascii,;Y<g<y<
0x001c20fd,0x005f48fd,ascii,=%=5=A=^=d=y=
0x001c2120,0x005f4920,ascii,(080D0V0f0r0R1
0x001c2139,0x005f4939,ascii,2'2y2
0x001c214b,0x005f494b,ascii,2C3O3
0x001c2165,0x005f4965,ascii,4=5M5Y5e5s5
0x001c2179,0x005f4979,ascii,6#7+7;7
0x001c218d,0x005f498d,ascii,8'999y9
0x001c2197,0x005f4997,ascii,9$:z:
0x001c21b1,0x005f49b1,ascii,;#;=;t;
0x001c21eb,0x005f49eb,ascii,>%>)>/>3>9>?>E>K>Q>x>
0x001c2227,0x005f4a27,ascii,242>2H2R2\2i2r2{2
0x001c223d,0x005f4a3d,ascii,3[3f3
0x001c2245,0x005f4a45,ascii,34494?4M4V4`4j4
0x001c2263,0x005f4a63,ascii,5H6V6v8
0x001c227b,0x005f4a7b,ascii,8&9:9
0x001c2287,0x005f4a87,ascii,9.:8:N:_:
0x001c2299,0x005f4a99,ascii,;4;A;F;T;
0x001c22a5,0x005f4aa5,ascii,<0<5<
0x001c22bf,0x005f4abf,ascii,2!535
0x001c22d1,0x005f4ad1,ascii,";+;y;""<4<F<"
0x001c22fb,0x005f4afb,ascii,1F4+5'6N6f6
0x001c2315,0x005f4b15,ascii,9M9T9[9b9|9
0x001c232b,0x005f4b2b,ascii,:#:H:p:
0x001c2337,0x005f4b37,ascii,=9=K=
0x001c234f,0x005f4b4f,ascii,>$>:>j>
0x001c2373,0x005f4b73,ascii,001P1
0x001c237d,0x005f4b7d,ascii,142F2v2
0x001c2391,0x005f4b91,ascii,4%5+595H5A6R6Y6r6
0x001c23a9,0x005f4ba9,ascii,7o7u7
0x001c23b7,0x005f4bb7,ascii,778=8
0x001c23bf,0x005f4bbf,ascii,:`:o:}:
0x001c23d3,0x005f4bd3,ascii,";"";];d;"
0x001c23e1,0x005f4be1,ascii,"<""<4<F<X<j<|<"
0x001c2413,0x005f4c13,ascii,0s2z2
0x001c2421,0x005f4c21,ascii,9Q9+:
0x001c2433,0x005f4c33,ascii,;D<e<K=
0x001c2461,0x005f4c61,ascii,"5,656"
0x001c2469,0x005f4c69,ascii,6%7.7y7
0x001c2489,0x005f4c89,ascii,<&=.=t=~=
0x001c2495,0x005f4c95,ascii,>#>k>
0x001c24b1,0x005f4cb1,ascii,6i6)8
0x001c24b7,0x005f4cb7,ascii,8#9*919T9
0x001c24cb,0x005f4ccb,ascii,1@1G1
0x001c24df,0x005f4cdf,ascii,>8>i>
0x001c2501,0x005f4d01,ascii,"2 2$2(2,20242"
0x001c2511,0x005f4d11,ascii,3K5~5
0x001c251b,0x005f4d1b,ascii,6$6o6~6
0x001c2525,0x005f4d25,ascii,6-7`7
0x001c252d,0x005f4d2d,ascii,"8]8""9h9"
0x001c2545,0x005f4d45,ascii,;';H;
0x001c25ad,0x005f4dad,ascii,0)151I1U1a1
0x001c25c1,0x005f4dc1,ascii,2%242
0x001c25c7,0x005f4dc7,ascii,"2""3J3c3"
0x001c25d5,0x005f4dd5,ascii,4 4V4
0x001c25f7,0x005f4df7,ascii,"8""9(9-949D9R9c9{9"
0x001c260f,0x005f4e0f,ascii,9i:q:y:
0x001c2621,0x005f4e21,ascii,;1;=;I;i;
0x001c2635,0x005f4e35,ascii,<*<==n=
0x001c2643,0x005f4e43,ascii,>#>p>
0x001c264d,0x005f4e4d,ascii,?E?p?
0x001c266d,0x005f4e6d,ascii,2+2?2E2u4
0x001c2677,0x005f4e77,ascii,5<5{5
0x001c2681,0x005f4e81,ascii,6K6t6
0x001c268b,0x005f4e8b,ascii,7A7d7
0x001c26a5,0x005f4ea5,ascii,93:s:
0x001c26ad,0x005f4ead,ascii,:1;k;
0x001c26b5,0x005f4eb5,ascii,;+<s<
0x001c26dd,0x005f4edd,ascii,0T0t0
0x001c26e5,0x005f4ee5,ascii,0.1k1
0x001c26ed,0x005f4eed,ascii,162k2
0x001c26f7,0x005f4ef7,ascii,233k3
0x001c26ff,0x005f4eff,ascii,334a4
0x001c2717,0x005f4f17,ascii,7K7~7
0x001c271f,0x005f4f1f,ascii,7+8n8
0x001c2727,0x005f4f27,ascii,8+9k9
0x001c272f,0x005f4f2f,ascii,9+:h:
0x001c2737,0x005f4f37,ascii,:!;[;
0x001c2741,0x005f4f41,ascii,<Q<~<
0x001c274b,0x005f4f4b,ascii,=A=n=
0x001c2773,0x005f4f73,ascii,0D1q1
0x001c27a3,0x005f4fa3,ascii,7.7k7
0x001c27ab,0x005f4fab,ascii,7;8{8
0x001c27bb,0x005f4fbb,ascii,9.:n:
0x001c27c3,0x005f4fc3,ascii,:.;n;
0x001c27cb,0x005f4fcb,ascii,;.<n<
0x001c27d3,0x005f4fd3,ascii,<$=a=
0x001c27db,0x005f4fdb,ascii,=#>A>K>U>_>i>s>}>
0x001c280b,0x005f500b,ascii,?'?1?;?E?O?Y?c?m?w?
0x001c2845,0x005f5045,ascii,0!0C0{0
0x001c2875,0x005f5075,ascii,5;6{6
0x001c287d,0x005f507d,ascii,6;7{7
0x001c2885,0x005f5085,ascii,8<8{8
0x001c288d,0x005f508d,ascii,879{9
0x001c289d,0x005f509d,ascii,;1;k;
0x001c28a5,0x005f50a5,ascii,;!<Q<
0x001c28af,0x005f50af,ascii,=4=k=
0x001c28dd,0x005f50dd,ascii,2?2i2
0x001c28eb,0x005f50eb,ascii,3!3H3d3t3
0x001c2907,0x005f5107,ascii,444=4J4T4^4h4r4
0x001c2969,0x005f5169,ascii,"4 4$4(4,4044484D4H4L4x4|4"
0x001c29af,0x005f51af,ascii,"5$5(5,5054585<5X5\5`5"
0x001c29d5,0x005f51d5,ascii,"9 9$9(9,9"
0x001c29f7,0x005f51f7,ascii,4@7D7H7L7
0x001c2a27,0x005f5227,ascii,"6 6$6(6,60687<7@7D7H7L7"
0x001c2a45,0x005f5245,ascii,< <$<(<
0x001c2a5d,0x005f525d,ascii,"= =$=(=,=0="
0x001c2a75,0x005f5275,ascii,=L>P>T>X>\>`>d>
0x001c2a91,0x005f5291,ascii,">,?0?4?8?<?@?D?"
0x001c2abf,0x005f52bf,ascii,0 0$0(0
0x001c2ad7,0x005f52d7,ascii,"1 1$1(1,101"
0x001c2b13,0x005f5313,ascii,5`7d7h7l7p7t7x7|7
0x001c2b37,0x005f5337,ascii,8t:x:|:
0x001c2b69,0x005f5369,ascii,;X<\<`<d<
0x001c2b73,0x005f5373,ascii,"= =$=(=,="
0x001c2b83,0x005f5383,ascii,"=$>(>,>0>4>8><>@>D>H>L>P>T>X>"
0x001c2bb4,0x005f53b4,ascii,@2D2H2L2
0x001c2bbf,0x005f53bf,ascii,"3 3$3(3,3034383<3@3D3H3L3P3T3X3\3`3d3h3l3p3t3x3|3"
0x001c2c27,0x005f5427,ascii,4h5l5p5t5x5|5
0x001c2c3d,0x005f543d,ascii,"5(6,60646"
0x001c2c89,0x005f5489,ascii,"8 8$8(8,8084888<8@8D8H8L8P8T8X8\8`8d8h8l8p8t8x8|8"
0x001c2d09,0x005f5509,ascii,"9 9$9(9,9094989<9@9D9H9L9P9T9X9\9`9d9h9l9p9t9x9|9"
0x001c2d89,0x005f5589,ascii,": :$:(:,:0:4:8:<:@:D:H:L:P:T:X:\:`:d:h:l:p:t:x:|:"
0x001c2de9,0x005f55e9,ascii,<<=@=D=H=
0x001c2e37,0x005f5637,ascii,"1 1$1(1,1014181<1@1D1H1L1P1T1X1\1`1d1h1l1p1t1x1|1"
0x001c2e97,0x005f5697,ascii,"2 2$2(2,2024282<2@2D2H2L2P2T2X2\2`2d2h2l2p2t2x2|2"
0x001c2ef3,0x005f56f3,ascii,"3 3$3(3,3034383<3@3D3H3L3P3T3X3\3`3d3h3l3p3t3x3|3"
0x001c2f79,0x005f5779,ascii,9 9$9
0x001c2fa3,0x005f57a3,ascii,"0 0$0(0,0004080<0@0D0H0L0P0T0X0\0`0d0h0l0p0t0x0|0"
0x001c2fe5,0x005f57e5,ascii,4p6t6x6
0x001c3001,0x005f5801,ascii,6L9P9
0x001c307b,0x005f587b,ascii,"2 2$2(2,2024282<2@2L2P2T2X2\2`2d2h2l2p2"
0x001c30a9,0x005f58a9,ascii,2P9T9X9\9
0x001c30e1,0x005f58e1,ascii,3 3(30383@3H3P3X3`3h3p3x3
0x001c3121,0x005f5921,ascii,4 4(40484@4H4P4X4`4h4p4x4
0x001c3161,0x005f5961,ascii,5 5(50585@5H5P5X5`5h5p5x5
0x001c31b3,0x005f59b3,ascii,= =$=(=t=x=|=
0x001c3211,0x005f5a11,ascii,? ?(?0?8?@?H?P?X?
0x001c3275,0x005f5a75,ascii,"8 8$8(8,8084888<8@8D8H8L8P8T8X8\8`8d8h8l8p8t8x8|8"
0x001c32e7,0x005f5ae7,ascii,9T9X9\9`9d9h9l9p9t9x9|9
0x001c3325,0x005f5b25,ascii,"9 :$:(:,:0:4:8:<:@:D:H:L:P:T:X:\:`:d:h:l:p:t:x:|:"
0x001c337b,0x005f5b7b,ascii,"; ;$;(;,;0;4;8;<;@;D;H;L;P;T;X;\;`;d;h;"
0x001c33d1,0x005f5bd1,ascii,"< <$<(<,<0<4<8<"
0x001c341d,0x005f5c1d,ascii,=\=`=d=h=l=p=t=x=|=
0x001c345b,0x005f5c5b,ascii,"=,>0>4>8><>@>D>H>L>P>T>X>\>`>d>h>l>p>t>x>|>"
0x001c34ad,0x005f5cad,ascii,"? ?$?(?,?0?4?8?<?@?D?H?L?P?T?X?\?`?d?h?l?p?"
0x001c350f,0x005f5d0f,ascii,"0 0$0(0,0004080"
0x001c355b,0x005f5d5b,ascii,1X1\1`1d1h1l1p1t1x1|1
0x001c3599,0x005f5d99,ascii,"1$2(2,202d3h3l3p3t3x3|3"
0x001c35df,0x005f5ddf,ascii,34484<4@4D4H4L4P4T4X4\4`4d4h4l4p4t4x4|4
0x001c362d,0x005f5e2d,ascii,"5 5$5(5,5054585<5@5D5H5L5P5T5X5\5`5d5h5l5p5t5x5|5"
0x001c3685,0x005f5e85,ascii,"5$6(6,6064686<6@6D6H6L6P6T6X6\6`6d6h6l6p6t6|6"
0x001c36ed,0x005f5eed,ascii,6L7P7T7X7\7`7d7h7l7p7t7x7|7
0x001c3713,0x005f5f13,ascii,7\;t;
0x001c3761,0x005f5f61,ascii,"2$2,242<2D2L2T2\2d2l2t2|2"
0x001c37a1,0x005f5fa1,ascii,"3$3,343<3D3L3T3\3d3l3t3|3"
0x001c37e1,0x005f5fe1,ascii,"4$4,444<4"
0x001c380c,0x005f600c,ascii," 1$1(1,1"
0x001c383b,0x005f603b,ascii,2 2(20282@2H2P2X2`2h2p2x2
0x001c387b,0x005f607b,ascii,3 3(30383@3H3P3X3`3h3p3x3
0x001c38bb,0x005f60bb,ascii,4 4(40484@4H4P4X4`4h4p4x4
0x001c38fb,0x005f60fb,ascii,5 5D;H;L;
0x001c390f,0x005f610f,ascii,"4 4$4(4,4044484<4D4H4L4P4T4X4\4`4l4t4|4"
0x001c3961,0x005f6161,ascii,"5$5,545<5D5L5T5\5d5l5t5"
0x001c39eb,0x005f61eb,ascii,"? ?$?(?,?0?4?8?<?@?D?H?L?P?T?X?\?`?d?h?l?p?t?x?|?"
0x001c3a6f,0x005f626f,ascii,"0 0$0(0,0004080"
0x001c3a9d,0x005f629d,ascii,3P7T7X7\7`7d7h7l7p7t7x7|7
0x001c3ae5,0x005f62e5,ascii,90:<:H:T:`:l:x:
0x001c3b0d,0x005f630d,ascii,"; ;,;8;D;P;\;h;t;"
0x001c3b39,0x005f6339,ascii,<(<4<@<L<X<d<p<|<
0x001c3b63,0x005f6363,ascii,=$=0=@=L=X=d=p=|=
0x001c3b8d,0x005f638d,ascii,>$>0><>H>
0x001c3ba7,0x005f63a7,ascii,"8$8,848<8D8L8T8\8d8l8t8|8"
0x001c3be7,0x005f63e7,ascii,"9$9,949<9D9L9T9\9d9l9t9|9"
0x001c3c27,0x005f6427,ascii,":$:,:4:<:D:L:T:\:d:l:t:|:"
0x001c3c67,0x005f6467,ascii,";$;,;4;<;D;L;T;\;d;l;t;|;"
0x001c3ca7,0x005f64a7,ascii,"<$<,<4<<<D<L<T<\<d<l<t<|<"
0x001c3ce7,0x005f64e7,ascii,"=$=,=4=<=D=L=T=\=d=l=t=|="
0x001c3d27,0x005f6527,ascii,">$>,>4><>D>L>T>\>d>l>t>|>"
0x001c3d70,0x005f6570,ascii, 9(90989@9H9P9X9`9h9p9x9
0x001c3daf,0x005f65af,ascii,: :(:0:8:@:H:P:X:`:h:p:x:
0x001c3def,0x005f65ef,ascii,; ;(;0;8;@;H;P;X;`;h;p;x;
0x001c3e2f,0x005f662f,ascii,< <(<0<8<@<H<P<X<`<h<p<x<
0x001c3e6f,0x005f666f,ascii,= =(=0=8=@=H=P=X=`=h=p=x=
0x001c3eaf,0x005f66af,ascii,> >(>0>8>@>H>P>X>`>h>p>x>
0x001c3eef,0x005f66ef,ascii,? ?(?0?8?@?H?P?X?`?h?p?x?
0x001c3f37,0x005f6737,ascii,0 0(00080
0x001c3f48,0x005f6748,ascii,*1.12161
0x001c3f77,0x005f6777,ascii,303@3D3H3\3`3p3t3
0x001c3fa7,0x005f67a7,ascii,404@4D4T4X4\4`4d4l4
0x001c3fd7,0x005f67d7,ascii,"5,505@5D5H5L5P5T5\5t5"
0x001c4007,0x005f6807,ascii,6(686<6L6P6T6\6t6
0x001c4035,0x005f6835,ascii,"7,70747<7T7d7h7x7|7"
0x001c4061,0x005f6861,ascii,"8,808@8D8H8P8h8x8|8"
0x001c408d,0x005f688d,ascii,9 9$9(909H9X9\9l9p9t9|9
0x001c40bb,0x005f68bb,ascii,: :$:(:0:H:X:\:l:p:t:|:
0x001c40ed,0x005f68ed,ascii,";,;<;@;P;T;X;`;x;"
0x001c4119,0x005f6919,ascii,< <$<4<8<<<D<\<l<p<
0x001c414b,0x005f694b,ascii,= =(=@=P=T=d=h=l=t=
0x001c4179,0x005f6979,ascii,>$>4>8>H>L>P>X>p>t>
0x001c41a5,0x005f69a5,ascii,? ?0?4?D?H?L?T?l?|?
0x001c41df,0x005f69df,ascii,0 080H0L0\0`0d0h0l0t0
0x001c420d,0x005f6a0d,ascii,10141L1\1`1p1t1x1
0x001c423b,0x005f6a3b,ascii,202@2D2T2X2\2d2|2
0x001c4267,0x005f6a67,ascii,3$3(383<3@3H3`3p3t3
0x001c4297,0x005f6a97,ascii,"4 4$4,4D4T4X4h4l4t4"
0x001c42c3,0x005f6ac3,ascii,5 50545D5H5L5T5l5|5
0x001c42f3,0x005f6af3,ascii,"6(6,60686P6`6d6t6x6|6"
0x001c4325,0x005f6b25,ascii,747D7H7X7\7`7h7
0x001c4351,0x005f6b51,ascii,"8(8,8<8@8D8L8d8t8x8"
0x001c437f,0x005f6b7f,ascii,9 9$9(909H9X9\9l9p9t9|9
0x001c43b1,0x005f6bb1,ascii,":,:<:@:P:T:X:`:x:"
0x001c43dd,0x005f6bdd,ascii,; ;$;4;8;<;D;\;l;p;
0x001c440f,0x005f6c0f,ascii,< <(<@<P<T<d<h<l<t<
0x001c443d,0x005f6c3d,ascii,=$=4=8=H=L=P=X=p=
0x001c446d,0x005f6c6d,ascii,">,>0>4><>T>d>h>x>|>"
0x001c449d,0x005f6c9d,ascii,? ?8?H?L?\?`?d?l?
0x001c44d3,0x005f6cd3,ascii,"0,000@0D0L0d0t0x0"
0x001c44ff,0x005f6cff,ascii,1 1$1(101H1X1\1l1p1t1|1
0x001c452f,0x005f6d2f,ascii,202@2D2T2X2\2`2h2
0x001c455d,0x005f6d5d,ascii,"3(3,3<3@3D3L3d3t3x3"
0x001c458b,0x005f6d8b,ascii,4 4$4(404H4X4\4l4p4t4|4
0x001c45bd,0x005f6dbd,ascii,"5,5<5@5P5T5X5`5x5"
0x001c45eb,0x005f6deb,ascii,"6,6<6@6H6`6p6t6"
0x001c4617,0x005f6e17,ascii,"7 7$7,7D7T7X7h7l7p7x7"
0x001c4647,0x005f6e47,ascii,808@8D8T8X8\8`8d8l8
0x001c4677,0x005f6e77,ascii,"9,909@9D9H9P9h9x9|9"
0x001c46a7,0x005f6ea7,ascii,:4:8:P:`:d:l:
0x001c46d3,0x005f6ed3,ascii,;$;4;8;H;L;P;T;X;\;d;|;
0x001c470b,0x005f6f0b,ascii,<$<4<8<H<L<T<l<|<
0x001c4737,0x005f6f37,ascii,=$=(=8=<=@=H=`=p=t=
0x001c476b,0x005f6f6b,ascii,">(>,>0>8>P>`>d>t>x>|>"
0x001c479d,0x005f6f9d,ascii,?4?D?H?X?\?d?|?
0x001c47d1,0x005f6fd1,ascii,0$0(080<0@0H0`0p0t0
0x001c4801,0x005f7001,ascii,"1 1$1,1D1T1X1h1l1p1x1"
0x001c4831,0x005f7031,ascii,2(282<2L2P2T2\2t2
0x001c485f,0x005f705f,ascii,3 3034383@3X3h3l3|3
0x001c488d,0x005f708d,ascii,4$44484H4L4P4X4p4
0x001c48bd,0x005f70bd,ascii,"5,50545<5T5d5h5x5|5"
0x001c48ed,0x005f70ed,ascii,6 686H6L6\6`6d6l6
0x001c4919,0x005f7119,ascii,"7(7,7<7@7D7L7d7t7x7"
0x001c4949,0x005f7149,ascii,"8$8(8,80888P8`8d8t8x8|8"
0x001c497d,0x005f717d,ascii,9(989<9L9P9T9X9\9d9|9
0x001c49bb,0x005f71bb,ascii,282@2L2l2x2
0x001c49d3,0x005f71d3,ascii,3$303P3\3|3
0x001c49ef,0x005f71ef,ascii,4 4(444T4\4d4p4
0x001c4a0b,0x005f720b,ascii,5 5@5H5T5t5|5
0x001c4a25,0x005f7225,ascii,"6,6@6H6P6X6\6`6h6|6"
0x001c4a55,0x005f7255,ascii,"7 7(7,7074787@7T7\7d7p7"
0x001c4a7b,0x005f727b,ascii,"8$8,888X8d8"
0x001c4a9d,0x005f729d,ascii,989D9d9p9
0x001c4ab5,0x005f72b5,ascii,:$:0:P:X:`:l:
0x001c4ad1,0x005f72d1,ascii,;<;H;h;t;
0x001c4ae7,0x005f72e7,ascii,"< <,<L<X<x<"
0x001c4afd,0x005f72fd,ascii,= =(=0=8=@=H=T=t=
0x001c4b1f,0x005f731f,ascii,>4>@>`>l>
0x001c4b37,0x005f7337,ascii,"? ?,?L?T?`?"
0x001c4b5b,0x005f735b,ascii,000<0\0h0
0x001c4b73,0x005f7373,ascii,181D1d1p1
0x001c4b89,0x005f7389,ascii,2 2@2L2l2x2
0x001c4ba1,0x005f73a1,ascii,3(3H3P3\3|3
0x001c4bbd,0x005f73bd,ascii,4 4(444T4`4
0x001c4bd7,0x005f73d7,ascii,50585@5L5l5x5
0x001c4bf1,0x005f73f1,ascii,6$606P6\6|6
0x001c4c09,0x005f7409,ascii,"7,747<7D7L7T7`7"
0x001c4c27,0x005f7427,ascii,808<8\8h8
0x001c4c41,0x005f7441,ascii,9$909P9\9|9
0x001c4c5b,0x005f745b,ascii,:4:@:`:l:
0x001c4c71,0x005f7471,ascii,;4;<;D;L;T;\;d;l;t;
0x001c4c91,0x005f7491,ascii,<$<0<P<\<|<
0x001c4ca9,0x005f74a9,ascii,"=,=8=X=d="
0x001c4cc3,0x005f74c3,ascii,><>D>P>p>|>
0x001c4cd9,0x005f74d9,ascii,?$?D?L?T?\?d?l?t?|?
0x001c4d1b,0x005f751b,ascii,"0$0,040<0D0L0T0\0d0l0t0|0"
0x001c4d51,0x005f7551,ascii,181X1`1h1p1x1
0x001c4d71,0x005f7571,ascii,2$202P2X2d2
0x001c4d8d,0x005f758d,ascii,3 3(343T3`3
0x001c4da9,0x005f75a9,ascii,4 4@4H4P4T4\4p4x4
0x001c4dd1,0x005f75d1,ascii,5 5@5H5T5t5
0x001c4de9,0x005f75e9,ascii,6$606P6X6d6
0x001c4e05,0x005f7605,ascii,7$7D7L7X7x7
0x001c4e1f,0x005f761f,ascii,808<8\8h8
0x001c4e39,0x005f7639,ascii,9$909X9l9t9
0x001c4e53,0x005f7653,ascii,":,:4:P:X:p:|:"
0x001c4e6b,0x005f766b,ascii,;(;<;D;`;h;
0x001c4e91,0x005f7691,ascii,"<$<,<4<<<D<L<T<\<h<"
0x001c4eb3,0x005f76b3,ascii,=8=@=H=P=X=`=l=
0x001c4ed1,0x005f76d1,ascii,><>H>h>t>
0x001c4ef1,0x005f76f1,ascii,? ?(?<?D?X?`?h?p?t?x?
0x001c4f31,0x005f7731,ascii,"0$0,080l0p0"
0x001c4f4b,0x005f774b,ascii,10181<1X1`1d1t1
0x001c4f71,0x005f7771,ascii,202L2P2l2p2x2
0x001c4f89,0x005f7789,ascii,383@3H3T3t3
0x001c4f9d,0x005f779d,ascii,484X4x4
0x001c4fad,0x005f77ad,ascii,585X5x5
0x001c4fbf,0x005f77bf,ascii,686X6x6
0x001c4fcf,0x005f77cf,ascii,74787
0x001c5013,0x005f7813,ascii,"3 3$3(3,3034383<3@3D3H3L3P3T3X3\3`3d3h3l3p3t3x3|3"
0x001c5093,0x005f7893,ascii,"4 4$4(4,4044484<4@4D4H4L4P4T4X4\4`4d4h4l4p4t4x4|4"
0x001c5113,0x005f7913,ascii,"5 5$5(5,5054585<5@5D5H5L5P5T5X5\5`5d5h5l5p5t5x5|5"
0x001c5193,0x005f7993,ascii,"6 6$6(6,6064686<6@6D6H6L6P6T6X6\6`6d6h6l6p6t6x6|6"
0x001c520f,0x005f7a0f,ascii,"> >$>(>,>0>4>8><>@>D>H>L>P>T>X>\>`>d>h>l>p>t>x>|>"
0x001c529f,0x005f7a9f,ascii,;<;\;|;
0x001c52af,0x005f7aaf,ascii,<<<\<|<
0x001c52ef,0x005f7aef,ascii,"> >$>(>,>0>4>8><>@>D>H>L>P>T>X>\>`>d>h>l>p>t>x>|>"
0x001c539f,0x005f7b9f,ascii,"0 0$0(0,000<0@0D0H0L0P0T0X0"
0x001c53bb,0x005f7bbb,ascii,0p1t1x1|1
0x001c5433,0x005f7c33,ascii,4 4$4(4
0x001c5443,0x005f7c43,ascii,"5 5$5(5,5054585<5@5D5H5L5P5T5X5\5@6D6H6L6P6T6X6\6`6d6h6l6p6t6x6|6"
0x001c548d,0x005f7c8d,ascii,6t7x7|7
0x001c5505,0x005f7d05,ascii,": :$:(:,:0:4:H:d:h:l:p:t:x:|:"
0x001c5565,0x005f7d65,ascii,;(;8;H;X;h;x;
0x001c5585,0x005f7d85,ascii,<(<8<H<X<h<x<
0x001c55a5,0x005f7da5,ascii,=(=8=H=X=h=x=
0x001c55c5,0x005f7dc5,ascii,>(>8>H>X>h>x>
0x001c55e5,0x005f7de5,ascii,?(?8?H?X?h?x?
0x001c560f,0x005f7e0f,ascii,0(080H0X0h0x0
0x001c562f,0x005f7e2f,ascii,1(181H1X1h1x1
0x001c564f,0x005f7e4f,ascii,2(282H2X2h2x2
0x001c566f,0x005f7e6f,ascii,3(383H3X3h3x3
0x001c568f,0x005f7e8f,ascii,4(484H4X4h4x4
0x001c56af,0x005f7eaf,ascii,5(585H5X5h5x5
0x001c56cf,0x005f7ecf,ascii,6(686H6X6h6x6
0x001c56ef,0x005f7eef,ascii,7(787H7X7h7x7
0x001c570f,0x005f7f0f,ascii,8(888H8X8h8x8
0x001c572f,0x005f7f2f,ascii,9(989H9X9h9x9
0x001c574f,0x005f7f4f,ascii,:(:8:H:X:h:x:
0x001c576f,0x005f7f6f,ascii,;(;8;H;X;h;x;
0x001c5797,0x005f7f97,ascii,4(484H4X4h4x4
0x001c57b7,0x005f7fb7,ascii,5(585x5`6d6h6l6p6t6x6|6
0x001c57e3,0x005f7fe3,ascii,6p7t7
0x001c57f9,0x005f7ff9,ascii,8 8$8@8D8
0x001c5814,0x005f8014,ascii,00L0t0
0x001c5873,0x005f8073,ascii,;0<d<
0x001c587f,0x005f807f,ascii,=L=p=
0x001c5887,0x005f8087,ascii,= >h>
0x001c58a5,0x005f80a5,ascii,000P0t0
0x001c58bb,0x005f80bb,ascii,2(2H2
0x001c58cd,0x005f80cd,ascii,484\4
0x001c58db,0x005f80db,ascii,505X5
0x001c58e9,0x005f80e9,ascii,6(7D7\7x7
0x001c5961,0x005f8161,ascii,"7,7D7`7x7"
0x001c5973,0x005f8173,ascii,8$8@8\8
0x001c5993,0x005f8193,ascii,;$;H;`;
0x001c599d,0x005f819d,ascii,<@<`<x<
0x001c59a9,0x005f81a9,ascii,<P=l=
0x001c59b5,0x005f81b5,ascii,=(>d>
0x001c59bd,0x005f81bd,ascii,>D?`?x?
0x001c59d0,0x005f81d0,ascii,<0X0x0
0x001c59dd,0x005f81dd,ascii,"1,1P1t1"
0x001c59ed,0x005f81ed,ascii,2<2`2
