function_entry,range_start,range_end_inclusive
"0x00401000","0x00401000","0x00401027"
"0x00401030","0x00401030","0x00401057"
"0x00401060","0x00401060","0x00401087"
"0x00401090","0x00401090","0x004010ae"
"0x004010b0","0x004010b0","0x004010cb"
"0x004010d0","0x004010d0","0x004010eb"
"0x004010f0","0x004010f0","0x004010ff"
"0x00401100","0x00401100","0x00401111"
"0x00401120","0x00401120","0x00401131"
"0x00401140","0x00401140","0x00401151"
"0x00401160","0x00401160","0x00401171"
"0x00401180","0x00401180","0x0040118f"
"0x00401190","0x00401190","0x004011b7"
"0x004011c0","0x004011c0","0x004011ea"
"0x004011f0","0x004011f0","0x00401201"
"0x00401210","0x00401210","0x00401237"
"0x00401240","0x00401240","0x0040124f"
"0x00401280","0x00401280","0x0040a98c"
"0x0040a990","0x0040a990","0x0040a9b7"
"0x0040a9c0","0x0040a9c0","0x0040a9e7"
"0x0040a9f0","0x0040a9f0","0x0040aa0c"
"0x0040aa10","0x0040aa10","0x0040aa3a"
"0x0040aa40","0x0040aa40","0x0040ae39"
"0x0040ae40","0x0040ae40","0x0040ae4f"
"0x0040ae50","0x0040ae50","0x0040ae5f"
"0x0040ae60","0x0040ae60","0x0040ae6f"
"0x0040ae70","0x0040ae70","0x0040ae7f"
"0x0040ae80","0x0040ae80","0x0040ae8f"
"0x0040ae90","0x0040ae90","0x0040aeb9"
"0x0040af10","0x0040af10","0x0040af30"
"0x0040af40","0x0040af40","0x0040afbc"
"0x0040afd0","0x0040afd0","0x0040b065"
"0x0040b070","0x0040b070","0x0040b092"
"0x0040b0a0","0x0040b0a0","0x0040b0c2"
"0x0040b0d0","0x0040b0d0","0x0040b0e4"
"0x0040b0f0","0x0040b0f0","0x0040b119"
"0x0040b120","0x0040b120","0x0040b12f"
"0x0040b130","0x0040b130","0x0040b187"
"0x0040b190","0x0040b190","0x0040b1cb"
"0x0040b1d0","0x0040b1d0","0x0040b27f"
"0x0040b280","0x0040b280","0x0040b287"
"0x0040b290","0x0040b290","0x0040b29a"
"0x0040b2a0","0x0040b2a0","0x0040b2a9"
"0x0040b2b0","0x0040b2b0","0x0040b304"
"0x0040b310","0x0040b310","0x0040b3cb"
"0x0040b3e0","0x0040b3e0","0x0040b4cb"
"0x0040b4d0","0x0040b4d0","0x0040b4ec"
"0x0040b4f0","0x0040b4f0","0x0040b51d"
"0x0040b520","0x0040b520","0x0040b52a"
"0x0040b530","0x0040b530","0x0040b54b"
"0x0040b550","0x0040b550","0x0040b5c5"
"0x0040b5d0","0x0040b5d0","0x0040b624"
"0x0040b630","0x0040b630","0x0040b64c"
"0x0040b650","0x0040b650","0x0040b66c"
"0x0040b670","0x0040b670","0x0040b689"
"0x0040b690","0x0040b690","0x0040b6a9"
"0x0040b6b0","0x0040b6b0","0x0040b6c6"
"0x0040b6d0","0x0040b6d0","0x0040b6ec"
"0x0040b6f0","0x0040b6f0","0x0040b70c"
"0x0040b710","0x0040b710","0x0040b72c"
"0x0040b730","0x0040b730","0x0040b752"
"0x0040b760","0x0040b760","0x0040b776"
"0x0040b780","0x0040b780","0x0040b7ab"
"0x0040b7b0","0x0040b7b0","0x0040b80a"
"0x0040b810","0x0040b810","0x0040b841"
"0x0040b850","0x0040b850","0x0040b87d"
"0x0040b880","0x0040b880","0x0040b898"
"0x0040b8a0","0x0040b8a0","0x0040b8de"
"0x0040b8e0","0x0040b8e0","0x0040b8f7"
"0x0040b900","0x0040b900","0x0040b915"
"0x0040b920","0x0040b920","0x0040b954"
"0x0040b960","0x0040b960","0x0040b973"
"0x0040b980","0x0040b980","0x0040b9c6"
"0x0040b9d0","0x0040b9d0","0x0040b9f7"
"0x0040ba00","0x0040ba00","0x0040ba7d"
"0x0040ba80","0x0040ba80","0x0040ba9f"
"0x0040baa0","0x0040baa0","0x0040babd"
"0x0040bac0","0x0040bac0","0x0040bb1d"
"0x0040bb20","0x0040bb20","0x0040bb5e"
"0x0040bb60","0x0040bb60","0x0040bbb2"
"0x0040bbc0","0x0040bbc0","0x0040bbd3"
"0x0040bbe0","0x0040bbe0","0x0040bc1e"
"0x0040bc20","0x0040bc20","0x0040bc57"
"0x0040bc60","0x0040bc60","0x0040bce7"
"0x0040bcf0","0x0040bcf0","0x0040bd85"
"0x0040bd90","0x0040bd90","0x0040bd9d"
"0x0040bda0","0x0040bda0","0x0040bdad"
"0x0040bdb0","0x0040bdb0","0x0040be7b"
"0x0040bdb0","0x0040be7d","0x0040be8f"
"0x0040be90","0x0040be90","0x0040be99"
"0x0040bea0","0x0040bea0","0x0040bfaa"
"0x0040bfb0","0x0040bfb0","0x0040bfe9"
"0x0040bff0","0x0040bff0","0x0040c047"
"0x0040c050","0x0040c050","0x0040c07b"
"0x0040c080","0x0040c080","0x0040c09e"
"0x0040c0a0","0x0040c0a0","0x0040c132"
"0x0040c140","0x0040c140","0x0040c15e"
"0x0040c160","0x0040c160","0x0040c173"
"0x0040c180","0x0040c180","0x0040c1d7"
"0x0040c1e0","0x0040c1e0","0x0040c232"
"0x0040c240","0x0040c240","0x0040c275"
"0x0040c280","0x0040c280","0x0040c2c5"
"0x0040c2d0","0x0040c2d0","0x0040c2f5"
"0x0040c300","0x0040c300","0x0040c30f"
"0x0040c310","0x0040c310","0x0040c330"
"0x0040c340","0x0040c340","0x0040c353"
"0x0040c360","0x0040c360","0x0040c3ce"
"0x0040c3d0","0x0040c3d0","0x0040c3e2"
"0x0040c3f0","0x0040c3f0","0x0040c419"
"0x0040c420","0x0040c420","0x0040c46f"
"0x0040c470","0x0040c470","0x0040c4ae"
"0x0040c4b0","0x0040c4b0","0x0040c4d5"
"0x0040c4e0","0x0040c4e0","0x0040c503"
"0x0040c510","0x0040c510","0x0040c54d"
"0x0040c550","0x0040c550","0x0040c584"
"0x0040c590","0x0040c590","0x0040c5f6"
"0x0040c600","0x0040c600","0x0040c634"
"0x0040c640","0x0040c640","0x0040c65c"
"0x0040c660","0x0040c660","0x0040c67b"
"0x0040c680","0x0040c680","0x0040c6a9"
"0x0040c6b0","0x0040c6b0","0x0040c6b4"
"0x0040c6c0","0x0040c6c0","0x0040c6e0"
"0x0040c6f0","0x0040c6f0","0x0040c714"
"0x0040c720","0x0040c720","0x0040c74b"
"0x0040c750","0x0040c750","0x0040c768"
"0x0040c770","0x0040c770","0x0040c7bb"
"0x0040c7c0","0x0040c7c0","0x0040c7d2"
"0x0040c7e0","0x0040c7e0","0x0040c7f2"
"0x0040c800","0x0040c800","0x0040c888"
"0x0040c890","0x0040c890","0x0040c91b"
"0x0040c920","0x0040c920","0x0040c960"
"0x0040c920","0x0040c962","0x0040c985"
"0x0040c990","0x0040c990","0x0040c9a2"
"0x0040c9b0","0x0040c9b0","0x0040c9df"
"0x0040c9e0","0x0040c9e0","0x0040cb29"
"0x0040cb30","0x0040cb30","0x0040cc40"
"0x0040cc50","0x0040cc50","0x0040cd60"
"0x0040cd70","0x0040cd70","0x0040cde2"
"0x0040cdf0","0x0040cdf0","0x0040ce34"
"0x0040ce40","0x0040ce40","0x0040ce74"
"0x0040ce80","0x0040ce80","0x0040cfb8"
"0x0040cfc0","0x0040cfc0","0x0040d033"
"0x0040d040","0x0040d040","0x0040d04e"
"0x0040d050","0x0040d050","0x0040d078"
"0x0040d080","0x0040d080","0x0040d089"
"0x0040d090","0x0040d090","0x0040d099"
"0x0040d0a0","0x0040d0a0","0x0040d0d4"
"0x0040d0e0","0x0040d0e0","0x0040d0f3"
"0x0040d100","0x0040d100","0x0040d231"
"0x0040d240","0x0040d240","0x0040d36f"
"0x0040d370","0x0040d370","0x0040d4a1"
"0x0040d4b0","0x0040d4b0","0x0040d5d9"
"0x0040d5e0","0x0040d5e0","0x0040d6ff"
"0x0040d700","0x0040d700","0x0040d71c"
"0x0040d720","0x0040d720","0x0040d789"
"0x0040d790","0x0040d790","0x0040d7c8"
"0x0040d7d0","0x0040d7d0","0x0040d7fe"
"0x0040d800","0x0040d800","0x0040d838"
"0x0040d840","0x0040d840","0x0040d8b7"
"0x0040d8c0","0x0040d8c0","0x0040d94e"
"0x0040d950","0x0040d950","0x0040d97c"
"0x0040d980","0x0040d980","0x0040d9ac"
"0x0040d9b0","0x0040d9b0","0x0040d9d9"
"0x0040d9e0","0x0040d9e0","0x0040da48"
"0x0040da50","0x0040da50","0x0040daf3"
"0x0040db00","0x0040db00","0x0040db5c"
"0x0040db70","0x0040db70","0x0040dbef"
"0x0040dbf0","0x0040dbf0","0x0040dc5d"
"0x0040dc60","0x0040dc60","0x0040dcb6"
"0x0040dcc0","0x0040dcc0","0x0040dd63"
"0x0040dd70","0x0040dd70","0x0040ddc6"
"0x0040ddd0","0x0040ddd0","0x0040ddf9"
"0x0040de00","0x0040de00","0x0040de20"
"0x0040de30","0x0040de30","0x0040de64"
"0x0040de70","0x0040de70","0x0040de8d"
"0x0040de90","0x0040de90","0x0040de9f"
"0x0040dea0","0x0040dea0","0x0040deb6"
"0x0040dec0","0x0040dec0","0x0040df4b"
"0x0040df50","0x0040df50","0x0040dff4"
"0x0040e000","0x0040e000","0x0040e036"
"0x0040e040","0x0040e040","0x0040e06b"
"0x0040e070","0x0040e070","0x0040e096"
"0x0040e0a0","0x0040e0a0","0x0040e0c4"
"0x0040e0d0","0x0040e0d0","0x0040e0f4"
"0x0040e100","0x0040e100","0x0040e123"
"0x0040e130","0x0040e130","0x0040e151"
"0x0040e160","0x0040e160","0x0040e19b"
"0x0040e1a0","0x0040e1a0","0x0040e1f8"
"0x0040e200","0x0040e200","0x0040e22e"
"0x0040e230","0x0040e230","0x0040e250"
"0x0040e260","0x0040e260","0x0040e30f"
"0x0040e310","0x0040e310","0x0040e415"
"0x0040e420","0x0040e420","0x0040e444"
"0x0040e450","0x0040e450","0x0040e466"
"0x0040e470","0x0040e470","0x0040e494"
"0x0040e4a0","0x0040e4a0","0x0040e4c9"
"0x0040e4d0","0x0040e4d0","0x0040e4f4"
"0x0040e500","0x0040e500","0x0040e528"
"0x0040e530","0x0040e530","0x0040e55c"
"0x0040e560","0x0040e560","0x0040e573"
"0x0040e580","0x0040e580","0x0040e593"
"0x0040e5a0","0x0040e5a0","0x0040e5bc"
"0x0040e5c0","0x0040e5c0","0x0040e5dc"
"0x0040e5e0","0x0040e5e0","0x0040e5ea"
"0x0040e5f0","0x0040e5f0","0x0040e603"
"0x0040e610","0x0040e610","0x0040e626"
"0x0040e630","0x0040e630","0x0040e643"
"0x0040e650","0x0040e650","0x0040e672"
"0x0040e680","0x0040e680","0x0040e6b4"
"0x0040e6c0","0x0040e6c0","0x0040e6d3"
"0x0040e6e0","0x0040e6e0","0x0040e6f3"
"0x0040e700","0x0040e700","0x0040e707"
"0x0040e710","0x0040e710","0x0040e758"
"0x0040e760","0x0040e760","0x0040e7be"
"0x0040e7c0","0x0040e7c0","0x0040e7f5"
"0x0040e800","0x0040e800","0x0040e82c"
"0x0040e830","0x0040e830","0x0040e83a"
"0x0040e840","0x0040e840","0x0040e894"
"0x0040e8a0","0x0040e8a0","0x0040e8f3"
"0x0040e900","0x0040e900","0x0040e95c"
"0x0040e960","0x0040e960","0x0040e9b0"
"0x0040e9c0","0x0040e9c0","0x0040e9e3"
"0x0040e9f0","0x0040e9f0","0x0040ea08"
"0x0040ea10","0x0040ea10","0x0040ea2c"
"0x0040ea30","0x0040ea30","0x0040ea5d"
"0x0040ea60","0x0040ea60","0x0040ea8d"
"0x0040ea90","0x0040ea90","0x0040eabd"
"0x0040eac0","0x0040eac0","0x0040eaed"
"0x0040eaf0","0x0040eaf0","0x0040eb1d"
"0x0040eb20","0x0040eb20","0x0040eb4d"
"0x0040eb50","0x0040eb50","0x0040eb7d"
"0x0040eb80","0x0040eb80","0x0040eb97"
"0x0040eba0","0x0040eba0","0x0040ebdb"
"0x0040ebe0","0x0040ebe0","0x0040ec1e"
"0x0040ec20","0x0040ec20","0x0040ec78"
"0x0040ec20","0x0040ec7a","0x0040ec85"
"0x0040ec90","0x0040ec90","0x0040ec9c"
"0x0040eca0","0x0040eca0","0x0040ecb0"
"0x0040ecc0","0x0040ecc0","0x0040ecf6"
"0x0040ed00","0x0040ed00","0x0040ed64"
"0x0040ed70","0x0040ed70","0x0040eda6"
"0x0040edb0","0x0040edb0","0x0040ee14"
"0x0040ee20","0x0040ee20","0x0040ee37"
"0x0040ee40","0x0040ee40","0x0040ee9d"
"0x0040eea0","0x0040eea0","0x0040eeff"
"0x0040ef00","0x0040ef00","0x0040f035"
"0x0040f040","0x0040f040","0x0040f058"
"0x0040f060","0x0040f060","0x0040f078"
"0x0040f080","0x0040f080","0x0040f0b3"
"0x0040f0c0","0x0040f0c0","0x0040f0f8"
"0x0040f100","0x0040f100","0x0040f15c"
"0x0040f160","0x0040f160","0x0040f172"
"0x0040f180","0x0040f180","0x0040f1a9"
"0x0040f1b0","0x0040f1b0","0x0040f1d9"
"0x0040f1e0","0x0040f1e0","0x0040f1f9"
"0x0040f200","0x0040f200","0x0040f2b7"
"0x0040f2c0","0x0040f2c0","0x0040f2f5"
"0x0040f300","0x0040f300","0x0040f335"
"0x0040f340","0x0040f340","0x0040f554"
"0x0040f560","0x0040f560","0x0040f66d"
"0x0040f670","0x0040f670","0x0040f691"
"0x0040f6a0","0x0040f6a0","0x0040f6e7"
"0x0040f6f0","0x0040f6f0","0x0040f73a"
"0x0040f740","0x0040f740","0x0040f87c"
"0x0040f880","0x0040f880","0x0040f8a0"
"0x0040f8b0","0x0040f8b0","0x0040f95b"
"0x0040f960","0x0040f960","0x0040f997"
"0x0040f9a0","0x0040f9a0","0x0040f9d7"
"0x0040f9e0","0x0040f9e0","0x0040fa67"
"0x0040fa70","0x0040fa70","0x0040faf9"
"0x0040fb00","0x0040fb00","0x0040fb0f"
"0x0040fb10","0x0040fb10","0x0040fb31"
"0x0040fb40","0x0040fb40","0x0040fb61"
"0x0040fb70","0x0040fb70","0x0040fba2"
"0x0040fbb0","0x0040fbb0","0x0040fc3d"
"0x0040fc40","0x0040fc40","0x0040fc6e"
"0x0040fc70","0x0040fc70","0x0040fcfb"
"0x0040fd00","0x0040fd00","0x0040fd95"
"0x0040fda0","0x0040fda0","0x0040fdd4"
"0x0040fde0","0x0040fde0","0x0040fdee"
"0x0040fdf0","0x0040fdf0","0x0040fe26"
"0x0040fe30","0x0040fe30","0x0040fe40"
"0x0040fe50","0x0040fe50","0x0040fe8c"
"0x0040fe90","0x0040fe90","0x0040febc"
"0x0040fec0","0x0040fec0","0x0040fefc"
"0x0040ff00","0x0040ff00","0x0040ff2e"
"0x0040ff30","0x0040ff30","0x0040ff42"
"0x0040ff50","0x0040ff50","0x0040ff62"
"0x0040ff70","0x0040ff70","0x0040ff82"
"0x0040ff90","0x0040ff90","0x0040ffa0"
"0x0040ffb0","0x0040ffb0","0x0040ffce"
"0x0040ffd0","0x0040ffd0","0x0041002b"
"0x00410030","0x00410030","0x00410093"
"0x004100a0","0x004100a0","0x004100bc"
"0x004100c0","0x004100c0","0x004100de"
"0x004100e0","0x004100e0","0x0041029d"
"0x004102a0","0x004102a0","0x0041030e"
"0x004102a0","0x00410311","0x00410336"
"0x00410340","0x00410340","0x0041035f"
"0x00410360","0x00410360","0x00410389"
"0x00410390","0x00410390","0x004103b9"
"0x004103c0","0x004103c0","0x0041057d"
"0x00410580","0x00410580","0x004105c7"
"0x004105d0","0x004105d0","0x00410604"
"0x00410610","0x00410610","0x00410677"
"0x00410680","0x00410680","0x004106d2"
"0x004106e0","0x004106e0","0x00410792"
"0x004107a0","0x004107a0","0x0041083c"
"0x00410840","0x00410840","0x00410982"
"0x00410990","0x00410990","0x00410a99"
"0x00410aa0","0x00410aa0","0x00410ce6"
"0x00410cf0","0x00410cf0","0x00410e5f"
"0x00410e70","0x00410e70","0x0041105c"
"0x00411060","0x00411060","0x0041115e"
"0x00411160","0x00411160","0x00411169"
"0x00411170","0x00411170","0x00411176"
"0x00411180","0x00411180","0x004111b7"
"0x004111c0","0x004111c0","0x004111d9"
"0x004111e0","0x004111e0","0x004111e7"
"0x004111f0","0x004111f0","0x004111f9"
"0x00411200","0x00411200","0x00411273"
"0x00411280","0x00411280","0x004112f3"
"0x00411300","0x00411300","0x00411336"
"0x00411340","0x00411340","0x004113bd"
"0x00411340","0x004113c0","0x004113f2"
"0x00411340","0x00411403","0x0041141d"
"0x00411420","0x00411420","0x00411470"
"0x00411480","0x00411480","0x00411546"
"0x00411550","0x00411550","0x0041155f"
"0x00411560","0x00411560","0x0041156f"
"0x00411570","0x00411570","0x00411585"
"0x00411590","0x00411590","0x0041160e"
"0x00411610","0x00411610","0x00411652"
"0x00411660","0x00411660","0x004116a5"
"0x004116b0","0x004116b0","0x004116f5"
"0x00411700","0x00411700","0x00411710"
"0x00411720","0x00411720","0x0041178e"
"0x00411790","0x00411790","0x00411799"
"0x004117a0","0x004117a0","0x004117b4"
"0x004117c0","0x004117c0","0x004117ea"
"0x004117f0","0x004117f0","0x00411805"
"0x00411810","0x00411810","0x00411854"
"0x00411860","0x00411860","0x00411896"
"0x004118a0","0x004118a0","0x00411900"
"0x00411910","0x00411910","0x00411952"
"0x00411960","0x00411960","0x0041196f"
"0x00411970","0x00411970","0x004119af"
"0x004119b0","0x004119b0","0x00411a5b"
"0x00411a70","0x00411a70","0x00411af9"
"0x00411b00","0x00411b00","0x00411b6e"
"0x00411b80","0x00411b80","0x00411ba8"
"0x00411bb0","0x00411bb0","0x00411c0a"
"0x00411c10","0x00411c10","0x00411c22"
"0x00411c30","0x00411c30","0x00411ca8"
"0x00411cb0","0x00411cb0","0x00411cdd"
"0x00411ce0","0x00411ce0","0x00411d16"
"0x00411d20","0x00411d20","0x00411d4e"
"0x00411d50","0x00411d50","0x00411e27"
"0x00411e30","0x00411e30","0x00411e6b"
"0x00411e70","0x00411e70","0x00411e90"
"0x00411ea0","0x00411ea0","0x00411ed8"
"0x00411ee0","0x00411ee0","0x00411f2b"
"0x00411f30","0x00411f30","0x00411f7b"
"0x00411f80","0x00411f80","0x004120fc"
"0x00412100","0x00412100","0x0041227c"
"0x00412280","0x00412280","0x004122b4"
"0x004122c0","0x004122c0","0x00412303"
"0x00412310","0x00412310","0x00412353"
"0x00412360","0x00412360","0x004123a3"
"0x004123b0","0x004123b0","0x004123f3"
"0x00412400","0x00412400","0x004124a1"
"0x004124b0","0x004124b0","0x00412535"
"0x00412540","0x00412540","0x0041254c"
"0x00412550","0x00412550","0x004125ad"
"0x004125b0","0x004125b0","0x0041270c"
"0x00412710","0x00412710","0x00412720"
"0x00412730","0x00412730","0x00412740"
"0x00412750","0x00412750","0x004127ae"
"0x004127b0","0x004127b0","0x004127e8"
"0x004127f0","0x004127f0","0x00412809"
"0x00412810","0x00412810","0x0041295f"
"0x00412810","0x00412965","0x00412a72"
"0x00412aa0","0x00412aa0","0x00412bdb"
"0x00412aa0","0x00412bde","0x00412cea"
"0x00412d10","0x00412d10","0x00412d25"
"0x00412d30","0x00412d30","0x00412d49"
"0x00412d50","0x00412d50","0x00412d79"
"0x00412d80","0x00412d80","0x00412d99"
"0x00412da0","0x00412da0","0x00412db5"
"0x00412dc0","0x00412dc0","0x00412dd5"
"0x00412de0","0x00412de0","0x00412e0a"
"0x00412e10","0x00412e10","0x00412e3a"
"0x00412e40","0x00412e40","0x00412e81"
"0x00412e90","0x00412e90","0x00412ecb"
"0x00412ed0","0x00412ed0","0x00412f11"
"0x00412f20","0x00412f20","0x00412f85"
"0x00412f90","0x00412f90","0x00412ff2"
"0x00413000","0x00413000","0x0041309d"
"0x004130a0","0x004130a0","0x004130dd"
"0x004130e0","0x004130e0","0x0041311c"
"0x00413120","0x00413120","0x00413132"
"0x00413140","0x00413140","0x00413180"
"0x00413190","0x00413190","0x004131d0"
"0x004131e0","0x004131e0","0x00413276"
"0x00413280","0x00413280","0x004132db"
"0x004132e0","0x004132e0","0x0041336b"
"0x00413370","0x00413370","0x004133db"
"0x004133e0","0x004133e0","0x004135c7"
"0x004135d0","0x004135d0","0x00413615"
"0x00413620","0x00413620","0x0041367d"
"0x00413690","0x00413690","0x004136ec"
"0x00413700","0x00413700","0x00413729"
"0x00413730","0x00413730","0x00413757"
"0x00413760","0x00413760","0x0041380d"
"0x00413810","0x00413810","0x004138bd"
"0x004138c0","0x004138c0","0x00413900"
"0x00413910","0x00413910","0x00413916"
"0x00413920","0x00413920","0x004139e7"
"0x004139f0","0x004139f0","0x00413a3d"
"0x00413a40","0x00413a40","0x00413a8d"
"0x00413a90","0x00413a90","0x00413aae"
"0x00413ab0","0x00413ab0","0x00413afd"
"0x00413b00","0x00413b00","0x00413b1e"
"0x00413b20","0x00413b20","0x00413b6d"
"0x00413b70","0x00413b70","0x00413bd0"
"0x00413be0","0x00413be0","0x00413c40"
"0x00413c50","0x00413c50","0x00413c98"
"0x00413ca0","0x00413ca0","0x00413cb0"
"0x00413cc0","0x00413cc0","0x00413ccf"
"0x00413cd0","0x00413cd0","0x00413cdf"
"0x00413ce0","0x00413ce0","0x00413cfc"
"0x00413d00","0x00413d00","0x00413d0d"
"0x00413d10","0x00413d10","0x00413d20"
"0x00413d30","0x00413d30","0x00413d40"
"0x00413d50","0x00413d50","0x00413d70"
"0x00413d80","0x00413d80","0x00413e10"
"0x00413e20","0x00413e20","0x00413eb0"
"0x00413ec0","0x00413ec0","0x00413f43"
"0x00413f50","0x00413f50","0x00413f71"
"0x00413f80","0x00413f80","0x00413f98"
"0x00413fa0","0x00413fa0","0x00413fc0"
"0x00413fd0","0x00413fd0","0x00413ff0"
"0x00414000","0x00414000","0x00414024"
"0x00414030","0x00414030","0x00414050"
"0x00414060","0x00414060","0x00414089"
"0x00414090","0x00414090","0x004140ba"
"0x004140c0","0x004140c0","0x004140ed"
"0x004140f0","0x004140f0","0x0041414c"
"0x00414150","0x00414150","0x00414166"
"0x00414170","0x00414170","0x0041419c"
"0x004141a0","0x004141a0","0x004141b7"
"0x004141c0","0x004141c0","0x004141fe"
"0x00414200","0x00414200","0x0041427b"
"0x00414280","0x00414280","0x00414295"
"0x004142a0","0x004142a0","0x004142b7"
"0x004142c0","0x004142c0","0x004142d6"
"0x004142e0","0x004142e0","0x0041430f"
"0x00414310","0x00414310","0x00414323"
"0x00414330","0x00414330","0x00414346"
"0x00414350","0x00414350","0x004143c5"
"0x004143d0","0x004143d0","0x004143f6"
"0x00414400","0x00414400","0x00414413"
"0x00414420","0x00414420","0x00414433"
"0x00414440","0x00414440","0x00414453"
"0x00414460","0x00414460","0x0041449d"
"0x004144b0","0x004144b0","0x004144d2"
"0x004144e0","0x004144e0","0x00414530"
"0x00414540","0x00414540","0x0041457b"
"0x00414580","0x00414580","0x00414595"
"0x004145a0","0x004145a0","0x004145cf"
"0x004145d0","0x004145d0","0x00414737"
"0x00414740","0x00414740","0x0041477a"
"0x00414780","0x00414780","0x004147ad"
"0x004147b0","0x004147b0","0x004147dd"
"0x004147e0","0x004147e0","0x00414810"
"0x00414820","0x00414820","0x00414833"
"0x00414840","0x00414840","0x004148cb"
"0x004148d0","0x004148d0","0x004148fe"
"0x00414900","0x00414900","0x00414953"
"0x00414960","0x00414960","0x00414a04"
"0x00414a10","0x00414a10","0x00414a2b"
"0x00414a30","0x00414a30","0x00414a5d"
"0x00414a60","0x00414a60","0x00414a79"
"0x00414a80","0x00414a80","0x00414aac"
"0x00414ab0","0x00414ab0","0x00414ac9"
"0x00414ad0","0x00414ad0","0x00414ae8"
"0x00414af0","0x00414af0","0x00414b1d"
"0x00414b20","0x00414b20","0x00414b4b"
"0x00414b50","0x00414b50","0x00414b5e"
"0x00414b60","0x00414b60","0x00414b6c"
"0x00414b70","0x00414b70","0x00414b8b"
"0x00414b90","0x00414b90","0x00414bd6"
"0x00414be0","0x00414be0","0x00414c5c"
"0x00414c60","0x00414c60","0x00414c7d"
"0x00414c80","0x00414c80","0x00414d3b"
"0x00414d40","0x00414d40","0x00414d4f"
"0x00414d50","0x00414d50","0x00414db0"
"0x00414dc0","0x00414dc0","0x00414e0c"
"0x00414e10","0x00414e10","0x00414ea8"
"0x00414eb0","0x00414eb0","0x00414f2b"
"0x00414f30","0x00414f30","0x00414f49"
"0x00414f50","0x00414f50","0x00414f60"
"0x00414f70","0x00414f70","0x00414f89"
"0x00414f90","0x00414f90","0x00414fd5"
"0x00414fe0","0x00414fe0","0x00414fef"
"0x00414ff0","0x00414ff0","0x00415029"
"0x00415030","0x00415030","0x00415069"
"0x00415070","0x00415070","0x004150aa"
"0x004150b0","0x004150b0","0x004150ee"
"0x004150f0","0x004150f0","0x00415113"
"0x00415120","0x00415120","0x004153c8"
"0x004153d0","0x004153d0","0x00415437"
"0x00415440","0x00415440","0x00415455"
"0x00415460","0x00415460","0x004154b4"
"0x004154c0","0x004154c0","0x00415516"
"0x00415520","0x00415520","0x0041554c"
"0x00415550","0x00415550","0x004155ac"
"0x004155b0","0x004155b0","0x004155fe"
"0x00415600","0x00415600","0x00415615"
"0x00415620","0x00415620","0x00415633"
"0x00415640","0x00415640","0x00415691"
"0x004156a0","0x004156a0","0x004156b3"
"0x004156c0","0x004156c0","0x004156d3"
"0x004156e0","0x004156e0","0x004157f1"
"0x00415800","0x00415800","0x00415813"
"0x00415820","0x00415820","0x00415829"
"0x00415830","0x00415830","0x004160e2"
"0x00416140","0x00416140","0x0041623d"
"0x00416240","0x00416240","0x00416252"
"0x00416260","0x00416260","0x0041626c"
"0x00416270","0x00416270","0x004162aa"
"0x004162b0","0x004162b0","0x004162ea"
"0x004162f0","0x004162f0","0x00416327"
"0x00416330","0x00416330","0x00416352"
"0x00416360","0x00416360","0x00416415"
"0x00416420","0x00416420","0x00416ce4"
"0x00416cf0","0x00416cf0","0x00416d01"
"0x00416d20","0x00416d20","0x00417a8c"
"0x00417a90","0x00417a90","0x00417aa9"
"0x00417ab0","0x00417ab0","0x00417ccd"
"0x00417cd0","0x00417cd0","0x00417cfb"
"0x00417d00","0x00417d00","0x00417db5"
"0x00417dc0","0x00417dc0","0x00417deb"
"0x00417df0","0x00417df0","0x00417e33"
"0x00417e40","0x00417e40","0x00417eb7"
"0x00417ec0","0x00417ec0","0x00418013"
"0x00418020","0x00418020","0x00418064"
"0x00418070","0x00418070","0x004180b4"
"0x004180c0","0x004180c0","0x004180f1"
"0x00418100","0x00418100","0x00418138"
"0x00418140","0x00418140","0x00418278"
"0x00418280","0x00418280","0x00418290"
"0x004182a0","0x004182a0","0x0041837c"
"0x00418380","0x00418380","0x004184af"
"0x004184b0","0x004184b0","0x004185d9"
"0x004185e0","0x004185e0","0x004185f7"
"0x00418600","0x00418600","0x0041861c"
"0x00418620","0x00418620","0x00418652"
"0x00418660","0x00418660","0x004186b6"
"0x004186c0","0x004186c0","0x00418720"
"0x00418730","0x00418730","0x00418790"
"0x004187a0","0x004187a0","0x00418820"
"0x00418830","0x00418830","0x00418878"
"0x00418880","0x00418880","0x0041888f"
"0x00418890","0x00418890","0x0041889f"
"0x004188a0","0x004188a0","0x0041892b"
"0x00418930","0x00418930","0x004189bb"
"0x004189c0","0x004189c0","0x00418a0a"
"0x00418a10","0x00418a10","0x00418a4e"
"0x00418a50","0x00418a50","0x00418a77"
"0x00418a80","0x00418a80","0x00418ab6"
"0x00418ac0","0x00418ac0","0x00418da4"
"0x00418db0","0x00418db0","0x00418dce"
"0x00418dd0","0x00418dd0","0x00418e3b"
"0x00418e40","0x00418e40","0x00418e7d"
"0x00418e90","0x00418e90","0x00418eac"
"0x00418eb0","0x00418eb0","0x00418f18"
"0x00418f20","0x00418f20","0x00418f88"
"0x00418f90","0x00418f90","0x00419001"
"0x00419010","0x00419010","0x0041902b"
"0x00419030","0x00419030","0x0041904b"
"0x00419050","0x00419050","0x004190ab"
"0x004190b0","0x004190b0","0x004190ee"
"0x004190f0","0x004190f0","0x00419145"
"0x00419150","0x00419150","0x0041917d"
"0x00419180","0x00419180","0x004192ef"
"0x004192f0","0x004192f0","0x0041931d"
"0x00419320","0x00419320","0x0041934d"
"0x00419350","0x00419350","0x00419380"
"0x00419390","0x00419390","0x004193bd"
"0x004193c0","0x004193c0","0x004193df"
"0x004193e0","0x004193e0","0x00419753"
"0x00419760","0x00419760","0x0041999d"
"0x004199a0","0x004199a0","0x00419a43"
"0x00419a50","0x00419a50","0x00419bd0"
"0x00419be0","0x00419be0","0x00419bf3"
"0x00419c00","0x00419c00","0x00419c15"
"0x00419c20","0x00419c20","0x00419cb4"
"0x00419c20","0x00419cb7","0x00419dd0"
"0x00419de0","0x00419de0","0x00419f09"
"0x00419de0","0x00419f0c","0x0041a026"
"0x0041a030","0x0041a030","0x0041a084"
"0x0041a030","0x0041a087","0x0041a1a1"
"0x0041a1b0","0x0041a1b0","0x0041a1fb"
"0x0041a200","0x0041a200","0x0041a231"
"0x0041a240","0x0041a240","0x0041a271"
"0x0041a280","0x0041a280","0x0041a2bc"
"0x0041a2c0","0x0041a2c0","0x0041aa61"
"0x0041aa70","0x0041aa70","0x0041ab27"
"0x0041ab30","0x0041ab30","0x0041abd8"
"0x0041abe0","0x0041abe0","0x0041ad59"
"0x0041abe0","0x0041ad5c","0x0041adf9"
"0x0041abe0","0x0041adfc","0x0041ae6e"
"0x0041ae70","0x0041ae70","0x0041b479"
"0x0041b480","0x0041b480","0x0041b48f"
"0x0041b490","0x0041b490","0x0041b4e0"
"0x0041b4f0","0x0041b4f0","0x0041b875"
"0x0041b880","0x0041b880","0x0041b89d"
"0x0041b8a0","0x0041b8a0","0x0041b8d6"
"0x0041b8e0","0x0041b8e0","0x0041b91b"
"0x0041b920","0x0041b920","0x0041bac0"
"0x0041bad0","0x0041bad0","0x0041bb0b"
"0x0041bb10","0x0041bb10","0x0041bb6d"
"0x0041bb70","0x0041bb70","0x0041bc24"
"0x0041bc30","0x0041bc30","0x0041bc56"
"0x0041bc60","0x0041bc60","0x0041bda0"
"0x0041bdb0","0x0041bdb0","0x0041be68"
"0x0041be70","0x0041be70","0x0041be82"
"0x0041be90","0x0041be90","0x0041be9f"
"0x0041bea0","0x0041bea0","0x0041bf33"
"0x0041bf40","0x0041bf40","0x0041bfb7"
"0x0041bfc0","0x0041bfc0","0x0041c017"
"0x0041c020","0x0041c020","0x0041c06a"
"0x0041c020","0x0041c06d","0x0041c0db"
"0x0041c0e0","0x0041c0e0","0x0041c0f5"
"0x0041c100","0x0041c100","0x0041c193"
"0x0041c1a0","0x0041c1a0","0x0041c1c5"
"0x0041c1a0","0x0041c1cb","0x0041c2de"
"0x0041c2e0","0x0041c2e0","0x0041c319"
"0x0041c320","0x0041c320","0x0041c3d3"
"0x0041c3e0","0x0041c3e0","0x0041c725"
"0x0041c730","0x0041c730","0x0041c7d5"
"0x0041c730","0x0041c7d8","0x0041c8e0"
"0x0041c730","0x0041c8e6","0x0041c9e8"
"0x0041c9f0","0x0041c9f0","0x0041c9fe"
"0x0041ca00","0x0041ca00","0x0041ca2f"
"0x0041ca30","0x0041ca30","0x0041ca44"
"0x0041ca50","0x0041ca50","0x0041ca6e"
"0x0041ca70","0x0041ca70","0x0041ca80"
"0x0041ca90","0x0041ca90","0x0041caa0"
"0x0041cab0","0x0041cab0","0x0041cac0"
"0x0041cad0","0x0041cad0","0x0041cae0"
"0x0041caf0","0x0041caf0","0x0041cb00"
"0x0041cb10","0x0041cb10","0x0041cbcc"
"0x0041cb10","0x0041cbd2","0x0041cc52"
"0x0041cb10","0x0041cc5c","0x0041cc69"
"0x0041cc70","0x0041cc70","0x0041cc83"
"0x0041cc90","0x0041cc90","0x0041ccb7"
"0x0041ccc0","0x0041ccc0","0x0041ccd4"
"0x0041ccf0","0x0041ccf0","0x0041d078"
"0x0041d080","0x0041d080","0x0041d098"
"0x0041d0a0","0x0041d0a0","0x0041d0b8"
"0x0041d0c0","0x0041d0c0","0x0041d0ee"
"0x0041d0f0","0x0041d0f0","0x0041d127"
"0x0041d130","0x0041d130","0x0041d201"
"0x0041d210","0x0041d210","0x0041d2e5"
"0x0041d2f0","0x0041d2f0","0x0041d341"
"0x0041d350","0x0041d350","0x0041d435"
"0x0041d350","0x0041d43b","0x0041d4ca"
"0x0041d350","0x0041d4d0","0x0041d520"
"0x0041d350","0x0041d523","0x0041d7df"
"0x0041d960","0x0041d960","0x0041d9e3"
"0x0041d9f0","0x0041d9f0","0x0041db31"
"0x0041db40","0x0041db40","0x0041db54"
"0x0041db60","0x0041db60","0x0041db74"
"0x0041db80","0x0041db80","0x0041db94"
"0x0041dba0","0x0041dba0","0x0041dbb7"
"0x0041dbc0","0x0041dbc0","0x0041dbd4"
"0x0041dbe0","0x0041dbe0","0x0041dcbc"
"0x0041dcc0","0x0041dcc0","0x0041dcd5"
"0x0041dce0","0x0041dce0","0x0041ddfb"
"0x0041de00","0x0041de00","0x0041de2b"
"0x0041de30","0x0041de30","0x0041de48"
"0x0041de50","0x0041de50","0x0041de65"
"0x0041de70","0x0041de70","0x0041de85"
"0x0041de90","0x0041de90","0x0041dea5"
"0x0041deb0","0x0041deb0","0x0041dec9"
"0x0041ded0","0x0041ded0","0x0041dee9"
"0x0041def0","0x0041def0","0x0041df09"
"0x0041df10","0x0041df10","0x0041df29"
"0x0041df30","0x0041df30","0x0041df45"
"0x0041df50","0x0041df50","0x0041df65"
"0x0041df70","0x0041df70","0x0041df89"
"0x0041df90","0x0041df90","0x0041dfa9"
"0x0041dfb0","0x0041dfb0","0x0041dfc5"
"0x0041dfd0","0x0041dfd0","0x0041dfe5"
"0x0041dff0","0x0041dff0","0x0041e005"
"0x0041e010","0x0041e010","0x0041e025"
"0x0041e030","0x0041e030","0x0041e048"
"0x0041e050","0x0041e050","0x0041e76a"
"0x0041e770","0x0041e770","0x0041e780"
"0x0041e790","0x0041e790","0x0041e7c6"
"0x0041e7d0","0x0041e7d0","0x0041ea65"
"0x0041e7d0","0x0041ea68","0x0041f1b8"
"0x0041f1c0","0x0041f1c0","0x0041f1c9"
"0x0041f1d0","0x0041f1d0","0x0041f21c"
"0x0041f220","0x0041f220","0x0041f256"
"0x0041f260","0x0041f260","0x0041f5a5"
"0x0041f5b0","0x0041f5b0","0x0041f5e4"
"0x0041f5f0","0x0041f5f0","0x0041f606"
"0x0041f610","0x0041f610","0x0041f667"
"0x0041f670","0x0041f670","0x0041f6c4"
"0x0041f6d0","0x0041f6d0","0x0041f75c"
"0x0041f760","0x0041f760","0x0041f7b0"
"0x0041f7c0","0x0041f7c0","0x0041f820"
"0x0041f830","0x0041f830","0x0041f878"
"0x0041f880","0x0041f880","0x0041f89a"
"0x0041f8a0","0x0041f8a0","0x0041f9a4"
"0x0041f9b0","0x0041f9b0","0x0041fb03"
"0x0041fb10","0x0041fb10","0x0041fc44"
"0x0041fc50","0x0041fc50","0x0041fca4"
"0x0041fcb0","0x0041fcb0","0x0041fd15"
"0x0041fd20","0x0041fd20","0x0041fd63"
"0x0041fd70","0x0041fd70","0x0041fde7"
"0x0041fdf0","0x0041fdf0","0x0041fe03"
"0x0041fe10","0x0041fe10","0x0041fe40"
"0x0041fe50","0x0041fe50","0x0041fe7d"
"0x0041fe80","0x0041fe80","0x00420179"
"0x00420180","0x00420180","0x00420218"
"0x00420220","0x00420220","0x004202bd"
"0x004202c0","0x004202c0","0x00420491"
"0x004204a0","0x004204a0","0x00420501"
"0x00420510","0x00420510","0x00420578"
"0x00420580","0x00420580","0x00420756"
"0x00420760","0x00420760","0x00420985"
"0x00420990","0x00420990","0x00420a98"
"0x00420aa0","0x00420aa0","0x00420d75"
"0x00420d80","0x00420d80","0x00420f50"
"0x00420f80","0x00420f80","0x0042103c"
"0x00421040","0x00421040","0x004210c3"
"0x004210d0","0x004210d0","0x00421179"
"0x00421180","0x00421180","0x00421260"
"0x00421180","0x00421266","0x00421284"
"0x00421180","0x0042128a","0x004212a8"
"0x00421180","0x004212ae","0x004212cc"
"0x00421180","0x004212d2","0x0042131a"
"0x00421180","0x00421320","0x00421378"
"0x00421180","0x0042137e","0x004213b8"
"0x00421180","0x004213be","0x00421542"
"0x00421180","0x00421545","0x0042167b"
"0x00421680","0x00421680","0x00421693"
"0x004216a0","0x004216a0","0x004216d4"
"0x004216e0","0x004216e0","0x00421711"
"0x00421720","0x00421720","0x00421751"
"0x00421760","0x00421760","0x00421773"
"0x00421780","0x00421780","0x004217b4"
"0x004217c0","0x004217c0","0x004217e9"
"0x004217f0","0x004217f0","0x0042180a"
"0x00421810","0x00421810","0x00421820"
"0x00421830","0x00421830","0x00421840"
"0x00421850","0x00421850","0x00421869"
"0x00421870","0x00421870","0x00421889"
"0x00421890","0x00421890","0x00421944"
"0x00421950","0x00421950","0x0042196f"
"0x00421970","0x00421970","0x00421980"
"0x00421990","0x00421990","0x004219c0"
"0x004219d0","0x004219d0","0x00421aa9"
"0x00421ab0","0x00421ab0","0x00421ace"
"0x00421ad0","0x00421ad0","0x00421af7"
"0x00421b00","0x00421b00","0x004228a1"
"0x004228b0","0x004228b0","0x00422af6"
"0x00422b00","0x00422b00","0x00422b2e"
"0x00422b00","0x00422b31","0x00422b5f"
"0x00422b60","0x00422b60","0x00422b74"
"0x00422b80","0x00422b80","0x00422b89"
"0x00422b90","0x00422b90","0x00422bbd"
"0x00422bc0","0x00422bc0","0x00422bf2"
"0x00422c00","0x00422c00","0x00422c23"
"0x00422c30","0x00422c30","0x00422c4c"
"0x00422c50","0x00422c50","0x00422ca4"
"0x00422cb0","0x00422cb0","0x00422d34"
"0x00422d40","0x00422d40","0x00422d82"
"0x00422d90","0x00422d90","0x00422dc5"
"0x00422dd0","0x00422dd0","0x00422e05"
"0x00422e10","0x00422e10","0x00422e3d"
"0x00422e40","0x00422e40","0x00422f15"
"0x00422f20","0x00422f20","0x00423049"
"0x00423050","0x00423050","0x00423317"
"0x00423320","0x00423320","0x004233a4"
"0x004233b0","0x004233b0","0x0042346a"
"0x00423470","0x00423470","0x0042349a"
"0x004234a0","0x004234a0","0x00423518"
"0x00423520","0x00423520","0x00423539"
"0x00423540","0x00423540","0x00423555"
"0x00423560","0x00423560","0x0042358d"
"0x00423590","0x00423590","0x004235bd"
"0x004235c0","0x004235c0","0x004235ed"
"0x004235f0","0x004235f0","0x00423612"
"0x00423620","0x00423620","0x0042364d"
"0x00423650","0x00423650","0x00423bce"
"0x00423bd0","0x00423bd0","0x00423be0"
"0x00423bf0","0x00423bf0","0x00423e6c"
"0x00423ea0","0x00423ea0","0x00423ed0"
"0x00423ee0","0x00423ee0","0x00423f42"
"0x00423f50","0x00423f50","0x00423f78"
"0x00423f80","0x00423f80","0x00423fd9"
"0x00423fe0","0x00423fe0","0x00424005"
"0x00424010","0x00424010","0x00424020"
"0x00424030","0x00424030","0x00424057"
"0x00424060","0x00424060","0x00424078"
"0x00424080","0x00424080","0x00424097"
"0x004240a0","0x004240a0","0x004240b4"
"0x004240c0","0x004240c0","0x00424173"
"0x00424180","0x00424180","0x0042425c"
"0x00424260","0x00424260","0x0042434e"
"0x00424350","0x00424350","0x00424457"
"0x00424460","0x00424460","0x004244b1"
"0x004244c0","0x004244c0","0x004249e5"
"0x004249f0","0x004249f0","0x00424dff"
"0x00424e00","0x00424e00","0x00424e7f"
"0x00424e80","0x00424e80","0x00424f2b"
"0x00424f30","0x00424f30","0x00424f98"
"0x00424fa0","0x00424fa0","0x00425069"
"0x00425070","0x00425070","0x0042508c"
"0x00425090","0x00425090","0x004250b4"
"0x004250c0","0x004250c0","0x004250e6"
"0x004250f0","0x004250f0","0x00425140"
"0x00425150","0x00425150","0x00425187"
"0x00425190","0x00425190","0x004251d9"
"0x004251e0","0x004251e0","0x004251f2"
"0x00425200","0x00425200","0x00425219"
"0x00425220","0x00425220","0x00425260"
"0x00425270","0x00425270","0x004252b6"
"0x004252c0","0x004252c0","0x0042531b"
"0x00425320","0x00425320","0x00425342"
"0x00425350","0x00425350","0x00425379"
"0x00425380","0x00425380","0x004253ce"
"0x004253d0","0x004253d0","0x004254c2"
"0x004254d0","0x004254d0","0x00425617"
"0x00425620","0x00425620","0x00425632"
"0x00425640","0x00425640","0x00425707"
"0x00425710","0x00425710","0x004257aa"
"0x004257b0","0x004257b0","0x004257fd"
"0x00425800","0x00425800","0x0042584d"
"0x00425850","0x00425850","0x00425861"
"0x00425870","0x00425870","0x004258b0"
"0x004258c0","0x004258c0","0x004258de"
"0x004258e0","0x004258e0","0x0042592d"
"0x00425930","0x00425930","0x00425990"
"0x004259a0","0x004259a0","0x004259e2"
"0x004259f0","0x004259f0","0x004259ff"
"0x00425a00","0x00425a00","0x00425ac9"
"0x00425ad0","0x00425ad0","0x00425b54"
"0x00425b60","0x00425b60","0x00425b6c"
"0x00425b70","0x00425b70","0x00425b80"
"0x00425b90","0x00425b90","0x00425ba3"
"0x00425bb0","0x00425bb0","0x00425bfd"
"0x00425c10","0x00425c10","0x00425c5d"
"0x00425c70","0x00425c70","0x00425cba"
"0x00425cc0","0x00425cc0","0x00425cd6"
"0x00425ce0","0x00425ce0","0x00425d16"
"0x00425d20","0x00425d20","0x00425d68"
"0x00425d70","0x00425d70","0x00425fac"
"0x00425fc0","0x00425fc0","0x00426000"
"0x00426010","0x00426010","0x00426023"
"0x00426030","0x00426030","0x00426049"
"0x00426050","0x00426050","0x004260a0"
"0x004260b0","0x004260b0","0x004260c6"
"0x004260d0","0x004260d0","0x004260e6"
"0x004260f0","0x004260f0","0x00426103"
"0x00426110","0x00426110","0x00426132"
"0x00426140","0x00426140","0x0042616d"
"0x00426170","0x00426170","0x004262e4"
"0x004262f0","0x004262f0","0x0042632e"
"0x00426330","0x00426330","0x0042636a"
"0x00426370","0x00426370","0x00426383"
"0x00426390","0x00426390","0x004263de"
"0x004263e0","0x004263e0","0x00426759"
"0x00426760","0x00426760","0x00426835"
"0x00426840","0x00426840","0x00426886"
"0x00426890","0x00426890","0x00426bd2"
"0x00426be0","0x00426be0","0x00426c60"
"0x00426c70","0x00426c70","0x00426d63"
"0x00426d70","0x00426d70","0x00426eaf"
"0x00426eb0","0x00426eb0","0x00426ee3"
"0x00426ef0","0x00426ef0","0x00427049"
"0x00427050","0x00427050","0x004270a8"
"0x00427050","0x004270ae","0x004270e3"
"0x00427050","0x004270e9","0x0042711b"
"0x00427050","0x00427121","0x0042716c"
"0x00427050","0x00427172","0x004271e8"
"0x00427050","0x004271ee","0x0042724e"
"0x00427050","0x00427254","0x0042735f"
"0x00427360","0x00427360","0x004277d9"
"0x004277f0","0x004277f0","0x0042834c"
"0x00428380","0x00428380","0x004283ad"
"0x004283b0","0x004283b0","0x00428413"
"0x00428420","0x00428420","0x0042855f"
"0x00428560","0x00428560","0x004286a4"
"0x004286b0","0x004286b0","0x0042880b"
"0x00428810","0x00428810","0x00428887"
"0x00428890","0x00428890","0x0042898e"
"0x00428990","0x00428990","0x00428a8b"
"0x00428a90","0x00428a90","0x00428ae3"
"0x00428af0","0x00428af0","0x00428b94"
"0x00428ba0","0x00428ba0","0x00428c38"
"0x00428c40","0x00428c40","0x00428c52"
"0x00428c60","0x00428c60","0x00428c72"
"0x00428c80","0x00428c80","0x00428c8f"
"0x00428c90","0x00428c90","0x00428d96"
"0x00428c90","0x00428d9c","0x00428dd7"
"0x00428de0","0x00428de0","0x00428e19"
"0x00428e20","0x00428e20","0x00428e42"
"0x00428e50","0x00428e50","0x00428e73"
"0x00428e80","0x00428e80","0x00428ed6"
"0x00428ee0","0x00428ee0","0x00428f56"
"0x00428f60","0x00428f60","0x00428f7e"
"0x00428f80","0x00428f80","0x00428f9e"
"0x00428fa0","0x00428fa0","0x00428fb9"
"0x00428fc0","0x00428fc0","0x00428fe8"
"0x00428ff0","0x00428ff0","0x00428ffc"
"0x00429000","0x00429000","0x0042903a"
"0x00429040","0x00429040","0x0042905f"
"0x00429060","0x00429060","0x0042908f"
"0x00429090","0x00429090","0x004290e2"
"0x004290f0","0x004290f0","0x00429113"
"0x00429120","0x00429120","0x00429146"
"0x00429150","0x00429150","0x0042917a"
"0x00429180","0x00429180","0x004291d1"
"0x004291e0","0x004291e0","0x00429209"
"0x00429210","0x00429210","0x00429241"
"0x00429250","0x00429250","0x00429278"
"0x00429280","0x00429280","0x0042929c"
"0x004292a0","0x004292a0","0x004292b8"
"0x004292c0","0x004292c0","0x004292d4"
"0x004292e0","0x004292e0","0x004292ef"
"0x004292f0","0x004292f0","0x0042933f"
"0x00429340","0x00429340","0x0042938c"
"0x00429390","0x00429390","0x004293b9"
"0x004293c0","0x004293c0","0x004293fc"
"0x00429400","0x00429400","0x00429413"
"0x00429420","0x00429420","0x00429437"
"0x00429440","0x00429440","0x00429497"
"0x004294a0","0x004294a0","0x004294d4"
"0x004294e0","0x004294e0","0x0042951c"
"0x00429520","0x00429520","0x00429561"
"0x00429570","0x00429570","0x004295c7"
"0x004295d0","0x004295d0","0x00429604"
"0x00429610","0x00429610","0x0042963b"
"0x00429640","0x00429640","0x00429681"
"0x00429690","0x00429690","0x004296dc"
"0x004296e0","0x004296e0","0x00429734"
"0x00429740","0x00429740","0x00429794"
"0x004297a0","0x004297a0","0x004297c0"
"0x004297d0","0x004297d0","0x004297fc"
"0x00429800","0x00429800","0x0042982b"
"0x00429830","0x00429830","0x004298a0"
"0x004298b0","0x004298b0","0x004298db"
"0x004298e0","0x004298e0","0x00429960"
"0x00429970","0x00429970","0x00429984"
"0x00429990","0x00429990","0x004299a4"
"0x004299b0","0x004299b0","0x004299c4"
"0x004299d0","0x004299d0","0x00429e21"
"0x00429e30","0x00429e30","0x00429e4f"
"0x00429e50","0x00429e50","0x00429e67"
"0x00429e70","0x00429e70","0x00429e8b"
"0x00429e90","0x00429e90","0x00429f04"
"0x00429e90","0x00429f07","0x00429f38"
"0x00429e90","0x00429f3b","0x0042a10e"
"0x0042a110","0x0042a110","0x0042a184"
"0x0042a110","0x0042a187","0x0042a1b8"
"0x0042a110","0x0042a1bb","0x0042a398"
"0x0042a3a0","0x0042a3a0","0x0042a444"
"0x0042a3a0","0x0042a447","0x0042a4a2"
"0x0042a3a0","0x0042a4a5","0x0042a970"
"0x0042a980","0x0042a980","0x0042aa09"
"0x0042a980","0x0042aa0c","0x0042aa59"
"0x0042a980","0x0042aa5c","0x0042ad7d"
"0x0042ad80","0x0042ad80","0x0042ae11"
"0x0042ad80","0x0042ae14","0x0042ae6f"
"0x0042ad80","0x0042ae72","0x0042b1e8"
"0x0042b1f0","0x0042b1f0","0x0042b273"
"0x0042b1f0","0x0042b276","0x0042b2b7"
"0x0042b1f0","0x0042b2ba","0x0042b58a"
"0x0042b590","0x0042b590","0x0042b5ce"
"0x0042b5d0","0x0042b5d0","0x0042b706"
"0x0042b5d0","0x0042b70c","0x0042b745"
"0x0042b5d0","0x0042b74b","0x0042b75b"
"0x0042b5d0","0x0042b761","0x0042b779"
"0x0042b5d0","0x0042b77f","0x0042b7f3"
"0x0042b5d0","0x0042b7f9","0x0042b82b"
"0x0042b5d0","0x0042b831","0x0042b904"
"0x0042b5d0","0x0042b90a","0x0042b91b"
"0x0042b5d0","0x0042b921","0x0042de00"
"0x0042b5d0","0x0042de0b","0x0042df69"
"0x0042b5d0","0x0042df71","0x004344ed"
"0x0042b5d0","0x004344f3","0x004345c1"
"0x0042b5d0","0x004345c7","0x00434678"
"0x0042b5d0","0x0043467e","0x0043474c"
"0x0042b5d0","0x00434752","0x00434803"
"0x0042b5d0","0x00434809","0x004348d3"
"0x0042b5d0","0x004348d9","0x0043498a"
"0x0042b5d0","0x00434990","0x00434a5a"
"0x0042b5d0","0x00434a60","0x00434b11"
"0x0042b5d0","0x00434b17","0x00434be1"
"0x0042b5d0","0x00434be7","0x00434c98"
"0x0042b5d0","0x00434c9e","0x00434d65"
"0x0042b5d0","0x00434d68","0x00434ffd"
"0x00435500","0x00435500","0x00435514"
"0x00435520","0x00435520","0x004358c2"
"0x004358d0","0x004358d0","0x00435c7f"
"0x00435c80","0x00435c80","0x0043718b"
"0x004371d0","0x004371d0","0x004371e7"
"0x004371f0","0x004371f0","0x00437211"
"0x00437220","0x00437220","0x004372c4"
"0x00437310","0x00437310","0x00437403"
"0x00437470","0x00437470","0x0043748c"
"0x00437490","0x00437490","0x004374a8"
"0x004374b0","0x004374b0","0x004374e3"
"0x004374b0","0x004374e6","0x004374f2"
"0x00437500","0x00437500","0x0043751c"
"0x00437520","0x00437520","0x00437539"
"0x00437540","0x00437540","0x00437592"
"0x004375a0","0x004375a0","0x004375f2"
"0x00437600","0x00437600","0x00437652"
"0x00437660","0x00437660","0x00437670"
"0x00437680","0x00437680","0x00437690"
"0x004376a0","0x004376a0","0x004376b0"
"0x004376c0","0x004376c0","0x004376d0"
"0x004376e0","0x004376e0","0x00437746"
"0x00437750","0x00437750","0x00437760"
"0x00437770","0x00437770","0x00437833"
"0x00437840","0x00437840","0x00437921"
"0x00437930","0x00437930","0x00437940"
"0x00437950","0x00437950","0x00437963"
"0x00437970","0x00437970","0x00437997"
"0x004379a0","0x004379a0","0x004379b0"
"0x004379c0","0x004379c0","0x004379d0"
"0x004379e0","0x004379e0","0x00437c73"
"0x00437c80","0x00437c80","0x00437c96"
"0x00437ca0","0x00437ca0","0x00437cc5"
"0x00437cd0","0x00437cd0","0x00437cfc"
"0x00437d00","0x00437d00","0x00437e2c"
"0x00437eb0","0x00437eb0","0x004381f2"
"0x00438290","0x00438290","0x004382a3"
"0x004382b0","0x004382b0","0x00438371"
"0x00438380","0x00438380","0x0043839f"
"0x004383a0","0x004383a0","0x004384f1"
"0x00438500","0x00438500","0x00438510"
"0x00438520","0x00438520","0x00438530"
"0x00438540","0x00438540","0x004385fa"
"0x00438600","0x00438600","0x0043861c"
"0x00438620","0x00438620","0x004388eb"
"0x004388f0","0x004388f0","0x0043893e"
"0x00438940","0x00438940","0x00438a21"
"0x00438a30","0x00438a30","0x00438a48"
"0x00438a50","0x00438a50","0x00438a68"
"0x00438a70","0x00438a70","0x00438a87"
"0x00438a90","0x00438a90","0x00438ab5"
"0x00438ac0","0x00438ac0","0x00438add"
"0x00438ae0","0x00438ae0","0x00438af7"
"0x00438b00","0x00438b00","0x00438b17"
"0x00438b20","0x00438b20","0x00438b45"
"0x00438b50","0x00438b50","0x00438b67"
"0x00438b70","0x00438b70","0x00438bc3"
"0x00438bd0","0x00438bd0","0x00438c53"
"0x00438c60","0x00438c60","0x00438cb5"
"0x00438cc0","0x00438cc0","0x00438d4d"
"0x00438d50","0x00438d50","0x00438daf"
"0x00438db0","0x00438db0","0x00438de2"
"0x00438df0","0x00438df0","0x00438e22"
"0x00438e30","0x00438e30","0x00438e62"
"0x00438e70","0x00438e70","0x00438e85"
"0x00438e90","0x00438e90","0x00438ea5"
"0x00438eb0","0x00438eb0","0x00438f0e"
"0x00438f10","0x00438f10","0x0043927c"
"0x00439280","0x00439280","0x004392cb"
"0x004392d0","0x004392d0","0x00439327"
"0x00439330","0x00439330","0x00439388"
"0x00439390","0x00439390","0x004393cd"
"0x004393d0","0x004393d0","0x004393e6"
"0x004393f0","0x004393f0","0x00439412"
"0x00439420","0x00439420","0x0043943c"
"0x00439440","0x00439440","0x00439456"
"0x00439460","0x00439460","0x00439477"
"0x00439480","0x00439480","0x004394a5"
"0x004394b0","0x004394b0","0x004394c7"
"0x004394d0","0x004394d0","0x004394e8"
"0x004394f0","0x004394f0","0x00439508"
"0x00439510","0x00439510","0x00439528"
"0x00439530","0x00439530","0x00439547"
"0x00439550","0x00439550","0x004395a5"
"0x004395b0","0x004395b0","0x004395c8"
"0x004395d0","0x004395d0","0x00439633"
"0x00439640","0x00439640","0x0043969b"
"0x004396a0","0x004396a0","0x004396b8"
"0x004396c0","0x004396c0","0x00439755"
"0x00439760","0x00439760","0x00439782"
"0x00439790","0x00439790","0x004397b2"
"0x004397c0","0x004397c0","0x004397e2"
"0x004397f0","0x004397f0","0x0043981f"
"0x00439820","0x00439820","0x00439842"
"0x00439850","0x00439850","0x00439872"
"0x00439880","0x00439880","0x0043989e"
"0x004398a0","0x004398a0","0x004398c2"
"0x004398d0","0x004398d0","0x00439908"
"0x00439910","0x00439910","0x00439957"
"0x00439960","0x00439960","0x004399ac"
"0x004399b0","0x004399b0","0x004399f8"
"0x00439a00","0x00439a00","0x0043a1bb"
"0x0043a1c0","0x0043a1c0","0x0043a2af"
"0x0043a2b0","0x0043a2b0","0x0043a745"
"0x0043a750","0x0043a750","0x0043ab1a"
"0x0043ab20","0x0043ab20","0x0043b0db"
"0x0043b0e0","0x0043b0e0","0x0043b958"
"0x0043b960","0x0043b960","0x0043bc52"
"0x0043bc60","0x0043bc60","0x0043be7c"
"0x0043be80","0x0043be80","0x0043c17d"
"0x0043c180","0x0043c180","0x0043c4de"
"0x0043c4e0","0x0043c4e0","0x0043c773"
"0x0043c780","0x0043c780","0x0043cb68"
"0x0043cb70","0x0043cb70","0x0043cd36"
"0x0043cd40","0x0043cd40","0x0043d19b"
"0x0043d1a0","0x0043d1a0","0x0043d366"
"0x0043d370","0x0043d370","0x0043d823"
"0x0043d830","0x0043d830","0x0043d9a6"
"0x0043d9b0","0x0043d9b0","0x0043dcd8"
"0x0043dce0","0x0043dce0","0x0043df26"
"0x0043df30","0x0043df30","0x0043e2b2"
"0x0043e2c0","0x0043e2c0","0x0043e900"
"0x0043e910","0x0043e910","0x0043e9aa"
"0x0043e9b0","0x0043e9b0","0x0043eb0f"
"0x0043eb10","0x0043eb10","0x0043eb31"
"0x0043eb40","0x0043eb40","0x0043ef18"
"0x0043ef20","0x0043ef20","0x0043f4ed"
"0x0043f4f0","0x0043f4f0","0x0043f512"
"0x0043f520","0x0043f520","0x0043f54c"
"0x0043f550","0x0043f550","0x0043f5b0"
"0x0043f5c0","0x0043f5c0","0x0043f620"
"0x0043f630","0x0043f630","0x0043f690"
"0x0043f6a0","0x0043f6a0","0x004402f6"
"0x00440310","0x00440310","0x0044033f"
"0x00440340","0x00440340","0x004408a1"
"0x004408b0","0x004408b0","0x00441380"
"0x004413a0","0x004413a0","0x0044142d"
"0x00441430","0x00441430","0x00441bfb"
"0x00441c00","0x00441c00","0x00441ef0"
"0x00441f00","0x00441f00","0x00442ffa"
"0x00443020","0x00443020","0x00443877"
"0x00443880","0x00443880","0x00444fe8"
"0x00445130","0x00445130","0x00445345"
"0x00445350","0x00445350","0x004455b3"
"0x004455c0","0x004455c0","0x0044567f"
"0x00445680","0x00445680","0x004456b0"
"0x004456c0","0x004456c0","0x004456d3"
"0x004456e0","0x004456e0","0x004456f3"
"0x00445700","0x00445700","0x00445718"
"0x00445720","0x00445720","0x00445765"
"0x00445770","0x00445770","0x00445863"
"0x00445880","0x00445880","0x004458dc"
"0x004458e0","0x004458e0","0x0044593c"
"0x00445940","0x00445940","0x0044599c"
"0x004459a0","0x004459a0","0x004459cc"
"0x004459d0","0x004459d0","0x004459fc"
"0x00445a00","0x00445a00","0x00445a3b"
"0x00445a40","0x00445a40","0x00445aae"
"0x00445ab0","0x00445ab0","0x00445ac9"
"0x00445ad0","0x00445ad0","0x00445b1d"
"0x00445b20","0x00445b20","0x00445b75"
"0x00445b80","0x00445b80","0x00445b93"
"0x00445ba0","0x00445ba0","0x00445bb9"
"0x00445bc0","0x00445bc0","0x00446664"
"0x00446690","0x00446690","0x00446b1a"
"0x00446b30","0x00446b30","0x00446b52"
"0x00446b60","0x00446b60","0x00446b98"
"0x00446ba0","0x00446ba0","0x00446bb3"
"0x00446bc0","0x00446bc0","0x00446bed"
"0x00446bf0","0x00446bf0","0x00446c0b"
"0x00446c10","0x00446c10","0x00446c3a"
"0x00446c40","0x00446c40","0x00446c74"
"0x00446c80","0x00446c80","0x00446cb4"
"0x00446cc0","0x00446cc0","0x00446d25"
"0x00446d30","0x00446d30","0x00446d95"
"0x00446da0","0x00446da0","0x00446dbf"
"0x00446dc0","0x00446dc0","0x00446dd8"
"0x00446de0","0x00446de0","0x00446df0"
"0x00446e00","0x00446e00","0x00446e3e"
"0x00446e40","0x00446e40","0x00446e97"
"0x00446ea0","0x00446ea0","0x00446eb2"
"0x00446ec0","0x00446ec0","0x00446f48"
"0x00446f50","0x00446f50","0x00446f84"
"0x00446f90","0x00446f90","0x0044702c"
"0x00447030","0x00447030","0x00447046"
"0x00447050","0x00447050","0x00447134"
"0x00447140","0x00447140","0x00447199"
"0x004471a0","0x004471a0","0x004471f9"
"0x00447200","0x00447200","0x00447248"
"0x00447250","0x00447250","0x004472b7"
"0x004472c0","0x004472c0","0x0044732b"
"0x00447330","0x00447330","0x00447396"
"0x004473a0","0x004473a0","0x00447400"
"0x00447410","0x00447410","0x00447470"
"0x00447480","0x00447480","0x0044751d"
"0x00447520","0x00447520","0x004475ec"
"0x004475f0","0x004475f0","0x004476bc"
"0x004476c0","0x004476c0","0x004477ad"
"0x004477b0","0x004477b0","0x004477f2"
"0x00447800","0x00447800","0x00447848"
"0x00447850","0x00447850","0x0044785f"
"0x00447860","0x00447860","0x0044786f"
"0x00447870","0x00447870","0x004478ad"
"0x004478b0","0x004478b0","0x00447911"
"0x00447920","0x00447920","0x00447930"
"0x00447940","0x00447940","0x0044795d"
"0x00447960","0x00447960","0x00447979"
"0x00447980","0x00447980","0x004479dd"
"0x004479e0","0x004479e0","0x00447a42"
"0x00447a50","0x00447a50","0x00447ab0"
"0x00447ac0","0x00447ac0","0x00447b20"
"0x00447b30","0x00447b30","0x00447b90"
"0x00447ba0","0x00447ba0","0x00447c00"
"0x00447c10","0x00447c10","0x00447c5a"
"0x00447c60","0x00447c60","0x00447cb5"
"0x00447cc0","0x00447cc0","0x00447d16"
"0x00447d20","0x00447d20","0x00447d3f"
"0x00447d40","0x00447d40","0x00447db0"
"0x00447dc0","0x00447dc0","0x00447ddd"
"0x00447de0","0x00447de0","0x00447df7"
"0x00447e00","0x00447e00","0x004488e9"
"0x004488f0","0x004488f0","0x004489eb"
"0x004489f0","0x004489f0","0x00448a2a"
"0x00448a30","0x00448a30","0x00448ae9"
"0x00448af0","0x00448af0","0x00448b38"
"0x00448b40","0x00448b40","0x00448d31"
"0x00448d40","0x00448d40","0x00448d6c"
"0x00448d70","0x00448d70","0x00449044"
"0x00449050","0x00449050","0x00449105"
"0x00449110","0x00449110","0x0044913b"
"0x00449140","0x00449140","0x0044916a"
"0x00449170","0x00449170","0x004491b0"
"0x004491c0","0x004491c0","0x004491d6"
"0x004491e0","0x004491e0","0x0044922d"
"0x00449240","0x00449240","0x0044925c"
"0x00449260","0x00449260","0x004492e9"
"0x004492f0","0x004492f0","0x00449303"
"0x00449310","0x00449310","0x00449364"
"0x00449370","0x00449370","0x004493ad"
"0x004493c0","0x004493c0","0x004493db"
"0x004493e0","0x004493e0","0x004493f6"
"0x00449400","0x00449400","0x0044942e"
"0x00449430","0x00449430","0x0044945c"
"0x00449460","0x00449460","0x0044948e"
"0x00449490","0x00449490","0x004494a3"
"0x004494b0","0x004494b0","0x004494c3"
"0x004494d0","0x004494d0","0x004494e6"
"0x004494f0","0x004494f0","0x00449525"
"0x00449530","0x00449530","0x00449563"
"0x00449570","0x00449570","0x00449596"
"0x004495a0","0x004495a0","0x004495b4"
"0x004495c0","0x004495c0","0x004495f9"
"0x00449600","0x00449600","0x0044962a"
"0x00449630","0x00449630","0x00449682"
"0x00449690","0x00449690","0x004496a9"
"0x004496b0","0x004496b0","0x00449759"
"0x00449760","0x00449760","0x0044978d"
"0x00449790","0x00449790","0x004497c0"
"0x004497d0","0x004497d0","0x00449865"
"0x00449870","0x00449870","0x00449a6b"
"0x00449a70","0x00449a70","0x00449b13"
"0x00449b20","0x00449b20","0x00449d1e"
"0x00449d20","0x00449d20","0x00449d7b"
"0x00449d80","0x00449d80","0x00449e3b"
"0x00449e40","0x00449e40","0x00449f9a"
"0x00449fa0","0x00449fa0","0x0044a085"
"0x0044a090","0x0044a090","0x0044a20d"
"0x0044a210","0x0044a210","0x0044a399"
"0x0044a3a0","0x0044a3a0","0x0044a4f2"
"0x0044a500","0x0044a500","0x0044a59e"
"0x0044a5a0","0x0044a5a0","0x0044a639"
"0x0044a640","0x0044a640","0x0044a669"
"0x0044a670","0x0044a670","0x0044a6ac"
"0x0044a6b0","0x0044a6b0","0x0044a6f1"
"0x0044a700","0x0044a700","0x0044aafd"
"0x0044ab00","0x0044ab00","0x0044ac1b"
"0x0044ac20","0x0044ac20","0x0044adc0"
"0x0044add0","0x0044add0","0x0044b019"
"0x0044b020","0x0044b020","0x0044b261"
"0x0044b270","0x0044b270","0x0044b2a6"
"0x0044b2b0","0x0044b2b0","0x0044b310"
"0x0044b320","0x0044b320","0x0044b34e"
"0x0044b350","0x0044b350","0x0044b37e"
"0x0044b380","0x0044b380","0x0044b398"
"0x0044b3a0","0x0044b3a0","0x0044b3c2"
"0x0044b3d0","0x0044b3d0","0x0044b3f8"
"0x0044b400","0x0044b400","0x0044b44c"
"0x0044b450","0x0044b450","0x0044b4ab"
"0x0044b450","0x0044b4ae","0x0044b4dc"
"0x0044b4e0","0x0044b4e0","0x0044b52f"
"0x0044b530","0x0044b530","0x0044b549"
"0x0044b550","0x0044b550","0x0044b5b7"
"0x0044b5c0","0x0044b5c0","0x0044b627"
"0x0044b630","0x0044b630","0x0044b680"
"0x0044b690","0x0044b690","0x0044b713"
"0x0044b720","0x0044b720","0x0044b72f"
"0x0044b730","0x0044b730","0x0044b73f"
"0x0044b740","0x0044b740","0x0044b7ca"
"0x0044b7d0","0x0044b7d0","0x0044b7e2"
"0x0044b7f0","0x0044b7f0","0x0044b837"
"0x0044b840","0x0044b840","0x0044b887"
"0x0044b890","0x0044b890","0x0044b8da"
"0x0044b8e0","0x0044b8e0","0x0044b92a"
"0x0044b930","0x0044b930","0x0044b969"
"0x0044b970","0x0044b970","0x0044b9e5"
"0x0044b9f0","0x0044b9f0","0x0044bae2"
"0x0044baf0","0x0044baf0","0x0044bb05"
"0x0044bb10","0x0044bb10","0x0044bcc6"
"0x0044bcd0","0x0044bcd0","0x0044bd45"
"0x0044bd50","0x0044bd50","0x0044bd6c"
"0x0044bd70","0x0044bd70","0x0044bdb4"
"0x0044bdc0","0x0044bdc0","0x0044bdf6"
"0x0044be00","0x0044be00","0x0044be21"
"0x0044be40","0x0044be40","0x0044c084"
"0x0044c090","0x0044c090","0x0044c0a2"
"0x0044c0b0","0x0044c0b0","0x0044c14a"
"0x0044c150","0x0044c150","0x0044c1da"
"0x0044c1e0","0x0044c1e0","0x0044c233"
"0x0044c240","0x0044c240","0x0044c2ea"
"0x0044c2f0","0x0044c2f0","0x0044c423"
"0x0044c430","0x0044c430","0x0044c500"
"0x0044c510","0x0044c510","0x0044c56d"
"0x0044c570","0x0044c570","0x0044c589"
"0x0044c590","0x0044c590","0x0044c5e1"
"0x0044c5f0","0x0044c5f0","0x0044c641"
"0x0044c650","0x0044c650","0x0044c664"
"0x0044c670","0x0044c670","0x0044c6ae"
"0x0044c6b0","0x0044c6b0","0x0044c7a0"
"0x0044c7b0","0x0044c7b0","0x0044c82e"
"0x0044c830","0x0044c830","0x0044c89b"
"0x0044c8a0","0x0044c8a0","0x0044c8b3"
"0x0044c8c0","0x0044c8c0","0x0044c8e5"
"0x0044c8f0","0x0044c8f0","0x0044c9aa"
"0x0044c9b0","0x0044c9b0","0x0044caa0"
"0x0044c9b0","0x0044caa3","0x0044cad9"
"0x0044cae0","0x0044cae0","0x0044caf9"
"0x0044cb00","0x0044cb00","0x0044cb12"
"0x0044cb20","0x0044cb20","0x0044cb32"
"0x0044cb40","0x0044cb40","0x0044cb59"
"0x0044cb60","0x0044cb60","0x0044cb70"
"0x0044cb80","0x0044cb80","0x0044cc6b"
"0x0044cc70","0x0044cc70","0x0044cc95"
"0x0044cca0","0x0044cca0","0x0044ccb0"
"0x0044ccc0","0x0044ccc0","0x0044ccd9"
"0x0044cce0","0x0044cce0","0x0044ccf9"
"0x0044cd00","0x0044cd00","0x0044cec7"
"0x0044ced0","0x0044ced0","0x0044cf02"
"0x0044cf10","0x0044cf10","0x0044cf47"
"0x0044cf50","0x0044cf50","0x0044cfae"
"0x0044cfb0","0x0044cfb0","0x0044cffc"
"0x0044d000","0x0044d000","0x0044d017"
"0x0044d020","0x0044d020","0x0044d87e"
"0x0044d880","0x0044d880","0x0044d928"
"0x0044d880","0x0044d92b","0x0044d96b"
"0x0044d970","0x0044d970","0x0044d9c9"
"0x0044d9d0","0x0044d9d0","0x0044db26"
"0x0044d9d0","0x0044db2c","0x0044dc12"
"0x0044dc20","0x0044dc20","0x0044dd44"
"0x0044dd50","0x0044dd50","0x0044dd59"
"0x0044dd60","0x0044dd60","0x0044ddd3"
"0x0044dde0","0x0044dde0","0x0044de63"
"0x0044dde0","0x0044de69","0x0044df0d"
"0x0044dde0","0x0044df13","0x0044dfa2"
"0x0044dfb0","0x0044dfb0","0x0044e147"
"0x0044e150","0x0044e150","0x0044e347"
"0x0044e350","0x0044e350","0x0044e547"
"0x0044e350","0x0044e54a","0x0044e5c5"
"0x0044e350","0x0044e5c8","0x0044e8eb"
"0x0044e8f0","0x0044e8f0","0x0044eb21"
"0x0044eb30","0x0044eb30","0x0044ebe5"
"0x0044ebf0","0x0044ebf0","0x0044ed3f"
"0x0044ed40","0x0044ed40","0x0044ee4c"
"0x0044ee50","0x0044ee50","0x0044ee6c"
"0x0044ee70","0x0044ee70","0x0044ee87"
"0x0044ee90","0x0044ee90","0x0044ef85"
"0x0044ef90","0x0044ef90","0x0044efb2"
"0x0044efc0","0x0044efc0","0x0044f0c4"
"0x0044f0d0","0x0044f0d0","0x0044f0f2"
"0x0044f100","0x0044f100","0x0044f126"
"0x0044f130","0x0044f130","0x0044f161"
"0x0044f170","0x0044f170","0x0044f27f"
"0x0044f280","0x0044f280","0x0044f2b1"
"0x0044f2c0","0x0044f2c0","0x0044f3cf"
"0x0044f3d0","0x0044f3d0","0x0044f6f5"
"0x0044f700","0x0044f700","0x0044f71d"
"0x0044f720","0x0044f720","0x0044f837"
"0x0044f840","0x0044f840","0x0044f9da"
"0x0044f9e0","0x0044f9e0","0x0044fa0c"
"0x0044fa10","0x0044fa10","0x0044fa28"
"0x0044fa30","0x0044fa30","0x0044fa61"
"0x0044fa70","0x0044fa70","0x0044fb7f"
"0x0044fb80","0x0044fb80","0x0044fc99"
"0x0044fca0","0x0044fca0","0x0044fcca"
"0x0044fcd0","0x0044fcd0","0x0044fcf4"
"0x0044fd00","0x0044fd00","0x0044fd29"
"0x0044fd30","0x0044fd30","0x0044ffe2"
"0x0044fff0","0x0044fff0","0x0045008c"
"0x0044fff0","0x0045008f","0x004500f4"
"0x0044fff0","0x00450105","0x00450115"
"0x00450120","0x00450120","0x00450151"
"0x00450160","0x00450160","0x0045026f"
"0x00450270","0x00450270","0x004502b1"
"0x004502c0","0x004502c0","0x004502e2"
"0x004502f0","0x004502f0","0x00450317"
"0x00450320","0x00450320","0x00450340"
"0x00450350","0x00450350","0x00450428"
"0x00450430","0x00450430","0x0045045f"
"0x00450460","0x00450460","0x00450480"
"0x00450490","0x00450490","0x004504be"
"0x004504c0","0x004504c0","0x004504e0"
"0x004504f0","0x004504f0","0x0045051e"
"0x00450520","0x00450520","0x00450559"
"0x00450560","0x00450560","0x00450589"
"0x00450590","0x00450590","0x004505b0"
"0x004505c0","0x004505c0","0x004505ee"
"0x004505f0","0x004505f0","0x0045062f"
"0x00450630","0x00450630","0x00450664"
"0x00450670","0x00450670","0x004506af"
"0x004506b0","0x004506b0","0x004506e4"
"0x004506f0","0x004506f0","0x00450846"
"0x00450850","0x00450850","0x0045086d"
"0x00450870","0x00450870","0x0045087f"
"0x00450880","0x00450880","0x004508ba"
"0x004508c0","0x004508c0","0x004508cc"
"0x004508d0","0x004508d0","0x004508de"
"0x004508e0","0x004508e0","0x004508ee"
"0x004508f0","0x004508f0","0x004508fe"
"0x00450900","0x00450900","0x0045090e"
"0x00450910","0x00450910","0x0045091e"
"0x00450920","0x00450920","0x0045092e"
"0x00450930","0x00450930","0x0045093e"
"0x00450940","0x00450940","0x0045094e"
"0x00450950","0x00450950","0x0045095e"
"0x00450960","0x00450960","0x0045096e"
"0x00450970","0x00450970","0x0045097e"
"0x00450980","0x00450980","0x0045098e"
"0x00450990","0x00450990","0x0045099e"
"0x004509a0","0x004509a0","0x004509ae"
"0x004509b0","0x004509b0","0x004509be"
"0x004509c0","0x004509c0","0x004509ce"
"0x004509d0","0x004509d0","0x004509de"
"0x004509e0","0x004509e0","0x004509ee"
"0x004509f0","0x004509f0","0x004509fe"
"0x00450a00","0x00450a00","0x00450a0e"
"0x00450a10","0x00450a10","0x00450a29"
"0x00450a30","0x00450a30","0x00450a3e"
"0x00450a40","0x00450a40","0x00450a4e"
"0x00450a50","0x00450a50","0x00450a69"
"0x00450a70","0x00450a70","0x00450a7e"
"0x00450a80","0x00450a80","0x00450a8e"
"0x00450a90","0x00450a90","0x00450aa9"
"0x00450ab0","0x00450ab0","0x00450abe"
"0x00450ac0","0x00450ac0","0x00450ad9"
"0x00450ae0","0x00450ae0","0x00450aee"
"0x00450af0","0x00450af0","0x00450b09"
"0x00450b10","0x00450b10","0x00450b1e"
"0x00450b20","0x00450b20","0x00450b2e"
"0x00450b30","0x00450b30","0x00450b3e"
"0x00450b40","0x00450b40","0x00450b59"
"0x00450b60","0x00450b60","0x00450b6e"
"0x00450b70","0x00450b70","0x00450b89"
"0x00450b90","0x00450b90","0x00450b9e"
"0x00450ba0","0x00450ba0","0x00450bae"
"0x00450bb0","0x00450bb0","0x00450bbe"
"0x00450bc0","0x00450bc0","0x00450bce"
"0x00450bd0","0x00450bd0","0x00450bde"
"0x00450be0","0x00450be0","0x00450bee"
"0x00450bf0","0x00450bf0","0x00450bfe"
"0x00450c00","0x00450c00","0x00450c0e"
"0x00450c10","0x00450c10","0x00450c29"
"0x00450c30","0x00450c30","0x00450c3e"
"0x00450c40","0x00450c40","0x00450c4e"
"0x00450c50","0x00450c50","0x00450c5e"
"0x00450c60","0x00450c60","0x00450c6e"
"0x00450c70","0x00450c70","0x00450ca8"
"0x00450cb0","0x00450cb0","0x00451049"
"0x00451050","0x00451050","0x004512ab"
"0x004512b0","0x004512b0","0x0045151a"
"0x00451520","0x00451520","0x00451577"
"0x00451580","0x00451580","0x004515d1"
"0x004515e0","0x004515e0","0x00451615"
"0x00451620","0x00451620","0x0045163f"
"0x00451640","0x00451640","0x004516f6"
"0x00451700","0x00451700","0x004517b6"
"0x004517c0","0x004517c0","0x0045187a"
"0x00451880","0x00451880","0x0045190a"
"0x00451910","0x00451910","0x004523c8"
"0x00452400","0x00452400","0x00452447"
"0x00452450","0x00452450","0x00452488"
"0x00452490","0x00452490","0x004524e8"
"0x004524f0","0x004524f0","0x00452782"
"0x004527d0","0x004527d0","0x00452bce"
"0x00452c20","0x00452c20","0x00452d52"
"0x00452d60","0x00452d60","0x00452d7d"
"0x00452d80","0x00452d80","0x00452dca"
"0x00452dd0","0x00452dd0","0x00452df4"
"0x00452e00","0x00452e00","0x00452e3c"
"0x00452e40","0x00452e40","0x00452eda"
"0x00452ee0","0x00452ee0","0x00452efb"
"0x00452f00","0x00452f00","0x00452f13"
"0x00452f20","0x00452f20","0x00452f47"
"0x00452f50","0x00452f50","0x00452f72"
"0x00452f80","0x00452f80","0x00452fba"
"0x00452fc0","0x00452fc0","0x00452fe9"
"0x00452ff0","0x00452ff0","0x0045303f"
"0x00453040","0x00453040","0x0045309d"
"0x004530a0","0x004530a0","0x004530b8"
"0x004530c0","0x004530c0","0x004530ee"
"0x004530f0","0x004530f0","0x00453216"
"0x00453220","0x00453220","0x004532bc"
"0x004532c0","0x004532c0","0x004533a4"
"0x004533b0","0x004533b0","0x004534f3"
"0x00453500","0x00453500","0x00453ab5"
"0x00453ac0","0x00453ac0","0x00453de8"
"0x00453e00","0x00453e00","0x00453e38"
"0x00453e40","0x00453e40","0x00453f8d"
"0x00453e40","0x00453f93","0x004540f5"
"0x00454110","0x00454110","0x0045414a"
"0x00454150","0x00454150","0x00454226"
"0x00454230","0x00454230","0x0045430c"
"0x00454310","0x00454310","0x0045433e"
"0x00454340","0x00454340","0x004543ce"
"0x004543d0","0x004543d0","0x00454446"
"0x00454450","0x00454450","0x00454479"
"0x00454480","0x00454480","0x004545c1"
"0x004545d0","0x004545d0","0x0045477c"
"0x004545d0","0x0045477f","0x004547dd"
"0x004547e0","0x004547e0","0x00454d7e"
"0x00454d80","0x00454d80","0x00454ed6"
"0x00454ef0","0x00454ef0","0x00455f29"
"0x00455fb0","0x00455fb0","0x00455fdd"
"0x00455fe0","0x00455fe0","0x00456023"
"0x00456030","0x00456030","0x0045604f"
"0x00456050","0x00456050","0x00456077"
"0x00456080","0x00456080","0x004560c3"
"0x004560d0","0x004560d0","0x00456127"
"0x00456130","0x00456130","0x00456161"
"0x00456170","0x00456170","0x0045620b"
"0x00456210","0x00456210","0x00456237"
"0x00456240","0x00456240","0x00456261"
"0x00456270","0x00456270","0x004562b6"
"0x004562c0","0x004562c0","0x004562d0"
"0x004562e0","0x004562e0","0x00456683"
"0x00456690","0x00456690","0x004567c8"
"0x004567d0","0x004567d0","0x00456913"
"0x00456920","0x00456920","0x00456b34"
"0x00456b40","0x00456b40","0x00456d44"
"0x00456d50","0x00456d50","0x00456fda"
"0x00456fe0","0x00456fe0","0x0045703e"
"0x00457040","0x00457040","0x004570ec"
"0x004570f0","0x004570f0","0x004572f4"
"0x00457300","0x00457300","0x00457379"
"0x00457380","0x00457380","0x0045760a"
"0x00457610","0x00457610","0x004578ac"
"0x004578b0","0x004578b0","0x00457c00"
"0x00457c10","0x00457c10","0x004580ba"
"0x004580c0","0x004580c0","0x0045866b"
"0x00458670","0x00458670","0x00458b51"
"0x00458b60","0x00458b60","0x00458e83"
"0x00458e90","0x00458e90","0x00458f6d"
"0x00458f70","0x00458f70","0x00458f9d"
"0x00458fa0","0x00458fa0","0x00459028"
"0x00459030","0x00459030","0x004590db"
"0x004590e0","0x004590e0","0x0045918b"
"0x00459190","0x00459190","0x004591e8"
"0x004591f0","0x004591f0","0x00459209"
"0x00459210","0x00459210","0x0045923d"
"0x00459240","0x00459240","0x00459271"
"0x00459280","0x00459280","0x004592af"
"0x004592b0","0x004592b0","0x004592d2"
"0x004592e0","0x004592e0","0x00459340"
"0x00459350","0x00459350","0x004593ed"
"0x004593f0","0x004593f0","0x004594ca"
"0x004594d0","0x004594d0","0x00459518"
"0x00459520","0x00459520","0x0045952f"
"0x00459530","0x00459530","0x0045962e"
"0x00459630","0x00459630","0x004596c5"
"0x004596d0","0x004596d0","0x004597a5"
"0x004597b0","0x004597b0","0x00459897"
"0x004598a0","0x004598a0","0x004598f7"
"0x00459900","0x00459900","0x0045991c"
"0x00459920","0x00459920","0x0045995d"
"0x00459970","0x00459970","0x004599a0"
"0x004599b0","0x004599b0","0x004599e0"
"0x004599f0","0x004599f0","0x00459a20"
"0x00459a30","0x00459a30","0x00459a6f"
"0x00459a70","0x00459a70","0x00459d64"
"0x00459d70","0x00459d70","0x0045a04e"
"0x0045a050","0x0045a050","0x0045a0b5"
"0x0045a0c0","0x0045a0c0","0x0045a125"
"0x0045a130","0x0045a130","0x0045a196"
"0x0045a1a0","0x0045a1a0","0x0045a230"
"0x0045a240","0x0045a240","0x0045a45b"
"0x0045a460","0x0045a460","0x0045a494"
"0x0045a4a0","0x0045a4a0","0x0045a549"
"0x0045a4a0","0x0045a54c","0x0045a57d"
"0x0045a580","0x0045a580","0x0045aa9d"
"0x0045aaa0","0x0045aaa0","0x0045ab34"
"0x0045ab40","0x0045ab40","0x0045ac86"
"0x0045ac90","0x0045ac90","0x0045aceb"
"0x0045acf0","0x0045acf0","0x0045adc1"
"0x0045add0","0x0045add0","0x0045af0e"
"0x0045af10","0x0045af10","0x0045af37"
"0x0045af40","0x0045af40","0x0045afeb"
"0x0045aff0","0x0045aff0","0x0045b0ba"
"0x0045aff0","0x0045b0bd","0x0045b14a"
"0x0045b150","0x0045b150","0x0045b40c"
"0x0045b410","0x0045b410","0x0045b487"
"0x0045b490","0x0045b490","0x0045b5ec"
"0x0045b5f0","0x0045b5f0","0x0045b77b"
"0x0045b780","0x0045b780","0x0045b82a"
"0x0045b780","0x0045b82d","0x0045b841"
"0x0045b850","0x0045b850","0x0045b9ac"
"0x0045b9b0","0x0045b9b0","0x0045ba5f"
"0x0045b9b0","0x0045ba62","0x0045baa0"
"0x0045bab0","0x0045bab0","0x0045baf6"
"0x0045bb00","0x0045bb00","0x0045bbd2"
"0x0045bbe0","0x0045bbe0","0x0045bcb2"
"0x0045bcc0","0x0045bcc0","0x0045bce0"
"0x0045bcf0","0x0045bcf0","0x0045bd03"
"0x0045bd10","0x0045bd10","0x0045bea8"
"0x0045beb0","0x0045beb0","0x0045c08a"
"0x0045c090","0x0045c090","0x0045c12b"
"0x0045c130","0x0045c130","0x0045c17d"
"0x0045c190","0x0045c190","0x0045c1dd"
"0x0045c1f0","0x0045c1f0","0x0045c29b"
"0x0045c2a0","0x0045c2a0","0x0045c2b3"
"0x0045c2c0","0x0045c2c0","0x0045c2d3"
"0x0045c2e0","0x0045c2e0","0x0045c2f6"
"0x0045c300","0x0045c300","0x0045c319"
"0x0045c320","0x0045c320","0x0045c350"
"0x0045ceb0","0x0045ceb0","0x0045cf0b"
"0x0045cf10","0x0045cf10","0x0045cfd9"
"0x0045cfe0","0x0045cfe0","0x0045cffe"
"0x0045d000","0x0045d000","0x0045d02e"
"0x0045d030","0x0045d030","0x0045d05c"
"0x0045d060","0x0045d060","0x0045d092"
"0x0045d0a0","0x0045d0a0","0x0045d0b8"
"0x0045d0c0","0x0045d0c0","0x0045d0d2"
"0x0045d0e0","0x0045d0e0","0x0045d0f2"
"0x0045d100","0x0045d100","0x0045d125"
"0x0045d130","0x0045d130","0x0045d14c"
"0x0045d150","0x0045d150","0x0045d188"
"0x0045d190","0x0045d190","0x0045d20b"
"0x0045d210","0x0045d210","0x0045d262"
"0x0045d270","0x0045d270","0x0045d2bf"
"0x0045d2c0","0x0045d2c0","0x0045d35b"
"0x0045d360","0x0045d360","0x0045d429"
"0x0045d430","0x0045d430","0x0045d4aa"
"0x0045d4b0","0x0045d4b0","0x0045d4fa"
"0x0045d500","0x0045d500","0x0045d54a"
"0x0045d550","0x0045d550","0x0045d59d"
"0x0045d5b0","0x0045d5b0","0x0045d608"
"0x0045d610","0x0045d610","0x0045d64b"
"0x0045d650","0x0045d650","0x0045d667"
"0x0045d670","0x0045d670","0x0045d685"
"0x0045d690","0x0045d690","0x0045d6a6"
"0x0045d6b0","0x0045d6b0","0x0045d6e0"
"0x0045d6f0","0x0045d6f0","0x0045d77b"
"0x0045d780","0x0045d780","0x0045da38"
"0x0045da40","0x0045da40","0x0045dadb"
"0x0045dae0","0x0045dae0","0x0045db2b"
"0x0045db30","0x0045db30","0x0045dbe5"
"0x0045dbf0","0x0045dbf0","0x0045dc6a"
"0x0045dc70","0x0045dc70","0x0045dc9e"
"0x0045dca0","0x0045dca0","0x0045dcb2"
"0x0045dcc0","0x0045dcc0","0x0045dcd2"
"0x0045dce0","0x0045dce0","0x0045dcf2"
"0x0045dd00","0x0045dd00","0x0045dd1e"
"0x0045dd20","0x0045dd20","0x0045dd3e"
"0x0045dd40","0x0045dd40","0x0045dd58"
"0x0045dd60","0x0045dd60","0x0045dd87"
"0x0045dd90","0x0045dd90","0x0045de2b"
"0x0045de30","0x0045de30","0x0045de7a"
"0x0045de80","0x0045de80","0x0045deca"
"0x0045ded0","0x0045ded0","0x0045df36"
"0x0045df40","0x0045df40","0x0045df70"
"0x0045df80","0x0045df80","0x0045e187"
"0x0045e190","0x0045e190","0x0045e234"
"0x0045e240","0x0045e240","0x0045e393"
"0x0045e3a0","0x0045e3a0","0x0045e51d"
"0x0045e520","0x0045e520","0x0045e54e"
"0x0045e550","0x0045e550","0x0045e580"
"0x0045e590","0x0045e590","0x0045e5a4"
"0x0045e5b0","0x0045e5b0","0x0045e5c4"
"0x0045e5d0","0x0045e5d0","0x0045e66b"
"0x0045e670","0x0045e670","0x0045e6bd"
"0x0045e6d0","0x0045e6d0","0x0045e728"
"0x0045e730","0x0045e730","0x0045e760"
"0x0045e770","0x0045e770","0x0045e7fb"
"0x0045e800","0x0045e800","0x0045ea19"
"0x0045ea20","0x0045ea20","0x0045eabb"
"0x0045eac0","0x0045eac0","0x0045eb0b"
"0x0045eb10","0x0045eb10","0x0045ec0b"
"0x0045ec10","0x0045ec10","0x0045ec67"
"0x0045ec70","0x0045ec70","0x0045ec9e"
"0x0045eca0","0x0045eca0","0x0045ecb2"
"0x0045ecc0","0x0045ecc0","0x0045ece9"
"0x0045ecf0","0x0045ecf0","0x0045ed52"
"0x0045ed60","0x0045ed60","0x0045ed8d"
"0x0045ed90","0x0045ed90","0x0045ede9"
"0x0045edf0","0x0045edf0","0x0045ee0d"
"0x0045ee10","0x0045ee10","0x0045ee2d"
"0x0045ee30","0x0045ee30","0x0045ee46"
"0x0045ee50","0x0045ee50","0x0045ee8c"
"0x0045ee90","0x0045ee90","0x0045eead"
"0x0045eeb0","0x0045eeb0","0x0045eecd"
"0x0045eed0","0x0045eed0","0x0045eee6"
"0x0045eef0","0x0045eef0","0x0045ef0d"
"0x0045ef10","0x0045ef10","0x0045ef2d"
"0x0045ef30","0x0045ef30","0x0045ef46"
"0x0045ef50","0x0045ef50","0x0045ef60"
"0x0045ef70","0x0045ef70","0x0045ef8d"
"0x0045ef90","0x0045ef90","0x0045efad"
"0x0045efb0","0x0045efb0","0x0045efc6"
"0x0045efd0","0x0045efd0","0x0045efe0"
"0x0045eff0","0x0045eff0","0x0045f00c"
"0x0045f010","0x0045f010","0x0045f04a"
"0x0045f050","0x0045f050","0x0045f09e"
"0x0045f0a0","0x0045f0a0","0x0045f13b"
"0x0045f140","0x0045f140","0x0045f16c"
"0x0045f170","0x0045f170","0x0045f18d"
"0x0045f190","0x0045f190","0x0045f1ad"
"0x0045f1b0","0x0045f1b0","0x0045f1d0"
"0x0045f1e0","0x0045f1e0","0x0045f200"
"0x0045f210","0x0045f210","0x0045f25a"
"0x0045f260","0x0045f260","0x0045f2aa"
"0x0045f2b0","0x0045f2b0","0x0045f2fd"
"0x0045f310","0x0045f310","0x0045f33b"
"0x0045f340","0x0045f340","0x0045f3b0"
"0x0045f3c0","0x0045f3c0","0x0045f3fb"
"0x0045f400","0x0045f400","0x0045f416"
"0x0045f420","0x0045f420","0x0045f432"
"0x0045f440","0x0045f440","0x0045f45a"
"0x0045f460","0x0045f460","0x0045f47a"
"0x0045f480","0x0045f480","0x0045f495"
"0x0045f4a0","0x0045f4a0","0x0045f4b5"
"0x0045f4c0","0x0045f4c0","0x0045f4ef"
"0x0045f4f0","0x0045f4f0","0x0045f51f"
"0x0045f520","0x0045f520","0x0045f53f"
"0x0045f540","0x0045f540","0x0045f55f"
"0x0045f560","0x0045f560","0x0045f57b"
"0x0045f580","0x0045f580","0x0045f59b"
"0x0045f5a0","0x0045f5a0","0x0045f5d0"
"0x0045f5e0","0x0045f5e0","0x0045f66b"
"0x0045f670","0x0045f670","0x0045f9aa"
"0x0045f9b0","0x0045f9b0","0x0045fa98"
"0x0045faa0","0x0045faa0","0x0045fb07"
"0x0045fb10","0x0045fb10","0x0045fb5b"
"0x0045fb60","0x0045fb60","0x0045fc87"
"0x0045fc90","0x0045fc90","0x0045fd07"
"0x0045fd10","0x0045fd10","0x0045fd3e"
"0x0045fd40","0x0045fd40","0x0045fd52"
"0x0045fd60","0x0045fd60","0x0045fd7d"
"0x0045fd80","0x0045fd80","0x0045fd9d"
"0x0045fda0","0x0045fda0","0x0045fdfc"
"0x0045fe00","0x0045fe00","0x0045fe5c"
"0x0045fe60","0x0045fe60","0x0045fe81"
"0x0045fe90","0x0045fe90","0x0045feb1"
"0x0045fec0","0x0045fec0","0x0045fedd"
"0x0045fee0","0x0045fee0","0x0045fefd"
"0x0045ff00","0x0045ff00","0x0045ff1f"
"0x0045ff20","0x0045ff20","0x0045ff3f"
"0x0045ff40","0x0045ff40","0x0045ff61"
"0x0045ff70","0x0045ff70","0x0045ff91"
"0x0045ffa0","0x0045ffa0","0x0045ffbe"
"0x0045ffc0","0x0045ffc0","0x0045ffde"
"0x0045ffe0","0x0045ffe0","0x0045ffef"
"0x0045fff0","0x0045fff0","0x0045ffff"
"0x00460000","0x00460000","0x00460018"
"0x00460020","0x00460020","0x00460038"
"0x00460040","0x00460040","0x004600db"
"0x004600e0","0x004600e0","0x0046012a"
"0x00460130","0x00460130","0x0046017a"
"0x00460180","0x00460180","0x004601f4"
"0x00460200","0x00460200","0x00460230"
"0x00460240","0x00460240","0x00460569"
"0x00460570","0x00460570","0x00460614"
"0x00460620","0x00460620","0x004607fc"
"0x00460800","0x00460800","0x0046082e"
"0x00460830","0x00460830","0x00460849"
"0x00460850","0x00460850","0x00460862"
"0x00460870","0x00460870","0x0046090b"
"0x00460910","0x00460910","0x0046099c"
"0x004609a0","0x004609a0","0x004609d0"
"0x004609e0","0x004609e0","0x00460b50"
"0x00460b60","0x00460b60","0x00460f23"
"0x00460f30","0x00460f30","0x00460f5e"
"0x00460f60","0x00460f60","0x00460ff5"
"0x00461000","0x00461000","0x00461066"
"0x00461070","0x00461070","0x0046109d"
"0x004610a0","0x004610a0","0x004610cd"
"0x004610d0","0x004610d0","0x0046113e"
"0x00461140","0x00461140","0x0046130d"
"0x00461310","0x00461310","0x00461394"
"0x004613a0","0x004613a0","0x004613ce"
"0x004613d0","0x004613d0","0x0046149f"
"0x004614a0","0x004614a0","0x004614d2"
"0x004614e0","0x004614e0","0x00461507"
"0x00461510","0x00461510","0x00461521"
"0x00461530","0x00461530","0x004615cb"
"0x004615d0","0x004615d0","0x004615e1"
"0x004615f0","0x004615f0","0x0046163a"
"0x00461640","0x00461640","0x0046168a"
"0x00461690","0x00461690","0x004616da"
"0x004616e0","0x004616e0","0x0046172a"
"0x00461730","0x00461730","0x0046183d"
"0x00461840","0x00461840","0x0046185e"
"0x00461860","0x00461860","0x0046187a"
"0x00461880","0x00461880","0x004618b0"
"0x004618c0","0x004618c0","0x00461b72"
"0x00461b80","0x00461b80","0x00462c0d"
"0x00462c10","0x00462c10","0x00462c7f"
"0x00462c80","0x00462c80","0x00463277"
"0x00463280","0x00463280","0x004632ae"
"0x004632b0","0x004632b0","0x00463301"
"0x00463310","0x00463310","0x00463e83"
"0x00463ee0","0x00463ee0","0x00463ef0"
"0x00463f00","0x00463f00","0x00463f10"
"0x00463f20","0x00463f20","0x00463fa5"
"0x00463fb0","0x00463fb0","0x00463fc9"
"0x00463fe0","0x00463fe0","0x0046407e"
"0x00464080","0x00464080","0x00464099"
"0x004640a0","0x004640a0","0x004640b8"
"0x004640c0","0x004640c0","0x004640d3"
"0x004640e0","0x004640e0","0x004640f2"
"0x00464100","0x00464100","0x004641cf"
"0x004641d0","0x004641d0","0x0046421a"
"0x00464230","0x00464230","0x00464249"
"0x00464250","0x00464250","0x00464260"
"0x00464270","0x00464270","0x004642b3"
"0x004642c0","0x004642c0","0x004642d1"
"0x004642e0","0x004642e0","0x00464323"
"0x00464330","0x00464330","0x00464341"
"0x00464350","0x00464350","0x00464387"
"0x00464390","0x00464390","0x004643a5"
"0x004643b0","0x004643b0","0x004643f3"
"0x00464400","0x00464400","0x00464411"
"0x00464420","0x00464420","0x0046446a"
"0x00464480","0x00464480","0x004644c3"
"0x004644d0","0x004644d0","0x004644e1"
"0x004644f0","0x004644f0","0x00464505"
"0x00464510","0x00464510","0x0046452c"
"0x00464530","0x00464530","0x00464544"
"0x00464550","0x00464550","0x0046457b"
"0x00464580","0x00464580","0x004645da"
"0x004645e0","0x004645e0","0x004645f9"
"0x00464600","0x00464600","0x00464638"
"0x00464640","0x00464640","0x004646db"
"0x004646e0","0x004646e0","0x0046478e"
"0x00464790","0x00464790","0x004647f3"
"0x00464800","0x00464800","0x00464830"
"0x00464840","0x00464840","0x004648de"
"0x004648e0","0x004648e0","0x004657c7"
"0x004657d0","0x004657d0","0x0046595f"
"0x00465960","0x00465960","0x00465998"
"0x004659a0","0x004659a0","0x00465c86"
"0x00465cb0","0x00465cb0","0x00465d4b"
"0x00465d50","0x00465d50","0x00465d9a"
"0x00465da0","0x00465da0","0x00465dea"
"0x00465df0","0x00465df0","0x00465e4a"
"0x00465e50","0x00465e50","0x00465e80"
"0x00465e90","0x00465e90","0x00466097"
"0x004660a0","0x004660a0","0x0046613c"
"0x00466140","0x00466140","0x0046626c"
"0x00466270","0x00466270","0x0046629e"
"0x004662a0","0x004662a0","0x0046633b"
"0x00466340","0x00466340","0x0046638a"
"0x00466390","0x00466390","0x004663da"
"0x004663e0","0x004663e0","0x0046643a"
"0x00466440","0x00466440","0x00466470"
"0x00466480","0x00466480","0x00466687"
"0x00466690","0x00466690","0x0046672c"
"0x00466730","0x00466730","0x0046685e"
"0x00466860","0x00466860","0x0046688e"
"0x00466890","0x00466890","0x0046692b"
"0x00466930","0x00466930","0x0046697d"
"0x00466990","0x00466990","0x004669ce"
"0x004669d0","0x004669d0","0x004669f4"
"0x00466a00","0x00466a00","0x00466a15"
"0x00466a20","0x00466a20","0x00466a4e"
"0x00466a50","0x00466a50","0x00466a80"
"0x00466a90","0x00466a90","0x00466ad7"
"0x00466ae0","0x00466ae0","0x00466c0f"
"0x00466c10","0x00466c10","0x00466c62"
"0x00466c70","0x00466c70","0x00466e1c"
"0x00466e20","0x00466e20","0x00466f76"
"0x00466f80","0x00466f80","0x00466fae"
"0x00466fb0","0x00466fb0","0x00466fc0"
"0x00466fd0","0x00466fd0","0x00466fe2"
"0x00466ff0","0x00466ff0","0x00466fff"
"0x00467000","0x00467000","0x0046706e"
"0x00467070","0x00467070","0x0046707c"
"0x00467080","0x00467080","0x004670de"
"0x004670e0","0x004670e0","0x004670fc"
"0x00467100","0x00467100","0x0046719b"
"0x004671a0","0x004671a0","0x00467220"
"0x00467230","0x00467230","0x004672db"
"0x004672e0","0x004672e0","0x00467371"
"0x00467380","0x00467380","0x004673a3"
"0x004673b0","0x004673b0","0x004673ec"
"0x004673f0","0x004673f0","0x00467420"
"0x00467820","0x00467820","0x004678b1"
"0x004678c0","0x004678c0","0x00467984"
"0x00467990","0x00467990","0x00467c14"
"0x00467c20","0x00467c20","0x00467c4e"
"0x00467c50","0x00467c50","0x00467c6d"
"0x00467c70","0x00467c70","0x00467c8e"
"0x00467c90","0x00467c90","0x00467cb0"
"0x00467cc0","0x00467cc0","0x00467cf6"
"0x00467d00","0x00467d00","0x00467d2c"
"0x00467d30","0x00467d30","0x00467d71"
"0x00467d80","0x00467d80","0x00467e1d"
"0x00467e20","0x00467e20","0x00467e85"
"0x00467e90","0x00467e90","0x00467ed1"
"0x00467ee0","0x00467ee0","0x00467f45"
"0x00467f50","0x00467f50","0x00467f97"
"0x00467fa0","0x00467fa0","0x00467fce"
"0x00467fd0","0x00467fd0","0x00467fe0"
"0x00467ff0","0x00467ff0","0x0046800d"
"0x00468010","0x00468010","0x00468022"
"0x00468030","0x00468030","0x0046817c"
"0x00468180","0x00468180","0x00468293"
"0x004682a0","0x004682a0","0x004682db"
"0x004682e0","0x004682e0","0x00468376"
"0x00468380","0x00468380","0x004683ac"
"0x004683b0","0x004683b0","0x0046844a"
"0x00468450","0x00468450","0x00468466"
"0x00468470","0x00468470","0x004686df"
"0x00468700","0x00468700","0x0046879c"
"0x004687b0","0x004687b0","0x00468c91"
"0x00468ca0","0x00468ca0","0x00468f3a"
"0x00468f40","0x00468f40","0x00468fcf"
"0x00468fe0","0x00468fe0","0x00469025"
"0x00469030","0x00469030","0x00469061"
"0x00469070","0x00469070","0x004690cc"
"0x004690e0","0x004690e0","0x004690ec"
"0x004690f0","0x004690f0","0x00469345"
"0x00469390","0x00469390","0x004693e9"
"0x004693f0","0x004693f0","0x00469449"
"0x00469450","0x00469450","0x004694e3"
"0x004694f0","0x004694f0","0x00469631"
"0x00469640","0x00469640","0x0046971b"
"0x00469720","0x00469720","0x00469fb9"
"0x00469fc0","0x00469fc0","0x0046a027"
"0x0046a030","0x0046a030","0x0046a04d"
"0x0046a050","0x0046a050","0x0046a085"
"0x0046a090","0x0046a090","0x0046a0f6"
"0x0046a100","0x0046a100","0x0046a160"
"0x0046a170","0x0046a170","0x0046a1b8"
"0x0046a1c0","0x0046a1c0","0x0046a208"
"0x0046a210","0x0046a210","0x0046a21f"
"0x0046a220","0x0046a220","0x0046a22a"
"0x0046a230","0x0046a230","0x0046a2ea"
"0x0046a2f0","0x0046a2f0","0x0046a3aa"
"0x0046a3b0","0x0046a3b0","0x0046a411"
"0x0046a420","0x0046a420","0x0046a4aa"
"0x0046a4b0","0x0046a4b0","0x0046a4bd"
"0x0046a4c0","0x0046a4c0","0x0046a4cd"
"0x0046a4d0","0x0046a4d0","0x0046a549"
"0x0046a550","0x0046a550","0x0046a56d"
"0x0046a570","0x0046a570","0x0046a59f"
"0x0046a5a0","0x0046a5a0","0x0046a5d4"
"0x0046a5e0","0x0046a5e0","0x0046a611"
"0x0046a620","0x0046a620","0x0046a654"
"0x0046a660","0x0046a660","0x0046a67e"
"0x0046a680","0x0046a680","0x0046a6a0"
"0x0046a6b0","0x0046a6b0","0x0046a700"
"0x0046a710","0x0046a710","0x0046a77b"
"0x0046a780","0x0046a780","0x0046a826"
"0x0046a830","0x0046a830","0x0046a8af"
"0x0046a8b0","0x0046a8b0","0x0046a8dc"
"0x0046a8e0","0x0046a8e0","0x0046ab8e"
"0x0046aba0","0x0046aba0","0x0046ac7a"
"0x0046ac80","0x0046ac80","0x0046addc"
"0x0046ade0","0x0046ade0","0x0046adf6"
"0x0046ae00","0x0046ae00","0x0046ae2f"
"0x0046ae30","0x0046ae30","0x0046ae46"
"0x0046ae50","0x0046ae50","0x0046aec5"
"0x0046aed0","0x0046aed0","0x0046aee3"
"0x0046aef0","0x0046aef0","0x0046b0c1"
"0x0046b0d0","0x0046b0d0","0x0046b127"
"0x0046b130","0x0046b130","0x0046b1a4"
"0x0046b1b0","0x0046b1b0","0x0046b1db"
"0x0046b1e0","0x0046b1e0","0x0046b204"
"0x0046b210","0x0046b210","0x0046b226"
"0x0046b230","0x0046b230","0x0046b244"
"0x0046b250","0x0046b250","0x0046b262"
"0x0046b270","0x0046b270","0x0046b28d"
"0x0046b290","0x0046b290","0x0046b2a5"
"0x0046b2b0","0x0046b2b0","0x0046b2d4"
"0x0046b2e0","0x0046b2e0","0x0046b32b"
"0x0046b330","0x0046b330","0x0046b35c"
"0x0046b360","0x0046b360","0x0046b38c"
"0x0046b390","0x0046b390","0x0046b4dd"
"0x0046b4e0","0x0046b4e0","0x0046b50d"
"0x0046b510","0x0046b510","0x0046b540"
"0x0046b550","0x0046b550","0x0046b580"
"0x0046b590","0x0046b590","0x0046b6db"
"0x0046b6e0","0x0046b6e0","0x0046b7e2"
"0x0046b7f0","0x0046b7f0","0x0046b997"
"0x0046b9a0","0x0046b9a0","0x0046ba14"
"0x0046ba20","0x0046ba20","0x0046bb8c"
"0x0046bb90","0x0046bb90","0x0046c07f"
"0x0046c080","0x0046c080","0x0046c202"
"0x0046c210","0x0046c210","0x0046c92e"
"0x0046c930","0x0046c930","0x0046c989"
"0x0046c990","0x0046c990","0x0046ca39"
"0x0046ca40","0x0046ca40","0x0046cc12"
"0x0046cc30","0x0046cc30","0x0046cc77"
"0x0046cc80","0x0046cc80","0x0046cd3d"
"0x0046cd40","0x0046cd40","0x0046cd7f"
"0x0046cd80","0x0046cd80","0x0046cdfb"
"0x0046ce00","0x0046ce00","0x0046ce86"
"0x0046ce90","0x0046ce90","0x0046cef7"
"0x0046cf00","0x0046cf00","0x0046cf92"
"0x0046cfa0","0x0046cfa0","0x0046d01b"
"0x0046d020","0x0046d020","0x0046d086"
"0x0046d090","0x0046d090","0x0046d16b"
"0x0046d170","0x0046d170","0x0046d2fb"
"0x0046d300","0x0046d300","0x0046df26"
"0x0046d300","0x0046df29","0x0046e906"
"0x0046e9e0","0x0046e9e0","0x0046ea67"
"0x0046ea70","0x0046ea70","0x0046ea9e"
"0x0046eaa0","0x0046eaa0","0x0046eabd"
"0x0046eac0","0x0046eac0","0x0046eaec"
"0x0046eaf0","0x0046eaf0","0x0046eb10"
"0x0046eb20","0x0046eb20","0x0046eb4e"
"0x0046eb50","0x0046eb50","0x0046eb7e"
"0x0046eb80","0x0046eb80","0x0046ebad"
"0x0046ebb0","0x0046ebb0","0x0046ebc9"
"0x0046ebd0","0x0046ebd0","0x0046ebe9"
"0x0046ebf0","0x0046ebf0","0x0046ec44"
"0x0046ec50","0x0046ec50","0x0046ec78"
"0x0046ec80","0x0046ec80","0x0046ece7"
"0x0046ecf0","0x0046ecf0","0x0046ed57"
"0x0046ed60","0x0046ed60","0x0046ed87"
"0x0046ed90","0x0046ed90","0x0046eed8"
"0x0046eee0","0x0046eee0","0x0046eeef"
"0x0046eef0","0x0046eef0","0x0046eeff"
"0x0046ef00","0x0046ef00","0x0046ef49"
"0x0046ef50","0x0046ef50","0x0046ef68"
"0x0046ef70","0x0046ef70","0x0046ef7f"
"0x0046ef80","0x0046ef80","0x0046f0f7"
"0x0046f100","0x0046f100","0x0046fb36"
"0x0046fb40","0x0046fb40","0x0046fbc3"
"0x0046fbd0","0x0046fbd0","0x0046fbfc"
"0x0046fc00","0x0046fc00","0x0046fc25"
"0x0046fc30","0x0046fc30","0x0046fc6d"
"0x0046fc70","0x0046fc70","0x0046fc7d"
"0x0046fc80","0x0046fc80","0x0046fc9f"
"0x0046fca0","0x0046fca0","0x0046fcae"
"0x0046fcb0","0x0046fcb0","0x0046fcd3"
"0x0046fce0","0x0046fce0","0x0046feb4"
"0x0046fce0","0x0046feb7","0x0046ff2a"
"0x0046ff30","0x0046ff30","0x0046ff76"
"0x0046ff80","0x0046ff80","0x0046ffb0"
"0x0046ffc0","0x0046ffc0","0x0046ffcd"
"0x0046ffd0","0x0046ffd0","0x00470020"
"0x00470030","0x00470030","0x0047013e"
"0x00470140","0x00470140","0x0047017f"
"0x00470180","0x00470180","0x00470218"
"0x00470220","0x00470220","0x00470241"
"0x00470250","0x00470250","0x0047026d"
"0x00470270","0x00470270","0x004702aa"
"0x004702b0","0x004702b0","0x004702f1"
"0x00470300","0x00470300","0x0047030c"
"0x00470310","0x00470310","0x00470357"
"0x00470360","0x00470360","0x00470394"
"0x004703a0","0x004703a0","0x004703bd"
"0x004703c0","0x004703c0","0x00470495"
"0x004704a0","0x004704a0","0x004704ac"
"0x004704b0","0x004704b0","0x004704e1"
"0x004704f0","0x004704f0","0x0047050a"
"0x00470510","0x00470510","0x0047052a"
"0x00470530","0x00470530","0x0047053e"
"0x00470540","0x00470540","0x0047054f"
"0x00470550","0x00470550","0x00470592"
"0x004705a0","0x004705a0","0x004705f9"
"0x00470600","0x00470600","0x00470614"
"0x00470620","0x00470620","0x0047066d"
"0x00470670","0x00470670","0x0047067f"
"0x00470680","0x00470680","0x004708d7"
"0x004708e0","0x004708e0","0x00470917"
"0x00470920","0x00470920","0x00470967"
"0x00470970","0x00470970","0x004709c0"
"0x004709d0","0x004709d0","0x004709d9"
"0x004709e0","0x004709e0","0x00470a1a"
"0x00470a20","0x00470a20","0x00470a3f"
"0x00470a40","0x00470a40","0x00470a53"
"0x00470a60","0x00470a60","0x00470a7e"
"0x00470a80","0x00470a80","0x00470aa4"
"0x00470ab0","0x00470ab0","0x00470ac8"
"0x00470ad0","0x00470ad0","0x00470ae8"
"0x00470af0","0x00470af0","0x00470b15"
"0x00470b20","0x00470b20","0x00470b39"
"0x00470b40","0x00470b40","0x00470b59"
"0x00470b60","0x00470b60","0x00470b78"
"0x00470b80","0x00470b80","0x00470e44"
"0x00470e50","0x00470e50","0x00470e8b"
"0x00470e90","0x00470e90","0x00470ecb"
"0x00470ed0","0x00470ed0","0x0047104a"
"0x00471050","0x00471050","0x0047105f"
"0x00471060","0x00471060","0x0047108e"
"0x00471060","0x00471091","0x004710b7"
"0x004710c0","0x004710c0","0x004710ed"
"0x004710f0","0x004710f0","0x00471128"
"0x00471130","0x00471130","0x0047115e"
"0x00471160","0x00471160","0x0047116a"
"0x00471170","0x00471170","0x00471195"
"0x004711a0","0x004711a0","0x00471208"
"0x00471210","0x00471210","0x00471276"
"0x00471280","0x00471280","0x004712c8"
"0x004712d0","0x004712d0","0x004713a4"
"0x004713b0","0x004713b0","0x004713bf"
"0x004713c0","0x004713c0","0x0047140e"
"0x00471410","0x00471410","0x00471479"
"0x00471480","0x00471480","0x004715b2"
"0x004715c0","0x004715c0","0x0047177e"
"0x00471790","0x00471790","0x004718ce"
"0x004718d0","0x004718d0","0x0047193f"
"0x00471940","0x00471940","0x0047197f"
"0x00471980","0x00471980","0x00471c32"
"0x00471c40","0x00471c40","0x00471c8f"
"0x00471ca0","0x00471ca0","0x00471da9"
"0x00471db0","0x00471db0","0x00471e5b"
"0x00471e60","0x00471e60","0x00471f41"
"0x00471f50","0x00471f50","0x00472031"
"0x00472040","0x00472040","0x00472058"
"0x00472060","0x00472060","0x0047208e"
"0x00472090","0x00472090","0x004720c0"
"0x004720d0","0x004720d0","0x004720fd"
"0x00472100","0x00472100","0x004722d8"
"0x004722e0","0x004722e0","0x0047283e"
"0x00472840","0x00472840","0x00472a03"
"0x00472a10","0x00472a10","0x00472a2f"
"0x00472a30","0x00472a30","0x00472d0b"
"0x00472d10","0x00472d10","0x00473136"
"0x00473140","0x00473140","0x00473157"
"0x00473160","0x00473160","0x004733f4"
"0x00473400","0x00473400","0x00473488"
"0x00473490","0x00473490","0x00473589"
"0x00473590","0x00473590","0x00473632"
"0x00473590","0x00473635","0x00473687"
"0x00473590","0x0047368a","0x004739c1"
"0x004739d0","0x004739d0","0x004739dc"
"0x004739e0","0x004739e0","0x00473b10"
"0x00473b20","0x00473b20","0x00474770"
"0x00474780","0x00474780","0x00474853"
"0x00474860","0x00474860","0x0047486c"
"0x00474870","0x00474870","0x0047487c"
"0x00474880","0x00474880","0x00474926"
"0x00474880","0x0047492c","0x004749bb"
"0x00474880","0x004749c1","0x00474cde"
"0x00474ce0","0x00474ce0","0x00474d3b"
"0x00474d40","0x00474d40","0x00474d50"
"0x00474d60","0x00474d60","0x00474d78"
"0x00474d80","0x00474d80","0x00474dc8"
"0x00474dd0","0x00474dd0","0x00474df9"
"0x00474e00","0x00474e00","0x00474e13"
"0x00474e20","0x00474e20","0x00474e33"
"0x00474e40","0x00474e40","0x00474e63"
"0x00474e70","0x00474e70","0x0047509a"
"0x004750a0","0x004750a0","0x00475116"
"0x00475120","0x00475120","0x00475144"
"0x00475150","0x00475150","0x00475160"
"0x00475170","0x00475170","0x004751ae"
"0x004751b0","0x004751b0","0x0047521a"
"0x004751b0","0x00475225","0x00475229"
"0x004751b0","0x0047522f","0x0047732b"
"0x004773c0","0x004773c0","0x00477444"
"0x00477450","0x00477450","0x00477471"
"0x00477480","0x00477480","0x0047751f"
"0x00477520","0x00477520","0x0047763c"
"0x00477640","0x00477640","0x00477665"
"0x00477670","0x00477670","0x00477690"
"0x004776a0","0x004776a0","0x004776b8"
"0x004776c0","0x004776c0","0x00477741"
"0x00477750","0x00477750","0x00477768"
"0x00477770","0x00477770","0x00477788"
"0x00477790","0x00477790","0x004777bc"
"0x004777c0","0x004777c0","0x004777ee"
"0x004777f0","0x004777f0","0x0047781e"
"0x00477820","0x00477820","0x0047783d"
"0x00477840","0x00477840","0x0047785b"
"0x00477860","0x00477860","0x0047787b"
"0x00477880","0x00477880","0x004778b6"
"0x00477880","0x004778b9","0x004778df"
"0x004778e0","0x004778e0","0x0047790f"
"0x00477910","0x00477910","0x00477953"
"0x00477960","0x00477960","0x004779a2"
"0x004779b0","0x004779b0","0x00477a56"
"0x00477a60","0x00477a60","0x00477ad5"
"0x00477ae0","0x00477ae0","0x00477b74"
"0x00477b80","0x00477b80","0x00477ba5"
"0x00477bb0","0x00477bb0","0x00477be0"
"0x00477bf0","0x00477bf0","0x00477c1d"
"0x00477c20","0x00477c20","0x00477ca1"
"0x00477cb0","0x00477cb0","0x00477cdc"
"0x00477ce0","0x00477ce0","0x00477cee"
"0x00477cf0","0x00477cf0","0x00477d2f"
"0x00477d30","0x00477d30","0x00477dba"
"0x00477dc0","0x00477dc0","0x00477e23"
"0x00477e30","0x00477e30","0x00477ef6"
"0x00477f00","0x00477f00","0x00477f37"
"0x00477f40","0x00477f40","0x00477f5b"
"0x00477f60","0x00477f60","0x00477faa"
"0x00477fb0","0x00477fb0","0x00477fbc"
"0x00477fc0","0x00477fc0","0x00477fcc"
"0x00477fd0","0x00477fd0","0x00477fea"
"0x00477ff0","0x00477ff0","0x00478038"
"0x00478040","0x00478040","0x00478059"
"0x00478060","0x00478060","0x00478079"
"0x00478080","0x00478080","0x00478093"
"0x004780a0","0x004780a0","0x00478122"
"0x00478130","0x00478130","0x00478159"
"0x00478160","0x00478160","0x0047818b"
"0x00478190","0x00478190","0x00478257"
"0x00478260","0x00478260","0x0047828c"
"0x00478290","0x00478290","0x004782c5"
"0x004782d0","0x004782d0","0x004782fc"
"0x00478300","0x00478300","0x00478334"
"0x00478300","0x00478337","0x0047837a"
"0x00478380","0x00478380","0x00478393"
"0x004783a0","0x004783a0","0x00478426"
"0x00478430","0x00478430","0x004784d1"
"0x004784e0","0x004784e0","0x00478529"
"0x00478530","0x00478530","0x004785bd"
"0x004785c0","0x004785c0","0x004785d3"
"0x004785e0","0x004785e0","0x0047860d"
"0x00478610","0x00478610","0x00478636"
"0x00478640","0x00478640","0x00478670"
"0x00478680","0x00478680","0x004786dd"
"0x00478680","0x004786e3","0x00478bed"
"0x00478bf0","0x00478bf0","0x00478bff"
"0x00478c00","0x00478c00","0x00478df3"
"0x00478e00","0x00478e00","0x00478e3c"
"0x00478e40","0x00478e40","0x00478e74"
"0x00478e80","0x00478e80","0x00478e99"
"0x00478ea0","0x00478ea0","0x00478eb9"
"0x00478ec0","0x00478ec0","0x00478ed9"
"0x00478ee0","0x00478ee0","0x00478ef9"
"0x00478f00","0x00478f00","0x00478f66"
"0x00478f70","0x00478f70","0x00479012"
"0x00479020","0x00479020","0x00479032"
"0x00479040","0x00479040","0x00479055"
"0x00479060","0x00479060","0x0047907f"
"0x00479080","0x00479080","0x0047909c"
"0x004790a0","0x004790a0","0x004790b9"
"0x004790c0","0x004790c0","0x004790d9"
"0x004790e0","0x004790e0","0x0047911c"
"0x00479120","0x00479120","0x00479134"
"0x00479140","0x00479140","0x004791c6"
"0x004791d0","0x004791d0","0x00479275"
"0x00479280","0x00479280","0x004792e5"
"0x004792f0","0x004792f0","0x00479313"
"0x00479320","0x00479320","0x00479350"
"0x00479360","0x00479360","0x0047985e"
"0x00479860","0x00479860","0x00479e0f"
"0x00479e10","0x00479e10","0x00479f82"
"0x00479f90","0x00479f90","0x00479fc6"
"0x00479fd0","0x00479fd0","0x0047a08f"
"0x0047a090","0x0047a090","0x0047a1a4"
"0x0047a1b0","0x0047a1b0","0x0047a1e4"
"0x0047a1f0","0x0047a1f0","0x0047a20b"
"0x0047a210","0x0047a210","0x0047a231"
"0x0047a240","0x0047a240","0x0047a28d"
"0x0047a2a0","0x0047a2a0","0x0047a2b8"
"0x0047a2c0","0x0047a2c0","0x0047a2d8"
"0x0047a2e0","0x0047a2e0","0x0047a316"
"0x0047a320","0x0047a320","0x0047a330"
"0x0047a340","0x0047a340","0x0047a36c"
"0x0047a370","0x0047a370","0x0047a3d0"
"0x0047a3e0","0x0047a3e0","0x0047a3f8"
"0x0047a400","0x0047a400","0x0047a49b"
"0x0047a4a0","0x0047a4a0","0x0047a4b9"
"0x0047a4c0","0x0047a4c0","0x0047a4dc"
"0x0047a4e0","0x0047a4e0","0x0047a4f8"
"0x0047a500","0x0047a500","0x0047a519"
"0x0047a520","0x0047a520","0x0047a539"
"0x0047a540","0x0047a540","0x0047a559"
"0x0047a560","0x0047a560","0x0047a5ad"
"0x0047a5c0","0x0047a5c0","0x0047a5d9"
"0x0047a5e0","0x0047a5e0","0x0047a605"
"0x0047a610","0x0047a610","0x0047a624"
"0x0047a630","0x0047a630","0x0047a652"
"0x0047a660","0x0047a660","0x0047a70c"
"0x0047a710","0x0047a710","0x0047a75d"
"0x0047a770","0x0047a770","0x0047a78b"
"0x0047a790","0x0047a790","0x0047a7c7"
"0x0047a7d0","0x0047a7d0","0x0047a810"
"0x0047a820","0x0047a820","0x0047a83d"
"0x0047a840","0x0047a840","0x0047a852"
"0x0047a860","0x0047a860","0x0047a879"
"0x0047a880","0x0047a880","0x0047a8c0"
"0x0047a8d0","0x0047a8d0","0x0047aaa5"
"0x0047aab0","0x0047aab0","0x0047ab2b"
"0x0047ab30","0x0047ab30","0x0047ab5a"
"0x0047ab60","0x0047ab60","0x0047aba8"
"0x0047abb0","0x0047abb0","0x0047ac0f"
"0x0047ac10","0x0047ac10","0x0047ac52"
"0x0047ac60","0x0047ac60","0x0047aca6"
"0x0047acb0","0x0047acb0","0x0047ad0b"
"0x0047ad10","0x0047ad10","0x0047ad6b"
"0x0047ad70","0x0047ad70","0x0047ad97"
"0x0047ada0","0x0047ada0","0x0047add5"
"0x0047ade0","0x0047ade0","0x0047aeda"
"0x0047aee0","0x0047aee0","0x0047b02a"
"0x0047b030","0x0047b030","0x0047b04d"
"0x0047b050","0x0047b050","0x0047b113"
"0x0047b120","0x0047b120","0x0047b1e7"
"0x0047b1f0","0x0047b1f0","0x0047b28a"
"0x0047b290","0x0047b290","0x0047b36e"
"0x0047b370","0x0047b370","0x0047b3bd"
"0x0047b3c0","0x0047b3c0","0x0047b40d"
"0x0047b410","0x0047b410","0x0047b420"
"0x0047b430","0x0047b430","0x0047b441"
"0x0047b450","0x0047b450","0x0047b490"
"0x0047b4a0","0x0047b4a0","0x0047b4be"
"0x0047b4c0","0x0047b4c0","0x0047b50d"
"0x0047b510","0x0047b510","0x0047b52e"
"0x0047b530","0x0047b530","0x0047b57d"
"0x0047b580","0x0047b580","0x0047b5a0"
"0x0047b5b0","0x0047b5b0","0x0047b5e5"
"0x0047b5f0","0x0047b5f0","0x0047b638"
"0x0047b640","0x0047b640","0x0047b650"
"0x0047b660","0x0047b660","0x0047b66f"
"0x0047b670","0x0047b670","0x0047b68c"
"0x0047b690","0x0047b690","0x0047b69c"
"0x0047b6a0","0x0047b6a0","0x0047b6b0"
"0x0047b6c0","0x0047b6c0","0x0047b6e0"
"0x0047b6f0","0x0047b6f0","0x0047b70e"
"0x0047b710","0x0047b710","0x0047b730"
"0x0047b740","0x0047b740","0x0047b78a"
"0x0047b790","0x0047b790","0x0047b7bb"
"0x0047b7c0","0x0047b7c0","0x0047b80d"
"0x0047b820","0x0047b820","0x0047b84d"
"0x0047b850","0x0047b850","0x0047b874"
"0x0047b880","0x0047b880","0x0047b896"
"0x0047b8a0","0x0047b8a0","0x0047ba21"
"0x0047ba30","0x0047ba30","0x0047ba99"
"0x0047baa0","0x0047baa0","0x0047bb2c"
"0x0047bb30","0x0047bb30","0x0047bb8e"
"0x0047bb90","0x0047bb90","0x0047bc8e"
"0x0047bca0","0x0047bca0","0x0047bd1e"
"0x0047bd20","0x0047bd20","0x0047bd89"
"0x0047bd90","0x0047bd90","0x0047bdf9"
"0x0047be00","0x0047be00","0x0047c02b"
"0x0047c030","0x0047c030","0x0047c125"
"0x0047c130","0x0047c130","0x0047c1e3"
"0x0047c1f0","0x0047c1f0","0x0047c211"
"0x0047c220","0x0047c220","0x0047c279"
"0x0047c280","0x0047c280","0x0047c29c"
"0x0047c2a0","0x0047c2a0","0x0047c2ed"
"0x0047c300","0x0047c300","0x0047c313"
"0x0047c320","0x0047c320","0x0047c333"
"0x0047c340","0x0047c340","0x0047c441"
"0x0047c450","0x0047c450","0x0047c466"
"0x0047c470","0x0047c470","0x0047c489"
"0x0047c490","0x0047c490","0x0047c4a6"
"0x0047c4b0","0x0047c4b0","0x0047c4c6"
"0x0047c4d0","0x0047c4d0","0x0047c520"
"0x0047c530","0x0047c530","0x0047c56e"
"0x0047c570","0x0047c570","0x0047c5e8"
"0x0047c5f0","0x0047c5f0","0x0047c610"
"0x0047c620","0x0047c620","0x0047c64d"
"0x0047c650","0x0047c650","0x0047c67c"
"0x0047c680","0x0047c680","0x0047c695"
"0x0047c6a0","0x0047c6a0","0x0047c6b6"
"0x0047c6c0","0x0047c6c0","0x0047c6e0"
"0x0047c6f0","0x0047c6f0","0x0047c70d"
"0x0047c710","0x0047c710","0x0047c725"
"0x0047c730","0x0047c730","0x0047c754"
"0x0047c760","0x0047c760","0x0047c78d"
"0x0047c790","0x0047c790","0x0047c7c0"
"0x0047c7d0","0x0047c7d0","0x0047c7fd"
"0x0047c800","0x0047c800","0x0047c86d"
"0x0047c800","0x0047c870","0x0047c8e1"
"0x0047c8f0","0x0047c8f0","0x0047cb85"
"0x0047cb90","0x0047cb90","0x0047cc81"
"0x0047cc90","0x0047cc90","0x0047cf52"
"0x0047cf60","0x0047cf60","0x0047d0f0"
"0x0047d100","0x0047d100","0x0047d23f"
"0x0047d240","0x0047d240","0x0047d3c3"
"0x0047d3d0","0x0047d3d0","0x0047d572"
"0x0047d580","0x0047d580","0x0047d5ef"
"0x0047d580","0x0047d5f2","0x0047d5f8"
"0x0047d600","0x0047d600","0x0047d95e"
"0x0047d960","0x0047d960","0x0047da32"
"0x0047da40","0x0047da40","0x0047db62"
"0x0047db70","0x0047db70","0x0047dc80"
"0x0047dc90","0x0047dc90","0x0047dce0"
"0x0047dcf0","0x0047dcf0","0x00480007"
"0x0047dcf0","0x0048000a","0x00480936"
"0x0047dcf0","0x0048093c","0x00480c5b"
"0x00480d30","0x00480d30","0x00480d61"
"0x00480d70","0x00480d70","0x00480da1"
"0x00480db0","0x00480db0","0x00480e2a"
"0x00480db0","0x00480e30","0x00480f9c"
"0x00480fa0","0x00480fa0","0x004811f9"
"0x00481200","0x00481200","0x0048177b"
"0x00481780","0x00481780","0x00481854"
"0x00481780","0x00481857","0x004818d2"
"0x004818e0","0x004818e0","0x00482776"
"0x004827e0","0x004827e0","0x004828fa"
"0x004827e0","0x00482900","0x00482a5c"
"0x00482a60","0x00482a60","0x00482d9f"
"0x00482da0","0x00482da0","0x00482eb8"
"0x00482ec0","0x00482ec0","0x00483008"
"0x00483010","0x00483010","0x0048314e"
"0x00483150","0x00483150","0x00483264"
"0x00483270","0x00483270","0x0048334d"
"0x00483270","0x00483353","0x004833c8"
"0x00483270","0x004833ce","0x0048344b"
"0x00483270","0x00483451","0x004834cf"
"0x00483270","0x004834d2","0x0048357c"
"0x00483580","0x00483580","0x00483901"
"0x00483920","0x00483920","0x0048398f"
"0x00483920","0x00483995","0x00483ac7"
"0x00483ad0","0x00483ad0","0x00483d1f"
"0x00483d20","0x00483d20","0x00483d91"
"0x00483d20","0x00483d97","0x00483ef8"
"0x00483f00","0x00483f00","0x00483f6f"
"0x00483f00","0x00483f75","0x004840d6"
"0x004840e0","0x004840e0","0x004841ea"
"0x004841f0","0x004841f0","0x00484256"
"0x00484260","0x00484260","0x004842e2"
"0x004842f0","0x004842f0","0x0048431e"
"0x00484320","0x00484320","0x00484383"
"0x00484390","0x00484390","0x004843e3"
"0x004843f0","0x004843f0","0x00484495"
"0x004844a0","0x004844a0","0x00484567"
"0x00484570","0x00484570","0x0048458f"
"0x00484590","0x00484590","0x004845bf"
"0x004845c0","0x004845c0","0x004845e8"
"0x004845f0","0x004845f0","0x0048466a"
"0x00484670","0x00484670","0x004846d6"
"0x004846e0","0x004846e0","0x004846ff"
"0x00484700","0x00484700","0x00484713"
"0x00484720","0x00484720","0x00484746"
"0x00484750","0x00484750","0x00484782"
"0x00484790","0x00484790","0x0048482d"
"0x00484830","0x00484830","0x00484842"
"0x00484850","0x00484850","0x004848a6"
"0x004848b0","0x004848b0","0x00484939"
"0x00484940","0x00484940","0x00484979"
"0x00484980","0x00484980","0x004849a1"
"0x004849b0","0x004849b0","0x004849cd"
"0x004849d0","0x004849d0","0x00484a10"
"0x00484a20","0x00484a20","0x00485201"
"0x00485210","0x00485210","0x00485238"
"0x00485240","0x00485240","0x0048528c"
"0x00485290","0x00485290","0x004852a5"
"0x004852b0","0x004852b0","0x00485304"
"0x00485310","0x00485310","0x0048533b"
"0x00485340","0x00485340","0x0048535a"
"0x00485360","0x00485360","0x00485381"
"0x00485390","0x00485390","0x00485417"
"0x00485420","0x00485420","0x004854cf"
"0x004854d0","0x004854d0","0x0048557f"
"0x00485580","0x00485580","0x00485634"
"0x00485640","0x00485640","0x00485651"
"0x00485660","0x00485660","0x0048568a"
"0x00485690","0x00485690","0x004856bf"
"0x004856c0","0x004856c0","0x004856d1"
"0x004856e0","0x004856e0","0x004856f0"
"0x00485700","0x00485700","0x00485711"
"0x00485720","0x00485720","0x00485731"
"0x00485740","0x00485740","0x004858f1"
"0x00485900","0x00485900","0x00485912"
"0x00485920","0x00485920","0x00485968"
"0x00485970","0x00485970","0x00485982"
"0x00485990","0x00485990","0x004859a0"
"0x004859b0","0x004859b0","0x004859c3"
"0x004859d0","0x004859d0","0x004859e0"
"0x004859f0","0x004859f0","0x00485a02"
"0x00485a10","0x00485a10","0x00485a3b"
"0x00485a40","0x00485a40","0x00485a54"
"0x00485a60","0x00485a60","0x00485ad9"
"0x00485ae0","0x00485ae0","0x00485af9"
"0x00485b00","0x00485b00","0x00485b12"
"0x00485b20","0x00485b20","0x00485b5a"
"0x00485b60","0x00485b60","0x00485fbb"
"0x00485b60","0x00485fbe","0x00486295"
"0x004862b0","0x004862b0","0x004862e4"
"0x004862f0","0x004862f0","0x0048630f"
"0x00486310","0x00486310","0x00486325"
"0x00486330","0x00486330","0x00486345"
"0x00486350","0x00486350","0x00486365"
"0x00486370","0x00486370","0x00486385"
"0x00486390","0x00486390","0x004863ba"
"0x004863c0","0x004863c0","0x004863ec"
"0x004863f0","0x004863f0","0x00486426"
"0x00486430","0x00486430","0x0048647d"
"0x00486480","0x00486480","0x004864a6"
"0x004864b0","0x004864b0","0x004864ed"
"0x004864f0","0x004864f0","0x0048652b"
"0x00486530","0x00486530","0x00486565"
"0x00486570","0x00486570","0x004865a5"
"0x004865b0","0x004865b0","0x004865c5"
"0x004865d0","0x004865d0","0x004865e4"
"0x004865f0","0x004865f0","0x004865ff"
"0x00486600","0x00486600","0x00486628"
"0x00486630","0x00486630","0x00486662"
"0x00486630","0x00486665","0x0048668b"
"0x00486690","0x00486690","0x004866a9"
"0x004866b0","0x004866b0","0x004866e4"
"0x004866f0","0x004866f0","0x00486731"
"0x00486740","0x00486740","0x004867a5"
"0x004867b0","0x004867b0","0x004867f1"
"0x00486800","0x00486800","0x00486865"
"0x00486870","0x00486870","0x0048691d"
"0x00486920","0x00486920","0x004869cd"
"0x004869d0","0x004869d0","0x00486a29"
"0x00486a30","0x00486a30","0x00486a70"
"0x00486a80","0x00486a80","0x00486ac8"
"0x00486ad0","0x00486ad0","0x00486add"
"0x00486ae0","0x00486ae0","0x00486aed"
"0x00486af0","0x00486af0","0x00486b2f"
"0x00486b30","0x00486b30","0x00486b6f"
"0x00486b70","0x00486b70","0x00486ba7"
"0x00486bb0","0x00486bb0","0x00486d0b"
"0x00486d20","0x00486d20","0x00486dd3"
"0x00486de0","0x00486de0","0x00486e02"
"0x00486e10","0x00486e10","0x00486e26"
"0x00486e30","0x00486e30","0x00486e43"
"0x00486e50","0x00486e50","0x00486e71"
"0x00486e80","0x00486e80","0x00486eee"
"0x00486ef0","0x00486ef0","0x00486f1d"
"0x00486f20","0x00486f20","0x00486f50"
"0x00486f60","0x00486f60","0x004872ca"
"0x004872d0","0x004872d0","0x00487554"
"0x00487560","0x00487560","0x00487584"
"0x00487590","0x00487590","0x004878ac"
"0x004878b0","0x004878b0","0x00487b09"
"0x00487b10","0x00487b10","0x00487b88"
"0x00487b90","0x00487b90","0x00487baf"
"0x00487bb0","0x00487bb0","0x00487c2a"
"0x00487c30","0x00487c30","0x00488397"
"0x004883a0","0x004883a0","0x004883bf"
"0x004883c0","0x004883c0","0x004883ee"
"0x004883f0","0x004883f0","0x0048840b"
"0x00488410","0x00488410","0x0048843d"
"0x00488440","0x00488440","0x00488459"
"0x00488460","0x00488460","0x00488479"
"0x00488480","0x00488480","0x004884e7"
"0x004884f0","0x004884f0","0x004884ff"
"0x00488500","0x00488500","0x0048850f"
"0x00488510","0x00488510","0x0048854c"
"0x00488550","0x00488550","0x00488586"
"0x00488590","0x00488590","0x004885cc"
"0x004885d0","0x004885d0","0x004885dc"
"0x004885e0","0x004885e0","0x00488673"
"0x00488680","0x00488680","0x0048868c"
"0x00488690","0x00488690","0x004886aa"
"0x004886b0","0x004886b0","0x004886f5"
"0x00488700","0x00488700","0x00488712"
"0x00488720","0x00488720","0x00488736"
"0x00488740","0x00488740","0x00488765"
"0x00488770","0x00488770","0x00488798"
"0x004887a0","0x004887a0","0x004887cb"
"0x004887d0","0x004887d0","0x004887f2"
"0x00488800","0x00488800","0x00488828"
"0x00488830","0x00488830","0x00488843"
"0x00488850","0x00488850","0x00488879"
"0x00488880","0x00488880","0x00488896"
"0x004888a0","0x004888a0","0x004888b6"
"0x004888c0","0x004888c0","0x004888dc"
"0x004888e0","0x004888e0","0x004888f5"
"0x00488900","0x00488900","0x00488915"
"0x00488920","0x00488920","0x00488935"
"0x00488940","0x00488940","0x00488958"
"0x00488960","0x00488960","0x00488989"
"0x00488990","0x00488990","0x004889f8"
"0x00488a00","0x00488a00","0x00488a18"
"0x00488a20","0x00488a20","0x00488a55"
"0x00488a60","0x00488a60","0x00488aa6"
"0x00488ab0","0x00488ab0","0x00488af6"
"0x00488b00","0x00488b00","0x00488b18"
"0x00488b20","0x00488b20","0x00488b52"
"0x00488b20","0x00488b55","0x00488b7b"
"0x00488b80","0x00488b80","0x00488e75"
"0x00488e80","0x00488e80","0x00488fa2"
"0x00488fb0","0x00488fb0","0x0048906f"
"0x00489070","0x00489070","0x0048909e"
"0x004890a0","0x004890a0","0x004890c7"
"0x004890d0","0x004890d0","0x0048910a"
"0x00489110","0x00489110","0x00489147"
"0x00489150","0x00489150","0x0048918d"
"0x00489190","0x00489190","0x004891a6"
"0x004891b0","0x004891b0","0x0048928a"
"0x00489290","0x00489290","0x004892a8"
"0x004892b0","0x004892b0","0x004892e7"
"0x004892f0","0x004892f0","0x0048933f"
"0x00489340","0x00489340","0x00489383"
"0x00489390","0x00489390","0x004893a2"
"0x004893b0","0x004893b0","0x004893c2"
"0x004893d0","0x004893d0","0x004893e2"
"0x004893f0","0x004893f0","0x00489524"
"0x00489530","0x00489530","0x00489570"
"0x00489580","0x00489580","0x00489599"
"0x004895a0","0x004895a0","0x004895e0"
"0x004895f0","0x004895f0","0x00489609"
"0x00489610","0x00489610","0x00489629"
"0x00489630","0x00489630","0x00489670"
"0x00489680","0x00489680","0x00489721"
"0x00489730","0x00489730","0x0048982c"
"0x00489830","0x00489830","0x004898a0"
"0x004898b0","0x004898b0","0x004898f6"
"0x00489900","0x00489900","0x00489949"
"0x00489950","0x00489950","0x004899ab"
"0x004899b0","0x004899b0","0x00489a0b"
"0x00489a10","0x00489a10","0x00489a6d"
"0x00489a70","0x00489a70","0x00489ab2"
"0x00489ac0","0x00489ac0","0x00489b27"
"0x00489b30","0x00489b30","0x00489b59"
"0x00489b60","0x00489b60","0x00489b87"
"0x00489b90","0x00489b90","0x00489bba"
"0x00489bc0","0x00489bc0","0x00489be7"
"0x00489bf0","0x00489bf0","0x00489c03"
"0x00489c10","0x00489c10","0x00489c73"
"0x00489c80","0x00489c80","0x00489c91"
"0x00489ca0","0x00489ca0","0x00489cae"
"0x00489cb0","0x00489cb0","0x00489d9f"
"0x00489da0","0x00489da0","0x00489e92"
"0x00489ea0","0x00489ea0","0x00489f9a"
"0x00489fa0","0x00489fa0","0x0048a09d"
"0x0048a0a0","0x0048a0a0","0x0048a1ea"
"0x0048a1f0","0x0048a1f0","0x0048a33d"
"0x0048a340","0x0048a340","0x0048a365"
"0x0048a370","0x0048a370","0x0048a444"
"0x0048a450","0x0048a450","0x0048a517"
"0x0048a520","0x0048a520","0x0048a5e7"
"0x0048a5f0","0x0048a5f0","0x0048a6ba"
"0x0048a6c0","0x0048a6c0","0x0048a75a"
"0x0048a760","0x0048a760","0x0048a7fa"
"0x0048a800","0x0048a800","0x0048a810"
"0x0048a820","0x0048a820","0x0048a89d"
"0x0048a8a0","0x0048a8a0","0x0048a98b"
"0x0048a990","0x0048a990","0x0048a9fa"
"0x0048aa00","0x0048aa00","0x0048aa4d"
"0x0048aa50","0x0048aa50","0x0048aa9d"
"0x0048aaa0","0x0048aaa0","0x0048aaed"
"0x0048aaf0","0x0048aaf0","0x0048ab3d"
"0x0048ab40","0x0048ab40","0x0048ab8d"
"0x0048ab90","0x0048ab90","0x0048abdd"
"0x0048abe0","0x0048abe0","0x0048abfe"
"0x0048ac00","0x0048ac00","0x0048ac4d"
"0x0048ac50","0x0048ac50","0x0048ac61"
"0x0048ac70","0x0048ac70","0x0048acb0"
"0x0048acc0","0x0048acc0","0x0048acde"
"0x0048ace0","0x0048ace0","0x0048ad2d"
"0x0048ad30","0x0048ad30","0x0048ad4d"
"0x0048ad50","0x0048ad50","0x0048ad61"
"0x0048ad70","0x0048ad70","0x0048adb0"
"0x0048adc0","0x0048adc0","0x0048add1"
"0x0048ade0","0x0048ade0","0x0048ae20"
"0x0048ae30","0x0048ae30","0x0048ae4e"
"0x0048ae50","0x0048ae50","0x0048ae9d"
"0x0048aea0","0x0048aea0","0x0048aed5"
"0x0048aee0","0x0048aee0","0x0048af28"
"0x0048af30","0x0048af30","0x0048af90"
"0x0048afa0","0x0048afa0","0x0048b000"
"0x0048b010","0x0048b010","0x0048b061"
"0x0048b070","0x0048b070","0x0048b080"
"0x0048b090","0x0048b090","0x0048b09f"
"0x0048b0a0","0x0048b0a0","0x0048b0af"
"0x0048b0b0","0x0048b0b0","0x0048b0bf"
"0x0048b0c0","0x0048b0c0","0x0048b154"
"0x0048b160","0x0048b160","0x0048b173"
"0x0048b180","0x0048b180","0x0048b190"
"0x0048b1a0","0x0048b1a0","0x0048b1b0"
"0x0048b1c0","0x0048b1c0","0x0048b1d2"
"0x0048b1e0","0x0048b1e0","0x0048b1f0"
"0x0048b200","0x0048b200","0x0048b20c"
"0x0048b210","0x0048b210","0x0048b220"
"0x0048b230","0x0048b230","0x0048b23c"
"0x0048b240","0x0048b240","0x0048b24c"
"0x0048b250","0x0048b250","0x0048b260"
"0x0048b270","0x0048b270","0x0048b2ea"
"0x0048b2f0","0x0048b2f0","0x0048b36e"
"0x0048b370","0x0048b370","0x0048b3c7"
"0x0048b3d0","0x0048b3d0","0x0048b3fa"
"0x0048b400","0x0048b400","0x0048b4f7"
"0x0048b500","0x0048b500","0x0048b541"
"0x0048b550","0x0048b550","0x0048b5a9"
"0x0048b5b0","0x0048b5b0","0x0048b644"
"0x0048b650","0x0048b650","0x0048b715"
"0x0048b720","0x0048b720","0x0048b741"
"0x0048b750","0x0048b750","0x0048b77f"
"0x0048b780","0x0048b780","0x0048b801"
"0x0048b810","0x0048b810","0x0048b82d"
"0x0048b830","0x0048b830","0x0048b843"
"0x0048b850","0x0048b850","0x0048b863"
"0x0048b870","0x0048b870","0x0048b883"
"0x0048b890","0x0048b890","0x0048b8a6"
"0x0048b8b0","0x0048b8b0","0x0048b8c6"
"0x0048b8d0","0x0048b8d0","0x0048b8f1"
"0x0048b900","0x0048b900","0x0048b913"
"0x0048b920","0x0048b920","0x0048b970"
"0x0048b980","0x0048b980","0x0048b9d0"
"0x0048b9e0","0x0048b9e0","0x0048ba14"
"0x0048ba20","0x0048ba20","0x0048ba55"
"0x0048ba60","0x0048ba60","0x0048bafc"
"0x0048bb00","0x0048bb00","0x0048bbf0"
"0x0048bc00","0x0048bc00","0x0048bc76"
"0x0048bc80","0x0048bc80","0x0048bc98"
"0x0048bca0","0x0048bca0","0x0048bcd6"
"0x0048bce0","0x0048bce0","0x0048bd00"
"0x0048bd10","0x0048bd10","0x0048bd33"
"0x0048bd40","0x0048bd40","0x0048bd63"
"0x0048bd70","0x0048bd70","0x0048bd95"
"0x0048bda0","0x0048bda0","0x0048bdb2"
"0x0048bdc0","0x0048bdc0","0x0048bdd2"
"0x0048bde0","0x0048bde0","0x0048bdf9"
"0x0048be00","0x0048be00","0x0048be15"
"0x0048be20","0x0048be20","0x0048be4e"
"0x0048be50","0x0048be50","0x0048be78"
"0x0048be80","0x0048be80","0x0048bead"
"0x0048beb0","0x0048beb0","0x0048bedd"
"0x0048bee0","0x0048bee0","0x0048bf0d"
"0x0048bf10","0x0048bf10","0x0048bffe"
"0x0048c010","0x0048c010","0x0048c0b3"
"0x0048c010","0x004963df","0x004963fe"
"0x004969e0","0x004969e0","0x004969f8"
"0x00496a00","0x00496a00","0x00496b8d"
"0x00496b90","0x00496b90","0x00496f56"
"0x00496fb0","0x00496fb0","0x0049723c"
"0x00497240","0x00497240","0x00497262"
"0x00497270","0x00497270","0x004972b7"
"0x004972c0","0x004972c0","0x00497352"
"0x00497360","0x00497360","0x0049739c"
"0x004973a0","0x004973a0","0x004973b8"
"0x004973c0","0x004973c0","0x0049741c"
"0x00497420","0x00497420","0x00497445"
"0x00497450","0x00497450","0x00497469"
"0x00497470","0x00497470","0x004974cd"
"0x004974d0","0x004974d0","0x0049753b"
"0x00497540","0x00497540","0x00497559"
"0x00497560","0x00497560","0x0049758e"
"0x00497590","0x00497590","0x004975da"
"0x004975e0","0x004975e0","0x004975f6"
"0x00497600","0x00497600","0x0049762c"
"0x00497630","0x00497630","0x00497683"
"0x00497690","0x00497690","0x004976e3"
"0x004976f0","0x004976f0","0x00497794"
"0x004977a0","0x004977a0","0x00497845"
"0x00497850","0x00497850","0x004978fb"
"0x00497900","0x00497900","0x00497a57"
"0x00497a60","0x00497a60","0x00497ab7"
"0x00497ac0","0x00497ac0","0x00497b58"
"0x00497b60","0x00497b60","0x00497bfd"
"0x00497c00","0x00497c00","0x00497c10"
"0x00497c20","0x00497c20","0x00497c54"
"0x00497c60","0x00497c60","0x00497cb6"
"0x00497cc0","0x00497cc0","0x00497d16"
"0x00497d20","0x00497d20","0x00497d6e"
"0x00497d70","0x00497d70","0x00497da9"
"0x00497db0","0x00497db0","0x00497de9"
"0x00497df0","0x00497df0","0x00497e29"
"0x00497e30","0x00497e30","0x00497e69"
"0x00497e70","0x00497e70","0x00497eac"
"0x00497eb0","0x00497eb0","0x00497ed3"
"0x00497ee0","0x00497ee0","0x00497f08"
"0x00497f10","0x00497f10","0x00497f38"
"0x00497f40","0x00497f40","0x00497fb3"
"0x00497fc0","0x00497fc0","0x00498016"
"0x00498020","0x00498020","0x00498074"
"0x00498080","0x00498080","0x004980d4"
"0x004980e0","0x004980e0","0x00498137"
"0x00498140","0x00498140","0x00498194"
"0x004981a0","0x004981a0","0x004981bd"
"0x004981c0","0x004981c0","0x004981e9"
"0x004981f0","0x004981f0","0x0049820e"
"0x00498210","0x00498210","0x00498541"
"0x00498600","0x00498600","0x00498896"
"0x00498950","0x00498950","0x00498964"
"0x00498970","0x00498970","0x004989cb"
"0x004989d0","0x004989d0","0x004989e2"
"0x004989f0","0x004989f0","0x00498a02"
"0x00498a10","0x00498a10","0x00498a4f"
"0x00498a60","0x00498a60","0x00498a70"
"0x00498a80","0x00498a80","0x00498b7a"
"0x00498b80","0x00498b80","0x00498d0b"
"0x00498d10","0x00498d10","0x00498e40"
"0x00498e50","0x00498e50","0x00498e60"
"0x00498e70","0x00498e70","0x00498f33"
"0x00498f40","0x00498f40","0x00498f4e"
"0x00498f50","0x00498f50","0x00498f62"
"0x00498f70","0x00498f70","0x00498f89"
"0x00498f90","0x00498f90","0x00498fad"
"0x00498fb0","0x00498fb0","0x00498fc9"
"0x00498fd0","0x00498fd0","0x00498fe9"
"0x00498ff0","0x00498ff0","0x004990d5"
"0x004990e0","0x004990e0","0x004990ef"
"0x004990f0","0x004990f0","0x00499100"
"0x00499110","0x00499110","0x00499128"
"0x00499130","0x00499130","0x0049920a"
"0x00499210","0x00499210","0x004992ea"
"0x004992f0","0x004992f0","0x00499300"
"0x00499310","0x00499310","0x00499325"
"0x00499330","0x00499330","0x00499348"
"0x00499350","0x00499350","0x00499368"
"0x00499370","0x00499370","0x00499380"
"0x00499390","0x00499390","0x004993a0"
"0x004993b0","0x004993b0","0x004993ef"
"0x004993f0","0x004993f0","0x00499400"
"0x00499410","0x00499410","0x00499420"
"0x00499430","0x00499430","0x0049945b"
"0x00499460","0x00499460","0x00499478"
"0x00499480","0x00499480","0x004994c8"
"0x004994d0","0x004994d0","0x00499518"
"0x00499520","0x00499520","0x0049955f"
"0x00499560","0x00499560","0x00499573"
"0x00499580","0x00499580","0x004995c8"
"0x004995d0","0x004995d0","0x0049a9bd"
"0x0049abc0","0x0049abc0","0x0049baee"
"0x0049abc0","0x0049baf4","0x0049bbfc"
"0x0049be00","0x0049be00","0x0049be10"
"0x0049be20","0x0049be20","0x0049be9a"
"0x0049bea0","0x0049bea0","0x0049becd"
"0x0049bed0","0x0049bed0","0x0049befc"
"0x0049bf00","0x0049bf00","0x0049bff3"
"0x0049c000","0x0049c000","0x0049c009"
"0x0049c010","0x0049c010","0x0049c041"
"0x0049c050","0x0049c050","0x0049c0bc"
"0x0049c0c0","0x0049c0c0","0x0049c0d9"
"0x0049c0e0","0x0049c0e0","0x0049c103"
"0x0049c110","0x0049c110","0x0049c11c"
"0x0049c120","0x0049c120","0x0049c132"
"0x0049c140","0x0049c140","0x0049c152"
"0x0049c160","0x0049c160","0x0049c19a"
"0x0049c1a0","0x0049c1a0","0x0049c1da"
"0x0049c1e0","0x0049c1e0","0x0049c21a"
"0x0049c220","0x0049c220","0x0049c259"
"0x0049c260","0x0049c260","0x0049c274"
"0x0049c280","0x0049c280","0x0049c299"
"0x0049c2a0","0x0049c2a0","0x0049c2bf"
"0x0049c2c0","0x0049c2c0","0x0049c2df"
"0x0049c2e0","0x0049c2e0","0x0049c334"
"0x0049c340","0x0049c340","0x0049c356"
"0x0049c360","0x0049c360","0x0049c383"
"0x0049c390","0x0049c390","0x0049c3b9"
"0x0049c3c0","0x0049c3c0","0x0049c3e5"
"0x0049c3f0","0x0049c3f0","0x0049c40d"
"0x0049c410","0x0049c410","0x0049c465"
"0x0049c470","0x0049c470","0x0049c48c"
"0x0049c490","0x0049c490","0x0049c4a8"
"0x0049c4b0","0x0049c4b0","0x0049c4d9"
"0x0049c4e0","0x0049c4e0","0x0049c4f5"
"0x0049c500","0x0049c500","0x0049c518"
"0x0049c520","0x0049c520","0x0049c5a5"
"0x0049c5b0","0x0049c5b0","0x0049c5dc"
"0x0049c5e0","0x0049c5e0","0x0049c67a"
"0x0049c680","0x0049c680","0x0049c6e7"
"0x0049c6f0","0x0049c6f0","0x0049c719"
"0x0049c720","0x0049c720","0x0049c738"
"0x0049c740","0x0049c740","0x0049c759"
"0x0049c760","0x0049c760","0x0049c774"
"0x0049c780","0x0049c780","0x0049c7ab"
"0x0049c7b0","0x0049c7b0","0x0049c7db"
"0x0049c7e0","0x0049c7e0","0x0049c7f9"
"0x0049c800","0x0049c800","0x0049c827"
"0x0049c830","0x0049c830","0x0049c85c"
"0x0049c860","0x0049c860","0x0049c891"
"0x0049c8a0","0x0049c8a0","0x0049c8b8"
"0x0049c8c0","0x0049c8c0","0x0049c8d9"
"0x0049c8e0","0x0049c8e0","0x0049c8fc"
"0x0049c900","0x0049c900","0x0049c919"
"0x0049c920","0x0049c920","0x0049c93d"
"0x0049c940","0x0049c940","0x0049c963"
"0x0049c970","0x0049c970","0x0049c9bd"
"0x0049c9c0","0x0049c9c0","0x0049ca00"
"0x0049ca10","0x0049ca10","0x0049ca39"
"0x0049ca40","0x0049ca40","0x0049ca67"
"0x0049ca70","0x0049ca70","0x0049ca9b"
"0x0049caa0","0x0049caa0","0x0049cab9"
"0x0049cac0","0x0049cac0","0x0049cad9"
"0x0049cae0","0x0049cae0","0x0049cb06"
"0x0049cb10","0x0049cb10","0x0049cb29"
"0x0049cb30","0x0049cb30","0x0049cb58"
"0x0049cb60","0x0049cb60","0x0049cb88"
"0x0049cb90","0x0049cb90","0x0049cba8"
"0x0049cbb0","0x0049cbb0","0x0049cbec"
"0x0049cbf0","0x0049cbf0","0x0049cc28"
"0x0049cc30","0x0049cc30","0x0049cc55"
"0x0049cc60","0x0049cc60","0x0049cc8f"
"0x0049cc90","0x0049cc90","0x0049ccd8"
"0x0049cce0","0x0049cce0","0x0049cd61"
"0x0049cd70","0x0049cd70","0x0049cdbd"
"0x0049cdd0","0x0049cdd0","0x0049ce1d"
"0x0049ce30","0x0049ce30","0x0049ce70"
"0x0049ce80","0x0049ce80","0x0049cf52"
"0x0049cf60","0x0049cf60","0x0049cf76"
"0x0049cf80","0x0049cf80","0x0049d2ed"
"0x0049d2f0","0x0049d2f0","0x0049d3ad"
"0x0049d3c0","0x0049d3c0","0x0049d3f0"
"0x0049d400","0x0049d400","0x0049d49d"
"0x0049d4a0","0x0049d4a0","0x0049d5ae"
"0x0049d5b0","0x0049d5b0","0x0049d78f"
"0x0049d790","0x0049d790","0x0049d846"
"0x0049d850","0x0049d850","0x0049da46"
"0x0049da50","0x0049da50","0x0049da63"
"0x0049da70","0x0049da70","0x0049db69"
"0x0049db70","0x0049db70","0x0049dc52"
"0x0049dc60","0x0049dc60","0x0049dcee"
"0x0049dcf0","0x0049dcf0","0x0049ddb9"
"0x0049ddc0","0x0049ddc0","0x0049de81"
"0x0049de90","0x0049de90","0x0049de9c"
"0x0049dea0","0x0049dea0","0x0049deac"
"0x0049deb0","0x0049deb0","0x0049deca"
"0x0049ded0","0x0049ded0","0x0049def1"
"0x0049df00","0x0049df00","0x0049df16"
"0x0049df20","0x0049df20","0x0049df36"
"0x0049df40","0x0049df40","0x0049dfaa"
"0x0049dfb0","0x0049dfb0","0x0049dfc3"
"0x0049dfd0","0x0049dfd0","0x0049dfe3"
"0x0049dff0","0x0049dff0","0x0049e003"
"0x0049e010","0x0049e010","0x0049e045"
"0x0049e050","0x0049e050","0x0049e07c"
"0x0049e080","0x0049e080","0x0049e0b6"
"0x0049e0c0","0x0049e0c0","0x0049e0f2"
"0x0049e0c0","0x0049e0f5","0x0049e11b"
"0x0049e120","0x0049e120","0x0049e154"
"0x0049e160","0x0049e160","0x0049e194"
"0x0049e1a0","0x0049e1a0","0x0049e1e1"
"0x0049e1f0","0x0049e1f0","0x0049e231"
"0x0049e240","0x0049e240","0x0049e2a5"
"0x0049e2b0","0x0049e2b0","0x0049e315"
"0x0049e320","0x0049e320","0x0049e361"
"0x0049e370","0x0049e370","0x0049e3d5"
"0x0049e3e0","0x0049e3e0","0x0049e421"
"0x0049e430","0x0049e430","0x0049e495"
"0x0049e4a0","0x0049e4a0","0x0049e54d"
"0x0049e550","0x0049e550","0x0049e5fd"
"0x0049e600","0x0049e600","0x0049e6ad"
"0x0049e6b0","0x0049e6b0","0x0049e75d"
"0x0049e760","0x0049e760","0x0049e7b9"
"0x0049e7c0","0x0049e7c0","0x0049e819"
"0x0049e820","0x0049e820","0x0049e860"
"0x0049e870","0x0049e870","0x0049e8b0"
"0x0049e8c0","0x0049e8c0","0x0049e920"
"0x0049e930","0x0049e930","0x0049e972"
"0x0049e980","0x0049e980","0x0049ea30"
"0x0049ea40","0x0049ea40","0x0049ea4f"
"0x0049ea50","0x0049ea50","0x0049ea5d"
"0x0049ea60","0x0049ea60","0x0049ea6d"
"0x0049ea70","0x0049ea70","0x0049ea7d"
"0x0049ea80","0x0049ea80","0x0049ead7"
"0x0049eae0","0x0049eae0","0x0049eb37"
"0x0049eb40","0x0049eb40","0x0049eb8d"
"0x0049eb90","0x0049eb90","0x0049ebda"
"0x0049ebe0","0x0049ebe0","0x0049ec2a"
"0x0049ec30","0x0049ec30","0x0049ecc1"
"0x0049ecd0","0x0049ecd0","0x0049ef87"
"0x0049ef90","0x0049ef90","0x0049f0a5"
"0x0049f0b0","0x0049f0b0","0x0049f18a"
"0x0049f190","0x0049f190","0x0049f1b2"
"0x0049f1c0","0x0049f1c0","0x0049f1da"
"0x0049f1e0","0x0049f1e0","0x0049f1f5"
"0x0049f200","0x0049f200","0x0049f294"
"0x0049f2a0","0x0049f2a0","0x0049f32b"
"0x0049f330","0x0049f330","0x0049f35d"
"0x0049f360","0x0049f360","0x0049f38d"
"0x0049f390","0x0049f390","0x0049f3c0"
"0x0049f3d0","0x0049f3d0","0x004a03da"
"0x004a0440","0x004a0440","0x004a048a"
"0x004a0440","0x004a048d","0x004a0585"
"0x004a0590","0x004a0590","0x004a05c4"
"0x004a05d0","0x004a05d0","0x004a05f9"
"0x004a0600","0x004a0600","0x004a096b"
"0x004a0970","0x004a0970","0x004a0985"
"0x004a0990","0x004a0990","0x004a09fd"
"0x004a0a00","0x004a0a00","0x004a0a11"
"0x004a0a20","0x004a0a20","0x004a0a6e"
"0x004a0a70","0x004a0a70","0x004a0a91"
"0x004a0aa0","0x004a0aa0","0x004a0b4d"
"0x004a0b50","0x004a0b50","0x004a0b7e"
"0x004a0b80","0x004a0b80","0x004a0bae"
"0x004a0bb0","0x004a0bb0","0x004a0bcb"
"0x004a0bd0","0x004a0bd0","0x004a0beb"
"0x004a0bf0","0x004a0bf0","0x004a0c1d"
"0x004a0c20","0x004a0c20","0x004a0c39"
"0x004a0c40","0x004a0c40","0x004a0c59"
"0x004a0c60","0x004a0c60","0x004a0c79"
"0x004a0c80","0x004a0c80","0x004a0ce7"
"0x004a0cf0","0x004a0cf0","0x004a0d57"
"0x004a0d60","0x004a0d60","0x004a0d6f"
"0x004a0d70","0x004a0d70","0x004a0d7f"
"0x004a0d80","0x004a0d80","0x004a0d8f"
"0x004a0d90","0x004a0d90","0x004a0d9f"
"0x004a0da0","0x004a0da0","0x004a0db0"
"0x004a0dc0","0x004a0dc0","0x004a0dde"
"0x004a0de0","0x004a0de0","0x004a0dec"
"0x004a0df0","0x004a0df0","0x004a0e8c"
"0x004a0e90","0x004a0e90","0x004a0ea3"
"0x004a0eb0","0x004a0eb0","0x004a0ec5"
"0x004a0ed0","0x004a0ed0","0x004a0ee6"
"0x004a0ef0","0x004a0ef0","0x004a0f05"
"0x004a0f10","0x004a0f10","0x004a0f26"
"0x004a0f30","0x004a0f30","0x004a0f8e"
"0x004a0f90","0x004a0f90","0x004a0fa5"
"0x004a0fb0","0x004a0fb0","0x004a0fe8"
"0x004a0ff0","0x004a0ff0","0x004a1009"
"0x004a1010","0x004a1010","0x004a103e"
"0x004a1010","0x004a1041","0x004a1067"
"0x004a1070","0x004a1070","0x004a1084"
"0x004a1090","0x004a1090","0x004a10c6"
"0x004a10d0","0x004a10d0","0x004a10fa"
"0x004a1100","0x004a1100","0x004a1145"
"0x004a1150","0x004a1150","0x004a11e5"
"0x004a11f0","0x004a11f0","0x004a128d"
"0x004a1290","0x004a1290","0x004a1301"
"0x004a1310","0x004a1310","0x004a1367"
"0x004a1370","0x004a1370","0x004a13c7"
"0x004a13d0","0x004a13d0","0x004a140b"
"0x004a1410","0x004a1410","0x004a148c"
"0x004a14a0","0x004a14a0","0x004a14cd"
"0x004a14d0","0x004a14d0","0x004a1547"
"0x004a1550","0x004a1550","0x004a157d"
"0x004a1580","0x004a1580","0x004a1594"
"0x004a15a0","0x004a15a0","0x004a15dd"
"0x004a15e0","0x004a15e0","0x004a1623"
"0x004a1630","0x004a1630","0x004a16ae"
"0x004a16b0","0x004a16b0","0x004a1705"
"0x004a1710","0x004a1710","0x004a1722"
"0x004a1730","0x004a1730","0x004a1742"
"0x004a1750","0x004a1750","0x004a17c8"
"0x004a17d0","0x004a17d0","0x004a17e9"
"0x004a17f0","0x004a17f0","0x004a1830"
"0x004a1840","0x004a1840","0x004a189c"
"0x004a18a0","0x004a18a0","0x004a18fe"
"0x004a1910","0x004a1910","0x004a19a6"
"0x004a19b0","0x004a19b0","0x004a19f9"
"0x004a1a00","0x004a1a00","0x004a1a5d"
"0x004a1a60","0x004a1a60","0x004a1abb"
"0x004a1ac0","0x004a1ac0","0x004a1b4b"
"0x004a1b50","0x004a1b50","0x004a1bbb"
"0x004a1bc0","0x004a1bc0","0x004a1db1"
"0x004a1dc0","0x004a1dc0","0x004a1e05"
"0x004a1e10","0x004a1e10","0x004a1e6d"
"0x004a1e80","0x004a1e80","0x004a1edc"
"0x004a1ef0","0x004a1ef0","0x004a1f17"
"0x004a1f20","0x004a1f20","0x004a1f47"
"0x004a1f50","0x004a1f50","0x004a1f7a"
"0x004a1f80","0x004a1f80","0x004a207d"
"0x004a2080","0x004a2080","0x004a21cd"
"0x004a21d0","0x004a21d0","0x004a21da"
"0x004a21e0","0x004a21e0","0x004a22aa"
"0x004a22b0","0x004a22b0","0x004a2377"
"0x004a2380","0x004a2380","0x004a241a"
"0x004a2420","0x004a2420","0x004a246d"
"0x004a2470","0x004a2470","0x004a24bd"
"0x004a24c0","0x004a24c0","0x004a250d"
"0x004a2510","0x004a2510","0x004a255d"
"0x004a2560","0x004a2560","0x004a257e"
"0x004a2580","0x004a2580","0x004a25cd"
"0x004a25d0","0x004a25d0","0x004a25e1"
"0x004a25f0","0x004a25f0","0x004a2630"
"0x004a2640","0x004a2640","0x004a265e"
"0x004a2660","0x004a2660","0x004a26ad"
"0x004a26b0","0x004a26b0","0x004a26ce"
"0x004a26d0","0x004a26d0","0x004a271d"
"0x004a2720","0x004a2720","0x004a2786"
"0x004a2790","0x004a2790","0x004a27f0"
"0x004a2800","0x004a2800","0x004a2860"
"0x004a2870","0x004a2870","0x004a28b8"
"0x004a28c0","0x004a28c0","0x004a2908"
"0x004a2910","0x004a2910","0x004a2958"
"0x004a2960","0x004a2960","0x004a2970"
"0x004a2980","0x004a2980","0x004a2990"
"0x004a29a0","0x004a29a0","0x004a29af"
"0x004a29b0","0x004a29b0","0x004a29bf"
"0x004a29c0","0x004a29c0","0x004a29db"
"0x004a29e0","0x004a29e0","0x004a2a1f"
"0x004a2a20","0x004a2a20","0x004a2a49"
"0x004a2a50","0x004a2a50","0x004a2a8a"
"0x004a2a90","0x004a2a90","0x004a2a9a"
"0x004a2aa0","0x004a2aa0","0x004a2aaa"
"0x004a2ab0","0x004a2ab0","0x004a2ac8"
"0x004a2ad0","0x004a2ad0","0x004a2adc"
"0x004a2ae0","0x004a2ae0","0x004a2af0"
"0x004a2b00","0x004a2b00","0x004a2b14"
"0x004a2b20","0x004a2b20","0x004a2b6d"
"0x004a2b70","0x004a2b70","0x004a2c11"
"0x004a2c20","0x004a2c20","0x004a2c44"
"0x004a2c50","0x004a2c50","0x004a2d2f"
"0x004a2d30","0x004a2d30","0x004a2d86"
"0x004a2d90","0x004a2d90","0x004a2da8"
"0x004a2db0","0x004a2db0","0x004a2ddc"
"0x004a2de0","0x004a2de0","0x004a2e05"
"0x004a2e10","0x004a2e10","0x004a2e37"
"0x004a2e40","0x004a2e40","0x004a2e78"
"0x004a2e80","0x004a2e80","0x004a2fb7"
"0x004a2fc0","0x004a2fc0","0x004a3053"
"0x004a3060","0x004a3060","0x004a335c"
"0x004a3360","0x004a3360","0x004a33b2"
"0x004a33c0","0x004a33c0","0x004a3491"
"0x004a34a0","0x004a34a0","0x004a3527"
"0x004a3530","0x004a3530","0x004a3576"
"0x004a3580","0x004a3580","0x004a35e7"
"0x004a35f0","0x004a35f0","0x004a3645"
"0x004a3650","0x004a3650","0x004a36c6"
"0x004a36d0","0x004a36d0","0x004a36f9"
"0x004a3700","0x004a3700","0x004a372f"
"0x004a3730","0x004a3730","0x004a37a5"
"0x004a37b0","0x004a37b0","0x004a37d6"
"0x004a37e0","0x004a37e0","0x004a37f3"
"0x004a3800","0x004a3800","0x004a3813"
"0x004a3820","0x004a3820","0x004a3833"
"0x004a3840","0x004a3840","0x004a3853"
"0x004a3860","0x004a3860","0x004a3873"
"0x004a3880","0x004a3880","0x004a3893"
"0x004a38a0","0x004a38a0","0x004a38ee"
"0x004a3900","0x004a3900","0x004a3913"
"0x004a3920","0x004a3920","0x004a3aae"
"0x004a3ac0","0x004a3ac0","0x004a3b00"
"0x004a3b10","0x004a3b10","0x004a3cd7"
"0x004a3ce0","0x004a3ce0","0x004a3d32"
"0x004a3d40","0x004a3d40","0x004a3d70"
"0x004a3d80","0x004a3d80","0x004a3dd0"
"0x004a3de0","0x004a3de0","0x004a3e30"
"0x004a3e40","0x004a3e40","0x004a3e57"
"0x004a3e60","0x004a3e60","0x004a3e98"
"0x004a3ea0","0x004a3ea0","0x004a3eb2"
"0x004a3ec0","0x004a3ec0","0x004a3ed2"
"0x004a3ee0","0x004a3ee0","0x004a3ef5"
"0x004a3f00","0x004a3f00","0x004a3f16"
"0x004a3f20","0x004a3f20","0x004a3f72"
"0x004a3f80","0x004a3f80","0x004a3fdc"
"0x004a3f80","0x004a3fdf","0x004a3ffa"
"0x004a4000","0x004a4000","0x004a402d"
"0x004a4030","0x004a4030","0x004a405d"
"0x004a4060","0x004a4060","0x004a4090"
"0x004a40a0","0x004a40a0","0x004a40d0"
"0x004a40e0","0x004a40e0","0x004a4110"
"0x004a4120","0x004a4120","0x004a414d"
"0x004a4150","0x004a4150","0x004a4180"
"0x004a4190","0x004a4190","0x004a4800"
"0x004a4810","0x004a4810","0x004a4a18"
"0x004a4a20","0x004a4a20","0x004a4c14"
"0x004a4c20","0x004a4c20","0x004a4e21"
"0x004a4e30","0x004a4e30","0x004a503d"
"0x004a5040","0x004a5040","0x004a531d"
"0x004a5320","0x004a5320","0x004a5342"
"0x004a5350","0x004a5350","0x004a55c5"
"0x004a55d0","0x004a55d0","0x004a5633"
"0x004a5640","0x004a5640","0x004a5b9a"
"0x004a5ba0","0x004a5ba0","0x004a5bd2"
"0x004a5be0","0x004a5be0","0x004a5de3"
"0x004a5df0","0x004a5df0","0x004a7030"
"0x004a7040","0x004a7040","0x004a707c"
"0x004a7080","0x004a7080","0x004a716d"
"0x004a7170","0x004a7170","0x004a730f"
"0x004a7310","0x004a7310","0x004a7350"
"0x004a7360","0x004a7360","0x004a73cb"
"0x004a73d0","0x004a73d0","0x004a73ea"
"0x004a73f0","0x004a73f0","0x004a74cd"
"0x004a74d0","0x004a74d0","0x004a76fb"
"0x004a7700","0x004a7700","0x004a7706"
"0x004a7710","0x004a7710","0x004a7d9a"
"0x004a7da0","0x004a7da0","0x004a80eb"
"0x004a80f0","0x004a80f0","0x004a8259"
"0x004a8260","0x004a8260","0x004a8749"
"0x004a8760","0x004a8760","0x004a87fe"
"0x004a8760","0x004a8804","0x004a891f"
"0x004a8920","0x004a8920","0x004a89ba"
"0x004a89c0","0x004a89c0","0x004a8ccb"
"0x004a8d70","0x004a8d70","0x004a8e02"
"0x004a8d70","0x004a8e05","0x004a8e63"
"0x004a8d70","0x004a8e66","0x004a9214"
"0x004a8d70","0x004a921a","0x004a96f0"
"0x004a9700","0x004a9700","0x004a9727"
"0x004a9730","0x004a9730","0x004a97bb"
"0x004a97c0","0x004a97c0","0x004a97ee"
"0x004a97f0","0x004a97f0","0x004a9843"
"0x004a9850","0x004a9850","0x004a98a3"
"0x004a98b0","0x004a98b0","0x004a995b"
"0x004a9960","0x004a9960","0x004a9a05"
"0x004a9a10","0x004a9a10","0x004a9a39"
"0x004a9a40","0x004a9a40","0x004a9a8c"
"0x004a9a90","0x004a9a90","0x004a9b2d"
"0x004a9b30","0x004a9b30","0x004a9bcd"
"0x004a9bd0","0x004a9bd0","0x004a9c6d"
"0x004a9c70","0x004a9c70","0x004a9d0d"
"0x004a9d10","0x004a9d10","0x004a9d32"
"0x004a9d40","0x004a9d40","0x004a9d60"
"0x004a9d70","0x004a9d70","0x004a9d7f"
"0x004a9d80","0x004a9d80","0x004a9dd2"
"0x004a9de0","0x004a9de0","0x004a9e3e"
"0x004a9e60","0x004a9e60","0x004a9eb2"
"0x004a9ec0","0x004a9ec0","0x004a9f12"
"0x004a9f20","0x004a9f20","0x004a9f72"
"0x004a9f80","0x004a9f80","0x004a9fac"
"0x004a9fb0","0x004a9fb0","0x004a9ffa"
"0x004aa000","0x004aa000","0x004aa04a"
"0x004aa050","0x004aa050","0x004aa06b"
"0x004aa070","0x004aa070","0x004aa0a9"
"0x004aa0b0","0x004aa0b0","0x004aa0e9"
"0x004aa0f0","0x004aa0f0","0x004aa129"
"0x004aa130","0x004aa130","0x004aa151"
"0x004aa160","0x004aa160","0x004aa1a1"
"0x004aa1b0","0x004aa1b0","0x004aa241"
"0x004aa250","0x004aa250","0x004aa3fa"
"0x004aa400","0x004aa400","0x004aa63c"
"0x004aa640","0x004aa640","0x004aa668"
"0x004aa670","0x004aa670","0x004aa698"
"0x004aa6a0","0x004aa6a0","0x004aa6fc"
"0x004aa700","0x004aa700","0x004aa763"
"0x004aa770","0x004aa770","0x004aa7e3"
"0x004aa7f0","0x004aa7f0","0x004aa805"
"0x004aa810","0x004aa810","0x004aa864"
"0x004aa870","0x004aa870","0x004aa8c7"
"0x004aa8d0","0x004aa8d0","0x004aa924"
"0x004aa930","0x004aa930","0x004aa93c"
"0x004aa940","0x004aa940","0x004aa95a"
"0x004aa960","0x004aa960","0x004aa97e"
"0x004aa980","0x004aa980","0x004aa9a3"
"0x004aa9b0","0x004aa9b0","0x004aa9d3"
"0x004aa9e0","0x004aa9e0","0x004aaa03"
"0x004aaa10","0x004aaa10","0x004aaa33"
"0x004aaa40","0x004aaa40","0x004aaa53"
"0x004aaa60","0x004aaa60","0x004aaa72"
"0x004aaa80","0x004aaa80","0x004aaab2"
"0x004aaac0","0x004aaac0","0x004aab08"
"0x004aab10","0x004aab10","0x004aab68"
"0x004aab70","0x004aab70","0x004aabc2"
"0x004aabd0","0x004aabd0","0x004aabe2"
"0x004aabf0","0x004aabf0","0x004aabff"
"0x004aac00","0x004aac00","0x004aad81"
"0x004aad90","0x004aad90","0x004aadaf"
"0x004aadb0","0x004aadb0","0x004aadec"
"0x004aadf0","0x004aadf0","0x004aae03"
"0x004aae10","0x004aae10","0x004aaea6"
"0x004aaeb0","0x004aaeb0","0x004aaf40"
"0x004aaf50","0x004aaf50","0x004aaf98"
"0x004aafa0","0x004aafa0","0x004aafaf"
"0x004aafb0","0x004aafb0","0x004aafd3"
"0x004aafe0","0x004aafe0","0x004ab00e"
"0x004ab010","0x004ab010","0x004ab033"
"0x004ab040","0x004ab040","0x004ab06e"
"0x004ab070","0x004ab070","0x004ab07e"
"0x004ab080","0x004ab080","0x004ab0a3"
"0x004ab0b0","0x004ab0b0","0x004ab0d7"
"0x004ab0e0","0x004ab0e0","0x004ab103"
"0x004ab110","0x004ab110","0x004ab137"
"0x004ab140","0x004ab140","0x004ab1a1"
"0x004ab1b0","0x004ab1b0","0x004ab239"
"0x004ab240","0x004ab240","0x004ab267"
"0x004ab270","0x004ab270","0x004ab289"
"0x004ab290","0x004ab290","0x004ab2a5"
"0x004ab2b0","0x004ab2b0","0x004ab2dd"
"0x004ab2e0","0x004ab2e0","0x004ab2f9"
"0x004ab300","0x004ab300","0x004ab319"
"0x004ab320","0x004ab320","0x004ab336"
"0x004ab340","0x004ab340","0x004ab37d"
"0x004ab380","0x004ab380","0x004ab399"
"0x004ab3a0","0x004ab3a0","0x004ab3b2"
"0x004ab3c0","0x004ab3c0","0x004ab3d2"
"0x004ab3e0","0x004ab3e0","0x004ab3f2"
"0x004ab400","0x004ab400","0x004ab43a"
"0x004ab440","0x004ab440","0x004ab47a"
"0x004ab480","0x004ab480","0x004ab4ba"
"0x004ab4c0","0x004ab4c0","0x004ab567"
"0x004ab570","0x004ab570","0x004ab58f"
"0x004ab590","0x004ab590","0x004ab5ac"
"0x004ab5b0","0x004ab5b0","0x004ab600"
"0x004ab610","0x004ab610","0x004ab628"
"0x004ab630","0x004ab630","0x004ab645"
"0x004ab650","0x004ab650","0x004ab77c"
"0x004ab780","0x004ab780","0x004ab819"
"0x004ab820","0x004ab820","0x004ab846"
"0x004ab850","0x004ab850","0x004ab876"
"0x004ab880","0x004ab880","0x004ab8ad"
"0x004ab8b0","0x004ab8b0","0x004ab8e5"
"0x004ab8f0","0x004ab8f0","0x004ab925"
"0x004ab930","0x004ab930","0x004ab965"
"0x004ab970","0x004ab970","0x004ab9c0"
"0x004ab9d0","0x004ab9d0","0x004ab9ec"
"0x004ab9f0","0x004ab9f0","0x004ab9ff"
"0x004aba00","0x004aba00","0x004aba28"
"0x004aba30","0x004aba30","0x004aba6c"
"0x004aba70","0x004aba70","0x004abaa6"
"0x004aba70","0x004abaa9","0x004abacf"
"0x004abad0","0x004abad0","0x004abb18"
"0x004abb20","0x004abb20","0x004abb5d"
"0x004abb60","0x004abb60","0x004abb79"
"0x004abb80","0x004abb80","0x004abc83"
"0x004abc90","0x004abc90","0x004abcff"
"0x004abd10","0x004abd10","0x004abd40"
"0x004abd50","0x004abd50","0x004abf04"
"0x004abf30","0x004abf30","0x004ac07c"
"0x004ac080","0x004ac080","0x004ac0a5"
"0x004ac0b0","0x004ac0b0","0x004ac0bc"
"0x004ac0c0","0x004ac0c0","0x004ac0d3"
"0x004ac0e0","0x004ac0e0","0x004ac150"
"0x004ac160","0x004ac160","0x004ac16c"
"0x004ac170","0x004ac170","0x004ac19d"
"0x004ac1a0","0x004ac1a0","0x004ac1ce"
"0x004ac1a0","0x004ac1d1","0x004ac1f7"
"0x004ac200","0x004ac200","0x004ac229"
"0x004ac230","0x004ac230","0x004ac254"
"0x004ac260","0x004ac260","0x004ac268"
"0x004ac270","0x004ac270","0x004ac284"
"0x004ac290","0x004ac290","0x004ac2a3"
"0x004ac2b0","0x004ac2b0","0x004ac2d0"
"0x004ac2e0","0x004ac2e0","0x004ac31a"
"0x004ac320","0x004ac320","0x004ac35a"
"0x004ac360","0x004ac360","0x004ac39a"
"0x004ac3a0","0x004ac3a0","0x004ac3da"
"0x004ac3e0","0x004ac3e0","0x004ac41a"
"0x004ac420","0x004ac420","0x004ac454"
"0x004ac460","0x004ac460","0x004ac48c"
"0x004ac490","0x004ac490","0x004ac4bc"
"0x004ac4c0","0x004ac4c0","0x004ac4ec"
"0x004ac4f0","0x004ac4f0","0x004ac51c"
"0x004ac520","0x004ac520","0x004ac54c"
"0x004ac550","0x004ac550","0x004ac584"
"0x004ac590","0x004ac590","0x004ac5c4"
"0x004ac5d0","0x004ac5d0","0x004ac604"
"0x004ac610","0x004ac610","0x004ac644"
"0x004ac650","0x004ac650","0x004ac684"
"0x004ac690","0x004ac690","0x004ac6bc"
"0x004ac6c0","0x004ac6c0","0x004ac6ec"
"0x004ac6f0","0x004ac6f0","0x004ac71c"
"0x004ac720","0x004ac720","0x004ac75a"
"0x004ac760","0x004ac760","0x004ac79a"
"0x004ac7a0","0x004ac7a0","0x004ac7e1"
"0x004ac7f0","0x004ac7f0","0x004ac831"
"0x004ac840","0x004ac840","0x004ac881"
"0x004ac890","0x004ac890","0x004ac8d1"
"0x004ac8e0","0x004ac8e0","0x004ac91a"
"0x004ac920","0x004ac920","0x004ac95a"
"0x004ac960","0x004ac960","0x004ac99a"
"0x004ac9a0","0x004ac9a0","0x004aca05"
"0x004aca10","0x004aca10","0x004aca75"
"0x004aca80","0x004aca80","0x004acae5"
"0x004acaf0","0x004acaf0","0x004acb55"
"0x004acb60","0x004acb60","0x004acbc5"
"0x004acbd0","0x004acbd0","0x004acc35"
"0x004acc40","0x004acc40","0x004acca5"
"0x004accb0","0x004accb0","0x004acd15"
"0x004acd20","0x004acd20","0x004acd85"
"0x004acd90","0x004acd90","0x004acdf5"
"0x004ace00","0x004ace00","0x004ace65"
"0x004ace70","0x004ace70","0x004aced5"
"0x004acee0","0x004acee0","0x004acf45"
"0x004acf50","0x004acf50","0x004acfb5"
"0x004acfc0","0x004acfc0","0x004ad025"
"0x004ad030","0x004ad030","0x004ad095"
"0x004ad0a0","0x004ad0a0","0x004ad105"
"0x004ad110","0x004ad110","0x004ad175"
"0x004ad180","0x004ad180","0x004ad1e5"
"0x004ad1f0","0x004ad1f0","0x004ad255"
"0x004ad260","0x004ad260","0x004ad2c5"
"0x004ad2d0","0x004ad2d0","0x004ad311"
"0x004ad320","0x004ad320","0x004ad385"
"0x004ad390","0x004ad390","0x004ad3d1"
"0x004ad3e0","0x004ad3e0","0x004ad445"
"0x004ad450","0x004ad450","0x004ad491"
"0x004ad4a0","0x004ad4a0","0x004ad505"
"0x004ad510","0x004ad510","0x004ad551"
"0x004ad560","0x004ad560","0x004ad5c5"
"0x004ad5d0","0x004ad5d0","0x004ad635"
"0x004ad640","0x004ad640","0x004ad6a5"
"0x004ad6b0","0x004ad6b0","0x004ad715"
"0x004ad720","0x004ad720","0x004ad76a"
"0x004ad770","0x004ad770","0x004ad7ed"
"0x004ad7f0","0x004ad7f0","0x004ad806"
"0x004ad810","0x004ad810","0x004ad824"
"0x004ad830","0x004ad830","0x004ad8dd"
"0x004ad8e0","0x004ad8e0","0x004ad98d"
"0x004ad990","0x004ad990","0x004ada3d"
"0x004ada40","0x004ada40","0x004adaed"
"0x004adaf0","0x004adaf0","0x004adb9d"
"0x004adba0","0x004adba0","0x004adc4d"
"0x004adc50","0x004adc50","0x004adcfd"
"0x004add00","0x004add00","0x004addad"
"0x004addb0","0x004addb0","0x004ade09"
"0x004ade10","0x004ade10","0x004ade69"
"0x004ade70","0x004ade70","0x004adec9"
"0x004aded0","0x004aded0","0x004adf29"
"0x004adf30","0x004adf30","0x004adf89"
"0x004adf90","0x004adf90","0x004adfe9"
"0x004adff0","0x004adff0","0x004ae049"
"0x004ae050","0x004ae050","0x004ae0a9"
"0x004ae0b0","0x004ae0b0","0x004ae109"
"0x004ae110","0x004ae110","0x004ae169"
"0x004ae170","0x004ae170","0x004ae1c9"
"0x004ae1d0","0x004ae1d0","0x004ae229"
"0x004ae230","0x004ae230","0x004ae289"
"0x004ae290","0x004ae290","0x004ae2e9"
"0x004ae2f0","0x004ae2f0","0x004ae349"
"0x004ae350","0x004ae350","0x004ae3a9"
"0x004ae3b0","0x004ae3b0","0x004ae409"
"0x004ae410","0x004ae410","0x004ae469"
"0x004ae470","0x004ae470","0x004ae4c9"
"0x004ae4d0","0x004ae4d0","0x004ae529"
"0x004ae530","0x004ae530","0x004ae589"
"0x004ae590","0x004ae590","0x004ae5d0"
"0x004ae5e0","0x004ae5e0","0x004ae620"
"0x004ae630","0x004ae630","0x004ae670"
"0x004ae680","0x004ae680","0x004ae6c0"
"0x004ae6d0","0x004ae6d0","0x004ae729"
"0x004ae730","0x004ae730","0x004ae789"
"0x004ae790","0x004ae790","0x004ae7e9"
"0x004ae7f0","0x004ae7f0","0x004ae827"
"0x004ae830","0x004ae830","0x004ae890"
"0x004ae8a0","0x004ae8a0","0x004ae926"
"0x004ae930","0x004ae930","0x004ae9cb"
"0x004ae9d0","0x004ae9d0","0x004ae9e0"
"0x004ae9f0","0x004ae9f0","0x004ae9ff"
"0x004aea00","0x004aea00","0x004aea0d"
"0x004aea10","0x004aea10","0x004aea1d"
"0x004aea20","0x004aea20","0x004aea2d"
"0x004aea30","0x004aea30","0x004aea3d"
"0x004aea40","0x004aea40","0x004aea4d"
"0x004aea50","0x004aea50","0x004aea5d"
"0x004aea60","0x004aea60","0x004aea6d"
"0x004aea70","0x004aea70","0x004aea7d"
"0x004aea80","0x004aea80","0x004aea8d"
"0x004aea90","0x004aea90","0x004aea9d"
"0x004aeaa0","0x004aeaa0","0x004aeaad"
"0x004aeab0","0x004aeab0","0x004aeabd"
"0x004aeac0","0x004aeac0","0x004aeacd"
"0x004aead0","0x004aead0","0x004aeadd"
"0x004aeae0","0x004aeae0","0x004aeaed"
"0x004aeaf0","0x004aeaf0","0x004aeafd"
"0x004aeb00","0x004aeb00","0x004aeb0d"
"0x004aeb10","0x004aeb10","0x004aeb1d"
"0x004aeb20","0x004aeb20","0x004aeb2d"
"0x004aeb30","0x004aeb30","0x004aeb3d"
"0x004aeb40","0x004aeb40","0x004aebde"
"0x004aebf0","0x004aebf0","0x004aec81"
"0x004aec90","0x004aec90","0x004aecd1"
"0x004aece0","0x004aece0","0x004aed01"
"0x004aed10","0x004aed10","0x004aed4d"
"0x004aed50","0x004aed50","0x004aed9a"
"0x004aeda0","0x004aeda0","0x004aedea"
"0x004aedf0","0x004aedf0","0x004aee3a"
"0x004aee40","0x004aee40","0x004aee8a"
"0x004aee90","0x004aee90","0x004aeedf"
"0x004aeee0","0x004aeee0","0x004aeef6"
"0x004aef00","0x004aef00","0x004aef89"
"0x004aef90","0x004aef90","0x004af302"
"0x004af310","0x004af310","0x004af9d9"
"0x004af9e0","0x004af9e0","0x004afa43"
"0x004afa50","0x004afa50","0x004afa63"
"0x004afa70","0x004afa70","0x004afa9c"
"0x004afaa0","0x004afaa0","0x004afbef"
"0x004afc00","0x004afc00","0x004afce3"
"0x004afcf0","0x004afcf0","0x004afd5d"
"0x004afd60","0x004afd60","0x004afdb1"
"0x004afdc0","0x004afdc0","0x004afe11"
"0x004afe20","0x004afe20","0x004afe71"
"0x004afe80","0x004afe80","0x004afed1"
"0x004afee0","0x004afee0","0x004aff0a"
"0x004aff10","0x004aff10","0x004aff28"
"0x004aff30","0x004aff30","0x004aff48"
"0x004aff50","0x004aff50","0x004aff68"
"0x004aff70","0x004aff70","0x004aff88"
"0x004aff90","0x004aff90","0x004affa8"
"0x004affb0","0x004affb0","0x004affe5"
"0x004afff0","0x004afff0","0x004b00a5"
"0x004b00b0","0x004b00b0","0x004b0165"
"0x004b0170","0x004b0170","0x004b028b"
"0x004b0290","0x004b0290","0x004b0352"
"0x004b0360","0x004b0360","0x004b047b"
"0x004b0480","0x004b0480","0x004b0542"
"0x004b0550","0x004b0550","0x004b05bd"
"0x004b05c0","0x004b05c0","0x004b062d"
"0x004b0630","0x004b0630","0x004b069d"
"0x004b06a0","0x004b06a0","0x004b06d0"
"0x004b06e0","0x004b06e0","0x004b0710"
"0x004b0720","0x004b0720","0x004b1527"
"0x004b0720","0x004b152d","0x004b2bf8"
"0x004b2c90","0x004b2c90","0x004b4448"
"0x004b4450","0x004b4450","0x004b4484"
"0x004b4490","0x004b4490","0x004b4729"
"0x004b4730","0x004b4730","0x004b5782"
"0x004b5790","0x004b5790","0x004b57c3"
"0x004b57d0","0x004b57d0","0x004b5817"
"0x004b5820","0x004b5820","0x004b58df"
"0x004b58e0","0x004b58e0","0x004b58f8"
"0x004b5900","0x004b5900","0x004b5910"
"0x004b5920","0x004b5920","0x004b595f"
"0x004b5960","0x004b5960","0x004b5ad1"
"0x004b5ae0","0x004b5ae0","0x004b5b56"
"0x004b5b60","0x004b5b60","0x004b5bae"
"0x004b5bb0","0x004b5bb0","0x004b621e"
"0x004b6220","0x004b6220","0x004b6457"
"0x004b6460","0x004b6460","0x004b6497"
"0x004b6460","0x004b649a","0x004b649d"
"0x004b64a0","0x004b64a0","0x004b6556"
"0x004b6560","0x004b6560","0x004b657d"
"0x004b6580","0x004b6580","0x004b65c7"
"0x004b65d0","0x004b65d0","0x004b65fe"
"0x004b6600","0x004b6600","0x004b662e"
"0x004b6630","0x004b6630","0x004b665e"
"0x004b6660","0x004b6660","0x004b668e"
"0x004b6690","0x004b6690","0x004b66be"
"0x004b66c0","0x004b66c0","0x004b66ee"
"0x004b66f0","0x004b66f0","0x004b671e"
"0x004b6720","0x004b6720","0x004b674e"
"0x004b6750","0x004b6750","0x004b677e"
"0x004b6780","0x004b6780","0x004b67ae"
"0x004b67b0","0x004b67b0","0x004b67de"
"0x004b67e0","0x004b67e0","0x004b680e"
"0x004b6810","0x004b6810","0x004b683e"
"0x004b6840","0x004b6840","0x004b686e"
"0x004b6870","0x004b6870","0x004b689e"
"0x004b68a0","0x004b68a0","0x004b68ce"
"0x004b68d0","0x004b68d0","0x004b68fe"
"0x004b6900","0x004b6900","0x004b692e"
"0x004b6930","0x004b6930","0x004b695e"
"0x004b6960","0x004b6960","0x004b698e"
"0x004b6990","0x004b6990","0x004b69be"
"0x004b69c0","0x004b69c0","0x004b69db"
"0x004b69e0","0x004b69e0","0x004b69fb"
"0x004b6a00","0x004b6a00","0x004b6a1b"
"0x004b6a20","0x004b6a20","0x004b6a3b"
"0x004b6a40","0x004b6a40","0x004b6a6e"
"0x004b6a70","0x004b6a70","0x004b6a9e"
"0x004b6aa0","0x004b6aa0","0x004b6ace"
"0x004b6ad0","0x004b6ad0","0x004b6af2"
"0x004b6b00","0x004b6b00","0x004b6b19"
"0x004b6b20","0x004b6b20","0x004b6b39"
"0x004b6b40","0x004b6b40","0x004b6b59"
"0x004b6b60","0x004b6b60","0x004b6b79"
"0x004b6b80","0x004b6b80","0x004b6b99"
"0x004b6ba0","0x004b6ba0","0x004b6bb9"
"0x004b6bc0","0x004b6bc0","0x004b6bd9"
"0x004b6be0","0x004b6be0","0x004b6bf9"
"0x004b6c00","0x004b6c00","0x004b6c19"
"0x004b6c20","0x004b6c20","0x004b6c39"
"0x004b6c40","0x004b6c40","0x004b6c59"
"0x004b6c60","0x004b6c60","0x004b6c79"
"0x004b6c80","0x004b6c80","0x004b6c99"
"0x004b6ca0","0x004b6ca0","0x004b6cb9"
"0x004b6cc0","0x004b6cc0","0x004b6cd9"
"0x004b6ce0","0x004b6ce0","0x004b6cf9"
"0x004b6d00","0x004b6d00","0x004b6d19"
"0x004b6d20","0x004b6d20","0x004b6d39"
"0x004b6d40","0x004b6d40","0x004b6d59"
"0x004b6d60","0x004b6d60","0x004b6d79"
"0x004b6d80","0x004b6d80","0x004b6d9d"
"0x004b6da0","0x004b6da0","0x004b6db5"
"0x004b6dc0","0x004b6dc0","0x004b6dd5"
"0x004b6de0","0x004b6de0","0x004b6df5"
"0x004b6e00","0x004b6e00","0x004b6e67"
"0x004b6e70","0x004b6e70","0x004b6ed7"
"0x004b6ee0","0x004b6ee0","0x004b6f47"
"0x004b6f50","0x004b6f50","0x004b6fb7"
"0x004b6fc0","0x004b6fc0","0x004b7027"
"0x004b7030","0x004b7030","0x004b7097"
"0x004b70a0","0x004b70a0","0x004b7107"
"0x004b7110","0x004b7110","0x004b7177"
"0x004b7180","0x004b7180","0x004b71e7"
"0x004b71f0","0x004b71f0","0x004b7257"
"0x004b7260","0x004b7260","0x004b72c7"
"0x004b72d0","0x004b72d0","0x004b7337"
"0x004b7340","0x004b7340","0x004b73a7"
"0x004b73b0","0x004b73b0","0x004b7417"
"0x004b7420","0x004b7420","0x004b7487"
"0x004b7490","0x004b7490","0x004b74f7"
"0x004b7500","0x004b7500","0x004b7567"
"0x004b7570","0x004b7570","0x004b75d7"
"0x004b75e0","0x004b75e0","0x004b7647"
"0x004b7650","0x004b7650","0x004b76b7"
"0x004b76c0","0x004b76c0","0x004b7727"
"0x004b7730","0x004b7730","0x004b7797"
"0x004b77a0","0x004b77a0","0x004b7807"
"0x004b7810","0x004b7810","0x004b7877"
"0x004b7880","0x004b7880","0x004b7895"
"0x004b78a0","0x004b78a0","0x004b78b5"
"0x004b78c0","0x004b78c0","0x004b78da"
"0x004b78e0","0x004b78e0","0x004b79bc"
"0x004b79c0","0x004b79c0","0x004b79cf"
"0x004b79d0","0x004b79d0","0x004b79df"
"0x004b79e0","0x004b79e0","0x004b79ef"
"0x004b79f0","0x004b79f0","0x004b79ff"
"0x004b7a00","0x004b7a00","0x004b7a0f"
"0x004b7a10","0x004b7a10","0x004b7a1f"
"0x004b7a20","0x004b7a20","0x004b7a2f"
"0x004b7a30","0x004b7a30","0x004b7a3f"
"0x004b7a40","0x004b7a40","0x004b7a4f"
"0x004b7a50","0x004b7a50","0x004b7a5f"
"0x004b7a60","0x004b7a60","0x004b7a6f"
"0x004b7a70","0x004b7a70","0x004b7a7f"
"0x004b7a80","0x004b7a80","0x004b7a8f"
"0x004b7a90","0x004b7a90","0x004b7a9f"
"0x004b7aa0","0x004b7aa0","0x004b7aaf"
"0x004b7ab0","0x004b7ab0","0x004b7abf"
"0x004b7ac0","0x004b7ac0","0x004b7acf"
"0x004b7ad0","0x004b7ad0","0x004b7adf"
"0x004b7ae0","0x004b7ae0","0x004b7aef"
"0x004b7af0","0x004b7af0","0x004b7aff"
"0x004b7b00","0x004b7b00","0x004b7b0f"
"0x004b7b10","0x004b7b10","0x004b7b1f"
"0x004b7b20","0x004b7b20","0x004b7b2f"
"0x004b7b30","0x004b7b30","0x004b7b3f"
"0x004b7b40","0x004b7b40","0x004b7b4f"
"0x004b7b50","0x004b7b50","0x004b7b5f"
"0x004b7b60","0x004b7b60","0x004b7b6f"
"0x004b7b70","0x004b7b70","0x004b7b7f"
"0x004b7b80","0x004b7b80","0x004b7bc3"
"0x004b7bd0","0x004b7bd0","0x004b7bf1"
"0x004b7c00","0x004b7c00","0x004b7c0c"
"0x004b7c10","0x004b7c10","0x004b7c46"
"0x004b7c50","0x004b7c50","0x004b7c6f"
"0x004b7c70","0x004b7c70","0x004b7c8f"
"0x004b7c90","0x004b7c90","0x004b7d54"
"0x004b7d60","0x004b7d60","0x004b7d6c"
"0x004b7d70","0x004b7d70","0x004b7d7c"
"0x004b7d80","0x004b7d80","0x004b7dad"
"0x004b7db0","0x004b7db0","0x004b7dc6"
"0x004b7dd0","0x004b7dd0","0x004b7e17"
"0x004b7e20","0x004b7e20","0x004b7e68"
"0x004b7e70","0x004b7e70","0x004b7eb8"
"0x004b7ec0","0x004b7ec0","0x004b7f3d"
"0x004b7f40","0x004b7f40","0x004b7f61"
"0x004b7f70","0x004b7f70","0x004b7f91"
"0x004b7fa0","0x004b7fa0","0x004b7fb8"
"0x004b7fc0","0x004b7fc0","0x004b8008"
"0x004b8010","0x004b8010","0x004b8020"
"0x004b8030","0x004b8030","0x004b8043"
"0x004b8050","0x004b8050","0x004b8063"
"0x004b8070","0x004b8070","0x004b8083"
"0x004b8090","0x004b8090","0x004b80a2"
"0x004b80b0","0x004b80b0","0x004b80f8"
"0x004b8100","0x004b8100","0x004b8148"
"0x004b8150","0x004b8150","0x004b8198"
"0x004b81a0","0x004b81a0","0x004b81c5"
"0x004b81d0","0x004b81d0","0x004b820f"
"0x004b8210","0x004b8210","0x004b824f"
"0x004b8250","0x004b8250","0x004b8263"
"0x004b8270","0x004b8270","0x004b8283"
"0x004b8290","0x004b8290","0x004b82b8"
"0x004b82c0","0x004b82c0","0x004b82ff"
"0x004b8300","0x004b8300","0x004b833f"
"0x004b8340","0x004b8340","0x004b8361"
"0x004b8370","0x004b8370","0x004b8386"
"0x004b8390","0x004b8390","0x004b83a6"
"0x004b83b0","0x004b83b0","0x004b83e0"
"0x004b83f0","0x004b83f0","0x004b8406"
"0x004b8410","0x004b8410","0x004b8426"
"0x004b8430","0x004b8430","0x004b8443"
"0x004b8450","0x004b8450","0x004b8469"
"0x004b8470","0x004b8470","0x004b849d"
"0x004b84a0","0x004b84a0","0x004b8558"
"0x004b8560","0x004b8560","0x004b8575"
"0x004b8580","0x004b8580","0x004b8595"
"0x004b85a0","0x004b85a0","0x004b85bc"
"0x004b85c0","0x004b85c0","0x004b85d5"
"0x004b85e0","0x004b85e0","0x004b85f5"
"0x004b8600","0x004b8600","0x004b8618"
"0x004b8620","0x004b8620","0x004b8644"
"0x004b8650","0x004b8650","0x004b87eb"
"0x004b87f0","0x004b87f0","0x004b8809"
"0x004b8810","0x004b8810","0x004b8829"
"0x004b8830","0x004b8830","0x004b887d"
"0x004b8880","0x004b8880","0x004b8938"
"0x004b8940","0x004b8940","0x004b8955"
"0x004b8960","0x004b8960","0x004b897b"
"0x004b8980","0x004b8980","0x004b8999"
"0x004b89a0","0x004b89a0","0x004b8b22"
"0x004b8b30","0x004b8b30","0x004b8be8"
"0x004b8bf0","0x004b8bf0","0x004b8d8b"
"0x004b8d90","0x004b8d90","0x004b8dbc"
"0x004b8dc0","0x004b8dc0","0x004b8e28"
"0x004b8e30","0x004b8e30","0x004b8e68"
"0x004b8e70","0x004b8e70","0x004b8f58"
"0x004b8f60","0x004b8f60","0x004b9045"
"0x004b9050","0x004b9050","0x004b9089"
"0x004b9090","0x004b9090","0x004b90b4"
"0x004b9090","0x004b90b7","0x004b90dd"
"0x004b90e0","0x004b90e0","0x004b96d1"
"0x004b96f0","0x004b96f0","0x004b973a"
"0x004b9740","0x004b9740","0x004b99b1"
"0x004b99c0","0x004b99c0","0x004b99e2"
"0x004b99f0","0x004b99f0","0x004b9a93"
"0x004b9aa0","0x004b9aa0","0x004b9b00"
"0x004b9b10","0x004b9b10","0x004b9b58"
"0x004b9b60","0x004b9b60","0x004b9b7e"
"0x004b9b80","0x004b9b80","0x004b9c08"
"0x004b9c10","0x004b9c10","0x004b9de8"
"0x004b9df0","0x004b9df0","0x004b9ee4"
"0x004b9ef0","0x004b9ef0","0x004ba3ad"
"0x004ba3c0","0x004ba3c0","0x004ba3d6"
"0x004ba3e0","0x004ba3e0","0x004ba3f6"
"0x004ba400","0x004ba400","0x004ba430"
"0x004ba440","0x004ba440","0x004ba49f"
"0x004ba4a0","0x004ba4a0","0x004ba86b"
"0x004ba870","0x004ba870","0x004ba8a3"
"0x004ba8b0","0x004ba8b0","0x004ba934"
"0x004ba940","0x004ba940","0x004bad34"
"0x004bad40","0x004bad40","0x004badb7"
"0x004bad40","0x004badbd","0x004bb684"
"0x004bad40","0x004bb68a","0x004bb955"
"0x004bad40","0x004bb95b","0x004bb971"
"0x004bad40","0x004bb977","0x004bb984"
"0x004bad40","0x004bb98a","0x004bb99c"
"0x004bad40","0x004bb9a2","0x004bb9b4"
"0x004bad40","0x004bb9ba","0x004bb9cc"
"0x004bad40","0x004bb9d2","0x004bb9df"
"0x004bad40","0x004bb9e5","0x004bb9f7"
"0x004bad40","0x004bb9fd","0x004bba32"
"0x004bad40","0x004bba38","0x004bba6f"
"0x004bad40","0x004bba75","0x004bbabb"
"0x004bad40","0x004bbac1","0x004bbad3"
"0x004bad40","0x004bbad9","0x004bbd56"
"0x004bbd80","0x004bbd80","0x004bbdda"
"0x004bbde0","0x004bbde0","0x004bbf85"
"0x004bbf90","0x004bbf90","0x004bc21f"
"0x004bc220","0x004bc220","0x004bc473"
"0x004bc480","0x004bc480","0x004bc566"
"0x004bc570","0x004bc570","0x004bcc9b"
"0x004bcca0","0x004bcca0","0x004bccb0"
"0x004bccc0","0x004bccc0","0x004bcce2"
"0x004bccf0","0x004bccf0","0x004bcd46"
"0x004bcd50","0x004bcd50","0x004bcda6"
"0x004bcdb0","0x004bcdb0","0x004bce06"
"0x004bce10","0x004bce10","0x004bceee"
"0x004bcef0","0x004bcef0","0x004bcf20"
"0x004bcf30","0x004bcf30","0x004bcf5d"
"0x004bcf60","0x004bcf60","0x004bcff0"
"0x004bd000","0x004bd000","0x004bd052"
"0x004bd060","0x004bd060","0x004bd07e"
"0x004bd080","0x004bd080","0x004bd0a1"
"0x004bd0b0","0x004bd0b0","0x004bd0bc"
"0x004bd0c0","0x004bd0c0","0x004bd1ac"
"0x004bd1b0","0x004bd1b0","0x004bd1df"
"0x004bd1e0","0x004bd1e0","0x004bd20c"
"0x004bd210","0x004bd210","0x004bd23f"
"0x004bd240","0x004bd240","0x004bd26f"
"0x004bd270","0x004bd270","0x004bd29f"
"0x004bd2a0","0x004bd2a0","0x004bd2cf"
"0x004bd2d0","0x004bd2d0","0x004bd2ff"
"0x004bd300","0x004bd300","0x004bd32f"
"0x004bd330","0x004bd330","0x004bd35f"
"0x004bd360","0x004bd360","0x004bd38f"
"0x004bd390","0x004bd390","0x004bd3bf"
"0x004bd3c0","0x004bd3c0","0x004bd3cc"
"0x004bd3d0","0x004bd3d0","0x004bd403"
"0x004bd410","0x004bd410","0x004bd458"
"0x004bd460","0x004bd460","0x004bd49f"
"0x004bd4a0","0x004bd4a0","0x004bd4d6"
"0x004bd4e0","0x004bd4e0","0x004bd552"
"0x004bd560","0x004bd560","0x004bd569"
"0x004bd570","0x004bd570","0x004bd583"
"0x004bd590","0x004bd590","0x004bd599"
"0x004bd5a0","0x004bd5a0","0x004bd5b9"
"0x004bd5c0","0x004bd5c0","0x004bd608"
"0x004bd610","0x004bd610","0x004bd6a6"
"0x004bd6b0","0x004bd6b0","0x004bd6d7"
"0x004bd6e0","0x004bd6e0","0x004bd70c"
"0x004bd710","0x004bd710","0x004bd729"
"0x004bd730","0x004bd730","0x004bd753"
"0x004bd760","0x004bd760","0x004bd776"
"0x004bd780","0x004bd780","0x004bd81e"
"0x004bd820","0x004bd820","0x004bd849"
"0x004bd850","0x004bd850","0x004bd892"
"0x004bd8a0","0x004bd8a0","0x004bd8e4"
"0x004bd8f0","0x004bd8f0","0x004bd919"
"0x004bd920","0x004bd920","0x004bd93f"
"0x004bd940","0x004bd940","0x004bd959"
"0x004bd960","0x004bd960","0x004bd97d"
"0x004bd980","0x004bd980","0x004bd9af"
"0x004bd9b0","0x004bd9b0","0x004bd9df"
"0x004bd9e0","0x004bd9e0","0x004bda2d"
"0x004bda30","0x004bda30","0x004bda7d"
"0x004bda80","0x004bda80","0x004bdacd"
"0x004bdad0","0x004bdad0","0x004bdaf6"
"0x004bdb00","0x004bdb00","0x004bdb26"
"0x004bdb30","0x004bdb30","0x004bdb7d"
"0x004bdb80","0x004bdb80","0x004bdbcd"
"0x004bdbd0","0x004bdbd0","0x004bdbef"
"0x004bdbf0","0x004bdbf0","0x004bdc3d"
"0x004bdc40","0x004bdc40","0x004bdc58"
"0x004bdc60","0x004bdc60","0x004bdcad"
"0x004bdcb0","0x004bdcb0","0x004bdccc"
"0x004bdcd0","0x004bdcd0","0x004bdce8"
"0x004bdcf0","0x004bdcf0","0x004bdd08"
"0x004bdd10","0x004bdd10","0x004bdd5d"
"0x004bdd60","0x004bdd60","0x004bdd85"
"0x004bdd90","0x004bdd90","0x004bddb6"
"0x004bddc0","0x004bddc0","0x004bde8f"
"0x004bde90","0x004bde90","0x004bdedd"
"0x004bdee0","0x004bdee0","0x004bdf2d"
"0x004bdf30","0x004bdf30","0x004bdf7d"
"0x004bdf80","0x004bdf80","0x004bdfc4"
"0x004bdfd0","0x004bdfd0","0x004be044"
"0x004be050","0x004be050","0x004be094"
"0x004be0a0","0x004be0a0","0x004be0e4"
"0x004be0f0","0x004be0f0","0x004be134"
"0x004be140","0x004be140","0x004be184"
"0x004be190","0x004be190","0x004be1a8"
"0x004be1b0","0x004be1b0","0x004be1d6"
"0x004be1e0","0x004be1e0","0x004be1f8"
"0x004be200","0x004be200","0x004be21c"
"0x004be220","0x004be220","0x004be243"
"0x004be250","0x004be250","0x004be268"
"0x004be270","0x004be270","0x004be2a6"
"0x004be2b0","0x004be2b0","0x004be2ca"
"0x004be2d0","0x004be2d0","0x004be339"
"0x004be340","0x004be340","0x004be358"
"0x004be360","0x004be360","0x004be386"
"0x004be390","0x004be390","0x004be3b9"
"0x004be3c0","0x004be3c0","0x004be3e6"
"0x004be3f0","0x004be3f0","0x004be43d"
"0x004be440","0x004be440","0x004be48d"
"0x004be490","0x004be490","0x004be4dd"
"0x004be4e0","0x004be4e0","0x004be52d"
"0x004be530","0x004be530","0x004be57d"
"0x004be580","0x004be580","0x004be5cd"
"0x004be5d0","0x004be5d0","0x004be61d"
"0x004be620","0x004be620","0x004be664"
"0x004be670","0x004be670","0x004be6b4"
"0x004be6c0","0x004be6c0","0x004be704"
"0x004be710","0x004be710","0x004be754"
"0x004be760","0x004be760","0x004be7a4"
"0x004be7b0","0x004be7b0","0x004be7f4"
"0x004be800","0x004be800","0x004be844"
"0x004be850","0x004be850","0x004be89d"
"0x004be8a0","0x004be8a0","0x004be8e4"
"0x004be8f0","0x004be8f0","0x004be934"
"0x004be940","0x004be940","0x004be984"
"0x004be990","0x004be990","0x004be9a8"
"0x004be9b0","0x004be9b0","0x004be9f4"
"0x004bea00","0x004bea00","0x004bea44"
"0x004bea50","0x004bea50","0x004bea94"
"0x004beaa0","0x004beaa0","0x004beae4"
"0x004beaf0","0x004beaf0","0x004beb3d"
"0x004beb40","0x004beb40","0x004beb5a"
"0x004beb60","0x004beb60","0x004bec00"
"0x004bec10","0x004bec10","0x004bec5d"
"0x004bec60","0x004bec60","0x004bec6f"
"0x004bec70","0x004bec70","0x004bed1e"
"0x004bed20","0x004bed20","0x004bed41"
"0x004bed50","0x004bed50","0x004bedec"
"0x004bedf0","0x004bedf0","0x004bee38"
"0x004bee40","0x004bee40","0x004bee66"
"0x004bee70","0x004bee70","0x004bef6b"
"0x004bef80","0x004bef80","0x004bf019"
"0x004bf020","0x004bf020","0x004bf037"
"0x004bf040","0x004bf040","0x004bf057"
"0x004bf060","0x004bf060","0x004bf090"
"0x004bf0a0","0x004bf0a0","0x004bf4a2"
"0x004bf0a0","0x004bf4a8","0x004bf661"
"0x004bf0a0","0x004bf667","0x004bf70e"
"0x004bf0a0","0x004bf714","0x004bf8b7"
"0x004bf8d0","0x004bf8d0","0x004bf926"
"0x004bf930","0x004bf930","0x004bf988"
"0x004bf990","0x004bf990","0x004bf9f6"
"0x004bfa00","0x004bfa00","0x004bfac5"
"0x004bfad0","0x004bfad0","0x004bfadc"
"0x004bfae0","0x004bfae0","0x004bfaf6"
"0x004bfb00","0x004bfb00","0x004bfb19"
"0x004bfb20","0x004bfb20","0x004bfb45"
"0x004bfb50","0x004bfb50","0x004bfb75"
"0x004bfb80","0x004bfb80","0x004bfba5"
"0x004bfbb0","0x004bfbb0","0x004bfbd9"
"0x004bfbe0","0x004bfbe0","0x004bfbf5"
"0x004bfc00","0x004bfc00","0x004bfc15"
"0x004bfc20","0x004bfc20","0x004bfc61"
"0x004bfc70","0x004bfc70","0x004bfc9e"
"0x004bfc70","0x004bfca1","0x004bfcc7"
"0x004bfcd0","0x004bfcd0","0x004bfd52"
"0x004bfd60","0x004bfd60","0x004bfddd"
"0x004bfde0","0x004bfde0","0x004bfe28"
"0x004bfe30","0x004bfe30","0x004bfe78"
"0x004bfe80","0x004bfe80","0x004bfed0"
"0x004bfee0","0x004bfee0","0x004bff9e"
"0x004bffb0","0x004bffb0","0x004c0116"
"0x004c0120","0x004c0120","0x004c0205"
"0x004c0210","0x004c0210","0x004c023d"
"0x004c0240","0x004c0240","0x004c028c"
"0x004c0290","0x004c0290","0x004c02c0"
"0x004c02d0","0x004c02d0","0x004c03c7"
"0x004c03d0","0x004c03d0","0x004c0473"
"0x004c0480","0x004c0480","0x004c0b2a"
"0x004c0b30","0x004c0b30","0x004c0c38"
"0x004c0c40","0x004c0c40","0x004c0c52"
"0x004c0c60","0x004c0c60","0x004c0ca2"
"0x004c0cb0","0x004c0cb0","0x004c0cbc"
"0x004c0cc0","0x004c0cc0","0x004c0cda"
"0x004c0ce0","0x004c0ce0","0x004c0cf8"
"0x004c0d00","0x004c0d00","0x004c0e07"
"0x004c0e10","0x004c0e10","0x004c0e52"
"0x004c0e60","0x004c0e60","0x004c0f40"
"0x004c0f50","0x004c0f50","0x004c0f65"
"0x004c0f70","0x004c0f70","0x004c0fa6"
"0x004c0fb0","0x004c0fb0","0x004c0fd5"
"0x004c0fe0","0x004c0fe0","0x004c0ff3"
"0x004c1000","0x004c1000","0x004c102f"
"0x004c1030","0x004c1030","0x004c1ab7"
"0x004c1ac0","0x004c1ac0","0x004c1ad9"
"0x004c1ae0","0x004c1ae0","0x004c1b76"
"0x004c1b80","0x004c1b80","0x004c1c0b"
"0x004c1c10","0x004c1c10","0x004c1c45"
"0x004c1c50","0x004c1c50","0x004c1d71"
"0x004c1d80","0x004c1d80","0x004c1e83"
"0x004c1e90","0x004c1e90","0x004c1ea9"
"0x004c1eb0","0x004c1eb0","0x004c1ef5"
"0x004c1f00","0x004c1f00","0x004c1f26"
"0x004c1f30","0x004c1f30","0x004c1fb9"
"0x004c1fc0","0x004c1fc0","0x004c1fec"
"0x004c1ff0","0x004c1ff0","0x004c2022"
"0x004c2030","0x004c2030","0x004c2054"
"0x004c2060","0x004c2060","0x004c2080"
"0x004c2090","0x004c2090","0x004c20c5"
"0x004c20d0","0x004c20d0","0x004c2102"
"0x004c20d0","0x004c2105","0x004c212b"
"0x004c2130","0x004c2130","0x004c2178"
"0x004c2180","0x004c2180","0x004c21ab"
"0x004c21b0","0x004c21b0","0x004c22d9"
"0x004c22e0","0x004c22e0","0x004c2429"
"0x004c2430","0x004c2430","0x004c247d"
"0x004c2490","0x004c2490","0x004c24b4"
"0x004c24c0","0x004c24c0","0x004c2555"
"0x004c2560","0x004c2560","0x004c2590"
"0x004c25a0","0x004c25a0","0x004c26d4"
"0x004c25a0","0x004c26da","0x004c283e"
"0x004c25a0","0x004c2844","0x004c3584"
"0x004c25a0","0x004c358a","0x004c3834"
"0x004c3880","0x004c3880","0x004c38c5"
"0x004c38d0","0x004c38d0","0x004c3bfe"
"0x004c3c00","0x004c3c00","0x004c3c8c"
"0x004c3c90","0x004c3c90","0x004c4013"
"0x004c3c90","0x004c4019","0x004c42b7"
"0x004c42c0","0x004c42c0","0x004c4417"
"0x004c4420","0x004c4420","0x004c459c"
"0x004c45b0","0x004c45b0","0x004c4642"
"0x004c4650","0x004c4650","0x004c4699"
"0x004c46a0","0x004c46a0","0x004c46ea"
"0x004c46f0","0x004c46f0","0x004c473e"
"0x004c4740","0x004c4740","0x004c476d"
"0x004c4770","0x004c4770","0x004c479d"
"0x004c47a0","0x004c47a0","0x004c47ba"
"0x004c47c0","0x004c47c0","0x004c48f2"
"0x004c4900","0x004c4900","0x004c4913"
"0x004c4920","0x004c4920","0x004c4933"
"0x004c4940","0x004c4940","0x004c4953"
"0x004c4960","0x004c4960","0x004c4b24"
"0x004c4b30","0x004c4b30","0x004c4b6f"
"0x004c4b70","0x004c4b70","0x004c4b80"
"0x004c4b90","0x004c4b90","0x004c4d9a"
"0x004c4da0","0x004c4da0","0x004c4ef9"
"0x004c4f00","0x004c4f00","0x004c4f47"
"0x004c4f50","0x004c4f50","0x004c4f64"
"0x004c4f70","0x004c4f70","0x004c4f8c"
"0x004c4f90","0x004c4f90","0x004c4fc5"
"0x004c4fd0","0x004c4fd0","0x004c5005"
"0x004c5010","0x004c5010","0x004c5042"
"0x004c5010","0x004c5045","0x004c506b"
"0x004c5070","0x004c5070","0x004c5082"
"0x004c5090","0x004c5090","0x004c50bd"
"0x004c50c0","0x004c50c0","0x004c512b"
"0x004c5130","0x004c5130","0x004c515e"
"0x004c5160","0x004c5160","0x004c52b6"
"0x004c52c0","0x004c52c0","0x004c52d1"
"0x004c52e0","0x004c52e0","0x004c531d"
"0x004c52e0","0x004c5370","0x004c5388"
"0x004c5390","0x004c5390","0x004c53aa"
"0x004c53b0","0x004c53b0","0x004c53ef"
"0x004c53f0","0x004c53f0","0x004c540d"
"0x004c5410","0x004c5410","0x004c5458"
"0x004c5460","0x004c5460","0x004c54f5"
"0x004c5500","0x004c5500","0x004c5520"
"0x004c5530","0x004c5530","0x004c5682"
"0x004c5690","0x004c5690","0x004c56af"
"0x004c56b0","0x004c56b0","0x004c5747"
"0x004c5750","0x004c5750","0x004c5780"
"0x004c5790","0x004c5790","0x004c5858"
"0x004c5870","0x004c5870","0x004c5892"
"0x004c5870","0x004c5895","0x004c58cb"
"0x004c58d0","0x004c58d0","0x004c598f"
"0x004c5990","0x004c5990","0x004c59b5"
"0x004c59c0","0x004c59c0","0x004c5c7e"
"0x004c5c80","0x004c5c80","0x004c5cbe"
"0x004c5cc0","0x004c5cc0","0x004c5cf5"
"0x004c5d00","0x004c5d00","0x004c5d0f"
"0x004c5d10","0x004c5d10","0x004c5d31"
"0x004c5d40","0x004c5d40","0x004c5d60"
"0x004c5d70","0x004c5d70","0x004c5d7c"
"0x004c5d80","0x004c5d80","0x004c5d8c"
"0x004c5d90","0x004c5d90","0x004c5da2"
"0x004c5db0","0x004c5db0","0x004c5df8"
"0x004c5e00","0x004c5e00","0x004c5e1c"
"0x004c5e20","0x004c5e20","0x004c5e44"
"0x004c5e50","0x004c5e50","0x004c5e77"
"0x004c5e80","0x004c5e80","0x004c5ea7"
"0x004c5eb0","0x004c5eb0","0x004c5ed7"
"0x004c5ee0","0x004c5ee0","0x004c5f92"
"0x004c5fa0","0x004c5fa0","0x004c5fa9"
"0x004c5fb0","0x004c5fb0","0x004c5fea"
"0x004c5ff0","0x004c5ff0","0x004c6003"
"0x004c6010","0x004c6010","0x004c6075"
"0x004c6080","0x004c6080","0x004c60a1"
"0x004c60b0","0x004c60b0","0x004c60f5"
"0x004c6100","0x004c6100","0x004c6121"
"0x004c6130","0x004c6130","0x004c615a"
"0x004c6160","0x004c6160","0x004c6178"
"0x004c6180","0x004c6180","0x004c6198"
"0x004c61a0","0x004c61a0","0x004c61c9"
"0x004c61d0","0x004c61d0","0x004c6206"
"0x004c6210","0x004c6210","0x004c622c"
"0x004c6230","0x004c6230","0x004c6646"
"0x004c6230","0x004c664c","0x004c6b0f"
"0x004c6b30","0x004c6b30","0x004c715f"
"0x004c7160","0x004c7160","0x004c758e"
"0x004c7160","0x004c7594","0x004c76a3"
"0x004c7160","0x004c76a6","0x004c7755"
"0x004c7770","0x004c7770","0x004c7ca6"
"0x004c7cb0","0x004c7cb0","0x004c7ce2"
"0x004c7cb0","0x004c7ce5","0x004c7d0b"
"0x004c7d10","0x004c7d10","0x004c7dc2"
"0x004c7dd0","0x004c7dd0","0x004c7efc"
"0x004c7f00","0x004c7f00","0x004c7f12"
"0x004c7f20","0x004c7f20","0x004c7f86"
"0x004c7f90","0x004c7f90","0x004c7fc8"
"0x004c7fd0","0x004c7fd0","0x004c8012"
"0x004c8020","0x004c8020","0x004c807b"
"0x004c8080","0x004c8080","0x004c80db"
"0x004c80e0","0x004c80e0","0x004c8122"
"0x004c8130","0x004c8130","0x004c818b"
"0x004c8190","0x004c8190","0x004c81eb"
"0x004c81f0","0x004c81f0","0x004c823a"
"0x004c8240","0x004c8240","0x004c82b5"
"0x004c82c0","0x004c82c0","0x004c837d"
"0x004c8390","0x004c8390","0x004c8409"
"0x004c8410","0x004c8410","0x004c84ae"
"0x004c84b0","0x004c84b0","0x004c85af"
"0x004c85b0","0x004c85b0","0x004c87b9"
"0x004c87c0","0x004c87c0","0x004c8872"
"0x004c8880","0x004c8880","0x004c88d6"
"0x004c88e0","0x004c88e0","0x004c8937"
"0x004c8940","0x004c8940","0x004c8a33"
"0x004c8a40","0x004c8a40","0x004c8a6f"
"0x004c8a70","0x004c8a70","0x004c8ae9"
"0x004c8af0","0x004c8af0","0x004c8b5b"
"0x004c8b70","0x004c8b70","0x004c8bf0"
"0x004c8c00","0x004c8c00","0x004c8c3d"
"0x004c8c40","0x004c8c40","0x004c8c8b"
"0x004c8c90","0x004c8c90","0x004c8d67"
"0x004c8d70","0x004c8d70","0x004c8e85"
"0x004c8e90","0x004c8e90","0x004c8fd3"
"0x004c8fe0","0x004c8fe0","0x004c90cb"
"0x004c90d0","0x004c90d0","0x004c90f9"
"0x004c9100","0x004c9100","0x004c9120"
"0x004c9130","0x004c9130","0x004c9160"
"0x004c9170","0x004c9170","0x004c9189"
"0x004c9190","0x004c9190","0x004c91c0"
"0x004c91d0","0x004c91d0","0x004c9200"
"0x004c9210","0x004c9210","0x004c9240"
"0x004c9250","0x004c9250","0x004c927d"
"0x004c9280","0x004c9280","0x004c92b0"
"0x004c92c0","0x004c92c0","0x004c92f0"
"0x004c9300","0x004c9300","0x004c934a"
"0x004c9350","0x004c9350","0x004c9376"
"0x004c9380","0x004c9380","0x004c9489"
"0x004c9490","0x004c9490","0x004c957d"
"0x004c9580","0x004c9580","0x004c982a"
"0x004c9830","0x004c9830","0x004c9aaa"
"0x004c9ab0","0x004c9ab0","0x004c9c79"
"0x004c9ab0","0x004c9c7f","0x004c9d93"
"0x004c9da0","0x004c9da0","0x004c9dae"
"0x004c9db0","0x004c9db0","0x004c9f01"
"0x004c9f10","0x004c9f10","0x004ca37a"
"0x004ca380","0x004ca380","0x004ca82c"
"0x004ca830","0x004ca830","0x004ca95c"
"0x004ca830","0x004ca962","0x004caab6"
"0x004caac0","0x004caac0","0x004caace"
"0x004caad0","0x004caad0","0x004cabef"
"0x004cabf0","0x004cabf0","0x004cada6"
"0x004cabf0","0x004cadac","0x004cb052"
"0x004cb060","0x004cb060","0x004cb220"
"0x004cb060","0x004cb226","0x004cb4f1"
"0x004cb500","0x004cb500","0x004cb50e"
"0x004cb510","0x004cb510","0x004cb7fb"
"0x004cb510","0x004cb801","0x004cb96b"
"0x004cb970","0x004cb970","0x004cbe12"
"0x004cb970","0x004cbe18","0x004cbf91"
"0x004cbfa0","0x004cbfa0","0x004cc480"
"0x004cbfa0","0x004cc486","0x004cc68b"
"0x004cc690","0x004cc690","0x004cc941"
"0x004cc950","0x004cc950","0x004cce0b"
"0x004cce10","0x004cce10","0x004cd2c6"
"0x004cd2d0","0x004cd2d0","0x004cd57a"
"0x004cd580","0x004cd580","0x004cda34"
"0x004cda40","0x004cda40","0x004cdeef"
"0x004cdef0","0x004cdef0","0x004ce211"
"0x004ce220","0x004ce220","0x004ce505"
"0x004ce510","0x004ce510","0x004ce8db"
"0x004ce8e0","0x004ce8e0","0x004ceb95"
"0x004ceba0","0x004ceba0","0x004cebae"
"0x004cebb0","0x004cebb0","0x004cf07d"
"0x004cf080","0x004cf080","0x004cf548"
"0x004cf550","0x004cf550","0x004cf5af"
"0x004cf550","0x004cf5b2","0x004cf5b8"
"0x004cf5c0","0x004cf5c0","0x004cf5e7"
"0x004cf5f0","0x004cf5f0","0x004cf679"
"0x004cf680","0x004cf680","0x004cf935"
"0x004cf940","0x004cf940","0x004cfa2a"
"0x004cfa30","0x004cfa30","0x004cfb3b"
"0x004cfb40","0x004cfb40","0x004cfb77"
"0x004cfb80","0x004cfb80","0x004cfba6"
"0x004cfbb0","0x004cfbb0","0x004d00b6"
"0x004d00c0","0x004d00c0","0x004d01c6"
"0x004d01d0","0x004d01d0","0x004d028c"
"0x004d0290","0x004d0290","0x004d0371"
"0x004d0380","0x004d0380","0x004d1268"
"0x004d12e0","0x004d12e0","0x004d143d"
"0x004d1470","0x004d1470","0x004d2214"
"0x004d1470","0x004d2217","0x004d22e9"
"0x004d2360","0x004d2360","0x004d240f"
"0x004d2410","0x004d2410","0x004d2427"
"0x004d2430","0x004d2430","0x004d2536"
"0x004d2540","0x004d2540","0x004d25ba"
"0x004d2540","0x004d25c0","0x004d274d"
"0x004d2750","0x004d2750","0x004d2a1f"
"0x004d2a20","0x004d2a20","0x004d2dc1"
"0x004d2dd0","0x004d2dd0","0x004d3100"
"0x004d3110","0x004d3110","0x004d3222"
"0x004d3230","0x004d3230","0x004d3c98"
"0x004d3ca0","0x004d3ca0","0x004d3d59"
"0x004d3d70","0x004d3d70","0x004d4149"
"0x004d4150","0x004d4150","0x004d4653"
"0x004d4660","0x004d4660","0x004d46da"
"0x004d46e0","0x004d46e0","0x004d47ef"
"0x004d47f0","0x004d47f0","0x004d49c9"
"0x004d49e0","0x004d49e0","0x004d5094"
"0x004d50a0","0x004d50a0","0x004d5300"
"0x004d5310","0x004d5310","0x004d5570"
"0x004d5580","0x004d5580","0x004d55ef"
"0x004d5580","0x004d55f5","0x004d5701"
"0x004d5710","0x004d5710","0x004d5781"
"0x004d5710","0x004d5787","0x004d58c7"
"0x004d58d0","0x004d58d0","0x004d593f"
"0x004d58d0","0x004d5945","0x004d5a85"
"0x004d5a90","0x004d5a90","0x004d5b0d"
"0x004d5b10","0x004d5b10","0x004d5ba5"
"0x004d5bb0","0x004d5bb0","0x004d5bd2"
"0x004d5be0","0x004d5be0","0x004d5bfa"
"0x004d5c00","0x004d5c00","0x004d5e45"
"0x004d5e50","0x004d5e50","0x004d6092"
"0x004d60a0","0x004d60a0","0x004d62dc"
"0x004d62e0","0x004d62e0","0x004d638b"
"0x004d6390","0x004d6390","0x004d67d2"
"0x004d67e0","0x004d67e0","0x004d6821"
"0x004d6830","0x004d6830","0x004d6b7a"
"0x004d6b80","0x004d6b80","0x004d6bac"
"0x004d6bb0","0x004d6bb0","0x004d6bc9"
"0x004d6bd0","0x004d6bd0","0x004d6c3d"
"0x004d6c40","0x004d6c40","0x004d723d"
"0x004d6c40","0x004d7240","0x004d7254"
"0x004d6c40","0x004d7257","0x004d727f"
"0x004d7280","0x004d7280","0x004d763e"
"0x004d7280","0x004d7641","0x004d76b5"
"0x004d7280","0x004d76b8","0x004d7736"
"0x004d7750","0x004d7750","0x004d7d1b"
"0x004d7d20","0x004d7d20","0x004d7d49"
"0x004d7d50","0x004d7d50","0x004d7d75"
"0x004d7d80","0x004d7d80","0x004d7dc3"
"0x004d7dd0","0x004d7dd0","0x004d7e05"
"0x004d7e10","0x004d7e10","0x004d7e3c"
"0x004d7e40","0x004d7e40","0x004d7e72"
"0x004d7e40","0x004d7e75","0x004d7e9b"
"0x004d7ea0","0x004d7ea0","0x004d7ee8"
"0x004d7ef0","0x004d7ef0","0x004d7fbe"
"0x004d7fd0","0x004d7fd0","0x004d80a6"
"0x004d80b0","0x004d80b0","0x004d80e0"
"0x004d80f0","0x004d80f0","0x004d815d"
"0x004d8160","0x004d8160","0x004d821d"
"0x004d8220","0x004d8220","0x004d82b7"
"0x004d82c0","0x004d82c0","0x004d8345"
"0x004d8350","0x004d8350","0x004d839f"
"0x004d8350","0x004d83a5","0x004d83ee"
"0x004d8350","0x004d83f4","0x004d8420"
"0x004d8350","0x004d8426","0x004d855b"
"0x004d8560","0x004d8560","0x004d859d"
"0x004d85a0","0x004d85a0","0x004d85ac"
"0x004d85b0","0x004d85b0","0x004d85bc"
"0x004d85c0","0x004d85c0","0x004d85ee"
"0x004d85c0","0x004d85f1","0x004d8617"
"0x004d8620","0x004d8620","0x004d8697"
"0x004d86a0","0x004d86a0","0x004d873d"
"0x004d8740","0x004d8740","0x004d8783"
"0x004d8790","0x004d8790","0x004d8822"
"0x004d8830","0x004d8830","0x004d8863"
"0x004d8870","0x004d8870","0x004d889d"
"0x004d88a0","0x004d88a0","0x004d88b6"
"0x004d88c0","0x004d88c0","0x004d898b"
"0x004d8990","0x004d8990","0x004d8d3c"
"0x004d8d50","0x004d8d50","0x004d8d63"
"0x004d8d70","0x004d8d70","0x004d8d90"
"0x004d8da0","0x004d8da0","0x004d8dc7"
"0x004d8dd0","0x004d8dd0","0x004d8ddd"
"0x004d8de0","0x004d8de0","0x004d8dee"
"0x004d8df0","0x004d8df0","0x004d8e33"
"0x004d8e40","0x004d8e40","0x004d8e83"
"0x004d8e90","0x004d8e90","0x004d8f70"
"0x004d8f80","0x004d8f80","0x004d903e"
"0x004d9040","0x004d9040","0x004d9115"
"0x004d9120","0x004d9120","0x004d920d"
"0x004d9210","0x004d9210","0x004d9418"
"0x004d9420","0x004d9420","0x004d94d7"
"0x004d94e0","0x004d94e0","0x004d95ab"
"0x004d95b0","0x004d95b0","0x004d967b"
"0x004d9680","0x004d9680","0x004d9703"
"0x004d9710","0x004d9710","0x004d975f"
"0x004d9760","0x004d9760","0x004d97e3"
"0x004d97f0","0x004d97f0","0x004d98fd"
"0x004d9900","0x004d9900","0x004d9915"
"0x004d9920","0x004d9920","0x004d9931"
"0x004d9940","0x004d9940","0x004d99ca"
"0x004d99d0","0x004d99d0","0x004d9a66"
"0x004d9a70","0x004d9a70","0x004d9b42"
"0x004d9b50","0x004d9b50","0x004d9bb7"
"0x004d9bc0","0x004d9bc0","0x004d9c04"
"0x004d9c10","0x004d9c10","0x004d9c3d"
"0x004d9c40","0x004d9c40","0x004d9daa"
"0x004d9db0","0x004d9db0","0x004d9df2"
"0x004d9e00","0x004d9e00","0x004d9e1a"
"0x004d9e00","0x004d9e1d","0x004d9e25"
"0x004d9e30","0x004d9e30","0x004d9e64"
"0x004d9e70","0x004d9e70","0x004d9e91"
"0x004d9ea0","0x004d9ea0","0x004d9f5a"
"0x004d9f60","0x004d9f60","0x004da112"
"0x004da120","0x004da120","0x004da1e1"
"0x004da1f0","0x004da1f0","0x004da53d"
"0x004da540","0x004da540","0x004daab9"
"0x004dab40","0x004dab40","0x004dab7d"
"0x004dab80","0x004dab80","0x004dab93"
"0x004daba0","0x004daba0","0x004dbcd0"
"0x004dbce0","0x004dbce0","0x004dbd63"
"0x004dbd70","0x004dbd70","0x004dc0ea"
"0x004dc0f0","0x004dc0f0","0x004dc114"
"0x004dc120","0x004dc120","0x004dc139"
"0x004dc140","0x004dc140","0x004dc159"
"0x004dc160","0x004dc160","0x004dc179"
"0x004dc180","0x004dc180","0x004dc192"
"0x004dc1a0","0x004dc1a0","0x004dc1b9"
"0x004dc1c0","0x004dc1c0","0x004dc503"
"0x004dc510","0x004dc510","0x004dc5e9"
"0x004dc5f0","0x004dc5f0","0x004dc7b0"
"0x004dc7c0","0x004dc7c0","0x004dc8af"
"0x004dc8b0","0x004dc8b0","0x004dd1b2"
"0x004dd1c0","0x004dd1c0","0x004dd2d2"
"0x004dd2e0","0x004dd2e0","0x004dd3f2"
"0x004dd400","0x004dd400","0x004dd486"
"0x004dd490","0x004dd490","0x004dd5f3"
"0x004dd600","0x004dd600","0x004dd72b"
"0x004dd730","0x004dd730","0x004dd819"
"0x004dd820","0x004dd820","0x004dd834"
"0x004dd840","0x004dd840","0x004dd8c7"
"0x004dd8d0","0x004dd8d0","0x004dd905"
"0x004dd910","0x004dd910","0x004dda0e"
"0x004dda10","0x004dda10","0x004dda2d"
"0x004dda30","0x004dda30","0x004dda5c"
"0x004dda60","0x004dda60","0x004ddab3"
"0x004dda60","0x004ddab6","0x004ddabb"
"0x004ddac0","0x004ddac0","0x004ddb13"
"0x004ddac0","0x004ddb16","0x004ddb1b"
"0x004ddb20","0x004ddb20","0x004ddf78"
"0x004ddf80","0x004ddf80","0x004ddfd3"
"0x004ddf80","0x004ddfd6","0x004ddfdb"
"0x004ddfe0","0x004ddfe0","0x004de033"
"0x004ddfe0","0x004de036","0x004de03b"
"0x004de040","0x004de040","0x004de111"
"0x004de040","0x004de117","0x004de1e8"
"0x004de1f0","0x004de1f0","0x004de356"
"0x004de360","0x004de360","0x004de425"
"0x004de430","0x004de430","0x004de50e"
"0x004de510","0x004de510","0x004de53c"
"0x004de540","0x004de540","0x004de56c"
"0x004de570","0x004de570","0x004de59c"
"0x004de5a0","0x004de5a0","0x004de5cc"
"0x004de5d0","0x004de5d0","0x004de5fc"
"0x004de600","0x004de600","0x004de665"
"0x004de670","0x004de670","0x004de6d5"
"0x004de6e0","0x004de6e0","0x004de745"
"0x004de750","0x004de750","0x004de7b5"
"0x004de7c0","0x004de7c0","0x004de825"
"0x004de830","0x004de830","0x004de889"
"0x004de890","0x004de890","0x004de8e9"
"0x004de8f0","0x004de8f0","0x004de949"
"0x004de950","0x004de950","0x004de9a9"
"0x004de9b0","0x004de9b0","0x004dea09"
"0x004dea10","0x004dea10","0x004dea58"
"0x004dea60","0x004dea60","0x004deb78"
"0x004deb80","0x004deb80","0x004dec26"
"0x004dec30","0x004dec30","0x004dec44"
"0x004dec50","0x004dec50","0x004dec7b"
"0x004dec80","0x004dec80","0x004decab"
"0x004decb0","0x004decb0","0x004dece0"
"0x004decf0","0x004decf0","0x004df284"
"0x004decf0","0x004df28a","0x004df63a"
"0x004df670","0x004df670","0x004df6d6"
"0x004df6e0","0x004df6e0","0x004df74a"
"0x004df750","0x004df750","0x004df77e"
"0x004df780","0x004df780","0x004df7ae"
"0x004df7b0","0x004df7b0","0x004df7de"
"0x004df7e0","0x004df7e0","0x004df80e"
"0x004df810","0x004df810","0x004df83e"
"0x004df840","0x004df840","0x004df8a7"
"0x004df8b0","0x004df8b0","0x004df917"
"0x004df920","0x004df920","0x004df987"
"0x004df990","0x004df990","0x004df9f7"
"0x004dfa00","0x004dfa00","0x004dfa67"
"0x004dfa70","0x004dfa70","0x004dfa7f"
"0x004dfa80","0x004dfa80","0x004dfa8f"
"0x004dfa90","0x004dfa90","0x004dfa9f"
"0x004dfaa0","0x004dfaa0","0x004dfaaf"
"0x004dfab0","0x004dfab0","0x004dfabf"
"0x004dfac0","0x004dfac0","0x004dfacc"
"0x004dfad0","0x004dfad0","0x004dfaef"
"0x004dfaf0","0x004dfaf0","0x004dfb2a"
"0x004dfb30","0x004dfb30","0x004dfb80"
"0x004dfb90","0x004dfb90","0x004dfbbe"
"0x004dfb90","0x004dfbc1","0x004dfbf3"
"0x004dfc00","0x004dfc00","0x004dfc48"
"0x004dfc50","0x004dfc50","0x004dfd0c"
"0x004dfd20","0x004dfd20","0x004dfdb7"
"0x004dfdc0","0x004dfdc0","0x004dfdf0"
"0x004dfe00","0x004dfe00","0x004e042d"
"0x004dfe00","0x004e0435","0x004e0496"
"0x004dfe00","0x004e049c","0x004e06f2"
"0x004e07b0","0x004e07b0","0x004e0e35"
"0x004e0e80","0x004e0e80","0x004e0f32"
"0x004e0f40","0x004e0f40","0x004e0f5c"
"0x004e0f60","0x004e0f60","0x004e0f6c"
"0x004e0f70","0x004e0f70","0x004e0f7c"
"0x004e0f80","0x004e0f80","0x004e0fa6"
"0x004e0fc0","0x004e0fc0","0x004e1078"
"0x004e1080","0x004e1080","0x004e10b2"
"0x004e1080","0x004e10b5","0x004e10db"
"0x004e10e0","0x004e10e0","0x004e119a"
"0x004e11a0","0x004e11a0","0x004e124b"
"0x004e1250","0x004e1250","0x004e130b"
"0x004e1310","0x004e1310","0x004e1405"
"0x004e1410","0x004e1410","0x004e14a1"
"0x004e14b0","0x004e14b0","0x004e1507"
"0x004e1510","0x004e1510","0x004e1565"
"0x004e1570","0x004e1570","0x004e15b8"
"0x004e15c0","0x004e15c0","0x004e15dc"
"0x004e15e0","0x004e15e0","0x004e1679"
"0x004e1680","0x004e1680","0x004e1701"
"0x004e1710","0x004e1710","0x004e17b0"
"0x004e17c0","0x004e17c0","0x004e184b"
"0x004e1850","0x004e1850","0x004e18bb"
"0x004e18c0","0x004e18c0","0x004e1aa7"
"0x004e1ab0","0x004e1ab0","0x004e1b29"
"0x004e1b30","0x004e1b30","0x004e1b97"
"0x004e1ba0","0x004e1ba0","0x004e1c26"
"0x004e1c30","0x004e1c30","0x004e1ca9"
"0x004e1cb0","0x004e1cb0","0x004e1cd7"
"0x004e1ce0","0x004e1ce0","0x004e1e8b"
"0x004e1e90","0x004e1e90","0x004e1f66"
"0x004e1f70","0x004e1f70","0x004e1fc0"
"0x004e1fd0","0x004e1fd0","0x004e1ffb"
"0x004e2000","0x004e2000","0x004e2018"
"0x004e2020","0x004e2020","0x004e203a"
"0x004e2040","0x004e2040","0x004e2070"
"0x004e2080","0x004e2080","0x004e20c6"
"0x004e20d0","0x004e20d0","0x004e224a"
"0x004e2260","0x004e2260","0x004e2db0"
"0x004e2260","0x004e2db6","0x004e306f"
"0x004e2260","0x004e3075","0x004e3135"
"0x004e2260","0x004e3138","0x004e3d02"
"0x004e2260","0x004e3d08","0x004e4ce8"
"0x004e4d50","0x004e4d50","0x004e501d"
"0x004e5020","0x004e5020","0x004e5236"
"0x004e5240","0x004e5240","0x004e5387"
"0x004e5390","0x004e5390","0x004e54bb"
"0x004e54c0","0x004e54c0","0x004e561d"
"0x004e5620","0x004e5620","0x004e5896"
"0x004e58a0","0x004e58a0","0x004e58ec"
"0x004e58f0","0x004e58f0","0x004e5976"
"0x004e5980","0x004e5980","0x004e59d8"
"0x004e59e0","0x004e59e0","0x004e5bcb"
"0x004e5bd0","0x004e5bd0","0x004e5d5f"
"0x004e5d60","0x004e5d60","0x004e5f17"
"0x004e5f30","0x004e5f30","0x004e6096"
"0x004e60a0","0x004e60a0","0x004e60bc"
"0x004e60c0","0x004e60c0","0x004e622a"
"0x004e6230","0x004e6230","0x004e6243"
"0x004e6250","0x004e6250","0x004e627b"
"0x004e6250","0x004e627e","0x004e644f"
"0x004e6450","0x004e6450","0x004e6498"
"0x004e64a0","0x004e64a0","0x004e64bc"
"0x004e64c0","0x004e64c0","0x004e6513"
"0x004e6520","0x004e6520","0x004e652c"
"0x004e6530","0x004e6530","0x004e65f2"
"0x004e6530","0x004e65f8","0x004e65ff"
"0x004e6600","0x004e6600","0x004e6694"
"0x004e66a0","0x004e66a0","0x004e66ac"
"0x004e66b0","0x004e66b0","0x004e66c5"
"0x004e66d0","0x004e66d0","0x004e66e0"
"0x004e66f0","0x004e66f0","0x004e6703"
"0x004e6710","0x004e6710","0x004e6730"
"0x004e6740","0x004e6740","0x004e676f"
"0x004e6770","0x004e6770","0x004e6783"
"0x004e6790","0x004e6790","0x004e67a8"
"0x004e67b0","0x004e67b0","0x004e67d2"
"0x004e67e0","0x004e67e0","0x004e689d"
"0x004e68a0","0x004e68a0","0x004e68b6"
"0x004e68c0","0x004e68c0","0x004e68f0"
"0x004e6900","0x004e6900","0x004e6915"
"0x004e6920","0x004e6920","0x004e6938"
"0x004e6940","0x004e6940","0x004e6955"
"0x004e6960","0x004e6960","0x004e6978"
"0x004e6980","0x004e6980","0x004e6998"
"0x004e69a0","0x004e69a0","0x004e69c6"
"0x004e69d0","0x004e69d0","0x004e69ef"
"0x004e69f0","0x004e69f0","0x004e6a16"
"0x004e6a20","0x004e6a20","0x004e6a38"
"0x004e6a40","0x004e6a40","0x004e6a66"
"0x004e6a70","0x004e6a70","0x004e6a88"
"0x004e6a90","0x004e6a90","0x004e6aed"
"0x004e6af0","0x004e6af0","0x004e6b08"
"0x004e6b10","0x004e6b10","0x004e6b2c"
"0x004e6b30","0x004e6b30","0x004e6b76"
"0x004e6b80","0x004e6b80","0x004e6ba4"
"0x004e6b80","0x004e6ba7","0x004e6bcd"
"0x004e6bd0","0x004e6bd0","0x004e6bf1"
"0x004e6c00","0x004e6c00","0x004e6c2c"
"0x004e6c30","0x004e6c30","0x004e6c4d"
"0x004e6c50","0x004e6c50","0x004e6c66"
"0x004e6c70","0x004e6c70","0x004e6c86"
"0x004e6c90","0x004e6c90","0x004e6ca0"
"0x004e6cb0","0x004e6cb0","0x004e6db5"
"0x004e6dc0","0x004e6dc0","0x004e6e0a"
"0x004e6e10","0x004e6e10","0x004e6ef1"
"0x004e6f00","0x004e6f00","0x004e6f2f"
"0x004e6f30","0x004e6f30","0x004e6f3f"
"0x004e6f40","0x004e6f40","0x004e6f4f"
"0x004e6f50","0x004e6f50","0x004e6ff3"
"0x004e7000","0x004e7000","0x004e7074"
"0x004e7080","0x004e7080","0x004e70ae"
"0x004e70b0","0x004e70b0","0x004e70c9"
"0x004e70d0","0x004e70d0","0x004e70e9"
"0x004e70f0","0x004e70f0","0x004e7164"
"0x004e7170","0x004e7170","0x004e719e"
"0x004e71a0","0x004e71a0","0x004e71a9"
"0x004e71b0","0x004e71b0","0x004e722b"
"0x004e7230","0x004e7230","0x004e7265"
"0x004e7270","0x004e7270","0x004e72ed"
"0x004e72f0","0x004e72f0","0x004e7327"
"0x004e7330","0x004e7330","0x004e73ad"
"0x004e73b0","0x004e73b0","0x004e74da"
"0x004e74e0","0x004e74e0","0x004e7554"
"0x004e7560","0x004e7560","0x004e758e"
"0x004e7590","0x004e7590","0x004e7604"
"0x004e7610","0x004e7610","0x004e763e"
"0x004e7640","0x004e7640","0x004e76b5"
"0x004e76c0","0x004e76c0","0x004e76ef"
"0x004e76f0","0x004e76f0","0x004e7768"
"0x004e7770","0x004e7770","0x004e77a2"
"0x004e77b0","0x004e77b0","0x004e7828"
"0x004e7830","0x004e7830","0x004e7862"
"0x004e7870","0x004e7870","0x004e7893"
"0x004e78a0","0x004e78a0","0x004e78c3"
"0x004e78d0","0x004e78d0","0x004e7948"
"0x004e7950","0x004e7950","0x004e7982"
"0x004e7990","0x004e7990","0x004e799a"
"0x004e79a0","0x004e79a0","0x004e7a81"
"0x004e7a90","0x004e7a90","0x004e7abf"
"0x004e7ac0","0x004e7ac0","0x004e7ada"
"0x004e7ae0","0x004e7ae0","0x004e7afd"
"0x004e7b00","0x004e7b00","0x004e7b68"
"0x004e7b70","0x004e7b70","0x004e7bd9"
"0x004e7be0","0x004e7be0","0x004e7c31"
"0x004e7c40","0x004e7c40","0x004e7e2e"
"0x004e7e40","0x004e7e40","0x004e808b"
"0x004e80a0","0x004e80a0","0x004e8370"
"0x004e8390","0x004e8390","0x004e854a"
"0x004e8550","0x004e8550","0x004e8765"
"0x004e8770","0x004e8770","0x004e880c"
"0x004e8820","0x004e8820","0x004e8d14"
"0x004e8d20","0x004e8d20","0x004e9072"
"0x004e9080","0x004e9080","0x004e9295"
"0x004e92a0","0x004e92a0","0x004e94f4"
"0x004e9500","0x004e9500","0x004e956b"
"0x004e9580","0x004e9580","0x004e95ed"
"0x004e9600","0x004e9600","0x004e968f"
"0x004e96a0","0x004e96a0","0x004e96ca"
"0x004e96d0","0x004e96d0","0x004e9703"
"0x004e9710","0x004e9710","0x004e980c"
"0x004e9810","0x004e9810","0x004e9871"
"0x004e9880","0x004e9880","0x004e98ea"
"0x004e98f0","0x004e98f0","0x004e99a2"
"0x004e99b0","0x004e99b0","0x004e9ad6"
"0x004e9ae0","0x004e9ae0","0x004e9aef"
"0x004e9af0","0x004e9af0","0x004e9b25"
"0x004e9b30","0x004e9b30","0x004e9c1f"
"0x004e9c20","0x004e9c20","0x004e9c61"
"0x004e9c70","0x004e9c70","0x004e9f50"
"0x004e9f60","0x004e9f60","0x004e9fdc"
"0x004e9fe0","0x004e9fe0","0x004ea06d"
"0x004ea070","0x004ea070","0x004ea0ec"
"0x004ea0f0","0x004ea0f0","0x004ea17d"
"0x004ea180","0x004ea180","0x004ea260"
"0x004ea270","0x004ea270","0x004eaba0"
"0x004eac00","0x004eac00","0x004eace6"
"0x004eacf0","0x004eacf0","0x004eb62e"
"0x004eb690","0x004eb690","0x004ebfce"
"0x004ec030","0x004ec030","0x004ec0b0"
"0x004ec0c0","0x004ec0c0","0x004ec151"
"0x004ec160","0x004ec160","0x004ec1e0"
"0x004ec1f0","0x004ec1f0","0x004ec281"
"0x004ec290","0x004ec290","0x004ec373"
"0x004ec380","0x004ec380","0x004ec3dc"
"0x004ec3e0","0x004ec3e0","0x004ec41c"
"0x004ec420","0x004ec420","0x004ec481"
"0x004ec490","0x004ec490","0x004ec4f1"
"0x004ec500","0x004ec500","0x004ec525"
"0x004ec530","0x004ec530","0x004ec593"
"0x004ec5a0","0x004ec5a0","0x004ec66d"
"0x004ec6c0","0x004ec6c0","0x004ec788"
"0x004ec7e0","0x004ec7e0","0x004ec8ad"
"0x004ec900","0x004ec900","0x004ec921"
"0x004ec930","0x004ec930","0x004ec949"
"0x004ec950","0x004ec950","0x004ec969"
"0x004ec970","0x004ec970","0x004ec989"
"0x004ec990","0x004ec990","0x004ec9b1"
"0x004ec9c0","0x004ec9c0","0x004ec9e0"
"0x004ec9f0","0x004ec9f0","0x004eca09"
"0x004eca10","0x004eca10","0x004eca20"
"0x004eca30","0x004eca30","0x004eca3e"
"0x004eca40","0x004eca40","0x004eca51"
"0x004eca60","0x004eca60","0x004eca70"
"0x004eca80","0x004eca80","0x004eca90"
"0x004ecaa0","0x004ecaa0","0x004ecab4"
"0x004ecac0","0x004ecac0","0x004ecad4"
"0x004ecae0","0x004ecae0","0x004ecb06"
"0x004ecb10","0x004ecb10","0x004ecb45"
"0x004ecb50","0x004ecb50","0x004ecb7b"
"0x004ecb80","0x004ecb80","0x004ecbd3"
"0x004ecbe0","0x004ecbe0","0x004ecc18"
"0x004ecc20","0x004ecc20","0x004ecc61"
"0x004ecc70","0x004ecc70","0x004ecede"
"0x004ecf30","0x004ecf30","0x004ed2d2"
"0x004ed320","0x004ed320","0x004ed591"
"0x004ed5a0","0x004ed5a0","0x004ed5a8"
"0x004ed5b0","0x004ed5b0","0x004ed620"
"0x004ed630","0x004ed630","0x004ed63d"
"0x004ed640","0x004ed640","0x004ed73b"
"0x004ed740","0x004ed740","0x004ed750"
"0x004ed760","0x004ed760","0x004ed781"
"0x004ed790","0x004ed790","0x004ed7df"
"0x004ed7e0","0x004ed7e0","0x004ed802"
"0x004ed810","0x004ed810","0x004ed860"
"0x004ed870","0x004ed870","0x004ed8be"
"0x004ed8c0","0x004ed8c0","0x004ed90f"
"0x004ed910","0x004ed910","0x004ed9c8"
"0x004ed910","0x004ed9ce","0x004edb02"
"0x004edbd0","0x004edbd0","0x004edcae"
"0x004edbd0","0x004edcb1","0x004edccc"
"0x004edcd0","0x004edcd0","0x004edda0"
"0x004eddb0","0x004eddb0","0x004ede80"
"0x004ede90","0x004ede90","0x004edf60"
"0x004edf70","0x004edf70","0x004ee12f"
"0x004ee130","0x004ee130","0x004ee228"
"0x004ee230","0x004ee230","0x004ee276"
"0x004ee280","0x004ee280","0x004ee30b"
"0x004ee310","0x004ee310","0x004ee3fa"
"0x004ee400","0x004ee400","0x004ee52b"
"0x004ee530","0x004ee530","0x004ee5f6"
"0x004ee600","0x004ee600","0x004ee734"
"0x004ee740","0x004ee740","0x004ee75c"
"0x004ee760","0x004ee760","0x004ee777"
"0x004ee780","0x004ee780","0x004ee7a5"
"0x004ee7b0","0x004ee7b0","0x004ee832"
"0x004ee840","0x004ee840","0x004ee84c"
"0x004ee850","0x004ee850","0x004ee860"
"0x004ee870","0x004ee870","0x004eebb3"
"0x004ee870","0x004eebde","0x004eebe6"
"0x004eec20","0x004eec20","0x004eef63"
"0x004eec20","0x004eef8e","0x004eef96"
"0x004eefd0","0x004eefd0","0x004ef1e7"
"0x004eefd0","0x004ef208","0x004ef20d"
"0x004ef250","0x004ef250","0x004ef467"
"0x004ef250","0x004ef488","0x004ef48d"
"0x004ef4d0","0x004ef4d0","0x004ef511"
"0x004ef520","0x004ef520","0x004ef67d"
"0x004ef680","0x004ef680","0x004ef7dd"
"0x004ef7e0","0x004ef7e0","0x004ef93d"
"0x004ef940","0x004ef940","0x004efa9d"
"0x004efaa0","0x004efaa0","0x004efbfd"
"0x004efc00","0x004efc00","0x004efd5d"
"0x004efd60","0x004efd60","0x004efebd"
"0x004efec0","0x004efec0","0x004f001d"
"0x004f0020","0x004f0020","0x004f04f3"
"0x004f0540","0x004f0540","0x004f09f6"
"0x004f0a40","0x004f0a40","0x004f0ef6"
"0x004f0f40","0x004f0f40","0x004f142e"
"0x004f1480","0x004f1480","0x004f196c"
"0x004f19c0","0x004f19c0","0x004f1b59"
"0x004f1b60","0x004f1b60","0x004f1c03"
"0x004f1c10","0x004f1c10","0x004f1e6a"
"0x004f1e70","0x004f1e70","0x004f1ff8"
"0x004f2000","0x004f2000","0x004f2626"
"0x004f2630","0x004f2630","0x004f3077"
"0x004f3080","0x004f3080","0x004f3094"
"0x004f30a0","0x004f30a0","0x004f30b3"
"0x004f30c0","0x004f30c0","0x004f30e0"
"0x004f30f0","0x004f30f0","0x004f3132"
"0x004f30f0","0x004f3134","0x004f3192"
"0x004f31a0","0x004f31a0","0x004f31d0"
"0x004f31e0","0x004f31e0","0x004f32af"
"0x004f32b0","0x004f32b0","0x004f32f8"
"0x004f3300","0x004f3300","0x004f330d"
"0x004f3310","0x004f3310","0x004f331a"
"0x004f3320","0x004f3320","0x004f332c"
"0x004f3330","0x004f3330","0x004f333a"
"0x004f3340","0x004f3340","0x004f334c"
"0x004f3350","0x004f3350","0x004f33ce"
"0x004f33d0","0x004f33d0","0x004f345e"
"0x004f3460","0x004f3460","0x004f34f3"
"0x004f3500","0x004f3500","0x004f35fb"
"0x004f3600","0x004f3600","0x004f3611"
"0x004f3620","0x004f3620","0x004f3630"
"0x004f3640","0x004f3640","0x004f3650"
"0x004f3660","0x004f3660","0x004f3674"
"0x004f3680","0x004f3680","0x004f3694"
"0x004f36a0","0x004f36a0","0x004f36b4"
"0x004f36c0","0x004f36c0","0x004f36cd"
"0x004f36d0","0x004f36d0","0x004f3702"
"0x004f3710","0x004f3710","0x004f3744"
"0x004f3750","0x004f3750","0x004f3783"
"0x004f3790","0x004f3790","0x004f37c5"
"0x004f37d0","0x004f37d0","0x004f38a9"
"0x004f38b0","0x004f38b0","0x004f38c0"
"0x004f38d0","0x004f38d0","0x004f38e3"
"0x004f38f0","0x004f38f0","0x004f3907"
"0x004f3910","0x004f3910","0x004f3a2e"
"0x004f3a30","0x004f3a30","0x004f3a83"
"0x004f3a90","0x004f3a90","0x004f3ae3"
"0x004f3af0","0x004f3af0","0x004f3b10"
"0x004f3b20","0x004f3b20","0x004f3b40"
"0x004f3b50","0x004f3b50","0x004f3b69"
"0x004f3b70","0x004f3b70","0x004f3b89"
"0x004f3b90","0x004f3b90","0x004f3bd0"
"0x004f3be0","0x004f3be0","0x004f3c24"
"0x004f3c30","0x004f3c30","0x004f3c5a"
"0x004f3c60","0x004f3c60","0x004f3cf5"
"0x004f3d00","0x004f3d00","0x004f3d68"
"0x004f3d70","0x004f3d70","0x004f3dd6"
"0x004f3de0","0x004f3de0","0x004f3e13"
"0x004f3e20","0x004f3e20","0x004f3e36"
"0x004f3e40","0x004f3e40","0x004f3e67"
"0x004f3e70","0x004f3e70","0x004f3ea9"
"0x004f3eb0","0x004f3eb0","0x004f3f09"
"0x004f3f10","0x004f3f10","0x004f3fa3"
"0x004f3fb0","0x004f3fb0","0x004f4003"
"0x004f4010","0x004f4010","0x004f404c"
"0x004f4050","0x004f4050","0x004f407d"
"0x004f4080","0x004f4080","0x004f409d"
"0x004f40a0","0x004f40a0","0x004f40bf"
"0x004f40c0","0x004f40c0","0x004f410a"
"0x004f4110","0x004f4110","0x004f415d"
"0x004f4170","0x004f4170","0x004f41bd"
"0x004f41d0","0x004f41d0","0x004f4220"
"0x004f4230","0x004f4230","0x004f424e"
"0x004f4250","0x004f4250","0x004f426e"
"0x004f4270","0x004f4270","0x004f428e"
"0x004f4290","0x004f4290","0x004f42b2"
"0x004f42c0","0x004f42c0","0x004f42e2"
"0x004f42f0","0x004f42f0","0x004f4312"
"0x004f4320","0x004f4320","0x004f433e"
"0x004f4340","0x004f4340","0x004f435e"
"0x004f4360","0x004f4360","0x004f4384"
"0x004f4390","0x004f4390","0x004f43b4"
"0x004f43c0","0x004f43c0","0x004f43e4"
"0x004f43f0","0x004f43f0","0x004f4414"
"0x004f4420","0x004f4420","0x004f443e"
"0x004f4440","0x004f4440","0x004f445d"
"0x004f4460","0x004f4460","0x004f4482"
"0x004f4490","0x004f4490","0x004f44ce"
"0x004f44d0","0x004f44d0","0x004f4500"
"0x004f4510","0x004f4510","0x004f457e"
"0x004f4580","0x004f4580","0x004f4604"
"0x004f4610","0x004f4610","0x004f4649"
"0x004f4650","0x004f4650","0x004f4693"
"0x004f46a0","0x004f46a0","0x004f49b9"
"0x004f49c0","0x004f49c0","0x004f4b77"
"0x004f4b80","0x004f4b80","0x004f4ca2"
"0x004f4cb0","0x004f4cb0","0x004f4e4c"
"0x004f4e50","0x004f4e50","0x004f4e66"
"0x004f4e70","0x004f4e70","0x004f4eb4"
"0x004f4ec0","0x004f4ec0","0x004f4eed"
"0x004f4ef0","0x004f4ef0","0x004f4fc6"
"0x004f4fd0","0x004f4fd0","0x004f5019"
"0x004f5020","0x004f5020","0x004f5044"
"0x004f5050","0x004f5050","0x004f5075"
"0x004f5080","0x004f5080","0x004f50a9"
"0x004f50b0","0x004f50b0","0x004f50d4"
"0x004f50e0","0x004f50e0","0x004f5104"
"0x004f5110","0x004f5110","0x004f513f"
"0x004f5140","0x004f5140","0x004f5187"
"0x004f5190","0x004f5190","0x004f51b4"
"0x004f51c0","0x004f51c0","0x004f5212"
"0x004f5220","0x004f5220","0x004f523d"
"0x004f5240","0x004f5240","0x004f5253"
"0x004f5260","0x004f5260","0x004f5285"
"0x004f5290","0x004f5290","0x004f52c4"
"0x004f52d0","0x004f52d0","0x004f5310"
"0x004f5320","0x004f5320","0x004f54e0"
"0x004f54f0","0x004f54f0","0x004f5503"
"0x004f5510","0x004f5510","0x004f5534"
"0x004f5510","0x004f5536","0x004f5539"
"0x004f5540","0x004f5540","0x004f55cb"
"0x004f55e0","0x004f55e0","0x004f55fc"
"0x004f5600","0x004f5600","0x004f564f"
"0x004f5650","0x004f5650","0x004f5688"
"0x004f5690","0x004f5690","0x004f56b8"
"0x004f56c0","0x004f56c0","0x004f56f0"
"0x004f5700","0x004f5700","0x004f5730"
"0x004f5740","0x004f5740","0x004f5765"
"0x004f5770","0x004f5770","0x004f5788"
"0x004f5790","0x004f5790","0x004f57b8"
"0x004f57c0","0x004f57c0","0x004f57ec"
"0x004f57f0","0x004f57f0","0x004f5809"
"0x004f5810","0x004f5810","0x004f5861"
"0x004f5870","0x004f5870","0x004f588a"
"0x004f5890","0x004f5890","0x004f58bf"
"0x004f58c0","0x004f58c0","0x004f58ef"
"0x004f58f0","0x004f58f0","0x004f591f"
"0x004f5920","0x004f5920","0x004f594c"
"0x004f5950","0x004f5950","0x004f59f6"
"0x004f5a00","0x004f5a00","0x004f5b02"
"0x004f5b10","0x004f5b10","0x004f5b8f"
"0x004f5b90","0x004f5b90","0x004f5fb6"
"0x004f5fc0","0x004f5fc0","0x004f5fd7"
"0x004f5fe0","0x004f5fe0","0x004f62f0"
"0x004f6300","0x004f6300","0x004f660e"
"0x004f6610","0x004f6610","0x004f691e"
"0x004f6920","0x004f6920","0x004f6c3f"
"0x004f6c40","0x004f6c40","0x004f6f5f"
"0x004f6f60","0x004f6f60","0x004f6f9f"
"0x004f6fa0","0x004f6fa0","0x004f6fb7"
"0x004f6fe0","0x004f6fe0","0x004f7083"
"0x004f7090","0x004f7090","0x004f70c8"
"0x004f70d0","0x004f70d0","0x004f70ec"
"0x004f70f0","0x004f70f0","0x004f7130"
"0x004f7140","0x004f7140","0x004f716d"
"0x004f7170","0x004f7170","0x004f71a0"
"0x004f71b0","0x004f71b0","0x004f71dd"
"0x004f71e0","0x004f71e0","0x004f720d"
"0x004f7210","0x004f7210","0x004f742e"
"0x004f7430","0x004f7430","0x004f781c"
"0x004f7430","0x004f781f","0x004f7957"
"0x004f7430","0x004f7962","0x004f83fa"
"0x004f8420","0x004f8420","0x004f86b6"
"0x004f86c0","0x004f86c0","0x004f86e5"
"0x004f86f0","0x004f86f0","0x004f883f"
"0x004f8840","0x004f8840","0x004f8aea"
"0x004f8af0","0x004f8af0","0x004f8b80"
"0x004f8b90","0x004f8b90","0x004f8cdb"
"0x004f8ce0","0x004f8ce0","0x004f8fe8"
"0x004f8ff0","0x004f8ff0","0x004f91c1"
"0x004f91d0","0x004f91d0","0x004f9464"
"0x004f9470","0x004f9470","0x004f951b"
"0x004f9520","0x004f9520","0x004f9b73"
"0x004f9b80","0x004f9b80","0x004f9c23"
"0x004f9c30","0x004f9c30","0x004f9e0d"
"0x004f9c30","0x004f9e13","0x004fa856"
"0x004fa860","0x004fa860","0x004fac98"
"0x004faca0","0x004faca0","0x004fb28d"
"0x004fb290","0x004fb290","0x004fb334"
"0x004fb340","0x004fb340","0x004fb399"
"0x004fb3a0","0x004fb3a0","0x004fb412"
"0x004fb420","0x004fb420","0x004fb44b"
"0x004fb450","0x004fb450","0x004fb815"
"0x004fb820","0x004fb820","0x004fb8b2"
"0x004fb8c0","0x004fb8c0","0x004fb8fd"
"0x004fb900","0x004fb900","0x004fb932"
"0x004fb940","0x004fb940","0x004fb975"
"0x004fb980","0x004fb980","0x004fb994"
"0x004fb9a0","0x004fb9a0","0x004fb9bb"
"0x004fb9c0","0x004fb9c0","0x004fba7e"
"0x004fba80","0x004fba80","0x004fbab0"
"0x004fba80","0x004fbab3","0x004fbd4a"
"0x004fbd80","0x004fbd80","0x004fbda1"
"0x004fbdb0","0x004fbdb0","0x004fbdfd"
"0x004fbdb0","0x004fbe00","0x004fbe0a"
"0x004fbdb0","0x004fbe0d","0x004fbe21"
"0x004fbe30","0x004fbe30","0x004fbeae"
"0x004fbeb0","0x004fbeb0","0x004fbf1f"
"0x004fbf20","0x004fbf20","0x004fbf53"
"0x004fbf20","0x004fbf56","0x004fbf6f"
"0x004fbf70","0x004fbf70","0x004fbfad"
"0x004fbfb0","0x004fbfb0","0x004fbfec"
"0x004fbff0","0x004fbff0","0x004fc000"
"0x004fc010","0x004fc010","0x004fc02a"
"0x004fc030","0x004fc030","0x004fc123"
"0x004fc130","0x004fc130","0x004fc15d"
"0x004fc160","0x004fc160","0x004fc1d9"
"0x004fc1e0","0x004fc1e0","0x004fc1ef"
"0x004fc1f0","0x004fc1f0","0x004fc1ff"
"0x004fc200","0x004fc200","0x004fc20f"
"0x004fc210","0x004fc210","0x004fc25e"
"0x004fc260","0x004fc260","0x004fc284"
"0x004fc290","0x004fc290","0x004fc41d"
"0x004fc420","0x004fc420","0x004fc447"
"0x004fc450","0x004fc450","0x004fc477"
"0x004fc480","0x004fc480","0x004fc4a4"
"0x004fc4b0","0x004fc4b0","0x004fc4c7"
"0x004fc4d0","0x004fc4d0","0x004fc4ea"
"0x004fc4f0","0x004fc4f0","0x004fc512"
"0x004fc520","0x004fc520","0x004fc542"
"0x004fc550","0x004fc550","0x004fc5ea"
"0x004fc5f0","0x004fc5f0","0x004fc7f0"
"0x004fc800","0x004fc800","0x004fc822"
"0x004fc830","0x004fc830","0x004fc843"
"0x004fc850","0x004fc850","0x004fc86b"
"0x004fc870","0x004fc870","0x004fc883"
"0x004fc890","0x004fc890","0x004fc8bb"
"0x004fc8c0","0x004fc8c0","0x004fc8e3"
"0x004fc8f0","0x004fc8f0","0x004fc913"
"0x004fc920","0x004fc920","0x004fc941"
"0x004fc950","0x004fc950","0x004fc967"
"0x004fc970","0x004fc970","0x004fcae4"
"0x004fcaf0","0x004fcaf0","0x004fcb19"
"0x004fcb20","0x004fcb20","0x004fcb37"
"0x004fcb40","0x004fcb40","0x004fcb92"
"0x004fcba0","0x004fcba0","0x004fcbb7"
"0x004fcbc0","0x004fcbc0","0x004fcbd6"
"0x004fcbe0","0x004fcbe0","0x004fcc02"
"0x004fcc10","0x004fcc10","0x004fcc23"
"0x004fcc30","0x004fcc30","0x004fcc5d"
"0x004fcc60","0x004fcc60","0x004fcc8c"
"0x004fcc90","0x004fcc90","0x004fccc5"
"0x004fccd0","0x004fccd0","0x004fcced"
"0x004fccf0","0x004fccf0","0x004fcd10"
"0x004fcd50","0x004fcd50","0x004fcd79"
"0x004fcd80","0x004fcd80","0x004fcdb7"
"0x004fcdc0","0x004fcdc0","0x004fcdee"
"0x004fcdf0","0x004fcdf0","0x004fce18"
"0x004fce20","0x004fce20","0x004fce35"
"0x004fce40","0x004fce40","0x004fce52"
"0x004fce60","0x004fce60","0x004fce72"
"0x004fce80","0x004fce80","0x004fce92"
"0x004fcea0","0x004fcea0","0x004fceb5"
"0x004fcec0","0x004fcec0","0x004fcf3c"
"0x004fcf50","0x004fcf50","0x004fcf98"
"0x004fcfa0","0x004fcfa0","0x004fcff4"
"0x004fd000","0x004fd000","0x004fd8a2"
"0x004fd8b0","0x004fd8b0","0x004fd94a"
"0x004fd950","0x004fd950","0x004fdaee"
"0x004fdaf0","0x004fdaf0","0x004fdb1c"
"0x004fdb20","0x004fdb20","0x004fdb45"
"0x004fdb50","0x004fdb50","0x004fdb75"
"0x004fdb80","0x004fdb80","0x004fe15a"
"0x004fe160","0x004fe160","0x004fe199"
"0x004fe1a0","0x004fe1a0","0x004fe1ae"
"0x004fe1b0","0x004fe1b0","0x004fe1d7"
"0x004fe1e0","0x004fe1e0","0x004fe207"
"0x004fe210","0x004fe210","0x004fe2b7"
"0x004fe2c0","0x004fe2c0","0x004fe72d"
"0x004fe730","0x004fe730","0x004fe75d"
"0x004fe760","0x004fe760","0x004fe78c"
"0x004fe790","0x004fe790","0x004fe7da"
"0x004fe7e0","0x004fe7e0","0x004fe7f1"
"0x004fe800","0x004fe800","0x004fe843"
"0x004fe850","0x004fe850","0x004fe867"
"0x004fe870","0x004fe870","0x004fe894"
"0x004fe8a0","0x004fe8a0","0x004fe8c4"
"0x004fe8d0","0x004fe8d0","0x004fe926"
"0x004fe930","0x004fe930","0x004fe94b"
"0x004fe950","0x004fe950","0x004fe9a6"
"0x004fe9b0","0x004fe9b0","0x004fe9fa"
"0x004fea00","0x004fea00","0x004fea56"
"0x004fea60","0x004fea60","0x004feaaa"
"0x004feab0","0x004feab0","0x004feafa"
"0x004feb00","0x004feb00","0x004feb56"
"0x004feb60","0x004feb60","0x004feb7f"
"0x004feb80","0x004feb80","0x004febf8"
"0x004fec00","0x004fec00","0x004fec90"
"0x004feca0","0x004feca0","0x004fecca"
"0x004fecd0","0x004fecd0","0x004fecf3"
"0x004fed00","0x004fed00","0x004fed4a"
"0x004fed50","0x004fed50","0x004fed6d"
"0x004fed70","0x004fed70","0x004fed9a"
"0x004feda0","0x004feda0","0x004fedac"
"0x004fedb0","0x004fedb0","0x004fedf7"
"0x004fee00","0x004fee00","0x004fee45"
"0x004fee50","0x004fee50","0x004fee8e"
"0x004fee90","0x004fee90","0x004feea7"
"0x004feeb0","0x004feeb0","0x004feec1"
"0x004feed0","0x004feed0","0x004fef00"
"0x004fef10","0x004fef10","0x004fef40"
"0x004fef50","0x004fef50","0x004fef61"
"0x004fef70","0x004fef70","0x004fefa0"
"0x004fefb0","0x004fefb0","0x004fefbc"
"0x004fefc0","0x004fefc0","0x004fefe3"
"0x004feff0","0x004feff0","0x004ff016"
"0x004ff020","0x004ff020","0x004ff056"
"0x004ff060","0x004ff060","0x004ff08b"
"0x004ff090","0x004ff090","0x004ff0a1"
"0x004ff0b0","0x004ff0b0","0x004ff0c1"
"0x004ff0d0","0x004ff0d0","0x004ff30e"
"0x004ff350","0x004ff350","0x004ff3ec"
"0x004ff3f0","0x004ff3f0","0x004ff48c"
"0x004ff490","0x004ff490","0x004ff4d8"
"0x004ff4e0","0x004ff4e0","0x004ff5d0"
"0x004ff5e0","0x004ff5e0","0x004ff60e"
"0x004ff610","0x004ff610","0x004ff623"
"0x004ff630","0x004ff630","0x004ff663"
"0x004ff670","0x004ff670","0x004ff683"
"0x004ff690","0x004ff690","0x004ff6a2"
"0x004ff6b0","0x004ff6b0","0x004ff6c2"
"0x004ff6d0","0x004ff6d0","0x004ff6e0"
"0x004ff6f0","0x004ff6f0","0x004ff708"
"0x004ff710","0x004ff710","0x004ff753"
"0x004ff760","0x004ff760","0x004ff793"
"0x004ff7a0","0x004ff7a0","0x004ff7d6"
"0x004ff7e0","0x004ff7e0","0x004ff7ff"
"0x004ff800","0x004ff800","0x004ff816"
"0x004ff820","0x004ff820","0x004ff836"
"0x004ff840","0x004ff840","0x004ff869"
"0x004ff870","0x004ff870","0x004ff886"
"0x004ff890","0x004ff890","0x004ff8eb"
"0x004ff8f0","0x004ff8f0","0x004ff9dc"
"0x004ff9e0","0x004ff9e0","0x004ffa02"
"0x004ffa10","0x004ffa10","0x004ffc3a"
"0x004ffc40","0x004ffc40","0x004ffc7f"
"0x004ffc80","0x004ffc80","0x004ffca8"
"0x004ffcb0","0x004ffcb0","0x004ffcf5"
"0x004ffd00","0x004ffd00","0x004ffd18"
"0x004ffd20","0x004ffd20","0x004ffd48"
"0x004ffd50","0x004ffd50","0x004ffd79"
"0x004ffd80","0x004ffd80","0x004ffe07"
"0x004ffe10","0x004ffe10","0x004ffe3c"
"0x004ffe40","0x004ffe40","0x004ffe75"
"0x004ffe80","0x004ffe80","0x004ffeb5"
"0x004ffec0","0x004ffec0","0x004ffed5"
"0x004ffee0","0x004ffee0","0x004fff07"
"0x004fff10","0x004fff10","0x004fff5a"
"0x004fff60","0x004fff60","0x004fff92"
"0x004fffa0","0x004fffa0","0x004fffd4"
"0x004fffe0","0x004fffe0","0x004fffef"
"0x004ffff0","0x004ffff0","0x00500022"
"0x004ffff0","0x00500025","0x00500057"
"0x00500060","0x00500060","0x00500077"
"0x00500080","0x00500080","0x005000ae"
"0x005000b0","0x005000b0","0x005000e4"
"0x005000f0","0x005000f0","0x00500126"
"0x00500130","0x00500130","0x00500166"
"0x00500170","0x00500170","0x005001a8"
"0x005001b0","0x005001b0","0x005001ea"
"0x005001f0","0x005001f0","0x00500221"
"0x00500230","0x00500230","0x00500266"
"0x00500270","0x00500270","0x0050028e"
"0x00500290","0x00500290","0x00500373"
"0x00500380","0x00500380","0x005005cd"
"0x005005d0","0x005005d0","0x0050065b"
"0x00500660","0x00500660","0x005006eb"
"0x005006f0","0x005006f0","0x00500785"
"0x00500790","0x00500790","0x005008ba"
"0x005008c0","0x005008c0","0x00500941"
"0x00500950","0x00500950","0x005009ed"
"0x005009f0","0x005009f0","0x00500c4f"
"0x00500c50","0x00500c50","0x00500dc5"
"0x00500dd0","0x00500dd0","0x00500ebb"
"0x00500ec0","0x00500ec0","0x00500eed"
"0x00500ef0","0x00500ef0","0x00500fd1"
"0x00500fe0","0x00500fe0","0x00501035"
"0x00501040","0x00501040","0x00501095"
"0x005010a0","0x005010a0","0x0050110e"
"0x00501110","0x00501110","0x005011c5"
"0x005011d0","0x005011d0","0x00501230"
"0x00501240","0x00501240","0x00501270"
"0x00501240","0x00501278","0x0050132f"
"0x00501240","0x00501332","0x00501361"
"0x00501240","0x00501364","0x005013a9"
"0x005013b0","0x005013b0","0x005013e0"
"0x005013b0","0x005013e8","0x005014a2"
"0x005013b0","0x005014a8","0x005014da"
"0x005013b0","0x005014e0","0x00501572"
"0x00501580","0x00501580","0x00501598"
"0x005015a0","0x005015a0","0x00501644"
"0x00501650","0x00501650","0x00501765"
"0x00501770","0x00501770","0x005017bd"
"0x005017c0","0x005017c0","0x00501815"
"0x00501820","0x00501820","0x00501863"
"0x00501820","0x0050186b","0x00501925"
"0x00501820","0x0050192b","0x0050195d"
"0x00501820","0x00501963","0x00501b96"
"0x00501ba0","0x00501ba0","0x00501bda"
"0x00501be0","0x00501be0","0x00501f2b"
"0x00501f30","0x00501f30","0x00501f4c"
"0x00501f50","0x00501f50","0x00502360"
"0x00501f50","0x00502366","0x00502384"
"0x00501f50","0x0050238a","0x005023a8"
"0x00501f50","0x005023ae","0x005023c4"
"0x00501f50","0x005023ca","0x005023e6"
"0x00501f50","0x005023ec","0x00502402"
"0x00501f50","0x00502408","0x00502434"
"0x00501f50","0x0050243a","0x0050249e"
"0x00501f50","0x005024a1","0x005024ba"
"0x00501f50","0x005024bd","0x005024be"
"0x00501f50","0x005024c1","0x0050254d"
"0x00502550","0x00502550","0x0050293f"
"0x00502550","0x00502942","0x0050295b"
"0x00502550","0x0050295e","0x00502971"
"0x00502550","0x00502974","0x0050298a"
"0x00502550","0x0050298d","0x0050298e"
"0x00502550","0x00502991","0x00502a1d"
"0x00502a20","0x00502a20","0x00502acd"
"0x00502ad0","0x00502ad0","0x00502b0a"
"0x00502b10","0x00502b10","0x00502b6b"
"0x00502b70","0x00502b70","0x00502c47"
"0x00502c50","0x00502c50","0x00502da4"
"0x00502db0","0x00502db0","0x00502f6e"
"0x00502f70","0x00502f70","0x00503236"
"0x00503240","0x00503240","0x005032cd"
"0x005032d0","0x005032d0","0x0050344b"
"0x00503450","0x00503450","0x00503ac3"
"0x00503ad0","0x00503ad0","0x00503b6d"
"0x00503b70","0x00503b70","0x00503d39"
"0x00503d40","0x00503d40","0x00503ed2"
"0x00503ee0","0x00503ee0","0x00503fba"
"0x00503fc0","0x00503fc0","0x00504159"
"0x00504160","0x00504160","0x00504174"
"0x00504180","0x00504180","0x005041ad"
"0x005041b0","0x005041b0","0x0050420b"
"0x00504210","0x00504210","0x00504478"
"0x00504480","0x00504480","0x0050492d"
"0x00504950","0x00504950","0x00504a5c"
"0x00504a60","0x00504a60","0x00504aec"
"0x00504af0","0x00504af0","0x00504bc7"
"0x00504bd0","0x00504bd0","0x00504d1c"
"0x00504d20","0x00504d20","0x00504d39"
"0x00504d40","0x00504d40","0x00504e85"
"0x00504e90","0x00504e90","0x00505a14"
"0x00505a30","0x00505a30","0x00505b6d"
"0x00505a30","0x00505b70","0x00505d84"
"0x00505d90","0x00505d90","0x00505e3d"
"0x00505e40","0x00505e40","0x00505f73"
"0x00505f80","0x00505f80","0x00505f92"
"0x00505fa0","0x00505fa0","0x00505fbc"
"0x00505fc0","0x00505fc0","0x0050600e"
"0x00506010","0x00506010","0x00506029"
"0x00506030","0x00506030","0x0050604f"
"0x00506050","0x00506050","0x00506071"
"0x00506080","0x00506080","0x0050609e"
"0x005060a0","0x005060a0","0x005060f1"
"0x00506100","0x00506100","0x00506118"
"0x00506120","0x00506120","0x00506133"
"0x00506140","0x00506140","0x00506153"
"0x00506160","0x00506160","0x00506187"
"0x00506190","0x00506190","0x005061b7"
"0x005061c0","0x005061c0","0x00506208"
"0x00506210","0x00506210","0x005062e5"
"0x005062f0","0x005062f0","0x0050630b"
"0x00506310","0x00506310","0x00506334"
"0x00506340","0x00506340","0x00506353"
"0x00506360","0x00506360","0x00506455"
"0x00506460","0x00506460","0x00506478"
"0x00506480","0x00506480","0x005064ad"
"0x005064b0","0x005064b0","0x005064ca"
"0x005064d0","0x005064d0","0x005064e3"
"0x005064f0","0x005064f0","0x00506538"
"0x00506540","0x00506540","0x00506568"
"0x00506570","0x00506570","0x0050687c"
"0x00506880","0x00506880","0x00506896"
"0x005068a0","0x005068a0","0x005068ed"
"0x005068f0","0x005068f0","0x00506909"
"0x00506910","0x00506910","0x00506926"
"0x00506930","0x00506930","0x00506949"
"0x00506950","0x00506950","0x00506961"
"0x00506970","0x00506970","0x0050699d"
"0x005069a0","0x005069a0","0x005069d1"
"0x005069e0","0x005069e0","0x005069f9"
"0x00506a00","0x00506a00","0x00506a15"
"0x00506a20","0x00506a20","0x00506a43"
"0x00506a50","0x00506a50","0x00506a6d"
"0x00506a70","0x00506a70","0x00506a8c"
"0x00506a90","0x00506a90","0x00506aa8"
"0x00506ab0","0x00506ab0","0x00506ae6"
"0x00506af0","0x00506af0","0x00506b95"
"0x00506ba0","0x00506ba0","0x00506bb8"
"0x00506bc0","0x00506bc0","0x00506bea"
"0x00506bf0","0x00506bf0","0x00506c1a"
"0x00506c20","0x00506c20","0x00506c38"
"0x00506c40","0x00506c40","0x00506c58"
"0x00506c60","0x00506c60","0x00506c78"
"0x00506c80","0x00506c80","0x00506cc1"
"0x00506cd0","0x00506cd0","0x00506cef"
"0x00506cf0","0x00506cf0","0x00506d16"
"0x00506d20","0x00506d20","0x00506d38"
"0x00506d40","0x00506d40","0x00506d75"
"0x00506d80","0x00506d80","0x00506dd3"
"0x00506de0","0x00506de0","0x00506e0e"
"0x00506e10","0x00506e10","0x00506e3b"
"0x00506e40","0x00506e40","0x00506e6e"
"0x00506e70","0x00506e70","0x00506e96"
"0x00506ea0","0x00506ea0","0x00506f06"
"0x00506f10","0x00506f10","0x00506f70"
"0x00506f80","0x00506f80","0x00506ff9"
"0x00507000","0x00507000","0x00507076"
"0x00507080","0x00507080","0x005070f9"
"0x00507100","0x00507100","0x00507186"
"0x00507190","0x00507190","0x00507216"
"0x00507220","0x00507220","0x0050722f"
"0x00507230","0x00507230","0x00507257"
"0x00507260","0x00507260","0x0050727a"
"0x00507280","0x00507280","0x005072a7"
"0x005072b0","0x005072b0","0x005072c6"
"0x005072d0","0x005072d0","0x0050731d"
"0x00507330","0x00507330","0x00507355"
"0x00507360","0x00507360","0x00507473"
"0x00507480","0x00507480","0x00507520"
"0x00507530","0x00507530","0x00507557"
"0x00507560","0x00507560","0x005076a6"
"0x005076b0","0x005076b0","0x0050771b"
"0x00507720","0x00507720","0x005077c8"
"0x005077d0","0x005077d0","0x00507852"
"0x00507860","0x00507860","0x005078a7"
"0x005078b0","0x005078b0","0x00507a27"
"0x00507a30","0x00507a30","0x00507a70"
"0x00507a80","0x00507a80","0x00507ac3"
"0x00507ad0","0x00507ad0","0x00507ae3"
"0x00507af0","0x00507af0","0x00507b20"
"0x00507b30","0x00507b30","0x00507b60"
"0x00507b70","0x00507b70","0x00507f6a"
"0x00507f80","0x00507f80","0x005081dd"
"0x005081e0","0x005081e0","0x00508305"
"0x00508310","0x00508310","0x0050835f"
"0x00508360","0x00508360","0x00508475"
"0x00508480","0x00508480","0x00508afc"
"0x00508b00","0x00508b00","0x00508b13"
"0x00508b20","0x00508b20","0x00508b52"
"0x00508b60","0x00508b60","0x00508b86"
"0x00508b90","0x00508b90","0x00508f64"
"0x005091d0","0x005091d0","0x00509276"
"0x00509280","0x00509280","0x00509d9b"
"0x00509da0","0x00509da0","0x00509dcb"
"0x00509dd0","0x00509dd0","0x00509e0a"
"0x00509e10","0x00509e10","0x00509e3b"
"0x00509e40","0x00509e40","0x00509ed4"
"0x00509ee0","0x00509ee0","0x00509f4c"
"0x00509f50","0x00509f50","0x00509f5c"
"0x00509f60","0x00509f60","0x00509f6c"
"0x00509f70","0x00509f70","0x00509f9b"
"0x00509fa0","0x00509fa0","0x00509ff4"
"0x0050a000","0x0050a000","0x0050a02b"
"0x0050a030","0x0050a030","0x0050a04e"
"0x0050a050","0x0050a050","0x0050a098"
"0x0050a0a0","0x0050a0a0","0x0050a0d1"
"0x0050a0e0","0x0050a0e0","0x0050a10e"
"0x0050a110","0x0050a110","0x0050a169"
"0x0050a170","0x0050a170","0x0050a19e"
"0x0050a1a0","0x0050a1a0","0x0050a1d4"
"0x0050a1e0","0x0050a1e0","0x0050a21c"
"0x0050a220","0x0050a220","0x0050a276"
"0x0050a280","0x0050a280","0x0050a2ca"
"0x0050a2e0","0x0050a2e0","0x0050a33d"
"0x0050a340","0x0050a340","0x0050a3b1"
"0x0050a3c0","0x0050a3c0","0x0050a3df"
"0x0050a3e0","0x0050a3e0","0x0050a40e"
"0x0050a410","0x0050a410","0x0050a42c"
"0x0050a430","0x0050a430","0x0050a49a"
"0x0050a4a0","0x0050a4a0","0x0050a4c9"
"0x0050a4d0","0x0050a4d0","0x0050a6aa"
"0x0050a6b0","0x0050a6b0","0x0050a7ea"
"0x0050a7f0","0x0050a7f0","0x0050a816"
"0x0050a820","0x0050a820","0x0050a86d"
"0x0050a870","0x0050a870","0x0050a8ce"
"0x0050a8e0","0x0050a8e0","0x0050a929"
"0x0050a930","0x0050a930","0x0050a95c"
"0x0050a930","0x0050a95f","0x0050a98e"
"0x0050a990","0x0050a990","0x0050a9a0"
"0x0050a9b0","0x0050a9b0","0x0050a9eb"
"0x0050a9f0","0x0050a9f0","0x0050aa52"
"0x0050aa60","0x0050aa60","0x0050aadc"
"0x0050aae0","0x0050aae0","0x0050ab0e"
"0x0050ab10","0x0050ab10","0x0050abcc"
"0x0050abd0","0x0050abd0","0x0050ac69"
"0x0050ac70","0x0050ac70","0x0050ad42"
"0x0050ad50","0x0050ad50","0x0050adb0"
"0x0050adc0","0x0050adc0","0x0050ae46"
"0x0050ae50","0x0050ae50","0x0050ae5f"
"0x0050ae60","0x0050ae60","0x0050ae71"
"0x0050ae80","0x0050ae80","0x0050ae91"
"0x0050aea0","0x0050aea0","0x0050aead"
"0x0050aeb0","0x0050aeb0","0x0050af12"
"0x0050af20","0x0050af20","0x0050e493"
"0x0050e4a0","0x0050e4a0","0x0050e4f0"
"0x0050e500","0x0050e500","0x0050e532"
"0x0050e540","0x0050e540","0x0050e5c9"
"0x0050e5d0","0x0050e5d0","0x0050e696"
"0x0050e6a0","0x0050e6a0","0x0050e6d2"
"0x0050e6e0","0x0050e6e0","0x0050e943"
"0x0050e950","0x0050e950","0x0050e984"
"0x0050e990","0x0050e990","0x0050eaba"
"0x0050eac0","0x0050eac0","0x0050eaeb"
"0x0050eaf0","0x0050eaf0","0x0050eb2e"
"0x0050eb30","0x0050eb30","0x0050eb60"
"0x0050eb70","0x0050eb70","0x0050eea7"
"0x0050eeb0","0x0050eeb0","0x0050eefa"
"0x0050ef00","0x0050ef00","0x0050f08f"
"0x0050f090","0x0050f090","0x0050f162"
"0x0050f170","0x0050f170","0x0050f2ea"
"0x0050f2f0","0x0050f2f0","0x0050f3ad"
"0x0050f3b0","0x0050f3b0","0x0050f5e1"
"0x0050f5f0","0x0050f5f0","0x0050f65a"
"0x0050f660","0x0050f660","0x0050f6a5"
"0x0050f6b0","0x0050f6b0","0x0050fb5d"
"0x0050fb60","0x0050fb60","0x0050fc0d"
"0x0050fc10","0x0050fc10","0x0050fc42"
"0x0050fc50","0x0050fc50","0x0050fc86"
"0x0050fc90","0x0050fc90","0x0050fcdf"
"0x0050fce0","0x0050fce0","0x0050fcf9"
"0x0050fd00","0x0050fd00","0x0050fd48"
"0x0050fd50","0x0050fd50","0x0050fdce"
"0x0050fdd0","0x0050fdd0","0x0050fe98"
"0x0050fea0","0x0050fea0","0x0050ff23"
"0x0050ff30","0x0050ff30","0x0050ff60"
"0x0050ff70","0x0050ff70","0x0051010c"
"0x00510110","0x00510110","0x00510453"
"0x00510110","0x00510456","0x0051063d"
"0x00510640","0x00510640","0x00510707"
"0x00510710","0x00510710","0x0051080e"
"0x00510810","0x00510810","0x0051081c"
"0x00510820","0x00510820","0x0051082c"
"0x00510830","0x00510830","0x0051084a"
"0x00510850","0x00510850","0x0051086c"
"0x00510870","0x00510870","0x0051088c"
"0x00510890","0x00510890","0x005108c5"
"0x005108d0","0x005108d0","0x00510902"
"0x005108d0","0x00510905","0x0051092b"
"0x00510930","0x00510930","0x00510978"
"0x00510980","0x00510980","0x00510a73"
"0x00510a80","0x00510a80","0x00510b0c"
"0x00510b20","0x00510b20","0x00510b50"
"0x00510b60","0x00510b60","0x00510e5a"
"0x00510e80","0x00510e80","0x00511249"
"0x00510e80","0x0051124c","0x0051126d"
"0x00511270","0x00511270","0x005112fb"
"0x00511300","0x00511300","0x0051130c"
"0x00511310","0x00511310","0x0051131c"
"0x00511320","0x00511320","0x00511368"
"0x00511370","0x00511370","0x005113b8"
"0x005113c0","0x005113c0","0x00511408"
"0x00511410","0x00511410","0x00511458"
"0x00511460","0x00511460","0x0051149f"
"0x005114a0","0x005114a0","0x005114e8"
"0x005114f0","0x005114f0","0x0051152f"
"0x00511530","0x00511530","0x0051156f"
"0x00511570","0x00511570","0x00511589"
"0x00511590","0x00511590","0x005115bc"
"0x005115c0","0x005115c0","0x00511609"
"0x005115c0","0x0051160c","0x00511632"
"0x00511640","0x00511640","0x00511653"
"0x00511660","0x00511660","0x00511694"
"0x005116a0","0x005116a0","0x00511705"
"0x00511710","0x00511710","0x00511769"
"0x00511770","0x00511770","0x005117d0"
"0x005117e0","0x005117e0","0x00511866"
"0x00511870","0x00511870","0x005118f0"
"0x00511900","0x00511900","0x0051190f"
"0x00511910","0x00511910","0x00511922"
"0x00511930","0x00511930","0x0051197e"
"0x00511980","0x00511980","0x005119d9"
"0x005119e0","0x005119e0","0x00511a2b"
"0x00511a30","0x00511a30","0x00511ae9"
"0x00511af0","0x00511af0","0x00511ce2"
"0x00511cf0","0x00511cf0","0x00511ecc"
"0x00511ed0","0x00511ed0","0x00511efc"
"0x00511f00","0x00511f00","0x0051207f"
"0x00512090","0x00512090","0x005120c0"
"0x005120d0","0x005120d0","0x00512956"
"0x00512980","0x00512980","0x00512a9c"
"0x00512aa0","0x00512aa0","0x00512f2b"
"0x00512f30","0x00512f30","0x00512f5d"
"0x00512f60","0x00512f60","0x00512fa4"
"0x00512fb0","0x00512fb0","0x005136e6"
"0x00513710","0x00513710","0x00513784"
"0x00513710","0x00513787","0x005137b8"
"0x00513710","0x005137bb","0x005139ad"
"0x005139b0","0x005139b0","0x005139de"
"0x005139e0","0x005139e0","0x00513a08"
"0x00513a10","0x00513a10","0x00513a77"
"0x00513a80","0x00513a80","0x00513a8f"
"0x00513a90","0x00513a90","0x00513ae6"
"0x00513af0","0x00513af0","0x00513b46"
"0x00513b50","0x00513b50","0x00513ba6"
"0x00513bb0","0x00513bb0","0x00513c06"
"0x00513c10","0x00513c10","0x00513c66"
"0x00513c70","0x00513c70","0x00513cba"
"0x00513cc0","0x00513cc0","0x00513cdf"
"0x00513ce0","0x00513ce0","0x00513d32"
"0x00513d40","0x00513d40","0x00513d52"
"0x00513d60","0x00513d60","0x00513d72"
"0x00513d80","0x00513d80","0x00513dc8"
"0x00513dd0","0x00513dd0","0x00513dd9"
"0x00513de0","0x00513de0","0x00513e1f"
"0x00513e20","0x00513e20","0x00513e5f"
"0x00513e60","0x00513e60","0x00513e9f"
"0x00513ea0","0x00513ea0","0x00513edf"
"0x00513ee0","0x00513ee0","0x00513f1f"
"0x00513f20","0x00513f20","0x00513f68"
"0x00513f70","0x00513f70","0x00513faa"
"0x00513f70","0x00513fb0","0x00514074"
"0x00514080","0x00514080","0x005140a4"
"0x005140b0","0x005140b0","0x0051410f"
"0x00514110","0x00514110","0x00514127"
"0x00514130","0x00514130","0x0051414d"
"0x00514150","0x00514150","0x00514166"
"0x00514170","0x00514170","0x005141bd"
"0x005141c0","0x005141c0","0x005141d8"
"0x005141e0","0x005141e0","0x00514236"
"0x00514240","0x00514240","0x00514259"
"0x00514260","0x00514260","0x005142aa"
"0x005142b0","0x005142b0","0x0051438f"
"0x00514390","0x00514390","0x005143c4"
"0x005143d0","0x005143d0","0x0051446d"
"0x00514470","0x00514470","0x00514486"
"0x00514490","0x00514490","0x00514542"
"0x00514550","0x00514550","0x005145e2"
"0x005145f0","0x005145f0","0x005145f9"
"0x00514600","0x00514600","0x0051472c"
"0x00514730","0x00514730","0x00514746"
"0x00514750","0x00514750","0x0051524d"
"0x00515250","0x00515250","0x005152d6"
"0x005152e0","0x005152e0","0x005152f0"
"0x00515300","0x00515300","0x005153e8"
"0x00515300","0x005153eb","0x0051541f"
"0x00515300","0x00515422","0x00515442"
"0x00515300","0x00515445","0x00515468"
"0x00515300","0x0051548a","0x00515492"
"0x00515300","0x0051549a","0x005154fb"
"0x00515500","0x00515500","0x00515548"
"0x00515550","0x00515550","0x0051568b"
"0x00515690","0x00515690","0x005156cc"
"0x005156d0","0x005156d0","0x005157ee"
"0x005157f0","0x005157f0","0x00515829"
"0x00515830","0x00515830","0x005158fc"
"0x00515900","0x00515900","0x005159d3"
"0x005159e0","0x005159e0","0x00515a93"
"0x00515aa0","0x00515aa0","0x00515b09"
"0x00515b10","0x00515b10","0x00515b47"
"0x00515b50","0x00515b50","0x00515b87"
"0x00515b90","0x00515b90","0x00515cdf"
"0x00515ce0","0x00515ce0","0x00515d28"
"0x00515d30","0x00515d30","0x00515d54"
"0x00515d60","0x00515d60","0x00515d84"
"0x00515d90","0x00515d90","0x00515dbe"
"0x00515dc0","0x00515dc0","0x00515e36"
"0x00515e40","0x00515e40","0x00515eb0"
"0x00515ec0","0x00515ec0","0x00515f88"
"0x00515f90","0x00515f90","0x0051600b"
"0x00516010","0x00516010","0x0051602c"
"0x00516030","0x00516030","0x0051606a"
"0x00516070","0x00516070","0x005160c1"
"0x005160d0","0x005160d0","0x0051610a"
"0x00516110","0x00516110","0x00516135"
"0x00516140","0x00516140","0x00516165"
"0x00516170","0x00516170","0x00516243"
"0x00516250","0x00516250","0x005162b5"
"0x005162c0","0x005162c0","0x005162dc"
"0x005162e0","0x005162e0","0x005162f3"
"0x00516300","0x00516300","0x00516349"
"0x00516350","0x00516350","0x00516363"
"0x00516370","0x00516370","0x005163b1"
"0x005163c0","0x005163c0","0x005163eb"
"0x005163f0","0x005163f0","0x00516411"
"0x00516420","0x00516420","0x0051644f"
"0x00516450","0x00516450","0x00516461"
"0x00516470","0x00516470","0x00516489"
"0x00516490","0x00516490","0x005164bf"
"0x005164c0","0x005164c0","0x005164db"
"0x005164e0","0x005164e0","0x005164fc"
"0x00516500","0x00516500","0x00516521"
"0x00516530","0x00516530","0x00516551"
"0x00516570","0x00516570","0x0051659d"
"0x005165a0","0x005165a0","0x005165d6"
"0x005165e0","0x005165e0","0x00516619"
"0x00516620","0x00516620","0x0051664d"
"0x00516650","0x00516650","0x0051667d"
"0x00516680","0x00516680","0x005166ad"
"0x005166b0","0x005166b0","0x005166e0"
"0x005166f0","0x005166f0","0x0051671d"
"0x00516720","0x00516720","0x0051674d"
"0x00516750","0x00516750","0x0051677d"
"0x00516780","0x00516780","0x005167ad"
"0x005167b0","0x005167b0","0x00516984"
"0x005167b0","0x00516987","0x00516cdf"
"0x005167b0","0x00516ce2","0x00517873"
"0x005167b0","0x0051787b","0x0051899d"
"0x005189c0","0x005189c0","0x00519837"
"0x00519840","0x00519840","0x005198c3"
"0x005198d0","0x005198d0","0x00519953"
"0x00519960","0x00519960","0x00519c67"
"0x00519960","0x00519c6d","0x00519f8b"
"0x00519960","0x00519f91","0x00519fa4"
"0x00519960","0x00519fa7","0x00519fbd"
"0x00519960","0x00519fc0","0x0051a08b"
"0x0051a090","0x0051a090","0x0051a0a7"
"0x0051a0b0","0x0051a0b0","0x0051a681"
"0x0051a690","0x0051a690","0x0051a6bc"
"0x0051a6c0","0x0051a6c0","0x0051a73c"
"0x0051a740","0x0051a740","0x0051a827"
"0x0051a830","0x0051a830","0x0051a866"
"0x0051a870","0x0051a870","0x0051a8c5"
"0x0051a8d0","0x0051a8d0","0x0051a8ff"
"0x0051a900","0x0051a900","0x0051a940"
"0x0051a950","0x0051a950","0x0051a98b"
"0x0051a990","0x0051a990","0x0051a9fd"
"0x0051aa00","0x0051aa00","0x0051ab32"
"0x0051ab40","0x0051ab40","0x0051ab76"
"0x0051ab80","0x0051ab80","0x0051ac29"
"0x0051ac30","0x0051ac30","0x0051ad96"
"0x0051ac30","0x0051ad99","0x0051adc3"
"0x0051ac30","0x0051ade5","0x0051aded"
"0x0051ac30","0x0051adf5","0x0051ae3b"
"0x0051ae40","0x0051ae40","0x0051aee2"
"0x0051ae40","0x0051aee9","0x0051aef1"
"0x0051ae40","0x0051aef9","0x0051af0a"
"0x0051af10","0x0051af10","0x0051af3f"
"0x0051af40","0x0051af40","0x0051af80"
"0x0051af90","0x0051af90","0x0051b03c"
"0x0051b040","0x0051b040","0x0051b093"
"0x0051b0a0","0x0051b0a0","0x0051b0b2"
"0x0051b0c0","0x0051b0c0","0x0051b150"
"0x0051b160","0x0051b160","0x0051b1cf"
"0x0051b1d0","0x0051b1d0","0x0051b1dc"
"0x0051b1e0","0x0051b1e0","0x0051b228"
"0x0051b230","0x0051b230","0x0051b24b"
"0x0051b250","0x0051b250","0x0051b2e3"
"0x0051b2f0","0x0051b2f0","0x0051b300"
"0x0051b310","0x0051b310","0x0051b346"
"0x0051b350","0x0051b350","0x0051b370"
"0x0051b380","0x0051b380","0x0051b3cf"
"0x0051b3d0","0x0051b3d0","0x0051b3f0"
"0x0051b400","0x0051b400","0x0051b44f"
"0x0051b450","0x0051b450","0x0051b460"
"0x0051b470","0x0051b470","0x0051b4a6"
"0x0051b4b0","0x0051b4b0","0x0051b4bc"
"0x0051b4c0","0x0051b4c0","0x0051b4d2"
"0x0051b4e0","0x0051b4e0","0x0051b4fc"
"0x0051b500","0x0051b500","0x0051b550"
"0x0051b560","0x0051b560","0x0051b57c"
"0x0051b580","0x0051b580","0x0051b5a7"
"0x0051b5b0","0x0051b5b0","0x0051b5d3"
"0x0051b5e0","0x0051b5e0","0x0051b67f"
"0x0051b690","0x0051b690","0x0051b6c2"
"0x0051b6d0","0x0051b6d0","0x0051b6f8"
"0x0051b700","0x0051b700","0x0051b727"
"0x0051b730","0x0051b730","0x0051b7c9"
"0x0051b730","0x0051b7eb","0x0051b7f3"
"0x0051b730","0x0051b7fb","0x0051b846"
"0x0051b850","0x0051b850","0x0051b882"
"0x0051b890","0x0051b890","0x0051b89f"
"0x0051b8a0","0x0051b8a0","0x0051b8df"
"0x0051b8e0","0x0051b8e0","0x0051b91f"
"0x0051b920","0x0051b920","0x0051b95f"
"0x0051b960","0x0051b960","0x0051b969"
"0x0051b970","0x0051b970","0x0051ba06"
"0x0051ba10","0x0051ba10","0x0051ba37"
"0x0051ba40","0x0051ba40","0x0051ba5c"
"0x0051ba60","0x0051ba60","0x0051ba7e"
"0x0051ba80","0x0051ba80","0x0051baac"
"0x0051bab0","0x0051bab0","0x0051bac2"
"0x0051bad0","0x0051bad0","0x0051bb31"
"0x0051bb40","0x0051bb40","0x0051bb49"
"0x0051bb50","0x0051bb50","0x0051bb88"
"0x0051bb90","0x0051bb90","0x0051bc04"
"0x0051bc10","0x0051bc10","0x0051bcb6"
"0x0051bcc0","0x0051bcc0","0x0051bcd9"
"0x0051bce0","0x0051bce0","0x0051bd19"
"0x0051bce0","0x0051bd1c","0x0051bd42"
"0x0051bd50","0x0051bd50","0x0051bd5f"
"0x0051bd60","0x0051bd60","0x0051bd9d"
"0x0051bda0","0x0051bda0","0x0051bdb1"
"0x0051bdc0","0x0051bdc0","0x0051bfe1"
"0x0051bff0","0x0051bff0","0x0051c0cc"
"0x0051c0d0","0x0051c0d0","0x0051c102"
"0x0051c110","0x0051c110","0x0051c122"
"0x0051c130","0x0051c130","0x0051c147"
"0x0051c150","0x0051c150","0x0051c1d1"
"0x0051c1e0","0x0051c1e0","0x0051c236"
"0x0051c240","0x0051c240","0x0051c25b"
"0x0051c260","0x0051c260","0x0051c4cc"
"0x0051c4d0","0x0051c4d0","0x0051c4eb"
"0x0051c4f0","0x0051c4f0","0x0051c6a6"
"0x0051c6b0","0x0051c6b0","0x0051c6cc"
"0x0051c6d0","0x0051c6d0","0x0051c6e5"
"0x0051c6f0","0x0051c6f0","0x0051c79e"
"0x0051c7a0","0x0051c7a0","0x0051c7d5"
"0x0051c7e0","0x0051c7e0","0x0051c874"
"0x0051c880","0x0051c880","0x0051c8aa"
"0x0051c8b0","0x0051c8b0","0x0051c90e"
"0x0051c920","0x0051c920","0x0051ca1c"
"0x0051ca20","0x0051ca20","0x0051ca2f"
"0x0051ca30","0x0051ca30","0x0051ca60"
"0x0051ca70","0x0051ca70","0x0051caa0"
"0x0051cab0","0x0051cab0","0x0051cae0"
"0x0051caf0","0x0051caf0","0x0051cb16"
"0x0051cb20","0x0051cb20","0x0051cb76"
"0x0051cb80","0x0051cb80","0x0051cb8e"
"0x0051cb90","0x0051cb90","0x0051cc1b"
"0x0051cc20","0x0051cc20","0x0051cc48"
"0x0051cc20","0x0051cc4b","0x0051cc7a"
"0x0051cc80","0x0051cc80","0x0051ccc3"
"0x0051ccd0","0x0051ccd0","0x0051cce0"
"0x0051ccf0","0x0051ccf0","0x0051cd51"
"0x0051cd60","0x0051cd60","0x0051cd6f"
"0x0051cd70","0x0051cd70","0x0051ce5f"
"0x0051ce60","0x0051ce60","0x0051cee6"
"0x0051cef0","0x0051cef0","0x0051cf14"
"0x0051cf20","0x0051cf20","0x0051d035"
"0x0051d040","0x0051d040","0x0051d132"
"0x0051d040","0x0051d135","0x0051d166"
"0x0051d170","0x0051d170","0x0051d183"
"0x0051d190","0x0051d190","0x0051d225"
"0x0051d230","0x0051d230","0x0051d2df"
"0x0051d2e0","0x0051d2e0","0x0051d36b"
"0x0051d370","0x0051d370","0x0051d3db"
"0x0051d3e0","0x0051d3e0","0x0051d5c7"
"0x0051d5d0","0x0051d5d0","0x0051d68b"
"0x0051d6a0","0x0051d6a0","0x0051d78b"
"0x0051d790","0x0051d790","0x0051d803"
"0x0051d810","0x0051d810","0x0051d889"
"0x0051d890","0x0051d890","0x0051d8ae"
"0x0051d8b0","0x0051d8b0","0x0051d8fd"
"0x0051d900","0x0051d900","0x0051d986"
"0x0051d990","0x0051d990","0x0051d9a8"
"0x0051d9b0","0x0051d9b0","0x0051d9f1"
"0x0051da00","0x0051da00","0x0051da4a"
"0x0051da50","0x0051da50","0x0051da9a"
"0x0051daa0","0x0051daa0","0x0051daed"
"0x0051db00","0x0051db00","0x0051de99"
"0x0051dea0","0x0051dea0","0x0051e020"
"0x0051e030","0x0051e030","0x0051e07e"
"0x0051e080","0x0051e080","0x0051e094"
"0x0051e0a0","0x0051e0a0","0x0051e0b5"
"0x0051e0c0","0x0051e0c0","0x0051e0d7"
"0x0051e0e0","0x0051e0e0","0x0051e0f9"
"0x0051e100","0x0051e100","0x0051e168"
"0x0051e170","0x0051e170","0x0051e17f"
"0x0051e180","0x0051e180","0x0051e1b0"
"0x0051e1c0","0x0051e1c0","0x0051e3b8"
"0x0051e3c0","0x0051e3c0","0x0051e852"
"0x0051e3c0","0x0051e858","0x0051e94e"
"0x0051e3c0","0x0051e959","0x0051e9bd"
"0x0051e3c0","0x0051e9c8","0x0051ead8"
"0x0051e3c0","0x0051eae3","0x0051eb2c"
"0x0051e3c0","0x0051eb34","0x0051eb7a"
"0x0051e3c0","0x0051eb7d","0x0051ed2b"
"0x0051ed90","0x0051ed90","0x0051f21f"
"0x0051f220","0x0051f220","0x0051f2ce"
"0x0051f310","0x0051f310","0x0051f3b7"
"0x0051f3c0","0x0051f3c0","0x0051f489"
"0x0051f490","0x0051f490","0x0051f7d8"
"0x0051f7e0","0x0051f7e0","0x0051f7f3"
"0x0051f7e0","0x0051f7f6","0x0051f882"
"0x0051f890","0x0051f890","0x0051faf6"
"0x0051f890","0x0051fafc","0x0051fb12"
"0x0051f890","0x0051fb18","0x0051fd1c"
"0x0051fd20","0x0051fd20","0x0051fd55"
"0x0051fd60","0x0051fd60","0x0051fd71"
"0x0051fd80","0x0051fd80","0x0051fea2"
"0x0051feb0","0x0051feb0","0x005204b6"
"0x005204c0","0x005204c0","0x005205cb"
"0x005205d0","0x005205d0","0x00520c6a"
"0x00520c80","0x00520c80","0x00520fa5"
"0x00520fb0","0x00520fb0","0x0052105e"
"0x00521060","0x00521060","0x00521462"
"0x00521060","0x00521468","0x00521ba5"
"0x00521bc0","0x00521bc0","0x00521d82"
"0x00521bc0","0x00521d88","0x005223be"
"0x005223e0","0x005223e0","0x00522e0b"
"0x00522e20","0x00522e20","0x00523436"
"0x00523440","0x00523440","0x00523a4a"
"0x00523440","0x00523a50","0x005240b4"
"0x005240d0","0x005240d0","0x00524c0c"
"0x00524c10","0x00524c10","0x005257da"
"0x005257f0","0x005257f0","0x0052659d"
"0x005265a0","0x005265a0","0x00526a6c"
"0x00526a90","0x00526a90","0x005277d1"
"0x005277f0","0x005277f0","0x00527ef0"
"0x00527f00","0x00527f00","0x005284d8"
"0x005284f0","0x005284f0","0x00528662"
"0x005284f0","0x00528668","0x00528a3a"
"0x00528a50","0x00528a50","0x00528fb3"
"0x00528fc0","0x00528fc0","0x005290eb"
"0x00528fc0","0x005290f1","0x0052940f"
"0x00529430","0x00529430","0x005296c6"
"0x00529430","0x005296c9","0x00529b1d"
"0x00529b40","0x00529b40","0x00529e78"
"0x00529e80","0x00529e80","0x0052a240"
"0x00529e80","0x0052a248","0x0052a68c"
"0x0052a700","0x0052a700","0x0052a891"
"0x0052a8a0","0x0052a8a0","0x0052b468"
"0x0052b480","0x0052b480","0x0052b8db"
"0x0052b8e0","0x0052b8e0","0x0052ba42"
"0x0052b8e0","0x0052ba48","0x0052c011"
"0x0052c030","0x0052c030","0x0052c187"
"0x0052c190","0x0052c190","0x0052c1a2"
"0x0052c1b0","0x0052c1b0","0x0052c1d1"
"0x0052c1e0","0x0052c1e0","0x0052c1ec"
"0x0052c1f0","0x0052c1f0","0x0052c208"
"0x0052c210","0x0052c210","0x0052c21c"
"0x0052c220","0x0052c220","0x0052c23e"
"0x0052c240","0x0052c240","0x0052c27d"
"0x0052c280","0x0052c280","0x0052c293"
"0x0052c2a0","0x0052c2a0","0x0052c2b3"
"0x0052c2c0","0x0052c2c0","0x0052c2d0"
"0x0052c2e0","0x0052c2e0","0x0052c2f3"
"0x0052c300","0x0052c300","0x0052c312"
"0x0052c320","0x0052c320","0x0052c3d7"
"0x0052c3e0","0x0052c3e0","0x0052c3f3"
"0x0052c400","0x0052c400","0x0052c41a"
"0x0052c420","0x0052c420","0x0052c439"
"0x0052c440","0x0052c440","0x0052c4e5"
"0x0052c4f0","0x0052c4f0","0x0052c63a"
"0x0052c640","0x0052c640","0x0052c6f7"
"0x0052c700","0x0052c700","0x0052c729"
"0x0052c730","0x0052c730","0x0052c746"
"0x0052c750","0x0052c750","0x0052c7a0"
"0x0052c7b0","0x0052c7b0","0x0052c863"
"0x0052c870","0x0052c870","0x0052c9b3"
"0x0052c9c0","0x0052c9c0","0x0052c9e9"
"0x0052c9f0","0x0052c9f0","0x0052ca23"
"0x0052ca30","0x0052ca30","0x0052ca66"
"0x0052ca70","0x0052ca70","0x0052cb23"
"0x0052cb30","0x0052cb30","0x0052cbcd"
"0x0052cbd0","0x0052cbd0","0x0052cbe9"
"0x0052cbf0","0x0052cbf0","0x0052cc2c"
"0x0052cc30","0x0052cc30","0x0052cc8e"
"0x0052cc90","0x0052cc90","0x0052cccc"
"0x0052ccd0","0x0052ccd0","0x0052cd0e"
"0x0052cd10","0x0052cd10","0x0052cd4e"
"0x0052cd50","0x0052cd50","0x0052cd74"
"0x0052cd80","0x0052cd80","0x0052cd95"
"0x0052cda0","0x0052cda0","0x0052cdc6"
"0x0052cdd0","0x0052cdd0","0x0052cde8"
"0x0052cdf0","0x0052cdf0","0x0052ce2a"
"0x0052ce30","0x0052ce30","0x0052ce48"
"0x0052ce50","0x0052ce50","0x0052ce76"
"0x0052ce80","0x0052ce80","0x0052cea6"
"0x0052ceb0","0x0052ceb0","0x0052cec5"
"0x0052ced0","0x0052ced0","0x0052cf0c"
"0x0052cf10","0x0052cf10","0x0052cf36"
"0x0052cf40","0x0052cf40","0x0052cf6e"
"0x0052cf70","0x0052cf70","0x0052cf7f"
"0x0052cf80","0x0052cf80","0x0052cfd2"
"0x0052cfe0","0x0052cfe0","0x0052d039"
"0x0052d040","0x0052d040","0x0052d06a"
"0x0052d070","0x0052d070","0x0052d09c"
"0x0052d0a0","0x0052d0a0","0x0052d0cc"
"0x0052d0d0","0x0052d0d0","0x0052d135"
"0x0052d140","0x0052d140","0x0052d1a5"
"0x0052d1b0","0x0052d1b0","0x0052d1fa"
"0x0052d200","0x0052d200","0x0052d242"
"0x0052d250","0x0052d250","0x0052d264"
"0x0052d270","0x0052d270","0x0052d3c6"
"0x0052d3d0","0x0052d3d0","0x0052d3e0"
"0x0052d3f0","0x0052d3f0","0x0052d44e"
"0x0052d450","0x0052d450","0x0052d4b3"
"0x0052d4c0","0x0052d4c0","0x0052d4d8"
"0x0052d4e0","0x0052d4e0","0x0052d539"
"0x0052d540","0x0052d540","0x0052d599"
"0x0052d5a0","0x0052d5a0","0x0052d5bd"
"0x0052d5c0","0x0052d5c0","0x0052d68f"
"0x0052d690","0x0052d690","0x0052d6d2"
"0x0052d6e0","0x0052d6e0","0x0052d7c3"
"0x0052d7d0","0x0052d7d0","0x0052d8b5"
"0x0052d8c0","0x0052d8c0","0x0052d900"
"0x0052d910","0x0052d910","0x0052d937"
"0x0052d940","0x0052d940","0x0052d96d"
"0x0052d970","0x0052d970","0x0052d98c"
"0x0052d990","0x0052d990","0x0052d9b0"
"0x0052d9c0","0x0052d9c0","0x0052d9e0"
"0x0052d9f0","0x0052d9f0","0x0052da10"
"0x0052da20","0x0052da20","0x0052da6f"
"0x0052da70","0x0052da70","0x0052db2d"
"0x0052db40","0x0052db40","0x0052db6f"
"0x0052db70","0x0052db70","0x0052db83"
"0x0052db90","0x0052db90","0x0052dbfd"
"0x0052dc00","0x0052dc00","0x0052dc8c"
"0x0052dca0","0x0052dca0","0x0052dcd0"
"0x0052dce0","0x0052dce0","0x0052dcf8"
"0x0052dd00","0x0052dd00","0x0052dd23"
"0x0052dd30","0x0052dd30","0x0052dd42"
"0x0052dd50","0x0052dd50","0x0052dd6c"
"0x0052dd70","0x0052dd70","0x0052dd8c"
"0x0052dd90","0x0052dd90","0x0052dda5"
"0x0052ddb0","0x0052ddb0","0x0052ddcc"
"0x0052ddd0","0x0052ddd0","0x0052dde5"
"0x0052ddf0","0x0052ddf0","0x0052de14"
"0x0052de20","0x0052de20","0x0052de38"
"0x0052de40","0x0052de40","0x0052de58"
"0x0052de60","0x0052de60","0x0052de87"
"0x0052de90","0x0052de90","0x0052deae"
"0x0052deb0","0x0052deb0","0x0052decb"
"0x0052ded0","0x0052ded0","0x0052defd"
"0x0052df00","0x0052df00","0x0052df24"
"0x0052df30","0x0052df30","0x0052e163"
"0x0052e170","0x0052e170","0x0052e20c"
"0x0052e210","0x0052e210","0x0052e4b0"
"0x0052e210","0x0052e4b6","0x0052e4cc"
"0x0052e210","0x0052e4d2","0x0052e72b"
"0x0052e730","0x0052e730","0x0052e76d"
"0x0052e770","0x0052e770","0x0052e797"
"0x0052e7a0","0x0052e7a0","0x0052e7ce"
"0x0052e7d0","0x0052e7d0","0x0052e7fe"
"0x0052e800","0x0052e800","0x0052e825"
"0x0052e830","0x0052e830","0x0052e85a"
"0x0052e860","0x0052e860","0x0052eb28"
"0x0052eb30","0x0052eb30","0x0052eb5d"
"0x0052eb60","0x0052eb60","0x0052eb75"
"0x0052eb80","0x0052eb80","0x0052eb95"
"0x0052eba0","0x0052eba0","0x0052ebb5"
"0x0052ebc0","0x0052ebc0","0x0052ec27"
"0x0052ec30","0x0052ec30","0x0052ec97"
"0x0052eca0","0x0052eca0","0x0052ecb5"
"0x0052ecc0","0x0052ecc0","0x0052ecd5"
"0x0052ece0","0x0052ece0","0x0052ecfa"
"0x0052ed00","0x0052ed00","0x0052ede6"
"0x0052edf0","0x0052edf0","0x0052ee09"
"0x0052ee10","0x0052ee10","0x0052ee45"
"0x0052ee50","0x0052ee50","0x0052ee5f"
"0x0052ee60","0x0052ee60","0x0052ee6f"
"0x0052ee70","0x0052ee70","0x0052eeb3"
"0x0052eec0","0x0052eec0","0x0052ef02"
"0x0052ef10","0x0052ef10","0x0052ef60"
"0x0052ef70","0x0052ef70","0x0052efa5"
"0x0052efb0","0x0052efb0","0x0052efd1"
"0x0052efe0","0x0052efe0","0x0052f022"
"0x0052f030","0x0052f030","0x0052f03c"
"0x0052f040","0x0052f040","0x0052f055"
"0x0052f060","0x0052f060","0x0052f0c9"
"0x0052f0d0","0x0052f0d0","0x0052f0fd"
"0x0052f100","0x0052f100","0x0052f181"
"0x0052f190","0x0052f190","0x0052f40e"
"0x0052f420","0x0052f420","0x0052f49a"
"0x0052f4a0","0x0052f4a0","0x0052f4b2"
"0x0052f4c0","0x0052f4c0","0x0052f4d2"
"0x0052f4e0","0x0052f4e0","0x0052f537"
"0x0052f540","0x0052f540","0x0052f585"
"0x0052f590","0x0052f590","0x0052f5a3"
"0x0052f5b0","0x0052f5b0","0x0052f668"
"0x0052f670","0x0052f670","0x0052f730"
"0x0052f740","0x0052f740","0x0052f7c0"
"0x0052f7d0","0x0052f7d0","0x0052f7f1"
"0x0052f800","0x0052f800","0x0052f839"
"0x0052f840","0x0052f840","0x0052f8d6"
"0x0052f8e0","0x0052f8e0","0x0052f8f4"
"0x0052f900","0x0052f900","0x0052f97b"
"0x0052f900","0x0052f97e","0x0052f9a4"
"0x0052f9b0","0x0052f9b0","0x0052fa3a"
"0x0052fa40","0x0052fa40","0x0052fac6"
"0x0052fad0","0x0052fad0","0x0052fb32"
"0x0052fb40","0x0052fb40","0x0052fb5e"
"0x0052fb60","0x0052fb60","0x0052fb71"
"0x0052fb80","0x0052fb80","0x0052fbb2"
"0x0052fbc0","0x0052fbc0","0x0052fbcc"
"0x0052fbd0","0x0052fbd0","0x0052fc7d"
"0x0052fc80","0x0052fc80","0x0052fd05"
"0x0052fd10","0x0052fd10","0x0052fd64"
"0x0052fd70","0x0052fd70","0x0052fd9d"
"0x0052fd70","0x0052fda0","0x0052fe75"
"0x0052fe80","0x0052fe80","0x0052fed6"
"0x0052fee0","0x0052fee0","0x0052ff65"
"0x0052ff70","0x0052ff70","0x0052ffc4"
"0x0052ffd0","0x0052ffd0","0x00530000"
"0x00530010","0x00530010","0x005301b4"
"0x005301c0","0x005301c0","0x0053022c"
"0x005301c0","0x00530232","0x00530272"
"0x005301c0","0x00530278","0x005302b9"
"0x005301c0","0x005302bc","0x005302fa"
"0x005301c0","0x005302fd","0x0053033f"
"0x00530350","0x00530350","0x00530368"
"0x00530370","0x00530370","0x005303dc"
"0x00530370","0x005303e2","0x00530422"
"0x00530370","0x00530428","0x00530469"
"0x00530370","0x0053046c","0x005304aa"
"0x00530370","0x005304ad","0x005304ef"
"0x00530500","0x00530500","0x00530511"
"0x00530520","0x00530520","0x00530535"
"0x00530540","0x00530540","0x00530551"
"0x00530560","0x00530560","0x00530577"
"0x00530580","0x00530580","0x00530591"
"0x005305a0","0x005305a0","0x005305b1"
"0x005305c0","0x005305c0","0x005305e6"
"0x005305f0","0x005305f0","0x00530604"
"0x00530610","0x00530610","0x00530696"
"0x005306a0","0x005306a0","0x005306d4"
"0x005306e0","0x005306e0","0x005306ff"
"0x00530700","0x00530700","0x0053074d"
"0x00530750","0x00530750","0x005307db"
"0x005307e0","0x005307e0","0x00530817"
"0x005307e0","0x0053081d","0x005309cc"
"0x005309d0","0x005309d0","0x005309f4"
"0x00530a00","0x00530a00","0x00530abc"
"0x00530ac0","0x00530ac0","0x00530ad7"
"0x00530ae0","0x00530ae0","0x00530af4"
"0x00530b00","0x00530b00","0x00530b86"
"0x00530b90","0x00530b90","0x00530bc4"
"0x00530bd0","0x00530bd0","0x00530c8c"
"0x00530c90","0x00530c90","0x00530ca4"
"0x00530cb0","0x00530cb0","0x00530d36"
"0x00530d40","0x00530d40","0x00530d5e"
"0x00530d60","0x00530d60","0x00530de5"
"0x00530df0","0x00530df0","0x00530e75"
"0x00530e80","0x00530e80","0x00531024"
"0x00531030","0x00531030","0x00531044"
"0x00531050","0x00531050","0x00531063"
"0x00531070","0x00531070","0x005310f6"
"0x00531100","0x00531100","0x00531140"
"0x00531150","0x00531150","0x005311d8"
"0x005311e0","0x005311e0","0x005311fd"
"0x00531200","0x00531200","0x0053125d"
"0x00531260","0x00531260","0x005312a4"
"0x005312b0","0x005312b0","0x005312c9"
"0x005312d0","0x005312d0","0x0053137c"
"0x005312d0","0x0053137f","0x005313f8"
"0x00531400","0x00531400","0x00531456"
"0x00531460","0x00531460","0x0053154b"
"0x00531550","0x00531550","0x00531572"
"0x00531580","0x00531580","0x00531594"
"0x005315a0","0x005315a0","0x005315b3"
"0x005315c0","0x005315c0","0x0053164c"
"0x00531650","0x00531650","0x005316b1"
"0x005316c0","0x005316c0","0x00531759"
"0x00531760","0x00531760","0x005317f4"
"0x00531800","0x00531800","0x0053184f"
"0x00531850","0x00531850","0x00531892"
"0x00531850","0x00531898","0x005319ea"
"0x005319f0","0x005319f0","0x00531a46"
"0x00531a50","0x00531a50","0x00531bae"
"0x00531bb0","0x00531bb0","0x00531bc0"
"0x00531bd0","0x00531bd0","0x00531beb"
"0x00531bf0","0x00531bf0","0x00531c04"
"0x00531c10","0x00531c10","0x00531c23"
"0x00531c30","0x00531c30","0x00531cbc"
"0x00531cc0","0x00531cc0","0x00531d24"
"0x00531d30","0x00531d30","0x00531dd2"
"0x00531de0","0x00531de0","0x00531e77"
"0x00531e80","0x00531e80","0x00531ec2"
"0x00531e80","0x00531ec8","0x00532022"
"0x00532030","0x00532030","0x00532191"
"0x005321a0","0x005321a0","0x005321b2"
"0x005321c0","0x005321c0","0x005321d4"
"0x005321e0","0x005321e0","0x00532266"
"0x00532270","0x00532270","0x005322b0"
"0x005322c0","0x005322c0","0x0053230f"
"0x00532310","0x00532310","0x00532324"
"0x00532330","0x00532330","0x005323b6"
"0x005323c0","0x005323c0","0x005323de"
"0x005323e0","0x005323e0","0x00532436"
"0x00532440","0x00532440","0x00532457"
"0x00532460","0x00532460","0x00532474"
"0x00532480","0x00532480","0x00532506"
"0x00532510","0x00532510","0x0053252e"
"0x00532530","0x00532530","0x00532554"
"0x00532560","0x00532560","0x00532574"
"0x00532580","0x00532580","0x00532606"
"0x00532610","0x00532610","0x0053262e"
"0x00532630","0x00532630","0x00532644"
"0x00532650","0x00532650","0x005326d6"
"0x005326e0","0x005326e0","0x005326fe"
"0x00532700","0x00532700","0x00532714"
"0x00532720","0x00532720","0x00532733"
"0x00532740","0x00532740","0x005327a0"
"0x005327b0","0x005327b0","0x00532836"
"0x00532840","0x00532840","0x0053284f"
"0x00532850","0x00532850","0x00532870"
"0x00532880","0x00532880","0x0053294f"
"0x00532950","0x00532950","0x00532963"
"0x00532970","0x00532970","0x00532a81"
"0x00532a90","0x00532a90","0x00532aaf"
"0x00532ab0","0x00532ab0","0x00532add"
"0x00532ae0","0x00532ae0","0x00532b10"
"0x00532b20","0x00532b20","0x00532c51"
"0x00532b20","0x00532c57","0x00532f19"
"0x00532f20","0x00532f20","0x00532f33"
"0x00532f40","0x00532f40","0x00532fa6"
"0x00532fb0","0x00532fb0","0x0053309c"
"0x005330a0","0x005330a0","0x00533178"
"0x00533180","0x00533180","0x005331d9"
"0x005331e0","0x005331e0","0x005332a5"
"0x005332b0","0x005332b0","0x005333ab"
"0x005333b0","0x005333b0","0x005336f1"
"0x00533700","0x00533700","0x00533713"
"0x00533720","0x00533720","0x00533779"
"0x00533780","0x00533780","0x00533915"
"0x00533920","0x00533920","0x0053396a"
"0x00533970","0x00533970","0x00533c91"
"0x00533970","0x00533c97","0x00534063"
"0x00534070","0x00534070","0x0053407c"
"0x00534080","0x00534080","0x00534105"
"0x00534110","0x00534110","0x0053412a"
"0x00534130","0x00534130","0x00534163"
"0x00534130","0x00534166","0x0053417c"
"0x00534180","0x00534180","0x00534205"
"0x00534210","0x00534210","0x00534243"
"0x00534210","0x00534246","0x0053425c"
"0x00534260","0x00534260","0x005342a9"
"0x005342b0","0x005342b0","0x005342f8"
"0x00534300","0x00534300","0x00534319"
"0x00534320","0x00534320","0x0053438e"
"0x00534390","0x00534390","0x005343a4"
"0x005343b0","0x005343b0","0x0053441e"
"0x00534420","0x00534420","0x005344a2"
"0x005344b0","0x005344b0","0x005344c5"
"0x005344d0","0x005344d0","0x005345a2"
"0x005345b0","0x005345b0","0x005345c5"
"0x005345d0","0x005345d0","0x005345ff"
"0x00534600","0x00534600","0x005346d2"
"0x005346e0","0x005346e0","0x005346f5"
"0x00534700","0x00534700","0x0053472c"
"0x00534730","0x00534730","0x00534792"
"0x005347b0","0x005347b0","0x005347c5"
"0x005347d0","0x005347d0","0x005348a2"
"0x005348b0","0x005348b0","0x005348c5"
"0x005348d0","0x005348d0","0x00534aa2"
"0x00534ab0","0x00534ab0","0x00534cf4"
"0x00534d00","0x00534d00","0x00534dc8"
"0x00534dd0","0x00534dd0","0x00534df8"
"0x00534dd0","0x00534dfb","0x00534e21"
"0x00534e30","0x00534e30","0x00534e43"
"0x00534e50","0x00534e50","0x00534ed6"
"0x00534ee0","0x00534ee0","0x00534f0a"
"0x00534f10","0x00534f10","0x00534f9c"
"0x00534fa0","0x00534fa0","0x00534fc0"
"0x00534fd0","0x00534fd0","0x005350ab"
"0x005350b0","0x005350b0","0x0053512e"
"0x00535130","0x00535130","0x005351c8"
"0x005351d0","0x005351d0","0x005351e9"
"0x005351f0","0x005351f0","0x00535251"
"0x00535260","0x00535260","0x0053528a"
"0x00535260","0x0053528d","0x00535304"
"0x00535310","0x00535310","0x0053534b"
"0x00535350","0x00535350","0x00535369"
"0x00535370","0x00535370","0x005353d1"
"0x005353e0","0x005353e0","0x00535672"
"0x00535680","0x00535680","0x00535733"
"0x00535740","0x00535740","0x00535760"
"0x00535770","0x00535770","0x00535797"
"0x005357a0","0x005357a0","0x005357be"
"0x005357c0","0x005357c0","0x005357e5"
"0x005357f0","0x005357f0","0x00535804"
"0x00535810","0x00535810","0x00535844"
"0x00535850","0x00535850","0x005358b5"
"0x005358c0","0x005358c0","0x005358f4"
"0x00535900","0x00535900","0x00535965"
"0x00535970","0x00535970","0x005359a4"
"0x005359b0","0x005359b0","0x00535a15"
"0x00535a20","0x00535a20","0x00535a79"
"0x00535a80","0x00535a80","0x00535ad9"
"0x00535ae0","0x00535ae0","0x00535b39"
"0x00535b40","0x00535b40","0x00535bc6"
"0x00535bd0","0x00535bd0","0x00535be0"
"0x00535bf0","0x00535bf0","0x00535c00"
"0x00535c10","0x00535c10","0x00535c4e"
"0x00535c50","0x00535c50","0x00535c9a"
"0x00535ca0","0x00535ca0","0x00535cf3"
"0x00535d00","0x00535d00","0x00535e16"
"0x00535e20","0x00535e20","0x00535f6b"
"0x00535f70","0x00535f70","0x00535fe6"
"0x00535ff0","0x00535ff0","0x0053607b"
"0x00536080","0x00536080","0x00536118"
"0x00536120","0x00536120","0x005361e6"
"0x005361f0","0x005361f0","0x00536209"
"0x00536210","0x00536210","0x00536271"
"0x00536280","0x00536280","0x005362ba"
"0x00536280","0x005362c0","0x00536555"
"0x00536560","0x00536560","0x00536578"
"0x00536580","0x00536580","0x00536599"
"0x005365a0","0x005365a0","0x00536601"
"0x00536610","0x00536610","0x00536810"
"0x00536820","0x00536820","0x00536842"
"0x00536850","0x00536850","0x0053687e"
"0x00536880","0x00536880","0x005368ae"
"0x005368b0","0x005368b0","0x005368de"
"0x005368e0","0x005368e0","0x00536908"
"0x00536910","0x00536910","0x00536938"
"0x00536940","0x00536940","0x005369a7"
"0x005369b0","0x005369b0","0x00536a17"
"0x00536a20","0x00536a20","0x00536a87"
"0x00536a90","0x00536a90","0x00536a9f"
"0x00536aa0","0x00536aa0","0x00536aaf"
"0x00536ab0","0x00536ab0","0x00536abf"
"0x00536ac0","0x00536ac0","0x00536d4b"
"0x00536d50","0x00536d50","0x00536d64"
"0x00536d70","0x00536d70","0x00536da4"
"0x00536db0","0x00536db0","0x00536e15"
"0x00536e20","0x00536e20","0x00536e54"
"0x00536e60","0x00536e60","0x00536ec5"
"0x00536ed0","0x00536ed0","0x00536f04"
"0x00536f10","0x00536f10","0x00536f75"
"0x00536f80","0x00536f80","0x00536fd9"
"0x00536fe0","0x00536fe0","0x00537039"
"0x00537040","0x00537040","0x00537099"
"0x005370a0","0x005370a0","0x00537126"
"0x00537130","0x00537130","0x0053716e"
"0x00537170","0x00537170","0x00537190"
"0x005371a0","0x005371a0","0x005372b6"
"0x005372c0","0x005372c0","0x0053740b"
"0x00537410","0x00537410","0x00537486"
"0x00537490","0x00537490","0x00537524"
"0x00537530","0x00537530","0x005375c8"
"0x005375d0","0x005375d0","0x00537696"
"0x005376a0","0x005376a0","0x005376b9"
"0x005376c0","0x005376c0","0x00537721"
"0x00537730","0x00537730","0x0053776a"
"0x00537730","0x00537770","0x00537a05"
"0x00537a10","0x00537a10","0x00537a29"
"0x00537a30","0x00537a30","0x00537a91"
"0x00537aa0","0x00537aa0","0x00537ca0"
"0x00537cb0","0x00537cb0","0x00537cde"
"0x00537ce0","0x00537ce0","0x00537d0e"
"0x00537d10","0x00537d10","0x00537d3e"
"0x00537d40","0x00537d40","0x00537da7"
"0x00537db0","0x00537db0","0x00537e17"
"0x00537e20","0x00537e20","0x00537e87"
"0x00537e90","0x00537e90","0x00537e9f"
"0x00537ea0","0x00537ea0","0x00537eaf"
"0x00537eb0","0x00537eb0","0x00537ebf"
"0x00537ec0","0x00537ec0","0x0053815e"
"0x00538160","0x00538160","0x005381a5"
"0x005381b0","0x005381b0","0x005381c4"
"0x005381d0","0x005381d0","0x00538256"
"0x00538260","0x00538260","0x0053828a"
"0x00538290","0x00538290","0x0053836b"
"0x00538370","0x00538370","0x005383ee"
"0x005383f0","0x005383f0","0x00538488"
"0x00538490","0x00538490","0x005384f1"
"0x00538500","0x00538500","0x0053852a"
"0x00538500","0x0053852d","0x005385a4"
"0x005385b0","0x005385b0","0x00538611"
"0x00538620","0x00538620","0x005388b2"
"0x005388c0","0x005388c0","0x00538973"
"0x00538980","0x00538980","0x005389a0"
"0x005389b0","0x005389b0","0x005389c4"
"0x005389d0","0x005389d0","0x00538a1f"
"0x00538a30","0x00538a30","0x00538a43"
"0x00538a50","0x00538a50","0x00538a7d"
"0x00538a80","0x00538a80","0x00538aad"
"0x00538ab0","0x00538ab0","0x00538ae4"
"0x00538af0","0x00538af0","0x00538be7"
"0x00538bf0","0x00538bf0","0x00538c1a"
"0x00538c20","0x00538c20","0x00538c46"
"0x00538c50","0x00538c50","0x00538da9"
"0x00538db0","0x00538db0","0x00538e07"
"0x00538e10","0x00538e10","0x00538f07"
"0x00538f10","0x00538f10","0x00538f42"
"0x00538f50","0x00538f50","0x00538f65"
"0x00538f70","0x00538f70","0x00538f85"
"0x00538f90","0x00538f90","0x00538ff9"
"0x00539000","0x00539000","0x00539032"
"0x00539040","0x00539040","0x00539056"
"0x00539060","0x00539060","0x0053917b"
"0x00539180","0x00539180","0x005391e6"
"0x005391f0","0x005391f0","0x005394b1"
"0x005394c0","0x005394c0","0x0053954d"
"0x00539550","0x00539550","0x0053995b"
"0x00539960","0x00539960","0x00539993"
"0x005399a0","0x005399a0","0x005399cc"
"0x005399d0","0x005399d0","0x00539a0f"
"0x00539a10","0x00539a10","0x00539aa8"
"0x00539ab0","0x00539ab0","0x00539b1b"
"0x00539b20","0x00539b20","0x00539b80"
"0x00539b90","0x00539b90","0x00539c7a"
"0x00539c80","0x00539c80","0x00539cc2"
"0x00539cd0","0x00539cd0","0x00539ceb"
"0x00539cf0","0x00539cf0","0x00539d4e"
"0x00539d60","0x00539d60","0x00539d9d"
"0x00539db0","0x00539db0","0x00539e52"
"0x00539e60","0x00539e60","0x00539ec0"
"0x00539ed0","0x00539ed0","0x00539f33"
"0x00539ed0","0x00539f39","0x00539f64"
"0x00539ed0","0x00539f6a","0x00539f8d"
"0x00539ed0","0x00539f93","0x0053a027"
"0x00539ed0","0x0053a02d","0x0053a05a"
"0x00539ed0","0x0053a060","0x0053a0a0"
"0x00539ed0","0x0053a0a3","0x0053a0c8"
"0x00539ed0","0x0053a0cb","0x0053a16c"
"0x0053a170","0x0053a170","0x0053a206"
"0x0053a210","0x0053a210","0x0053a24e"
"0x0053a210","0x0053a254","0x0053a34e"
"0x0053a350","0x0053a350","0x0053a3b4"
"0x0053a3c0","0x0053a3c0","0x0053a3fe"
"0x0053a3c0","0x0053a404","0x0053a45d"
"0x0053a3c0","0x0053a463","0x0053a4aa"
"0x0053a3c0","0x0053a4b0","0x0053a4dd"
"0x0053a3c0","0x0053a4e3","0x0053a613"
"0x0053a620","0x0053a620","0x0053a645"
"0x0053a620","0x0053a648","0x0053a64f"
"0x0053a650","0x0053a650","0x0053a674"
"0x0053a680","0x0053a680","0x0053a6e6"
"0x0053a6f0","0x0053a6f0","0x0053a820"
"0x0053a830","0x0053a830","0x0053a86d"
"0x0053a870","0x0053a870","0x0053a8a7"
"0x0053a8b0","0x0053a8b0","0x0053a8f0"
"0x0053a900","0x0053a900","0x0053a912"
"0x0053a920","0x0053a920","0x0053a939"
"0x0053a940","0x0053a940","0x0053a959"
"0x0053a960","0x0053a960","0x0053a9a0"
"0x0053a9b0","0x0053a9b0","0x0053a9f6"
"0x0053aa00","0x0053aa00","0x0053aa46"
"0x0053aa50","0x0053aa50","0x0053aaab"
"0x0053aab0","0x0053aab0","0x0053aad7"
"0x0053aae0","0x0053aae0","0x0053abd2"
"0x0053abe0","0x0053abe0","0x0053acda"
"0x0053ace0","0x0053ace0","0x0053ae27"
"0x0053ae30","0x0053ae30","0x0053af7a"
"0x0053af80","0x0053af80","0x0053b047"
"0x0053b050","0x0053b050","0x0053b0ea"
"0x0053b0f0","0x0053b0f0","0x0053b18a"
"0x0053b190","0x0053b190","0x0053b1dd"
"0x0053b1e0","0x0053b1e0","0x0053b22d"
"0x0053b230","0x0053b230","0x0053b27d"
"0x0053b280","0x0053b280","0x0053b291"
"0x0053b2a0","0x0053b2a0","0x0053b2e0"
"0x0053b2f0","0x0053b2f0","0x0053b301"
"0x0053b310","0x0053b310","0x0053b350"
"0x0053b360","0x0053b360","0x0053b37e"
"0x0053b380","0x0053b380","0x0053b3cd"
"0x0053b3d0","0x0053b3d0","0x0053b408"
"0x0053b410","0x0053b410","0x0053b452"
"0x0053b460","0x0053b460","0x0053b46c"
"0x0053b470","0x0053b470","0x0053b47c"
"0x0053b480","0x0053b480","0x0053b490"
"0x0053b4a0","0x0053b4a0","0x0053b4cb"
"0x0053b4d0","0x0053b4d0","0x0053b520"
"0x0053b530","0x0053b530","0x0053b552"
"0x0053b560","0x0053b560","0x0053b580"
"0x0053b590","0x0053b590","0x0053b5b2"
"0x0053b5c0","0x0053b5c0","0x0053b65e"
"0x0053b5c0","0x0053b664","0x0053b697"
"0x0053b5c0","0x0053b69d","0x0053b6c2"
"0x0053b5c0","0x0053b6c8","0x0053b7a6"
"0x0053b5c0","0x0053b7ac","0x0053b7d4"
"0x0053b5c0","0x0053b7da","0x0053b7ed"
"0x0053b5c0","0x0053b7f3","0x0053b851"
"0x0053b5c0","0x0053b857","0x0053ba26"
"0x0053b5c0","0x0053ba2c","0x0053ba77"
"0x0053b5c0","0x0053ba7a","0x0053bc25"
"0x0053b5c0","0x0053bc2b","0x0053bc68"
"0x0053b5c0","0x0053bc6e","0x0053bc9f"
"0x0053b5c0","0x0053bca5","0x0053bcd6"
"0x0053b5c0","0x0053bcdc","0x0053bd5f"
"0x0053b5c0","0x0053bd6a","0x0053bde7"
"0x0053b5c0","0x0053bdf2","0x0053be70"
"0x0053b5c0","0x0053be7b","0x0053bef9"
"0x0053b5c0","0x0053bf04","0x0053bf82"
"0x0053b5c0","0x0053bf8d","0x0053c010"
"0x0053b5c0","0x0053c01b","0x0053c0a4"
"0x0053b5c0","0x0053c0af","0x0053c138"
"0x0053b5c0","0x0053c143","0x0053c1cc"
"0x0053b5c0","0x0053c1d7","0x0053c27b"
"0x0053b5c0","0x0053c286","0x0053c32a"
"0x0053b5c0","0x0053c335","0x0053c3d9"
"0x0053b5c0","0x0053c3e4","0x0053c488"
"0x0053b5c0","0x0053c493","0x0053c537"
"0x0053b5c0","0x0053c542","0x0053c5e6"
"0x0053b5c0","0x0053c5f1","0x0053c66b"
"0x0053b5c0","0x0053c676","0x0053c721"
"0x0053b5c0","0x0053c72c","0x0053c7d7"
"0x0053b5c0","0x0053c7e2","0x0053c889"
"0x0053b5c0","0x0053c894","0x0053c93b"
"0x0053b5c0","0x0053c946","0x0053c9ed"
"0x0053b5c0","0x0053c9f8","0x0053ca9f"
"0x0053b5c0","0x0053caaa","0x0053cb30"
"0x0053b5c0","0x0053cb3b","0x0053cbe3"
"0x0053b5c0","0x0053cbee","0x0053cc96"
"0x0053b5c0","0x0053cca1","0x0053cd27"
"0x0053b5c0","0x0053cd32","0x0053cdb8"
"0x0053b5c0","0x0053cdc3","0x0053ce49"
"0x0053b5c0","0x0053ce54","0x0053cea5"
"0x0053b5c0","0x0053ceb0","0x0053cf0a"
"0x0053b5c0","0x0053cf15","0x0053cf6d"
"0x0053b5c0","0x0053cf78","0x0053cfd7"
"0x0053b5c0","0x0053cfdd","0x0053d03c"
"0x0053b5c0","0x0053d042","0x0053d0a1"
"0x0053b5c0","0x0053d0a7","0x0053df32"
"0x0053b5c0","0x0053df35","0x0053df39"
"0x0053b5c0","0x0053df3f","0x0053e125"
"0x0053e2b0","0x0053e2b0","0x0053e388"
"0x0053e390","0x0053e390","0x0053e445"
"0x0053e450","0x0053e450","0x0053e4a3"
"0x0053e4b0","0x0053e4b0","0x0053e555"
"0x0053e560","0x0053e560","0x0053e5b1"
"0x0053e5c0","0x0053e5c0","0x0053e5f9"
"0x0053e600","0x0053e600","0x0053e628"
"0x0053e630","0x0053e630","0x0053e695"
"0x0053e6a0","0x0053e6a0","0x0053e717"
"0x0053e720","0x0053e720","0x0053e77d"
"0x0053e720","0x0053e780","0x0053e7b3"
"0x0053e7c0","0x0053e7c0","0x0053e815"
"0x0053e7c0","0x0053e818","0x0053e84b"
"0x0053e850","0x0053e850","0x0053e8a3"
"0x0053e850","0x0053e8a6","0x0053e8d7"
"0x0053e8e0","0x0053e8e0","0x0053e915"
"0x0053e920","0x0053e920","0x0053e967"
"0x0053e970","0x0053e970","0x0053e9e0"
"0x0053e970","0x0053e9e6","0x0053ea44"
"0x0053e970","0x0053ea47","0x0053ea72"
"0x0053e970","0x0053ea75","0x0053ea8e"
"0x0053ea90","0x0053ea90","0x0053eae5"
"0x0053ea90","0x0053eae8","0x0053eb31"
"0x0053ea90","0x0053eb34","0x0053eb58"
"0x0053ea90","0x0053eb5b","0x0053eb63"
"0x0053eb70","0x0053eb70","0x0053ebe0"
"0x0053eb70","0x0053ebe3","0x0053ec2a"
"0x0053eb70","0x0053ec2d","0x0053ec58"
"0x0053eb70","0x0053ec5b","0x0053ec74"
"0x0053ec80","0x0053ec80","0x0053ecd5"
"0x0053ec80","0x0053ecd8","0x0053ed11"
"0x0053ec80","0x0053ed14","0x0053ed38"
"0x0053ec80","0x0053ed3b","0x0053ed43"
"0x0053ed50","0x0053ed50","0x0053eda9"
"0x0053ed50","0x0053edac","0x0053ede2"
"0x0053ed50","0x0053ede5","0x0053ee0e"
"0x0053ed50","0x0053ee11","0x0053ee20"
"0x0053ee30","0x0053ee30","0x0053ee77"
"0x0053ee30","0x0053ee7a","0x0053eea2"
"0x0053ee30","0x0053eea5","0x0053eec7"
"0x0053ee30","0x0053eeca","0x0053eed2"
"0x0053eee0","0x0053eee0","0x0053ef39"
"0x0053eee0","0x0053ef3c","0x0053ef66"
"0x0053eee0","0x0053ef69","0x0053ef92"
"0x0053eee0","0x0053ef95","0x0053efa4"
"0x0053efb0","0x0053efb0","0x0053eff7"
"0x0053efb0","0x0053effa","0x0053f01d"
"0x0053efb0","0x0053f020","0x0053f042"
"0x0053efb0","0x0053f045","0x0053f04d"
"0x0053f050","0x0053f050","0x0053f062"
"0x0053f070","0x0053f070","0x0053f0aa"
"0x0053f0b0","0x0053f0b0","0x0053f1a1"
"0x0053f1b0","0x0053f1b0","0x0053f24b"
"0x0053f260","0x0053f260","0x0053f368"
"0x0053f370","0x0053f370","0x0053f38f"
"0x0053f390","0x0053f390","0x0053f3af"
"0x0053f3b0","0x0053f3b0","0x0053f74a"
"0x0053f750","0x0053f750","0x0053f773"
"0x0053f780","0x0053f780","0x0053f7a8"
"0x0053f7b0","0x0053f7b0","0x0053f808"
"0x0053f810","0x0053f810","0x0053f89b"
"0x0053f8a0","0x0053f8a0","0x0053fa87"
"0x0053fa90","0x0053fa90","0x0053faae"
"0x0053fab0","0x0053fab0","0x0053fafd"
"0x0053fb00","0x0053fb00","0x0053fc96"
"0x0053fca0","0x0053fca0","0x0053fd36"
"0x0053fd40","0x0053fd40","0x0053fda2"
"0x0053fdb0","0x0053fdb0","0x0053fde8"
"0x0053fdf0","0x0053fdf0","0x0053fe50"
"0x0053fe60","0x0053fe60","0x005401cb"
"0x005401d0","0x005401d0","0x005401f7"
"0x00540200","0x00540200","0x00540227"
"0x00540230","0x00540230","0x00540271"
"0x00540280","0x00540280","0x005402c1"
"0x005402d0","0x005402d0","0x005402fb"
"0x00540300","0x00540300","0x00540333"
"0x00540340","0x00540340","0x005403a8"
"0x00540340","0x005403ab","0x005403cf"
"0x005403d0","0x005403d0","0x0054041f"
"0x00540420","0x00540420","0x00540443"
"0x00540450","0x00540450","0x0054050f"
"0x00540510","0x00540510","0x0054052b"
"0x00540530","0x00540530","0x00540548"
"0x00540550","0x00540550","0x00540582"
"0x00540590","0x00540590","0x005405a8"
"0x005405b0","0x005405b0","0x00540659"
"0x0054065a","0x0054065a","0x0054065f"
"0x00540660","0x00540660","0x00540665"
"0x00540666","0x00540666","0x0054066b"
"0x0054066c","0x0054066c","0x00540671"
"0x00540672","0x00540672","0x00540677"
"0x00540678","0x00540678","0x0054067d"
"0x0054067e","0x0054067e","0x00540683"
"0x00540684","0x00540684","0x00540689"
"0x0054068a","0x0054068a","0x0054068f"
"0x00540690","0x00540690","0x00540695"
"0x00540696","0x00540696","0x0054069b"
"0x0054069c","0x0054069c","0x005406a1"
"0x005406a2","0x005406a2","0x005406a7"
"0x005406a8","0x005406a8","0x005406ad"
"0x005406ae","0x005406ae","0x005406b3"
"0x005406b4","0x005406b4","0x005406b9"
"0x005406ba","0x005406ba","0x005406bf"
"0x005406c0","0x005406c0","0x005406c5"
"0x005406c6","0x005406c6","0x005406cb"
"0x005406cc","0x005406cc","0x005406de"
"0x005406df","0x005406df","0x00540751"
"0x00540753","0x00540753","0x005407e5"
"0x005407e6","0x005407e6","0x0054083c"
"0x00540842","0x00540842","0x005408a1"
"0x005408a2","0x005408a2","0x00540911"
"0x00540917","0x00540917","0x00540a09"
"0x00540a0f","0x00540a0f","0x00540a26"
"0x00540a27","0x00540a27","0x00540a2c"
"0x00540a2d","0x00540a2d","0x00540a7b"
"0x00540a7c","0x00540a7c","0x00540a8c"
"0x00540a8d","0x00540a8d","0x00540aae"
"0x00540aaf","0x00540aaf","0x00540bda"
"0x00540bdb","0x00540bdb","0x00540c99"
"0x00540c9f","0x00540c9f","0x00540cee"
"0x00540cef","0x00540cef","0x00540d23"
"0x00540d24","0x00540d24","0x00540d41"
"0x00540d42","0x00540d42","0x00540d5c"
"0x00540d5d","0x00540d5d","0x00540d73"
"0x00540d74","0x00540d74","0x00540d8e"
"0x00540d8f","0x00540d8f","0x00540dad"
"0x00540dae","0x00540dae","0x00540dc8"
"0x00540dc9","0x00540dc9","0x00540de7"
"0x00540de8","0x00540de8","0x00540e02"
"0x00540e03","0x00540e03","0x00540e1d"
"0x00540e1e","0x00540e1e","0x00540e3c"
"0x00540e4e","0x00540e4e","0x00540e7a"
"0x00540e7b","0x00540e7b","0x00540e97"
"0x00540e98","0x00540e98","0x00540eb4"
"0x00540eb5","0x00540eb5","0x00540ed4"
"0x00540ed5","0x00540ed5","0x00540ef4"
"0x00540ef5","0x00540ef5","0x00540f14"
"0x00540f15","0x00540f15","0x00540f34"
"0x00540f3b","0x00540f3b","0x00540f5e"
"0x00540f5f","0x00540f5f","0x00540fd8"
"0x00540fd9","0x00540fd9","0x00540fde"
"0x00540fdf","0x00540fdf","0x00541003"
"0x00541004","0x00541004","0x00541025"
"0x00541026","0x00541026","0x00541044"
"0x00541046","0x00541046","0x00541062"
"0x00541063","0x00541063","0x00541096"
"0x00541097","0x00541097","0x00541149"
"0x0054114a","0x0054114a","0x005411b8"
"0x005411b9","0x005411b9","0x00541216"
"0x00541217","0x00541217","0x005414a0"
"0x005414a1","0x005414a1","0x005414d4"
"0x005414d5","0x005414d5","0x005414f1"
"0x005414f2","0x005414f2","0x00541515"
"0x00541516","0x00541516","0x00541542"
"0x00541543","0x00541543","0x0054154f"
"0x00541550","0x00541550","0x00541561"
"0x00541562","0x00541562","0x0054157a"
"0x00541580","0x00541580","0x00541687"
"0x00541690","0x00541690","0x005417a4"
"0x005417b0","0x005417b0","0x005417b8"
"0x005417c0","0x005417c0","0x005417c8"
"0x005417d0","0x005417d0","0x00541865"
"0x00541866","0x00541866","0x0054187c"
"0x0054187d","0x0054187d","0x005418c1"
"0x005418c2","0x005418c2","0x005418ff"
"0x00541900","0x00541900","0x00541926"
"0x00541927","0x00541927","0x00541953"
"0x00541954","0x00541954","0x00541984"
"0x005419ac","0x005419ac","0x005419ca"
"0x005419ac","0x00551f10","0x00551f18"
"0x005419cb","0x005419cb","0x005419cf"
"0x005419d0","0x005419d0","0x00541a10"
"0x00541a11","0x00541a11","0x00541a41"
"0x00541a66","0x00541a66","0x00541a85"
"0x00541a86","0x00541a86","0x00541ace"
"0x00541acf","0x00541acf","0x00541af0"
"0x00541af1","0x00541af1","0x00541b1d"
"0x00541b1e","0x00541b1e","0x00541b23"
"0x00541b24","0x00541b24","0x00541bb0"
"0x00541bb1","0x00541bb1","0x00541c21"
"0x00541c22","0x00541c22","0x00541c6d"
"0x00541c6e","0x00541c6e","0x00541c87"
"0x00541c88","0x00541c88","0x00541caa"
"0x00541cab","0x00541cab","0x00541cd2"
"0x00541cd3","0x00541cd3","0x00541d0d"
"0x00541d0e","0x00541d0e","0x00541d3a"
"0x00541d3b","0x00541d3b","0x00541dad"
"0x00541dae","0x00541dae","0x00541edf"
"0x00541ee0","0x00541ee0","0x00541f36"
"0x00541f37","0x00541f37","0x00542035"
"0x00542036","0x00542036","0x0054203a"
"0x0054203b","0x0054203b","0x005420a8"
"0x005420a9","0x005420a9","0x00542194"
"0x00542195","0x00542195","0x00542280"
"0x00542281","0x00542281","0x005422cc"
"0x005422cd","0x005422cd","0x005422ff"
"0x00542300","0x00542300","0x0054233f"
"0x00542340","0x00542340","0x005423bb"
"0x005423c1","0x005423c1","0x005423e2"
"0x005423e3","0x005423e3","0x005423f6"
"0x0054242b","0x0054242b","0x0054247a"
"0x00542480","0x00542480","0x0054248d"
"0x0054248e","0x0054248e","0x005424a2"
"0x005424a3","0x005424a3","0x005424b0"
"0x005424b1","0x005424b1","0x005424be"
"0x005424bf","0x005424bf","0x00542521"
"0x00542527","0x00542527","0x00542555"
"0x00542556","0x00542556","0x0054256e"
"0x0054256f","0x0054256f","0x0054273e"
"0x0054273f","0x0054273f","0x0054275c"
"0x0054275d","0x0054275d","0x0054278c"
"0x0054278d","0x0054278d","0x0054279a"
"0x0054279b","0x0054279b","0x005427dc"
"0x005427dd","0x005427dd","0x0054280e"
"0x0054280f","0x0054280f","0x00542847"
"0x00542848","0x00542848","0x005428ce"
"0x005428cf","0x005428cf","0x00542936"
"0x005428cf","0x0054294d","0x00542965"
"0x00542966","0x00542966","0x00542982"
"0x00542983","0x00542983","0x005429aa"
"0x005429ab","0x005429ab","0x005429d8"
"0x005429d9","0x005429d9","0x005429ed"
"0x005429ee","0x005429ee","0x005429fb"
"0x005429fc","0x005429fc","0x00542a00"
"0x00542a01","0x00542a01","0x00542a09"
"0x00542a0a","0x00542a0a","0x00542a0e"
"0x00542a0f","0x00542a0f","0x00542a31"
"0x00542a32","0x00542a32","0x00542a59"
"0x00542a5a","0x00542a5a","0x00542b54"
"0x00542b55","0x00542b55","0x00542b61"
"0x00542b62","0x00542b62","0x00542c31"
"0x00542c40","0x00542c40","0x00542c6a"
"0x00542c70","0x00542c70","0x00542d11"
"0x00542d20","0x00542d20","0x00542d4e"
"0x00542d20","0x00542d50","0x00542d97"
"0x00542d20","0x00542dce","0x00542dfe"
"0x00542d98","0x00542d98","0x00542dcd"
"0x00542e00","0x00542e00","0x00542e41"
"0x00542e42","0x00542e42","0x00542e75"
"0x00542e42","0x00543a0c","0x00543a28"
"0x00542e76","0x00542e76","0x00542e83"
"0x00542e90","0x00542e90","0x00542eae"
"0x00542eaf","0x00542eaf","0x00542f08"
"0x00542f0f","0x00542f0f","0x00542f22"
"0x00542f23","0x00542f23","0x00542f8e"
"0x00542f9b","0x00542f9b","0x00542faa"
"0x00542fab","0x00542fab","0x00542fdd"
"0x00542fab","0x00543005","0x0054301d"
"0x0054303b","0x0054303b","0x00543048"
"0x00543050","0x00543050","0x005430f9"
"0x00543100","0x00543100","0x00543133"
"0x00543140","0x00543140","0x005431f1"
"0x00543200","0x00543200","0x00543267"
"0x00543270","0x00543270","0x005432e4"
"0x005432f0","0x005432f0","0x0054330e"
"0x00543310","0x00543310","0x00543314"
"0x00543320","0x00543320","0x0054339b"
"0x00543461","0x00543461","0x00543584"
"0x00543461","0x005435ba","0x005435de"
"0x005435e0","0x005435e0","0x005435e9"
"0x005435ea","0x005435ea","0x005435ec"
"0x005435ed","0x005435ed","0x00543600"
"0x00543601","0x00543601","0x0054360f"
"0x00543610","0x00543610","0x00543642"
"0x00543643","0x00543643","0x00543678"
"0x00543679","0x00543679","0x005436ae"
"0x005436af","0x005436af","0x005436c0"
"0x005436c1","0x005436c1","0x005439da"
"0x005439e0","0x005439e0","0x005439f5"
"0x005439f6","0x005439f6","0x00543a0b"
"0x00543a29","0x00543a29","0x00543a2c"
"0x00543a2d","0x00543a2d","0x00543a38"
"0x00543a39","0x00543a39","0x00543b4d"
"0x00543b4e","0x00543b4e","0x00543b7d"
"0x00543b7e","0x00543b7e","0x00543b82"
"0x00543b83","0x00543b83","0x00543b85"
"0x00543b86","0x00543b86","0x00543bc7"
"0x00543bc8","0x00543bc8","0x00543bd3"
"0x00543bd4","0x00543bd4","0x00543c29"
"0x00543c2a","0x00543c2a","0x00543c34"
"0x00543c40","0x00543c40","0x00543c84"
"0x00543c85","0x00543c85","0x00543cd1"
"0x00543cd2","0x00543cd2","0x00543d1c"
"0x00543d1d","0x00543d1d","0x00543d22"
"0x00543d23","0x00543d23","0x00543d2e"
"0x00543d2f","0x00543d2f","0x00543d31"
"0x00543d32","0x00543d32","0x00543d52"
"0x00543d53","0x00543d53","0x00543d6f"
"0x00543d70","0x00543d70","0x00543d7b"
"0x00543d7c","0x00543d7c","0x00543d81"
"0x00543d82","0x00543d82","0x00543d87"
"0x00543d88","0x00543d88","0x00543db3"
"0x00543de0","0x00543de0","0x00543de5"
"0x00543de6","0x00543de6","0x00543deb"
"0x00543dec","0x00543dec","0x00543df1"
"0x00543df2","0x00543df2","0x00543df7"
"0x00543df8","0x00543df8","0x00543dfd"
"0x00543dfe","0x00543dfe","0x00543e03"
"0x00543e04","0x00543e04","0x00543e09"
"0x00543e0a","0x00543e0a","0x00543e0f"
"0x00543e10","0x00543e10","0x00543e15"
"0x00543e16","0x00543e16","0x00543e1b"
"0x00543e20","0x00543e20","0x0054407b"
"0x00543e20","0x00544094","0x0054409a"
"0x00543e20","0x0054409c","0x005440a6"
"0x00543e20","0x005440a8","0x005440b8"
"0x00543e20","0x005440bc","0x005440d2"
"0x00543e20","0x005440d4","0x0054412e"
"0x00543e20","0x00544140","0x00544146"
"0x00543e20","0x00544148","0x00544154"
"0x00543e20","0x00544158","0x0054416a"
"0x00543e20","0x0054416c","0x0054426a"
"0x00543e20","0x00544270","0x00544356"
"0x00543e20","0x00544360","0x00544393"
"0x00544394","0x00544394","0x00544401"
"0x00544403","0x00544403","0x00544462"
"0x00544463","0x00544463","0x00544561"
"0x00544562","0x00544562","0x0054458c"
"0x00544592","0x00544592","0x005445e5"
"0x005445e6","0x005445e6","0x00544616"
"0x00544617","0x00544617","0x0054463a"
"0x0054463b","0x0054463b","0x00544681"
"0x00544683","0x00544683","0x005446b1"
"0x00544683","0x005446b4","0x0054471b"
"0x00544683","0x0054471f","0x00544721"
"0x00544722","0x00544722","0x00544757"
"0x00544760","0x00544760","0x005448b9"
"0x005448c0","0x005448c0","0x005449f6"
"0x005449f7","0x005449f7","0x00544a59"
"0x00544a5a","0x00544a5a","0x00544a7b"
"0x00544a7c","0x00544a7c","0x00544ae8"
"0x00544ae9","0x00544ae9","0x00544d76"
"0x00544d77","0x00544d77","0x005460b7"
"0x00546140","0x00546140","0x0054626a"
"0x0054626b","0x0054626b","0x00546271"
"0x0054628e","0x0054628e","0x00546327"
"0x00546328","0x00546328","0x005463c9"
"0x005463d0","0x005463d0","0x005463df"
"0x005463e0","0x005463e0","0x00546446"
"0x005463e0","0x0054645a","0x00546487"
"0x00546488","0x00546488","0x00546494"
"0x00546495","0x00546495","0x005464ec"
"0x005464ed","0x005464ed","0x00546512"
"0x00546513","0x00546513","0x00546537"
"0x00546538","0x00546538","0x0054658d"
"0x0054658e","0x0054658e","0x00546596"
"0x00546597","0x00546597","0x0054659f"
"0x005465a5","0x005465a5","0x005465c3"
"0x005465c4","0x005465c4","0x005465da"
"0x005465e0","0x005465e0","0x00546611"
"0x00546620","0x00546620","0x0054677d"
"0x0054677e","0x0054677e","0x005467b9"
"0x005467ba","0x005467ba","0x005467d5"
"0x005467d6","0x005467d6","0x005467e3"
"0x005467e4","0x005467e4","0x00546875"
"0x00546876","0x00546876","0x005468ad"
"0x005468ae","0x005468ae","0x005468e0"
"0x005468e1","0x005468e1","0x005468fe"
"0x005468ff","0x005468ff","0x00546a1b"
"0x005468ff","0x00546a25","0x00546a3b"
"0x00546a3d","0x00546a3d","0x00546acb"
"0x00546ad9","0x00546ad9","0x00546b59"
"0x00546b5a","0x00546b5a","0x00546efb"
"0x00546efd","0x00546efd","0x00547031"
"0x00547033","0x00547033","0x005470c0"
"0x005470c1","0x005470c1","0x005471c2"
"0x005471c3","0x005471c3","0x005471cb"
"0x005471cc","0x005471cc","0x005471e6"
"0x005471e7","0x005471e7","0x00547204"
"0x00547205","0x00547205","0x00547223"
"0x00547224","0x00547224","0x005472ae"
"0x00547224","0x0054734b","0x0054736f"
"0x00547378","0x00547378","0x005473f2"
"0x005473f3","0x005473f3","0x0054742e"
"0x00547435","0x00547435","0x0054747e"
"0x0054747f","0x0054747f","0x00547496"
"0x00547497","0x00547497","0x0054751b"
"0x00547497","0x00547529","0x00547567"
"0x00547497","0x0054757f","0x00547583"
"0x0054756b","0x0054756b","0x0054757e"
"0x00547585","0x00547585","0x0054761d"
"0x0054761f","0x0054761f","0x0054762e"
"0x0054762f","0x0054762f","0x00547641"
"0x00547642","0x00547642","0x0054764c"
"0x00547650","0x00547650","0x0054769b"
"0x0054769c","0x0054769c","0x005476cb"
"0x005476cc","0x005476cc","0x00547707"
"0x00547708","0x00547708","0x00547736"
"0x00547740","0x00547740","0x005477de"
"0x00547830","0x00547830","0x00547846"
"0x00547850","0x00547850","0x00547868"
"0x00547870","0x00547870","0x00547889"
"0x00547890","0x00547890","0x005478a6"
"0x005478a7","0x005478a7","0x00547946"
"0x00547947","0x00547947","0x00547991"
"0x00547992","0x00547992","0x005479cc"
"0x005479cd","0x005479cd","0x00547a07"
"0x00547a08","0x00547a08","0x00547a42"
"0x00547a43","0x00547a43","0x00547a80"
"0x00547a81","0x00547a81","0x00547ac7"
"0x00547ac8","0x00547ac8","0x00547ae4"
"0x00547ae5","0x00547ae5","0x00547b01"
"0x00547b02","0x00547b02","0x00547b0f"
"0x00547b10","0x00547b10","0x00547b1b"
"0x00547b20","0x00547b20","0x00547b3e"
"0x00547b40","0x00547b40","0x00547b42"
"0x00547b43","0x00547b43","0x00547b85"
"0x00547b87","0x00547b87","0x00547bae"
"0x00547b87","0x00547bb6","0x00547bc1"
"0x00547c41","0x00547c41","0x00547c77"
"0x00547c78","0x00547c78","0x00547ccd"
"0x00547ccf","0x00547ccf","0x00547d1e"
"0x00547d1f","0x00547d1f","0x00547da1"
"0x00547da2","0x00547da2","0x00547daf"
"0x00547db0","0x00547db0","0x00547df7"
"0x00547df8","0x00547df8","0x00547e33"
"0x00547e34","0x00547e34","0x00547e5c"
"0x00547e5d","0x00547e5d","0x00547ea2"
"0x00547ea3","0x00547ea3","0x00547ebe"
"0x00547ec0","0x00547ec0","0x00547ff8"
"0x00547ff9","0x00547ff9","0x00548007"
"0x00548008","0x00548008","0x0054803e"
"0x0054803f","0x0054803f","0x005480ba"
"0x005480bc","0x005480bc","0x005480cb"
"0x005480cc","0x005480cc","0x005480ff"
"0x00548100","0x00548100","0x00548194"
"0x005481a0","0x005481a0","0x005482ff"
"0x00548300","0x00548300","0x00548421"
"0x00548430","0x00548430","0x00548604"
"0x00548610","0x00548610","0x0054869e"
"0x005486a0","0x005486a0","0x0054873a"
"0x0054873b","0x0054873b","0x005488ae"
"0x005488af","0x005488af","0x0054894d"
"0x0054894e","0x0054894e","0x00548965"
"0x00548966","0x00548966","0x005489e5"
"0x005489e6","0x005489e6","0x00548a19"
"0x00548a1a","0x00548a1a","0x00548a4a"
"0x00548a4b","0x00548a4b","0x00548a65"
"0x00548a66","0x00548a66","0x00548c78"
"0x00548c79","0x00548c79","0x00548c96"
"0x00548c97","0x00548c97","0x00548e23"
"0x00548e24","0x00548e24","0x00548fb0"
"0x00548fb1","0x00548fb1","0x0054913d"
"0x0054913e","0x0054913e","0x0054919f"
"0x005491a0","0x005491a0","0x0054921e"
"0x0054921f","0x0054921f","0x0054929a"
"0x0054929b","0x0054929b","0x0054930e"
"0x0054930f","0x0054930f","0x005493a0"
"0x005493a1","0x005493a1","0x00549426"
"0x00549427","0x00549427","0x0054948d"
"0x0054948e","0x0054948e","0x005494a7"
"0x005494a8","0x005494a8","0x005494cb"
"0x005494cc","0x005494cc","0x00549535"
"0x00549536","0x00549536","0x00549572"
"0x00549573","0x00549573","0x005495d4"
"0x005495d5","0x005495d5","0x0054964c"
"0x0054964d","0x0054964d","0x00549912"
"0x00549935","0x00549935","0x00549a8d"
"0x00549a8e","0x00549a8e","0x00549ec7"
"0x00549ecd","0x00549ecd","0x00549efd"
"0x00549f21","0x00549f21","0x00549f93"
"0x00549f94","0x00549f94","0x0054a14a"
"0x0054a14b","0x0054a14b","0x0054a1d6"
"0x0054a1d7","0x0054a1d7","0x0054a25b"
"0x0054a25c","0x0054a25c","0x0054a278"
"0x0054a279","0x0054a279","0x0054a28e"
"0x0054a28f","0x0054a28f","0x0054a301"
"0x0054a302","0x0054a302","0x0054a32a"
"0x0054a32b","0x0054a32b","0x0054a358"
"0x0054a360","0x0054a360","0x0054a3ba"
"0x0054a3bb","0x0054a3bb","0x0054a3d5"
"0x0054a3d6","0x0054a3d6","0x0054a406"
"0x0054a407","0x0054a407","0x0054a475"
"0x0054a476","0x0054a476","0x0054a497"
"0x0054a498","0x0054a498","0x0054a4d8"
"0x0054a4e0","0x0054a4e0","0x0054a539"
"0x0054a540","0x0054a540","0x0054a544"
"0x0054a550","0x0054a550","0x0054a55a"
"0x0054a55b","0x0054a55b","0x0054a57b"
"0x0054a57c","0x0054a57c","0x0054a5ba"
"0x0054a5bb","0x0054a5bb","0x0054a5fc"
"0x0054a5fd","0x0054a5fd","0x0054a695"
"0x0054a696","0x0054a696","0x0054a6b6"
"0x0054a6b7","0x0054a6b7","0x0054a6d7"
"0x0054a6d8","0x0054a6d8","0x0054a6f8"
"0x0054a6f9","0x0054a6f9","0x0054a719"
"0x0054a71a","0x0054a71a","0x0054a75a"
"0x0054a75b","0x0054a75b","0x0054a778"
"0x0054a779","0x0054a779","0x0054a802"
"0x0054a803","0x0054a803","0x0054a88c"
"0x0054a88d","0x0054a88d","0x0054b394"
"0x0054b395","0x0054b395","0x0054b463"
"0x0054b464","0x0054b464","0x0054b584"
"0x0054b585","0x0054b585","0x0054b5c4"
"0x0054b5c5","0x0054b5c5","0x0054b604"
"0x0054b605","0x0054b605","0x0054b721"
"0x0054b74d","0x0054b74d","0x0054b845"
"0x0054b871","0x0054b871","0x0054be9f"
"0x0054bea0","0x0054bea0","0x0054befb"
"0x0054befc","0x0054befc","0x0054bf63"
"0x0054bf64","0x0054bf64","0x0054bfcf"
"0x0054bfd0","0x0054bfd0","0x0054c144"
"0x0054c145","0x0054c145","0x0054c2bc"
"0x0054c2bd","0x0054c2bd","0x0054c2eb"
"0x0054c2ec","0x0054c2ec","0x0054c320"
"0x0054c321","0x0054c321","0x0054c35b"
"0x0054c35c","0x0054c35c","0x0054c399"
"0x0054c39a","0x0054c39a","0x0054c3d6"
"0x0054c3d7","0x0054c3d7","0x0054c407"
"0x0054c408","0x0054c408","0x0054c44b"
"0x0054c44c","0x0054c44c","0x0054c4cd"
"0x0054c4ce","0x0054c4ce","0x0054c4f9"
"0x0054c4fa","0x0054c4fa","0x0054c5fa"
"0x0054c5fb","0x0054c5fb","0x0054c61e"
"0x0054c620","0x0054c620","0x0054c643"
"0x0054c645","0x0054c645","0x0054c684"
"0x0054c685","0x0054c685","0x0054ca1d"
"0x0054ca1e","0x0054ca1e","0x0054cbba"
"0x0054cbbb","0x0054cbbb","0x0054cbef"
"0x0054cbf0","0x0054cbf0","0x0054e8ee"
"0x0054e8ef","0x0054e8ef","0x0054e99f"
"0x0054e9a0","0x0054e9a0","0x0054e9d7"
"0x0054e9d8","0x0054e9d8","0x0054e9ee"
"0x0054e9f0","0x0054e9f0","0x0054eec6"
"0x0054eec7","0x0054eec7","0x0054ef0c"
"0x0054ef0d","0x0054ef0d","0x0054ef26"
"0x0054ef27","0x0054ef27","0x0054ef3b"
"0x0054ef3c","0x0054ef3c","0x0054ef85"
"0x0054ef86","0x0054ef86","0x0054efbc"
"0x0054efd4","0x0054efd4","0x0054efea"
"0x0054efeb","0x0054efeb","0x0054f078"
"0x0054f093","0x0054f093","0x0054f0de"
"0x0054f093","0x0054f107","0x0054f136"
"0x0054f137","0x0054f137","0x0054f19b"
"0x0054f19c","0x0054f19c","0x0054f1d0"
"0x0054f1d1","0x0054f1d1","0x0054f212"
"0x0054f213","0x0054f213","0x0054f25a"
"0x0054f25b","0x0054f25b","0x0054f27a"
"0x0054f27b","0x0054f27b","0x0054f294"
"0x0054f295","0x0054f295","0x0054f2bf"
"0x0054f2c0","0x0054f2c0","0x0054f2e4"
"0x0054f2e5","0x0054f2e5","0x0054f444"
"0x0054f445","0x0054f445","0x0054f458"
"0x0054f459","0x0054f459","0x0054f653"
"0x0054f654","0x0054f654","0x0054f787"
"0x0054f788","0x0054f788","0x0054f7b1"
"0x0054f7b2","0x0054f7b2","0x0054f91d"
"0x0054f91e","0x0054f91e","0x0054f94d"
"0x0054f94e","0x0054f94e","0x0054f96e"
"0x0054f96f","0x0054f96f","0x0054f9a2"
"0x0054f9a3","0x0054f9a3","0x0054f9d7"
"0x0054f9d8","0x0054f9d8","0x0054f9fa"
"0x0054f9fb","0x0054f9fb","0x0054fa2b"
"0x0054fa4e","0x0054fa4e","0x0054fa98"
"0x0054fa99","0x0054fa99","0x0054fabe"
"0x0054fabf","0x0054fabf","0x0054fada"
"0x0054fadb","0x0054fadb","0x0054fafb"
"0x0054fafc","0x0054fafc","0x0054fb1d"
"0x0054fb1e","0x0054fb1e","0x0054fba2"
"0x0054fba4","0x0054fba4","0x0054fc12"
"0x0054fc13","0x0054fc13","0x0054fc36"
"0x0054fc37","0x0054fc37","0x0054fc8d"
"0x0054fc8e","0x0054fc8e","0x0054fd0e"
"0x0054fd10","0x0054fd10","0x0054fd52"
"0x0054fd10","0x0054fd58","0x0054fd5d"
"0x0054fd10","0x0054fd60","0x0054fd9b"
"0x0054fda0","0x0054fda0","0x0054fe0a"
"0x0054fda0","0x0054fe10","0x0054fe17"
"0x0054fe20","0x0054fe20","0x0054feaa"
"0x0054feb0","0x0054feb0","0x0054fef2"
"0x0054feb0","0x0055a21f","0x0055a2d5"
"0x0054ff00","0x0054ff00","0x0054ff42"
"0x0054ff00","0x0055a88f","0x0055a8f5"
"0x0054ff00","0x0055a8fb","0x0055a919"
"0x0054ff50","0x0054ff50","0x0054ff92"
"0x0054ffa0","0x0054ffa0","0x0054ffa9"
"0x0054ffb0","0x0054ffb0","0x0054fff2"
"0x0054ffb0","0x0055b19f","0x0055b231"
"0x00550000","0x00550000","0x00550042"
"0x00550050","0x00550050","0x0055005d"
"0x00550060","0x00550060","0x005500da"
"0x005500e0","0x005500e0","0x005500e9"
"0x00550130","0x005500f0","0x0055014f"
"0x00550130","0x0055bd10","0x0055be02"
"0x00550150","0x00550150","0x0055020c"
"0x0055020d","0x0055020d","0x0055022d"
"0x00550230","0x00550230","0x0055024f"
"0x00550250","0x00550250","0x0055049a"
"0x0055049b","0x0055049b","0x00550abd"
"0x00550abe","0x00550abe","0x0055108c"
"0x0055108d","0x0055108d","0x005510cb"
"0x005510cc","0x005510cc","0x0055110a"
"0x0055110b","0x0055110b","0x0055139a"
"0x0055139c","0x0055139c","0x005513a6"
"0x005513b0","0x005513b0","0x005513f5"
"0x00551400","0x00551400","0x0055140a"
"0x00551410","0x00551410","0x0055141c"
"0x00551420","0x00551420","0x0055142c"
"0x00551430","0x00551430","0x0055149b"
"0x005514a0","0x005514a0","0x005514f5"
"0x005514f6","0x005514f6","0x0055151d"
"0x0055151e","0x0055151e","0x00551586"
"0x00551587","0x00551587","0x00551605"
"0x00551606","0x00551606","0x00551664"
"0x00551665","0x00551665","0x00551687"
"0x00551688","0x00551688","0x005516ab"
"0x005516ac","0x005516ac","0x005516c0"
"0x005516c1","0x005516c1","0x005516d5"
"0x005516d6","0x005516d6","0x0055171b"
"0x0055171c","0x0055171c","0x00551761"
"0x00551762","0x00551762","0x005517ad"
"0x005517b0","0x005517b0","0x00551850"
"0x00551965","0x00551965","0x00551978"
"0x00551979","0x00551979","0x0055198c"
"0x0055198d","0x0055198d","0x005519b1"
"0x005519b2","0x005519b2","0x005519d8"
"0x005519d9","0x005519d9","0x005519fd"
"0x005519fe","0x005519fe","0x00551e61"
"0x00551ea3","0x00551ea3","0x00551eb9"
"0x00551eba","0x00551eba","0x00551eea"
"0x00551eeb","0x00551eeb","0x00551f01"
"0x00551f02","0x00551f02","0x00551f0f"
"0x00551f19","0x00551f19","0x00551f64"
"0x00551f68","0x00551f68","0x00551f73"
"0x00551f74","0x00551f74","0x005520d1"
"0x005520d3","0x005520d3","0x0055216c"
"0x0055216e","0x0055216e","0x005521a5"
"0x005521a6","0x005521a6","0x005521c9"
"0x005521d0","0x005521d0","0x00552253"
"0x00552260","0x00552260","0x005522e3"
"0x005522f0","0x005522f0","0x00552353"
"0x00552355","0x00552355","0x0055239c"
"0x005523a0","0x005523a0","0x005524ad"
"0x005524b0","0x005524b0","0x00552521"
"0x00552530","0x00552530","0x0055253a"
"0x00552540","0x00552540","0x00552585"
"0x00552590","0x00552590","0x005525ad"
"0x005525ae","0x005525ae","0x0055265f"
"0x00552660","0x00552660","0x00552721"
"0x00552722","0x00552722","0x0055273e"
"0x0055273f","0x0055273f","0x00552762"
"0x00552763","0x00552763","0x0055277c"
"0x0055277d","0x0055277d","0x005527a3"
"0x005527a4","0x005527a4","0x005527e2"
"0x005527e3","0x005527e3","0x00552803"
"0x00552804","0x00552804","0x00552817"
"0x00552818","0x00552818","0x0055285a"
"0x00552860","0x00552860","0x0055288b"
"0x005528a0","0x005528a0","0x005528ae"
"0x005528c0","0x005528c0","0x0055290a"
"0x0055290e","0x0055290e","0x00552916"
"0x00552920","0x00552920","0x00552978"
"0x0055297c","0x0055297c","0x00552984"
"0x0055299d","0x0055299d","0x005529b7"
"0x005529b8","0x005529b8","0x005529d6"
"0x005529d7","0x005529d7","0x00552b1c"
"0x00552b1d","0x00552b1d","0x00552b5d"
"0x00552b5e","0x00552b5e","0x00552b69"
"0x00552b6a","0x00552b6a","0x00552c2d"
"0x00552c52","0x00552c52","0x00552d0a"
"0x00552d10","0x00552d10","0x00552d3c"
"0x00552d3e","0x00552d3e","0x00552dba"
"0x00552dc0","0x00552dc0","0x00552dce"
"0x00552dde","0x00552dde","0x00552dec"
"0x00552ded","0x00552ded","0x00552e02"
"0x00552e03","0x00552e03","0x00552e28"
"0x00552e29","0x00552e29","0x00552e3e"
"0x00552e3f","0x00552e3f","0x00552f7b"
"0x00552f7c","0x00552f7c","0x005530ed"
"0x005530ee","0x005530ee","0x0055313c"
"0x0055313d","0x0055313d","0x00553147"
"0x00553148","0x00553148","0x00553173"
"0x00553174","0x00553174","0x005531cd"
"0x005531ce","0x005531ce","0x00553222"
"0x00553223","0x00553223","0x00553306"
"0x00553308","0x00553308","0x00553429"
"0x0055342b","0x0055342b","0x00553459"
"0x0055345a","0x0055345a","0x005534da"
"0x005534db","0x005534db","0x005534f5"
"0x005534f6","0x005534f6","0x00553510"
"0x00553511","0x00553511","0x00553515"
"0x00553516","0x00553516","0x00553561"
"0x00553567","0x00553567","0x0055356b"
"0x0055356c","0x0055356c","0x005535b7"
"0x005535bb","0x005535bb","0x005535c6"
"0x005535c7","0x005535c7","0x00553612"
"0x00553616","0x00553616","0x00553621"
"0x00553622","0x00553622","0x00553734"
"0x00553735","0x00553735","0x0055380e"
"0x0055380f","0x0055380f","0x00553824"
"0x00553825","0x00553825","0x0055385d"
"0x00553863","0x00553863","0x0055388b"
"0x0055388c","0x0055388c","0x005538be"
"0x00553925","0x00553925","0x0055393b"
"0x0055398c","0x0055398c","0x005539b9"
"0x005539ba","0x005539ba","0x005539cb"
"0x005539cc","0x005539cc","0x005539fb"
"0x00553a00","0x00553a00","0x00553b35"
"0x00553b40","0x00553b40","0x00553e68"
"0x00553e70","0x00553e70","0x00553e92"
"0x00553ea0","0x00553ea0","0x005541b0"
"0x005541d0","0x005541d0","0x00554200"
"0x00554210","0x00554210","0x0055430e"
"0x00554310","0x00554310","0x00554329"
"0x00554330","0x00554330","0x00554394"
"0x005543a0","0x005543a0","0x00554428"
"0x00554430","0x00554430","0x00554479"
"0x00554480","0x00554480","0x0055467b"
"0x00554690","0x00554690","0x0055492f"
"0x00554940","0x00554940","0x00554acb"
"0x00554ae0","0x00554ae0","0x00554d13"
"0x00554d20","0x00554d20","0x00554d39"
"0x00554d40","0x00554d40","0x00554da4"
"0x00554db0","0x00554db0","0x00554df9"
"0x00554e00","0x00554e00","0x00554e86"
"0x00554e90","0x00554e90","0x00555090"
"0x005550a0","0x005550a0","0x00555331"
"0x00555340","0x00555340","0x005554cb"
"0x005554e0","0x005554e0","0x00555713"
"0x00555720","0x00555720","0x00555747"
"0x00555750","0x00555750","0x005557c7"
"0x005557d0","0x005557d0","0x005558ef"
"0x005558f0","0x005558f0","0x005558f5"
"0x005558f6","0x005558f6","0x00555904"
"0x00555910","0x00555910","0x0055592c"
"0x00555930","0x00555930","0x0055593e"
"0x00555940","0x00555940","0x00555978"
"0x00555980","0x00555980","0x005559a5"
"0x005559a6","0x005559a6","0x005559fd"
"0x005559fe","0x005559fe","0x00555a28"
"0x00555a29","0x00555a29","0x00555a56"
"0x00555a57","0x00555a57","0x00555a93"
"0x00555a94","0x00555a94","0x00555ad4"
"0x00555ad5","0x00555ad5","0x00555ae0"
"0x00555ae1","0x00555ae1","0x00555b16"
"0x00555b17","0x00555b17","0x00555b25"
"0x00555b26","0x00555b26","0x00555b87"
"0x00555b88","0x00555b88","0x00555b93"
"0x00555b94","0x00555b94","0x00555bdc"
"0x00555bde","0x00555bde","0x00555c0c"
"0x00555c0e","0x00555c0e","0x00555c77"
"0x00555c78","0x00555c78","0x00555d75"
"0x00555d76","0x00555d76","0x00555db8"
"0x00555dba","0x00555dba","0x00555ded"
"0x00555def","0x00555def","0x00555e4d"
"0x00555e4f","0x00555e4f","0x00555e59"
"0x00555e5a","0x00555e5a","0x00555e80"
"0x00555e81","0x00555e81","0x00555eef"
"0x00555ef1","0x00555ef1","0x0055602c"
"0x0055602e","0x0055602e","0x0055608f"
"0x00556090","0x00556090","0x005560be"
"0x005560bf","0x005560bf","0x00556493"
"0x00556495","0x00556495","0x005564d4"
"0x005564d6","0x005564d6","0x00556558"
"0x00556559","0x00556559","0x005566f4"
"0x005566f6","0x005566f6","0x005569e4"
"0x005569e6","0x005569e6","0x00556d95"
"0x00556d97","0x00556d97","0x00556dc5"
"0x00556dc6","0x00556dc6","0x00556f9f"
"0x00556fa0","0x00556fa0","0x00556fdd"
"0x00556fdf","0x00556fdf","0x0055704f"
"0x00557051","0x00557051","0x0055710d"
"0x0055710f","0x0055710f","0x0055717d"
"0x0055717f","0x0055717f","0x005571bd"
"0x005571c0","0x005571c0","0x005571c6"
"0x005571d0","0x005571d0","0x005571fe"
"0x005571ff","0x005571ff","0x00557204"
"0x00557210","0x00557210","0x0055727b"
"0x0055727c","0x0055727c","0x00557281"
"0x00557290","0x00557290","0x005572d2"
"0x005572d3","0x005572d3","0x0055732b"
"0x0055732f","0x0055732f","0x0055733a"
"0x0055733b","0x0055733b","0x0055737c"
"0x0055737d","0x0055737d","0x005573a4"
"0x005573a5","0x005573a5","0x005573cb"
"0x005573cc","0x005573cc","0x005573e9"
"0x005573ea","0x005573ea","0x00557561"
"0x005573ea","0x00557584","0x005575da"
"0x00557574","0x00557574","0x00557583"
"0x005575dc","0x005575dc","0x00557621"
"0x00557622","0x00557622","0x0055762d"
"0x0055762e","0x0055762e","0x0055768c"
"0x0055768d","0x0055768d","0x00557698"
"0x00557699","0x00557699","0x005576e1"
"0x005576e2","0x005576e2","0x005576ed"
"0x005576ee","0x005576ee","0x0055773b"
"0x0055773c","0x0055773c","0x00557747"
"0x00557748","0x00557748","0x005577e0"
"0x005577e1","0x005577e1","0x00557801"
"0x00557802","0x00557802","0x005578ce"
"0x005578cf","0x005578cf","0x00557976"
"0x00557977","0x00557977","0x005579c1"
"0x005579c2","0x005579c2","0x005579cf"
"0x005579d0","0x005579d0","0x00557a0c"
"0x00557a13","0x00557a13","0x00557a99"
"0x00557a9f","0x00557a9f","0x00557ae2"
"0x00557b1e","0x00557b1e","0x00557b37"
"0x00557b40","0x00557b40","0x00557b9f"
"0x00557ba0","0x00557ba0","0x00557bd9"
"0x00557be6","0x00557be6","0x00557c07"
"0x00557c08","0x00557c08","0x00557c6b"
"0x00557c6f","0x00557c6f","0x00557c7a"
"0x00557c7b","0x00557c7b","0x00557ca4"
"0x00557ca5","0x00557ca5","0x00557ccf"
"0x00557cd0","0x00557cd0","0x00557cfa"
"0x00557cfb","0x00557cfb","0x00557d25"
"0x00557d26","0x00557d26","0x00557d50"
"0x00557d51","0x00557d51","0x00557d7b"
"0x00557d7c","0x00557d7c","0x00557da6"
"0x00557da7","0x00557da7","0x00557dd1"
"0x00557dd2","0x00557dd2","0x00557dfc"
"0x00557dfd","0x00557dfd","0x00557e27"
"0x00557e28","0x00557e28","0x00557e52"
"0x00557e53","0x00557e53","0x00557f1e"
"0x00557f20","0x00557f20","0x00557f82"
"0x00557f83","0x00557f83","0x00557fd1"
"0x00557fd2","0x00557fd2","0x00558020"
"0x00558021","0x00558021","0x0055803f"
"0x00558040","0x00558040","0x0055809c"
"0x0055809d","0x0055809d","0x005580f0"
"0x005580f1","0x005580f1","0x005580fc"
"0x005580fd","0x005580fd","0x00558108"
"0x00558109","0x00558109","0x00558115"
"0x00558116","0x00558116","0x00558121"
"0x00558122","0x00558122","0x0055812d"
"0x0055812e","0x0055812e","0x0055816c"
"0x0055816d","0x0055816d","0x005581a8"
"0x005581a9","0x005581a9","0x005581b4"
"0x005581b5","0x005581b5","0x005581ec"
"0x005581ed","0x005581ed","0x0055822b"
"0x0055822c","0x0055822c","0x00558288"
"0x00558289","0x00558289","0x005582b9"
"0x005582ba","0x005582ba","0x00558303"
"0x00558304","0x00558304","0x00558340"
"0x00558341","0x00558341","0x0055838e"
"0x00558390","0x00558390","0x0055839a"
"0x0055839b","0x0055839b","0x005583d1"
"0x005583d2","0x005583d2","0x005583f4"
"0x005583f5","0x005583f5","0x00558425"
"0x00558426","0x00558426","0x0055845b"
"0x0055845c","0x0055845c","0x00558495"
"0x00558496","0x00558496","0x005584bc"
"0x005584c0","0x005584c0","0x00558510"
"0x00558511","0x00558511","0x0055853d"
"0x0055853e","0x0055853e","0x0055856e"
"0x0055856f","0x0055856f","0x0055859b"
"0x0055859c","0x0055859c","0x005585cc"
"0x005585cd","0x005585cd","0x0055862e"
"0x0055862f","0x0055862f","0x005586e0"
"0x005586e1","0x005586e1","0x00558a1c"
"0x00558a1d","0x00558a1d","0x00558aac"
"0x00558aad","0x00558aad","0x00558bee"
"0x00558bf0","0x00558bf0","0x00558c78"
"0x00558c79","0x00558c79","0x00558d58"
"0x00558d59","0x00558d59","0x00558e1f"
"0x00558e20","0x00558e20","0x00558eb3"
"0x00558eb5","0x00558eb5","0x00558ee8"
"0x00558ee9","0x00558ee9","0x00558f7b"
"0x00558f7c","0x00558f7c","0x005590fb"
"0x005590fc","0x005590fc","0x0055925f"
"0x00559260","0x00559260","0x00559299"
"0x0055929a","0x0055929a","0x005593c9"
"0x005593ca","0x005593ca","0x0055940a"
"0x0055940b","0x0055940b","0x005595c3"
"0x005595c4","0x005595c4","0x0055966e"
"0x0055966f","0x0055966f","0x0055969a"
"0x0055969b","0x0055969b","0x005596dd"
"0x005596de","0x005596de","0x005597f0"
"0x005597f1","0x005597f1","0x00559817"
"0x00559818","0x00559818","0x0055982c"
"0x0055982d","0x0055982d","0x005598dc"
"0x005598dd","0x005598dd","0x0055998c"
"0x005599e4","0x005599e4","0x005599ec"
"0x00559a20","0x00559a20","0x00559a2e"
"0x00559a30","0x00559a30","0x00559a68"
"0x00559a70","0x00559a70","0x00559a95"
"0x00559aa0","0x00559aa0","0x00559c76"
"0x00559c80","0x00559c80","0x00559d2b"
"0x00559d30","0x00559d30","0x00559f71"
"0x00559f80","0x00559f80","0x0055a088"
"0x0055a089","0x0055a089","0x0055a0f1"
"0x0055a0f2","0x0055a0f2","0x0055a1bc"
"0x0055a2e0","0x0055a2e0","0x0055a2f7"
"0x0055a2f8","0x0055a2f8","0x0055a2fd"
"0x0055a2fe","0x0055a2fe","0x0055a833"
"0x0055a920","0x0055a920","0x0055a937"
"0x0055a938","0x0055a938","0x0055a93d"
"0x0055a93e","0x0055a93e","0x0055abe6"
"0x0055ac3f","0x0055ac3f","0x0055acd1"
"0x0055ace0","0x0055ace0","0x0055acf7"
"0x0055acf8","0x0055acf8","0x0055acfd"
"0x0055acfe","0x0055acfe","0x0055ae88"
"0x0055aeb0","0x0055aeb0","0x0055aeff"
"0x0055af00","0x0055af00","0x0055af48"
"0x0055af49","0x0055af49","0x0055af89"
"0x0055af8a","0x0055af8a","0x0055af90"
"0x0055af91","0x0055af91","0x0055b0d7"
"0x0055b0d8","0x0055b0d8","0x0055b10a"
"0x0055b10b","0x0055b10b","0x0055b146"
"0x0055b240","0x0055b240","0x0055b257"
"0x0055b258","0x0055b258","0x0055b25d"
"0x0055b25e","0x0055b25e","0x0055b406"
"0x0055b45f","0x0055b45f","0x0055b4f5"
"0x0055b500","0x0055b500","0x0055b517"
"0x0055b518","0x0055b518","0x0055b51d"
"0x0055b518","0x0055b7fe","0x0055b80a"
"0x0055b51e","0x0055b51e","0x0055b751"
"0x0055b775","0x0055b775","0x0055b78b"
"0x0055b78c","0x0055b78c","0x0055b7a4"
"0x0055b7a5","0x0055b7a5","0x0055b7e7"
"0x0055b7e8","0x0055b7e8","0x0055b7fd"
"0x0055b80b","0x0055b80b","0x0055b834"
"0x0055b8f0","0x0055b8f0","0x0055b903"
"0x0055b904","0x0055b904","0x0055b9a0"
"0x0055ba20","0x0055ba20","0x0055ba28"
"0x0055ba70","0x0055ba70","0x0055bc8a"
"0x0055be38","0x0055be38","0x0055be3d"
"0x0055be3e","0x0055be3e","0x0055be43"
"0x0055be44","0x0055be44","0x0055be49"
"0x0055be4a","0x0055be4a","0x0055be4f"
"0x0055be50","0x0055be50","0x0055be55"
"0x0055be56","0x0055be56","0x0055be81"
"0x0055be82","0x0055be82","0x0055bead"
"0x0055beae","0x0055beae","0x0055bed9"
"0x0055beda","0x0055beda","0x0055bf13"
"0x0055bf14","0x0055bf14","0x0055c05e"
"0x0055c05f","0x0055c05f","0x0055c117"
"0x0055c118","0x0055c118","0x0055c122"
"0x0055c123","0x0055c123","0x0055c161"
"0x0055c162","0x0055c162","0x0055c37c"
"0x0055c37e","0x0055c37e","0x0055c4c7"
"0x0055c4c9","0x0055c4c9","0x0055c53f"
"0x0055c540","0x0055c540","0x0055c585"
"0x0055c587","0x0055c587","0x0055c818"
"0x0055c81a","0x0055c81a","0x0055c972"
"0x0055c974","0x0055c974","0x0055c9e8"
"0x0055c9e9","0x0055c9e9","0x0055ca29"
"0x0055ca2b","0x0055ca2b","0x0055ca7e"
"0x0055ca7f","0x0055ca7f","0x0055ca87"
"0x0055ca88","0x0055ca88","0x0055cacf"
"0x0055cad3","0x0055cad3","0x0055cadb"
"0x0055cadc","0x0055cadc","0x0055cb7d"
"0x0055cb7e","0x0055cb7e","0x0055cb86"
"0x0055cb87","0x0055cb87","0x0055cc06"
"0x0055cc07","0x0055cc07","0x0055cc12"
"0x0055cc13","0x0055cc13","0x0055ccb2"
"0x0055ccb3","0x0055ccb3","0x0055ccbe"
"0x0055ccbf","0x0055ccbf","0x0055cd0a"
"0x0055cd0b","0x0055cd0b","0x0055cd3b"
"0x0055cd3c","0x0055cd3c","0x0055cd5e"
"0x0055cd5f","0x0055cd5f","0x0055cdc7"
"0x0055cdc8","0x0055cdc8","0x0055ce2c"
"0x0055ce2d","0x0055ce2d","0x0055ce35"
"0x0055ce36","0x0055ce36","0x0055ce75"
"0x0055ce76","0x0055ce76","0x0055cf55"
"0x0055cf58","0x0055cf58","0x0055d106"
"0x0055d108","0x0055d108","0x0055d205"
"0x0055d206","0x0055d206","0x0055d3f2"
"0x0055d3f3","0x0055d3f3","0x0055d43b"
"0x0055d43c","0x0055d43c","0x0055d518"
"0x0055d519","0x0055d519","0x0055d6dc"
"0x0055d6e2","0x0055d6e2","0x0055d71e"
"0x0055d71f","0x0055d71f","0x0055d7f4"
"0x0055d7f5","0x0055d7f5","0x0055da95"
"0x0055da96","0x0055da96","0x0055dad3"
"0x0055dae0","0x0055dae0","0x0055db55"
"0x0055dae0","0x0055dba2","0x0055dbbd"
"0x0055dbc0","0x0055dbc0","0x0055dbd2"
"0x0055dbe0","0x0055dbe0","0x0055dc0b"
"0x0055dc10","0x0055dc10","0x0055dc6a"
"0x0055dc70","0x0055dc70","0x0055dc81"
"0x0055dc90","0x0055dc90","0x0055dcf8"
"0x0055dcf9","0x0055dcf9","0x0055dd90"
"0x0055dd91","0x0055dd91","0x0055ddba"
"0x0055ddbb","0x0055ddbb","0x0055de4a"
"0x0055de4b","0x0055de4b","0x0055deb4"
"0x0055dec0","0x0055dec0","0x0055df0a"
"0x0055df10","0x0055df10","0x0055df55"
"0x0055df60","0x0055df60","0x0055e108"
"0x0055e109","0x0055e109","0x0055e11a"
"0x0055e11b","0x0055e11b","0x0055e12d"
"0x0055e12e","0x0055e12e","0x0055e145"
"0x0055e146","0x0055e146","0x0055e20b"
"0x0055e20c","0x0055e20c","0x0055e387"
"0x0055e389","0x0055e389","0x0055e438"
"0x0055e43a","0x0055e43a","0x0055e6c5"
"0x0055e6c6","0x0055e6c6","0x0055e6ea"
"0x0055e6eb","0x0055e6eb","0x0055e726"
"0x0055e727","0x0055e727","0x0055e7ad"
"0x0055e7ae","0x0055e7ae","0x0055e7b8"
"0x0055e7b9","0x0055e7b9","0x0055e859"
"0x0055e85a","0x0055e85a","0x0055e89a"
"0x0055e89b","0x0055e89b","0x0055e8a6"
"0x0055e8a7","0x0055e8a7","0x0055e929"
"0x0055e92a","0x0055e92a","0x0055e967"
"0x0055e968","0x0055e968","0x0055e9d8"
"0x0055e9d9","0x0055e9d9","0x0055ea3b"
"0x0055ea3c","0x0055ea3c","0x0055ebe0"
"0x0055ebe1","0x0055ebe1","0x0055ed35"
"0x0055ed36","0x0055ed36","0x0055edb1"
"0x0055ed36","0x0055edd0","0x0055edd4"
"0x0055edb5","0x0055edb5","0x0055edbd"
"0x0055edbe","0x0055edbe","0x0055edcf"
"0x0055edd6","0x0055edd6","0x0055ee1d"
"0x0055ee1e","0x0055ee1e","0x0055ee30"
"0x0055ee31","0x0055ee31","0x0055f035"
"0x0055f036","0x0055f036","0x0055f085"
"0x0055f086","0x0055f086","0x0055f09d"
"0x0055f0b7","0x0055f0b7","0x0055f0ed"
"0x0055f0ee","0x0055f0ee","0x0055f18d"
"0x0055f18e","0x0055f18e","0x0055f1db"
"0x0055f1dc","0x0055f1dc","0x0055f464"
"0x0055f466","0x0055f466","0x0055f522"
"0x0055f524","0x0055f524","0x0055f53d"
"0x0055f53e","0x0055f53e","0x0055f595"
"0x0055f596","0x0055f596","0x0055f5a0"
"0x0055f5b0","0x0055f5b0","0x0055f61c"
"0x0055f630","0x0055f630","0x0055f63a"
"0x0055f686","0x0055f686","0x0055f6ed"
"0x0055f6ee","0x0055f6ee","0x0055f71e"
"0x0055f720","0x0055f720","0x0055f72a"
"0x0055f730","0x0055f730","0x0055f7c6"
"0x0055f7d0","0x0055f7d0","0x0055f80d"
"0x0055f810","0x0055f810","0x0055f842"
"0x0055f850","0x0055f850","0x0055f85a"
"0x0055f860","0x0055f860","0x0055f8e6"
"0x0055f860","0x0055f8f0","0x0055f966"
"0x0055f967","0x0055f967","0x0055f9e1"
"0x0055f9e2","0x0055f9e2","0x0055fa16"
"0x0055fa17","0x0055fa17","0x0055faa8"
"0x0055faac","0x0055faac","0x0055fab4"
"0x0055fab5","0x0055fab5","0x0055fad7"
"0x0055fad8","0x0055fad8","0x0055fafa"
"0x0055fafb","0x0055fafb","0x0055fb8b"
"0x0055fb8c","0x0055fb8c","0x0055fbf5"
"0x0055fc0c","0x0055fc0c","0x0055fd09"
"0x0055fd0a","0x0055fd0a","0x0056006a"
"0x0056006b","0x0056006b","0x005600d3"
"0x005600d4","0x005600d4","0x005602f0"
"0x005602f1","0x005602f1","0x00560315"
"0x00560316","0x00560316","0x00560591"
"0x00560592","0x00560592","0x00560675"
"0x00560676","0x00560676","0x005606f0"
"0x00560700","0x00560700","0x0056082d"
"0x00560830","0x00560830","0x00560876"
"0x00560880","0x00560880","0x005608be"
"0x005608bf","0x005608bf","0x0056093b"
"0x0056093c","0x0056093c","0x00560a83"
"0x00560a84","0x00560a84","0x00560aac"
"0x00560aad","0x00560aad","0x00560add"
"0x00560ade","0x00560ade","0x00560b06"
"0x00560b07","0x00560b07","0x00560b87"
"0x00560b88","0x00560b88","0x00560be4"
"0x00560b88","0x00560c03","0x00560c07"
"0x00560be8","0x00560be8","0x00560bf0"
"0x00560bf1","0x00560bf1","0x00560c02"
"0x00560c09","0x00560c09","0x00560c58"
"0x00560c59","0x00560c59","0x00560cde"
"0x00560ce0","0x00560ce0","0x00560d78"
"0x00560d79","0x00560d79","0x00560dd1"
"0x00560dd2","0x00560dd2","0x00560e05"
"0x00560e06","0x00560e06","0x005610e4"
"0x005610e6","0x005610e6","0x0056119e"
"0x005611a0","0x005611a0","0x0056128f"
"0x00561290","0x00561290","0x005612dc"
"0x005612dd","0x005612dd","0x00561349"
"0x0056134a","0x0056134a","0x00561557"
"0x00561559","0x00561559","0x005615fb"
"0x005615fc","0x005615fc","0x00561646"
"0x00561647","0x00561647","0x005616e1"
"0x005616e2","0x005616e2","0x00561740"
"0x00561741","0x00561741","0x0056176c"
"0x0056176d","0x0056176d","0x005619c0"
"0x005619c1","0x005619c1","0x00561a91"
"0x00561a92","0x00561a92","0x00561ae5"
"0x00561ae6","0x00561ae6","0x00561bc6"
"0x00561bc7","0x00561bc7","0x00561beb"
"0x00561bec","0x00561bec","0x00561c60"
"0x00561c61","0x00561c61","0x00561cc7"
"0x00561cc8","0x00561cc8","0x00561eb7"
"0x00561ec0","0x00561ec0","0x00561f86"
"0x00561f90","0x00561f90","0x005620a8"
"0x005620b0","0x005620b0","0x00562439"
"0x00562440","0x00562440","0x00562531"
"0x00562532","0x00562532","0x00562574"
"0x00562575","0x00562575","0x005625c8"
"0x005625c9","0x005625c9","0x00562645"
"0x00562647","0x00562647","0x00562672"
"0x00562673","0x00562673","0x00562695"
"0x00562696","0x00562696","0x00562723"
"0x00562724","0x00562724","0x0056281c"
"0x0056281d","0x0056281d","0x00563ce9"
"0x00563ceb","0x00563ceb","0x00563d98"
"0x00563d99","0x00563d99","0x00563dac"
"0x00563dad","0x00563dad","0x00563dce"
"0x00563dcf","0x00563dcf","0x00563e24"
"0x00563e25","0x00563e25","0x00563e3d"
"0x00563e40","0x00563e40","0x00563eb4"
"0x00563eb5","0x00563eb5","0x00563f4e"
"0x0056408d","0x0056408d","0x00564093"
"0x005640a0","0x005640a0","0x005640b6"
"0x005640b7","0x005640b7","0x005640f2"
"0x00564100","0x00564100","0x00564214"
"0x00564240","0x00564240","0x00564256"
"0x00564257","0x00564257","0x005642da"
"0x005642db","0x005642db","0x0056432d"
"0x00564331","0x00564331","0x00564339"
"0x0056433a","0x0056433a","0x005643e6"
"0x005643e8","0x005643e8","0x005643f2"
"0x005643f3","0x005643f3","0x0056447b"
"0x00564482","0x00564482","0x00564489"
"0x0056448a","0x0056448a","0x00564517"
"0x00564518","0x00564518","0x00564547"
"0x00564548","0x00564548","0x005645da"
"0x005645de","0x005645de","0x005645e9"
"0x005645ea","0x005645ea","0x00564666"
"0x00564667","0x00564667","0x00564a2c"
"0x00564a32","0x00564a32","0x00564a99"
"0x00564a9a","0x00564a9a","0x00564b16"
"0x00564b17","0x00564b17","0x00564bf1"
"0x00564bf2","0x00564bf2","0x00564cda"
"0x00564cdb","0x00564cdb","0x00564e0c"
"0x00564e0d","0x00564e0d","0x00564f0f"
"0x00564f16","0x00564f16","0x00564f1d"
"0x00564f1e","0x00564f1e","0x00565139"
"0x0056513a","0x0056513a","0x005651bc"
"0x005651bd","0x005651bd","0x005651da"
"0x005651e0","0x005651e0","0x005652d1"
"0x005652d2","0x005652d2","0x005653d8"
"0x005653d9","0x005653d9","0x005654ac"
"0x005654b0","0x005654b0","0x005658eb"
"0x005658f0","0x005658f0","0x0056592f"
"0x00565930","0x00565930","0x00565946"
"0x00565947","0x00565947","0x005659d3"
"0x005659e0","0x005659e0","0x00565b6c"
"0x00565b6d","0x00565b6d","0x00565c1e"
"0x00565c1f","0x00565c1f","0x00565c90"
"0x00565c91","0x00565c91","0x00565cc3"
"0x00565cd0","0x00565cd0","0x00565d36"
"0x00565d40","0x00565d40","0x00565d88"
"0x00565d90","0x00565d90","0x00565f44"
"0x00565f50","0x00565f50","0x00565f6c"
"0x00565f70","0x00565f70","0x00565fc3"
"0x00565fd0","0x00565fd0","0x0056602d"
"0x00566030","0x00566030","0x005662d2"
"0x00566320","0x005662e0","0x0056633f"
"0x00566320","0x00566820","0x00566912"
"0x00566340","0x00566340","0x0056641c"
"0x0056641d","0x0056641d","0x0056649e"
"0x005664a2","0x005664a2","0x005664ad"
"0x005664ae","0x005664ae","0x00566550"
"0x00566551","0x00566551","0x005665f0"
"0x005665f1","0x005665f1","0x0056662b"
"0x0056662c","0x0056662c","0x0056665d"
"0x0056665e","0x0056665e","0x0056669b"
"0x0056669c","0x0056669c","0x00566701"
"0x0056675f","0x0056675f","0x0056681f"
"0x00566913","0x00566913","0x00566931"
"0x00566932","0x00566932","0x00566950"
"0x00566951","0x00566951","0x00566967"
"0x00566968","0x00566968","0x005669bc"
"0x005669c0","0x005669c0","0x00566a20"
"0x00566a30","0x00566a30","0x00566a47"
"0x00566a4e","0x00566a4e","0x00566cb3"
"0x00566ed0","0x00566ed0","0x005670c2"
"0x005670d0","0x005670d0","0x00567190"
"0x005671a0","0x005671a0","0x005671e2"
"0x005671f0","0x005671f0","0x00567278"
"0x005671f0","0x0056728f","0x005672a9"
"0x005672b0","0x005672b0","0x005672e0"
"0x005672f0","0x005672f0","0x00567384"
"0x00567390","0x00567390","0x0056746e"
"0x0056746f","0x0056746f","0x005674e5"
"0x0056b360","0x0056b360","0x0056b36f"
"0x0056b370","0x0056b370","0x0056b37f"
"0x0056b380","0x0056b380","0x0056b38f"
"0x0056b390","0x0056b390","0x0056b39f"
"0x0056b3a0","0x0056b3a0","0x0056b3af"
"0x0056b3b0","0x0056b3b0","0x0056b3bf"
"0x0056b3c0","0x0056b3c0","0x0056b3cf"
"0x0056b3d0","0x0056b3d0","0x0056b3df"
"0x0056b3e0","0x0056b3e0","0x0056b3ef"
"0x0056b3f0","0x0056b3f0","0x0056b3ff"
"0x0056b400","0x0056b400","0x0056b422"
"0x0056b430","0x0056b430","0x0056b448"
