entry_va,name,body_bytes,range_count,signature,external,thunk,decompiled,pseudocode_file
"0x00401000","FUN_00401000",40,1,"undefined __stdcall FUN_00401000(void)",false,false,true,"pseudocode/00401000.c"
"0x00401030","FUN_00401030",40,1,"undefined __stdcall FUN_00401030(void)",false,false,true,"pseudocode/00401030.c"
"0x00401060","FUN_00401060",40,1,"undefined __stdcall FUN_00401060(void)",false,false,true,"pseudocode/00401060.c"
"0x00401090","FUN_00401090",31,1,"undefined __stdcall FUN_00401090(void)",false,false,true,"pseudocode/00401090.c"
"0x004010b0","FUN_004010b0",28,1,"undefined __stdcall FUN_004010b0(void)",false,false,true,"pseudocode/004010b0.c"
"0x004010d0","FUN_004010d0",28,1,"undefined __stdcall FUN_004010d0(void)",false,false,true,"pseudocode/004010d0.c"
"0x004010f0","FUN_004010f0",16,1,"undefined __stdcall FUN_004010f0(void)",false,false,true,"pseudocode/004010f0.c"
"0x00401100","FUN_00401100",18,1,"undefined __stdcall FUN_00401100(void)",false,false,true,"pseudocode/00401100.c"
"0x00401120","FUN_00401120",18,1,"undefined __stdcall FUN_00401120(void)",false,false,true,"pseudocode/00401120.c"
"0x00401140","FUN_00401140",18,1,"undefined __stdcall FUN_00401140(void)",false,false,true,"pseudocode/00401140.c"
"0x00401160","FUN_00401160",18,1,"undefined __stdcall FUN_00401160(void)",false,false,true,"pseudocode/00401160.c"
"0x00401180","FUN_00401180",16,1,"undefined __stdcall FUN_00401180(void)",false,false,true,"pseudocode/00401180.c"
"0x00401190","FUN_00401190",40,1,"undefined __stdcall FUN_00401190(void)",false,false,true,"pseudocode/00401190.c"
"0x004011c0","FUN_004011c0",43,1,"undefined __stdcall FUN_004011c0(void)",false,false,true,"pseudocode/004011c0.c"
"0x004011f0","FUN_004011f0",18,1,"undefined __stdcall FUN_004011f0(void)",false,false,true,"pseudocode/004011f0.c"
"0x00401210","FUN_00401210",40,1,"undefined __stdcall FUN_00401210(void)",false,false,true,"pseudocode/00401210.c"
"0x00401240","FUN_00401240",16,1,"undefined __stdcall FUN_00401240(void)",false,false,true,"pseudocode/00401240.c"
"0x00401280","FUN_00401280",38669,1,"undefined __stdcall FUN_00401280(void)",false,false,true,"pseudocode/00401280.c"
"0x0040a990","FUN_0040a990",40,1,"undefined __stdcall FUN_0040a990(void)",false,false,true,"pseudocode/0040a990.c"
"0x0040a9c0","FUN_0040a9c0",40,1,"undefined __stdcall FUN_0040a9c0(void)",false,false,true,"pseudocode/0040a9c0.c"
"0x0040a9f0","FUN_0040a9f0",29,1,"undefined __stdcall FUN_0040a9f0(void)",false,false,true,"pseudocode/0040a9f0.c"
"0x0040aa10","FUN_0040aa10",43,1,"undefined __stdcall FUN_0040aa10(void)",false,false,true,"pseudocode/0040aa10.c"
"0x0040aa40","FUN_0040aa40",1018,1,"undefined __stdcall FUN_0040aa40(void)",false,false,true,"pseudocode/0040aa40.c"
"0x0040ae40","FUN_0040ae40",16,1,"undefined __stdcall FUN_0040ae40(void)",false,false,true,"pseudocode/0040ae40.c"
"0x0040ae50","FUN_0040ae50",16,1,"undefined __stdcall FUN_0040ae50(void)",false,false,true,"pseudocode/0040ae50.c"
"0x0040ae60","FUN_0040ae60",16,1,"undefined __stdcall FUN_0040ae60(void)",false,false,true,"pseudocode/0040ae60.c"
"0x0040ae70","FUN_0040ae70",16,1,"undefined __stdcall FUN_0040ae70(void)",false,false,true,"pseudocode/0040ae70.c"
"0x0040ae80","FUN_0040ae80",16,1,"undefined __stdcall FUN_0040ae80(void)",false,false,true,"pseudocode/0040ae80.c"
"0x0040ae90","FUN_0040ae90",42,1,"undefined __stdcall FUN_0040ae90(void)",false,false,true,"pseudocode/0040ae90.c"
"0x0040af10","FUN_0040af10",33,1,"undefined4 * __thiscall FUN_0040af10(undefined4 param_1)",false,false,true,"pseudocode/0040af10.c"
"0x0040af40","FUN_0040af40",125,1,"void * __thiscall FUN_0040af40(undefined4 param_1, undefined4 param_2)",false,false,true,"pseudocode/0040af40.c"
"0x0040afd0","FUN_0040afd0",150,1,"undefined4 * __thiscall FUN_0040afd0(undefined4 param_1, undefined4 param_2)",false,false,true,"pseudocode/0040afd0.c"
"0x0040b070","_Callable_base<bool_(__cdecl*const)(enum_Concurrency::agent_status_const&),0><bool_(__cdecl*const&)(enum_Concurrency::agent_status_const&)>",35,1,"undefined __thiscall _Callable_base<bool_(__cdecl*const)(enum_Concurrency::agent_status_const&),0><bool_(__cdecl*const&)(enum_Concurrency::agent_status_const&)>(_func_bool_agent_status_ptr * * param_1)",false,false,true,"pseudocode/0040b070.c"
"0x0040b0a0","_Compressed_pair<struct_std::default_delete<class_std::_Facet_base>,class_std::_Facet_base*,1><class_std::_Facet_base*&>",35,1,"undefined __thiscall _Compressed_pair<struct_std::default_delete<class_std::_Facet_base>,class_std::_Facet_base*,1><class_std::_Facet_base*&>(_Zero_then_variadic_args_t param_1, _Facet_base * * param_2)",false,false,true,"pseudocode/0040b0a0.c"
"0x0040b0d0","FUN_0040b0d0",21,1,"undefined4 * __fastcall FUN_0040b0d0(undefined4 * param_1)",false,false,true,"pseudocode/0040b0d0.c"
"0x0040b0f0","FID_conflict:_Unique_ptr_base<class_std::_Facet_base,struct_std::default_delete<class_std::_Facet_base>_><class_std::_Facet_base*>",42,1,"_Compressed_pair<struct_std::default_delete<class_std::_Facet_base>,class_std::_Facet_base*,1> * __fastcall FID_conflict:_Unique_ptr_base<class_std::_Facet_base,struct_std::default_delete<class_std::_Facet_base>_><class_std::_Facet_base*>(_Compressed_pair<struct_std::default_delete<class_std::_Facet_base>,class_std::_Facet_base*,1> * param_1)",false,false,true,"pseudocode/0040b0f0.c"
"0x0040b120","FUN_0040b120",16,1,"undefined4 __fastcall FUN_0040b120(undefined4 param_1)",false,false,true,"pseudocode/0040b120.c"
"0x0040b130","FUN_0040b130",88,1,"void * __thiscall FUN_0040b130(undefined4 param_1, undefined4 param_2, undefined4 param_3)",false,false,true,"pseudocode/0040b130.c"
"0x0040b190","FUN_0040b190",60,1,"_Callable_base<bool_(__cdecl*const)(enum_Concurrency::agent_status_const&),0> * __thiscall FUN_0040b190(undefined4 param_1, undefined4 param_2)",false,false,true,"pseudocode/0040b190.c"
"0x0040b1d0","FUN_0040b1d0",176,1,"undefined __stdcall FUN_0040b1d0(undefined4 param_1, undefined4 param_2)",false,false,true,"pseudocode/0040b1d0.c"
"0x0040b280","move<>",8,1,"undefined4 __cdecl move<>(undefined4 param_1)",false,false,true,"pseudocode/0040b280.c"
"0x0040b290","FUN_0040b290",11,1,"undefined1 __cdecl FUN_0040b290(undefined1 * param_1)",false,false,true,"pseudocode/0040b290.c"
"0x0040b2a0","FUN_0040b2a0",10,1,"undefined4 __cdecl FUN_0040b2a0(undefined4 * param_1)",false,false,true,"pseudocode/0040b2a0.c"
"0x0040b2b0","FUN_0040b2b0",85,1,"undefined __cdecl FUN_0040b2b0(undefined4 param_1, int param_2, undefined4 param_3)",false,false,true,"pseudocode/0040b2b0.c"
"0x0040b310","FUN_0040b310",188,1,"undefined __stdcall FUN_0040b310(void)",false,false,true,"pseudocode/0040b310.c"
"0x0040b3e0","FUN_0040b3e0",236,1,"undefined __thiscall FUN_0040b3e0(undefined4 param_1, undefined4 param_2)",false,false,true,"pseudocode/0040b3e0.c"
"0x0040b4d0","exchange<class_std::_Facet_base*,class_std::_Facet_base*>",29,1,"_Facet_base * __cdecl exchange<class_std::_Facet_base*,class_std::_Facet_base*>(_Facet_base * * param_1, _Facet_base * * param_2)",false,false,true,"pseudocode/0040b4d0.c"
"0x0040b4f0","FUN_0040b4f0",46,1,"undefined8 __cdecl FUN_0040b4f0(undefined8 * param_1, undefined4 * param_2)",false,false,true,"pseudocode/0040b4f0.c"
"0x0040b520","FUN_0040b520",11,1,"int __cdecl FUN_0040b520(int param_1)",false,false,true,"pseudocode/0040b520.c"
"0x0040b530","FUN_0040b530",28,1,"undefined __cdecl FUN_0040b530(undefined4 * param_1, undefined4 * param_2)",false,false,true,"pseudocode/0040b530.c"
"0x0040b550","FUN_0040b550",118,1,"_Compressed_pair<struct_std::default_delete<class_std::_Facet_base>,class_std::_Facet_base*,1> * __cdecl FUN_0040b550(_Compressed_pair<struct_std::default_delete<class_std::_Facet_base>,class_std::_Facet_base*,1> * param_1, undefined4 param_2, undefined4 param_3)",false,false,true,"pseudocode/0040b550.c"
"0x0040b5d0","FUN_0040b5d0",85,1,"undefined __cdecl FUN_0040b5d0(undefined4 * param_1, undefined4 * param_2)",false,false,true,"pseudocode/0040b5d0.c"
"0x0040b630","FUN_0040b630",29,1,"void * __thiscall FUN_0040b630(undefined4 * param_1)",false,false,true,"pseudocode/0040b630.c"
"0x0040b650","FUN_0040b650",29,1,"void * __thiscall FUN_0040b650(undefined4 * param_1)",false,false,true,"pseudocode/0040b650.c"
"0x0040b670","FUN_0040b670",26,1,"undefined4 * __thiscall FUN_0040b670(undefined4 * param_1)",false,false,true,"pseudocode/0040b670.c"
"0x0040b690","FUN_0040b690",26,1,"undefined1 * __thiscall FUN_0040b690(undefined1 * param_1)",false,false,true,"pseudocode/0040b690.c"
"0x0040b6b0","FUN_0040b6b0",23,1,"undefined4 * __fastcall FUN_0040b6b0(undefined4 * param_1)",false,false,true,"pseudocode/0040b6b0.c"
"0x0040b6d0","_String_val<char,class_std::_DebugHeapAllocator<char>_>",29,1,"undefined __thiscall _String_val<char,class_std::_DebugHeapAllocator<char>_>(_DebugHeapAllocator<char> param_1)",false,false,true,"pseudocode/0040b6d0.c"
"0x0040b6f0","_String_val<char,class_std::_DebugHeapAllocator<char>_>",29,1,"undefined __thiscall _String_val<char,class_std::_DebugHeapAllocator<char>_>(_DebugHeapAllocator<char> param_1)",false,false,true,"pseudocode/0040b6f0.c"
"0x0040b710","FUN_0040b710",29,1,"void * __fastcall FUN_0040b710(void * param_1)",false,false,true,"pseudocode/0040b710.c"
"0x0040b730","FUN_0040b730",35,1,"undefined4 * __thiscall FUN_0040b730(undefined4 param_1)",false,false,true,"pseudocode/0040b730.c"
"0x0040b760","FUN_0040b760",23,1,"undefined4 * __fastcall FUN_0040b760(undefined4 * param_1)",false,false,true,"pseudocode/0040b760.c"
"0x0040b780","FUN_0040b780",44,1,"undefined4 * __fastcall FUN_0040b780(undefined4 * param_1)",false,false,true,"pseudocode/0040b780.c"
"0x0040b7b0","FUN_0040b7b0",91,1,"_String_val<char,class_std::_DebugHeapAllocator<char>_> * __fastcall FUN_0040b7b0(_String_val<char,class_std::_DebugHeapAllocator<char>_> * param_1)",false,false,true,"pseudocode/0040b7b0.c"
"0x0040b810","FUN_0040b810",50,1,"undefined4 * __fastcall FUN_0040b810(undefined4 * param_1)",false,false,true,"pseudocode/0040b810.c"
"0x0040b850","FUN_0040b850",46,1,"undefined4 * __stdcall FUN_0040b850(_Facet_base * * param_1)",false,false,true,"pseudocode/0040b850.c"
"0x0040b880","FUN_0040b880",25,1,"undefined4 * __fastcall FUN_0040b880(undefined4 * param_1)",false,false,true,"pseudocode/0040b880.c"
"0x0040b8a0","FUN_0040b8a0",63,1,"undefined4 * __fastcall FUN_0040b8a0(undefined4 * param_1)",false,false,true,"pseudocode/0040b8a0.c"
"0x0040b8e0","FUN_0040b8e0",24,1,"undefined4 * __fastcall FUN_0040b8e0(undefined4 * param_1)",false,false,true,"pseudocode/0040b8e0.c"
"0x0040b900","FUN_0040b900",22,1,"undefined __fastcall FUN_0040b900(undefined4 * param_1)",false,false,true,"pseudocode/0040b900.c"
"0x0040b920","~unique_ptr<class_std::_Facet_base,struct_std::default_delete<class_std::_Facet_base>_>",53,1,"void __thiscall ~unique_ptr<class_std::_Facet_base,struct_std::default_delete<class_std::_Facet_base>_>(void)",false,false,true,"pseudocode/0040b920.c"
"0x0040b960","FUN_0040b960",20,1,"undefined __fastcall FUN_0040b960(undefined4 * param_1)",false,false,true,"pseudocode/0040b960.c"
"0x0040b980","FUN_0040b980",71,1,"undefined __fastcall FUN_0040b980(undefined4 * param_1)",false,false,true,"pseudocode/0040b980.c"
"0x0040b9d0","FUN_0040b9d0",40,1,"undefined __fastcall FUN_0040b9d0(undefined4 * param_1)",false,false,true,"pseudocode/0040b9d0.c"
"0x0040ba00","FUN_0040ba00",126,1,"undefined __fastcall FUN_0040ba00(undefined4 * param_1)",false,false,true,"pseudocode/0040ba00.c"
"0x0040ba80","FUN_0040ba80",32,1,"undefined __fastcall FUN_0040ba80(int param_1)",false,false,true,"pseudocode/0040ba80.c"
"0x0040baa0","FUN_0040baa0",30,1,"undefined1 __thiscall FUN_0040baa0(undefined1 param_1)",false,false,true,"pseudocode/0040baa0.c"
"0x0040bac0","FUN_0040bac0",94,1,"undefined4 * __thiscall FUN_0040bac0(int param_1)",false,false,true,"pseudocode/0040bac0.c"
"0x0040bb20","FUN_0040bb20",63,1,"undefined4 * __stdcall FUN_0040bb20(undefined4 param_1)",false,false,true,"pseudocode/0040bb20.c"
"0x0040bb60","FUN_0040bb60",83,1,"undefined4 * __thiscall FUN_0040bb60(undefined8 * param_1)",false,false,true,"pseudocode/0040bb60.c"
"0x0040bbc0","FUN_0040bbc0",20,1,"int __thiscall FUN_0040bbc0(int param_1)",false,false,true,"pseudocode/0040bbc0.c"
"0x0040bbe0","FUN_0040bbe0",63,1,"undefined __stdcall FUN_0040bbe0(LPVOID param_1)",false,false,true,"pseudocode/0040bbe0.c"
"0x0040bc20","FUN_0040bc20",56,1,"undefined __stdcall FUN_0040bc20(undefined4 param_1, undefined4 param_2, int param_3, undefined * param_4)",false,false,true,"pseudocode/0040bc20.c"
"0x0040bc60","FUN_0040bc60",136,1,"undefined __fastcall FUN_0040bc60(undefined4 * param_1)",false,false,true,"pseudocode/0040bc60.c"
"0x0040bcf0","FUN_0040bcf0",150,1,"undefined __fastcall FUN_0040bcf0(undefined4 * param_1)",false,false,true,"pseudocode/0040bcf0.c"
"0x0040bd90","FUN_0040bd90",14,1,"undefined __stdcall FUN_0040bd90(void)",false,false,true,"pseudocode/0040bd90.c"
"0x0040bda0","_Get_first",14,1,"default_delete<class_std::_Facet_base> * __thiscall _Get_first(void)",false,false,true,"pseudocode/0040bda0.c"
"0x0040bdb0","FUN_0040bdb0",223,2,"undefined __fastcall FUN_0040bdb0(void * param_1)",false,false,true,"pseudocode/0040bdb0.c"
"0x0040be90","FUN_0040be90",10,1,"int __cdecl FUN_0040be90(int param_1)",false,false,true,"pseudocode/0040be90.c"
"0x0040bea0","FUN_0040bea0",267,1,"undefined4 __fastcall FUN_0040bea0(int param_1)",false,false,true,"pseudocode/0040bea0.c"
"0x0040bfb0","FUN_0040bfb0",58,1,"undefined __thiscall FUN_0040bfb0(undefined4 param_1)",false,false,true,"pseudocode/0040bfb0.c"
"0x0040bff0","FUN_0040bff0",88,1,"undefined __fastcall FUN_0040bff0(undefined4 * param_1)",false,false,true,"pseudocode/0040bff0.c"
"0x0040c050","FUN_0040c050",44,1,"bool __fastcall FUN_0040c050(int param_1)",false,false,true,"pseudocode/0040c050.c"
"0x0040c080","FUN_0040c080",31,1,"undefined __thiscall FUN_0040c080(size_t param_1)",false,false,true,"pseudocode/0040c080.c"
"0x0040c0a0","FUN_0040c0a0",147,1,"undefined __thiscall FUN_0040c0a0(undefined4 * param_1, undefined4 param_2, char * * param_3)",false,false,true,"pseudocode/0040c0a0.c"
"0x0040c140","FUN_0040c140",31,1,"undefined __thiscall FUN_0040c140(undefined4 * param_1, undefined4 param_2)",false,false,true,"pseudocode/0040c140.c"
"0x0040c160","FUN_0040c160",20,1,"undefined __fastcall FUN_0040c160(undefined4 * param_1)",false,false,true,"pseudocode/0040c160.c"
"0x0040c180","FUN_0040c180",88,1,"undefined __fastcall FUN_0040c180(undefined4 * param_1)",false,false,true,"pseudocode/0040c180.c"
"0x0040c1e0","FUN_0040c1e0",83,1,"undefined __thiscall FUN_0040c1e0(undefined4 param_1, char * * param_2)",false,false,true,"pseudocode/0040c1e0.c"
"0x0040c240","FUN_0040c240",54,1,"int __thiscall FUN_0040c240(int param_1, char * * param_2)",false,false,true,"pseudocode/0040c240.c"
"0x0040c280","FUN_0040c280",70,1,"uint __thiscall FUN_0040c280(uint param_1, char * * param_2)",false,false,true,"pseudocode/0040c280.c"
"0x0040c2d0","FUN_0040c2d0",38,1,"undefined __thiscall FUN_0040c2d0(int param_1, char * * param_2)",false,false,true,"pseudocode/0040c2d0.c"
"0x0040c300","FUN_0040c300",16,1,"undefined4 __fastcall FUN_0040c300(undefined4 * param_1)",false,false,true,"pseudocode/0040c300.c"
"0x0040c310","FUN_0040c310",33,1,"undefined __thiscall FUN_0040c310(int param_1)",false,false,true,"pseudocode/0040c310.c"
"0x0040c340","FUN_0040c340",20,1,"undefined __fastcall FUN_0040c340(undefined4 * param_1)",false,false,true,"pseudocode/0040c340.c"
"0x0040c360","FUN_0040c360",111,1,"undefined __fastcall FUN_0040c360(undefined4 * param_1)",false,false,true,"pseudocode/0040c360.c"
"0x0040c3d0","FUN_0040c3d0",19,1,"undefined __fastcall FUN_0040c3d0(int param_1)",false,false,true,"pseudocode/0040c3d0.c"
"0x0040c3f0","FUN_0040c3f0",42,1,"bool __fastcall FUN_0040c3f0(int param_1)",false,false,true,"pseudocode/0040c3f0.c"
"0x0040c420","FUN_0040c420",80,1,"undefined __fastcall FUN_0040c420(undefined4 param_1)",false,false,true,"pseudocode/0040c420.c"
"0x0040c470","FUN_0040c470",63,1,"undefined __fastcall FUN_0040c470(_Compressed_pair<struct_std::default_delete<class_std::_Facet_base>,class_std::_Facet_base*,1> * param_1)",false,false,true,"pseudocode/0040c470.c"
"0x0040c4b0","FUN_0040c4b0",38,1,"undefined __fastcall FUN_0040c4b0(undefined4 param_1)",false,false,true,"pseudocode/0040c4b0.c"
"0x0040c4e0","release",36,1,"_Facet_base * __thiscall release(void)",false,false,true,"pseudocode/0040c4e0.c"
"0x0040c510","FUN_0040c510",62,1,"undefined1 __fastcall FUN_0040c510(int * param_1)",false,false,true,"pseudocode/0040c510.c"
"0x0040c550","FUN_0040c550",53,1,"undefined __fastcall FUN_0040c550(undefined4 param_1)",false,false,true,"pseudocode/0040c550.c"
"0x0040c590","FUN_0040c590",103,1,"undefined __thiscall FUN_0040c590(undefined4 param_1, int param_2)",false,false,true,"pseudocode/0040c590.c"
"0x0040c600","FUN_0040c600",53,1,"undefined __fastcall FUN_0040c600(undefined4 param_1)",false,false,true,"pseudocode/0040c600.c"
"0x0040c640","FUN_0040c640",29,1,"undefined __thiscall FUN_0040c640(undefined4 * param_1)",false,false,true,"pseudocode/0040c640.c"
"0x0040c660","FUN_0040c660",28,1,"undefined __fastcall FUN_0040c660(_Compressed_pair<struct_std::default_delete<class_std::_Facet_base>,class_std::_Facet_base*,1> * param_1)",false,false,true,"pseudocode/0040c660.c"
"0x0040c680","FUN_0040c680",42,1,"undefined __thiscall FUN_0040c680(undefined4 param_1, undefined4 param_2)",false,false,true,"pseudocode/0040c680.c"
"0x0040c6b0","_Adl_verify_range<char*,char_const*>",5,1,"void __cdecl _Adl_verify_range<char*,char_const*>(char * * param_1, char * * param_2)",false,false,true,"pseudocode/0040c6b0.c"
"0x0040c6c0","_Compressed_pair<><>",33,1,"_Compressed_pair<struct_std::default_delete<class_std::_Facet_base>,class_std::_Facet_base*,1> * __fastcall _Compressed_pair<><>(_Compressed_pair<struct_std::default_delete<class_std::_Facet_base>,class_std::_Facet_base*,1> * param_1)",false,false,true,"pseudocode/0040c6c0.c"
"0x0040c6f0","FID_conflict:_Compressed_pair<class_std::allocator<char>,class_std::_String_val<struct_std::_Simple_types<char>_>,1><class_std::allocator<char>_>",37,1,"undefined4 * __thiscall FID_conflict:_Compressed_pair<class_std::allocator<char>,class_std::_String_val<struct_std::_Simple_types<char>_>,1><class_std::allocator<char>_>(undefined4 param_1, undefined4 param_2)",false,false,true,"pseudocode/0040c6f0.c"
"0x0040c720","FUN_0040c720",44,1,"_Compressed_pair<struct_std::default_delete<class_std::_Facet_base>,class_std::_Facet_base*,1> * __thiscall FUN_0040c720(undefined4 * param_1)",false,false,true,"pseudocode/0040c720.c"
"0x0040c750","FUN_0040c750",25,1,"undefined __thiscall FUN_0040c750(undefined4 * param_1)",false,false,true,"pseudocode/0040c750.c"
"0x0040c770","FUN_0040c770",76,1,"uint __cdecl FUN_0040c770(uint param_1)",false,false,true,"pseudocode/0040c770.c"
"0x0040c7c0","FUN_0040c7c0",19,1,"undefined __cdecl FUN_0040c7c0(allocator<char> * param_1, uint * param_2)",false,false,true,"pseudocode/0040c7c0.c"
"0x0040c7e0","FUN_0040c7e0",19,1,"undefined __cdecl FUN_0040c7e0(undefined4 param_1, uint * param_2)",false,false,true,"pseudocode/0040c7e0.c"
"0x0040c800","FUN_0040c800",137,1,"undefined4 __cdecl FUN_0040c800(allocator<char> * param_1, uint * param_2)",false,false,true,"pseudocode/0040c800.c"
"0x0040c890","FUN_0040c890",140,1,"undefined4 __cdecl FUN_0040c890(undefined4 param_1, uint * param_2)",false,false,true,"pseudocode/0040c890.c"
"0x0040c920","FUN_0040c920",101,2,"uint __cdecl FUN_0040c920(uint param_1)",false,false,true,"pseudocode/0040c920.c"
"0x0040c990","FUN_0040c990",19,1,"undefined4 __cdecl FUN_0040c990(undefined4 * param_1)",false,false,true,"pseudocode/0040c990.c"
"0x0040c9b0","FUN_0040c9b0",48,1,"bool __cdecl FUN_0040c9b0(uint param_1, uint param_2)",false,false,true,"pseudocode/0040c9b0.c"
"0x0040c9e0","FUN_0040c9e0",330,1,"undefined __thiscall FUN_0040c9e0(uint * param_1, uint param_2)",false,false,true,"pseudocode/0040c9e0.c"
"0x0040cb30","FUN_0040cb30",273,1,"undefined __thiscall FUN_0040cb30(uint * param_1, uint param_2)",false,false,true,"pseudocode/0040cb30.c"
"0x0040cc50","FUN_0040cc50",273,1,"undefined __thiscall FUN_0040cc50(uint * param_1, uint param_2)",false,false,true,"pseudocode/0040cc50.c"
"0x0040cd70","FUN_0040cd70",115,1,"undefined __cdecl FUN_0040cd70(undefined4 param_1, undefined4 param_2)",false,false,true,"pseudocode/0040cd70.c"
"0x0040cdf0","FUN_0040cdf0",69,1,"_Compressed_pair<struct_std::default_delete<class_std::_Facet_base>,class_std::_Facet_base*,1> * __cdecl FUN_0040cdf0(_Compressed_pair<struct_std::default_delete<class_std::_Facet_base>,class_std::_Facet_base*,1> * param_1, undefined4 * param_2)",false,false,true,"pseudocode/0040cdf0.c"
"0x0040ce40","FUN_0040ce40",53,1,"_Compressed_pair<struct_std::default_delete<class_std::_Facet_base>,class_std::_Facet_base*,1> * __cdecl FUN_0040ce40(_Compressed_pair<struct_std::default_delete<class_std::_Facet_base>,class_std::_Facet_base*,1> * param_1)",false,false,true,"pseudocode/0040ce40.c"
"0x0040ce80","FUN_0040ce80",313,1,"basic_string<char,struct_std::char_traits<char>,class_std::allocator<char>_> * __cdecl FUN_0040ce80(basic_string<char,struct_std::char_traits<char>,class_std::allocator<char>_> * param_1, UINT param_2, undefined4 param_3, undefined4 param_4, undefined4 param_5)",false,false,true,"pseudocode/0040ce80.c"
"0x0040cfc0","FUN_0040cfc0",116,1,"undefined __cdecl FUN_0040cfc0(LPVOID param_1, uint param_2)",false,false,true,"pseudocode/0040cfc0.c"
"0x0040d040","_Get_size_of_n<1>",15,1,"uint __cdecl _Get_size_of_n<1>(uint param_1)",false,false,true,"pseudocode/0040d040.c"
"0x0040d050","_Get_size_of_n<2>",41,1,"uint __cdecl _Get_size_of_n<2>(uint param_1)",false,false,true,"pseudocode/0040d050.c"
"0x0040d080","FUN_0040d080",10,1,"undefined * * __stdcall FUN_0040d080(void)",false,false,true,"pseudocode/0040d080.c"
"0x0040d090","FUN_0040d090",10,1,"undefined * * __stdcall FUN_0040d090(void)",false,false,true,"pseudocode/0040d090.c"
"0x0040d0a0","FUN_0040d0a0",53,1,"bool __cdecl FUN_0040d0a0(uint param_1)",false,false,true,"pseudocode/0040d0a0.c"
"0x0040d0e0","FUN_0040d0e0",20,1,"undefined4 __stdcall FUN_0040d0e0(void)",false,false,true,"pseudocode/0040d0e0.c"
"0x0040d100","FUN_0040d100",306,1,"undefined __thiscall FUN_0040d100(uint param_1, undefined4 param_2, size_t param_3, char param_4)",false,false,true,"pseudocode/0040d100.c"
"0x0040d240","FUN_0040d240",304,1,"undefined __thiscall FUN_0040d240(uint param_1, undefined4 param_2, uint * param_3, uint param_4)",false,false,true,"pseudocode/0040d240.c"
"0x0040d370","FUN_0040d370",306,1,"undefined __thiscall FUN_0040d370(uint param_1, undefined4 param_2, size_t param_3, wchar_t param_4)",false,false,true,"pseudocode/0040d370.c"
"0x0040d4b0","FUN_0040d4b0",298,1,"undefined __thiscall FUN_0040d4b0(uint param_1)",false,false,true,"pseudocode/0040d4b0.c"
"0x0040d5e0","FUN_0040d5e0",288,1,"undefined __thiscall FUN_0040d5e0(uint param_1)",false,false,true,"pseudocode/0040d5e0.c"
"0x0040d700","FUN_0040d700",29,1,"void * __cdecl FUN_0040d700(void * param_1, undefined4 * param_2)",false,false,true,"pseudocode/0040d700.c"
"0x0040d720","FUN_0040d720",106,1,"undefined __thiscall FUN_0040d720(undefined4 * param_1)",false,false,true,"pseudocode/0040d720.c"
"0x0040d790","FUN_0040d790",57,1,"void * __cdecl FUN_0040d790(undefined4 param_1)",false,false,true,"pseudocode/0040d790.c"
"0x0040d7d0","FUN_0040d7d0",47,1,"undefined4 * __cdecl FUN_0040d7d0(undefined4 param_1, undefined4 param_2)",false,false,true,"pseudocode/0040d7d0.c"
"0x0040d800","FUN_0040d800",57,1,"void * __cdecl FUN_0040d800(undefined4 param_1)",false,false,true,"pseudocode/0040d800.c"
"0x0040d840","FUN_0040d840",120,1,"undefined __stdcall FUN_0040d840(LPVOID param_1)",false,false,true,"pseudocode/0040d840.c"
"0x0040d8c0","FUN_0040d8c0",143,1,"undefined __stdcall FUN_0040d8c0(undefined4 param_1, uint param_2)",false,false,true,"pseudocode/0040d8c0.c"
"0x0040d950","_Max_value<>",45,1,"uint * __cdecl _Max_value<>(uint * param_1, uint * param_2)",false,false,true,"pseudocode/0040d950.c"
"0x0040d980","_Min_value<>",45,1,"uint * __cdecl _Min_value<>(uint * param_1, uint * param_2)",false,false,true,"pseudocode/0040d980.c"
"0x0040d9b0","_String_val<>",42,1,"undefined4 * __fastcall _String_val<>(undefined4 * param_1)",false,false,true,"pseudocode/0040d9b0.c"
"0x0040d9e0","FUN_0040d9e0",105,1,"void * __thiscall FUN_0040d9e0(_Compressed_pair<struct_std::default_delete<class_std::_Facet_base>,class_std::_Facet_base*,1> * param_1)",false,false,true,"pseudocode/0040d9e0.c"
"0x0040da50","FUN_0040da50",164,1,"void * __thiscall FUN_0040da50(_Compressed_pair<struct_std::default_delete<class_std::_Facet_base>,class_std::_Facet_base*,1> * param_1)",false,false,true,"pseudocode/0040da50.c"
"0x0040db00","FUN_0040db00",93,1,"undefined1 * __thiscall FUN_0040db00(undefined4 param_1)",false,false,true,"pseudocode/0040db00.c"
"0x0040db70","FUN_0040db70",128,1,"_Compressed_pair<struct_std::default_delete<class_std::_Facet_base>,class_std::_Facet_base*,1> * __thiscall FUN_0040db70(uint * param_1)",false,false,true,"pseudocode/0040db70.c"
"0x0040dbf0","FUN_0040dbf0",110,1,"_Compressed_pair<struct_std::default_delete<class_std::_Facet_base>,class_std::_Facet_base*,1> * __thiscall FUN_0040dbf0(uint * param_1, uint param_2)",false,false,true,"pseudocode/0040dbf0.c"
"0x0040dc60","FUN_0040dc60",87,1,"_Compressed_pair<struct_std::default_delete<class_std::_Facet_base>,class_std::_Facet_base*,1> * __fastcall FUN_0040dc60(_Compressed_pair<struct_std::default_delete<class_std::_Facet_base>,class_std::_Facet_base*,1> * param_1)",false,false,true,"pseudocode/0040dc60.c"
"0x0040dcc0","FUN_0040dcc0",164,1,"void * __thiscall FUN_0040dcc0(_Compressed_pair<struct_std::default_delete<class_std::_Facet_base>,class_std::_Facet_base*,1> * param_1)",false,false,true,"pseudocode/0040dcc0.c"
"0x0040dd70","FUN_0040dd70",87,1,"_Compressed_pair<struct_std::default_delete<class_std::_Facet_base>,class_std::_Facet_base*,1> * __fastcall FUN_0040dd70(_Compressed_pair<struct_std::default_delete<class_std::_Facet_base>,class_std::_Facet_base*,1> * param_1)",false,false,true,"pseudocode/0040dd70.c"
"0x0040ddd0","FUN_0040ddd0",42,1,"undefined4 * __thiscall FUN_0040ddd0(char * param_1)",false,false,true,"pseudocode/0040ddd0.c"
"0x0040de00","FUN_0040de00",33,1,"undefined4 * __thiscall FUN_0040de00(undefined4 param_1, undefined4 param_2)",false,false,true,"pseudocode/0040de00.c"
"0x0040de30","FUN_0040de30",53,1,"undefined4 * __fastcall FUN_0040de30(undefined4 * param_1)",false,false,true,"pseudocode/0040de30.c"
"0x0040de70","FUN_0040de70",30,1,"undefined4 * __fastcall FUN_0040de70(undefined4 * param_1)",false,false,true,"pseudocode/0040de70.c"
"0x0040de90","FUN_0040de90",16,1,"undefined4 __fastcall FUN_0040de90(undefined4 param_1)",false,false,true,"pseudocode/0040de90.c"
"0x0040dea0","FUN_0040dea0",23,1,"undefined4 * __fastcall FUN_0040dea0(undefined4 * param_1)",false,false,true,"pseudocode/0040dea0.c"
"0x0040dec0","FUN_0040dec0",140,1,"undefined4 * __stdcall FUN_0040dec0(undefined4 param_1, undefined4 param_2)",false,false,true,"pseudocode/0040dec0.c"
"0x0040df50","FUN_0040df50",165,1,"undefined4 * __stdcall FUN_0040df50(undefined4 param_1, undefined4 param_2, _Compressed_pair<struct_std::default_delete<class_std::_Facet_base>,class_std::_Facet_base*,1> * param_3)",false,false,true,"pseudocode/0040df50.c"
"0x0040e000","_System_error",55,1,"undefined __thiscall _System_error(_System_error * param_1)",false,false,true,"pseudocode/0040e000.c"
"0x0040e040","_System_error_message",44,1,"undefined __thiscall _System_error_message(ulong param_1)",false,false,true,"pseudocode/0040e040.c"
"0x0040e070","bad_alloc",39,1,"undefined __thiscall bad_alloc(char * param_1)",false,false,true,"pseudocode/0040e070.c"
"0x0040e0a0","FUN_0040e0a0",37,1,"exception * __thiscall FUN_0040e0a0(exception * param_1)",false,false,true,"pseudocode/0040e0a0.c"
"0x0040e0d0","FID_conflict:evaluation_error",37,1,"undefined4 * __thiscall FID_conflict:evaluation_error(exception * param_1)",false,false,true,"pseudocode/0040e0d0.c"
"0x0040e100","bad_array_new_length",36,1,"undefined __thiscall bad_array_new_length(void)",false,false,true,"pseudocode/0040e100.c"
"0x0040e130","FUN_0040e130",34,1,"undefined4 * __fastcall FUN_0040e130(undefined4 * param_1)",false,false,true,"pseudocode/0040e130.c"
"0x0040e160","exception",60,1,"undefined __thiscall exception(exception * param_1)",false,false,true,"pseudocode/0040e160.c"
"0x0040e1a0","FUN_0040e1a0",89,1,"undefined __thiscall FUN_0040e1a0(int param_1)",false,false,true,"pseudocode/0040e1a0.c"
"0x0040e200","exception",47,1,"undefined __thiscall exception(char * param_1, int param_2)",false,false,true,"pseudocode/0040e200.c"
"0x0040e230","FUN_0040e230",33,1,"undefined4 * __fastcall FUN_0040e230(undefined4 * param_1)",false,false,true,"pseudocode/0040e230.c"
"0x0040e260","FUN_0040e260",176,1,"system_error * __thiscall FUN_0040e260(system_error * param_1)",false,false,true,"pseudocode/0040e260.c"
"0x0040e310","FUN_0040e310",262,1,"exception * __thiscall FUN_0040e310(_Compressed_pair<struct_std::default_delete<class_std::_Facet_base>,class_std::_Facet_base*,1> * param_1, _Compressed_pair<struct_std::default_delete<class_std::_Facet_base>,class_std::_Facet_base*,1> * param_2, undefined4 param_3, undefined4 param_4)",false,false,true,"pseudocode/0040e310.c"
"0x0040e420","FUN_0040e420",37,1,"void * __thiscall FUN_0040e420(_Compressed_pair<struct_std::default_delete<class_std::_Facet_base>,class_std::_Facet_base*,1> * param_1)",false,false,true,"pseudocode/0040e420.c"
"0x0040e450","FUN_0040e450",23,1,"_Compressed_pair<struct_std::default_delete<class_std::_Facet_base>,class_std::_Facet_base*,1> * __fastcall FUN_0040e450(_Compressed_pair<struct_std::default_delete<class_std::_Facet_base>,class_std::_Facet_base*,1> * param_1)",false,false,true,"pseudocode/0040e450.c"
"0x0040e470","FUN_0040e470",37,1,"exception * __thiscall FUN_0040e470(exception * param_1)",false,false,true,"pseudocode/0040e470.c"
"0x0040e4a0","FUN_0040e4a0",42,1,"undefined4 * __thiscall FUN_0040e4a0(undefined4 * param_1)",false,false,true,"pseudocode/0040e4a0.c"
"0x0040e4d0","system_error",37,1,"undefined __thiscall system_error(system_error * param_1)",false,false,true,"pseudocode/0040e4d0.c"
"0x0040e500","FUN_0040e500",41,1,"undefined4 * __thiscall FUN_0040e500(undefined4 param_1, undefined4 param_2)",false,false,true,"pseudocode/0040e500.c"
"0x0040e530","FUN_0040e530",45,1,"undefined4 * __thiscall FUN_0040e530(undefined4 param_1, undefined4 param_2, _Compressed_pair<struct_std::default_delete<class_std::_Facet_base>,class_std::_Facet_base*,1> * param_3)",false,false,true,"pseudocode/0040e530.c"
"0x0040e560","FUN_0040e560",20,1,"undefined __stdcall FUN_0040e560(void)",false,false,true,"pseudocode/0040e560.c"
"0x0040e580","FUN_0040e580",20,1,"undefined __stdcall FUN_0040e580(void)",false,false,true,"pseudocode/0040e580.c"
"0x0040e5a0","FUN_0040e5a0",29,1,"undefined __fastcall FUN_0040e5a0(_Compressed_pair<struct_std::default_delete<class_std::_Facet_base>,class_std::_Facet_base*,1> * param_1)",false,false,true,"pseudocode/0040e5a0.c"
"0x0040e5c0","~function<void___cdecl(void)>",29,1,"void __thiscall ~function<void___cdecl(void)>(void)",false,false,true,"pseudocode/0040e5c0.c"
"0x0040e5e0","FUN_0040e5e0",11,1,"undefined __stdcall FUN_0040e5e0(void)",false,false,true,"pseudocode/0040e5e0.c"
"0x0040e5f0","FUN_0040e5f0",20,1,"undefined __fastcall FUN_0040e5f0(exception * param_1)",false,false,true,"pseudocode/0040e5f0.c"
"0x0040e610","FUN_0040e610",23,1,"undefined __fastcall FUN_0040e610(undefined4 * param_1)",false,false,true,"pseudocode/0040e610.c"
"0x0040e630","FUN_0040e630",20,1,"undefined __fastcall FUN_0040e630(exception * param_1)",false,false,true,"pseudocode/0040e630.c"
"0x0040e650","~exception",35,1,"void __thiscall ~exception(void)",false,false,true,"pseudocode/0040e650.c"
"0x0040e680","FUN_0040e680",53,1,"undefined __fastcall FUN_0040e680(exception * param_1)",false,false,true,"pseudocode/0040e680.c"
"0x0040e6c0","FUN_0040e6c0",20,1,"undefined __fastcall FUN_0040e6c0(function<void___cdecl(void)> * param_1)",false,false,true,"pseudocode/0040e6c0.c"
"0x0040e6e0","FUN_0040e6e0",20,1,"undefined __fastcall FUN_0040e6e0(exception * param_1)",false,false,true,"pseudocode/0040e6e0.c"
"0x0040e700","move<>",8,1,"undefined4 __cdecl move<>(undefined4 param_1, undefined4 param_2)",false,false,true,"pseudocode/0040e700.c"
"0x0040e710","FUN_0040e710",73,1,"bool __thiscall FUN_0040e710(int param_1)",false,false,true,"pseudocode/0040e710.c"
"0x0040e760","FUN_0040e760",95,1,"undefined1 __cdecl FUN_0040e760(undefined4 * param_1, undefined4 * param_2)",false,false,true,"pseudocode/0040e760.c"
"0x0040e7c0","FUN_0040e7c0",54,1,"void * __thiscall FUN_0040e7c0(void * param_1)",false,false,true,"pseudocode/0040e7c0.c"
"0x0040e800","FUN_0040e800",45,1,"bool __fastcall FUN_0040e800(undefined4 * param_1)",false,false,true,"pseudocode/0040e800.c"
"0x0040e830","FUN_0040e830",11,1,"uint __cdecl FUN_0040e830(uint param_1, uint param_2)",false,false,true,"pseudocode/0040e830.c"
"0x0040e840","FID_conflict:operator()",85,1,"undefined __stdcall FID_conflict:operator()(uint * param_1, uint * param_2, uint param_3, size_t param_4, char param_5)",false,false,true,"pseudocode/0040e840.c"
"0x0040e8a0","FID_conflict:operator()",84,1,"undefined __stdcall FID_conflict:operator()(uint * param_1, uint * param_2, uint param_3, uint * param_4, uint param_5)",false,false,true,"pseudocode/0040e8a0.c"
"0x0040e900","FID_conflict:operator()",93,1,"undefined __stdcall FID_conflict:operator()(uint * param_1, uint * param_2, int param_3, size_t param_4, wchar_t param_5)",false,false,true,"pseudocode/0040e900.c"
"0x0040e960","FID_conflict:operator()",81,1,"undefined __stdcall FID_conflict:operator()(uint * param_1, uint * param_2, uint param_3)",false,false,true,"pseudocode/0040e960.c"
"0x0040e9c0","FUN_0040e9c0",36,1,"undefined8 __stdcall FUN_0040e9c0(uint * param_1, uint * param_2, int param_3)",false,false,true,"pseudocode/0040e9c0.c"
"0x0040e9f0","FUN_0040e9f0",25,1,"undefined __thiscall FUN_0040e9f0(basic_string<char,struct_std::char_traits<char>,class_std::allocator<char>_> * param_1)",false,false,true,"pseudocode/0040e9f0.c"
"0x0040ea10","operator+=",29,1,"basic_string<char,struct_std::char_traits<char>,class_std::allocator<char>_> * __thiscall operator+=(char param_1)",false,false,true,"pseudocode/0040ea10.c"
"0x0040ea30","FID_conflict:`scalar_deleting_destructor'",46,1,"LPVOID __thiscall FID_conflict:`scalar_deleting_destructor'(uint param_1)",false,false,true,"pseudocode/0040ea30.c"
"0x0040ea60","FID_conflict:`scalar_deleting_destructor'",46,1,"exception * __thiscall FID_conflict:`scalar_deleting_destructor'(uint param_1)",false,false,true,"pseudocode/0040ea60.c"
"0x0040ea90","FID_conflict:`scalar_deleting_destructor'",46,1,"exception * __thiscall FID_conflict:`scalar_deleting_destructor'(uint param_1)",false,false,true,"pseudocode/0040ea90.c"
"0x0040eac0","FID_conflict:`scalar_deleting_destructor'",46,1,"exception * __thiscall FID_conflict:`scalar_deleting_destructor'(uint param_1)",false,false,true,"pseudocode/0040eac0.c"
"0x0040eaf0","FUN_0040eaf0",46,1,"exception * __thiscall FUN_0040eaf0(uint param_1)",false,false,true,"pseudocode/0040eaf0.c"
"0x0040eb20","FUN_0040eb20",46,1,"exception * __thiscall FUN_0040eb20(uint param_1)",false,false,true,"pseudocode/0040eb20.c"
"0x0040eb50","FID_conflict:`scalar_deleting_destructor'",46,1,"exception * __thiscall FID_conflict:`scalar_deleting_destructor'(uint param_1)",false,false,true,"pseudocode/0040eb50.c"
"0x0040eb80","FUN_0040eb80",24,1,"void * __cdecl FUN_0040eb80(void * param_1, undefined4 param_2, undefined4 param_3)",false,false,true,"pseudocode/0040eb80.c"
"0x0040eba0","FUN_0040eba0",60,1,"undefined __fastcall FUN_0040eba0(int param_1)",false,false,true,"pseudocode/0040eba0.c"
"0x0040ebe0","FUN_0040ebe0",63,1,"undefined __fastcall FUN_0040ebe0(int param_1)",false,false,true,"pseudocode/0040ebe0.c"
"0x0040ec20","FUN_0040ec20",101,2,"undefined __cdecl FUN_0040ec20(int * param_1, int * param_2)",false,false,true,"pseudocode/0040ec20.c"
"0x0040ec90","FUN_0040ec90",13,1,"undefined __stdcall FUN_0040ec90(void)",false,false,true,"pseudocode/0040ec90.c"
"0x0040eca0","FUN_0040eca0",17,1,"undefined __cdecl FUN_0040eca0(uint param_1)",false,false,true,"pseudocode/0040eca0.c"
"0x0040ecc0","FUN_0040ecc0",55,1,"undefined __thiscall FUN_0040ecc0(uint param_1)",false,false,true,"pseudocode/0040ecc0.c"
"0x0040ed00","FUN_0040ed00",101,1,"undefined __cdecl FUN_0040ed00(uint param_1, uint param_2, uint param_3)",false,false,true,"pseudocode/0040ed00.c"
"0x0040ed70","FUN_0040ed70",55,1,"undefined __thiscall FUN_0040ed70(uint param_1)",false,false,true,"pseudocode/0040ed70.c"
"0x0040edb0","FUN_0040edb0",101,1,"undefined __cdecl FUN_0040edb0(uint param_1, uint param_2, uint param_3)",false,false,true,"pseudocode/0040edb0.c"
"0x0040ee20","FUN_0040ee20",24,1,"undefined4 __cdecl FUN_0040ee20(undefined4 param_1, int param_2)",false,false,true,"pseudocode/0040ee20.c"
"0x0040ee40","FUN_0040ee40",94,1,"undefined __fastcall FUN_0040ee40(undefined1 * param_1)",false,false,true,"pseudocode/0040ee40.c"
"0x0040eea0","FUN_0040eea0",96,1,"undefined __fastcall FUN_0040eea0(undefined2 * param_1)",false,false,true,"pseudocode/0040eea0.c"
"0x0040ef00","FUN_0040ef00",310,1,"_Compressed_pair<struct_std::default_delete<class_std::_Facet_base>,class_std::_Facet_base*,1> * __cdecl FUN_0040ef00(_Compressed_pair<struct_std::default_delete<class_std::_Facet_base>,class_std::_Facet_base*,1> * param_1, UINT param_2)",false,false,true,"pseudocode/0040ef00.c"
"0x0040f040","FUN_0040f040",25,1,"undefined __cdecl FUN_0040f040(undefined4 param_1, LPVOID param_2, int param_3)",false,false,true,"pseudocode/0040f040.c"
"0x0040f060","FUN_0040f060",25,1,"undefined __cdecl FUN_0040f060(undefined4 param_1, LPVOID param_2, int param_3)",false,false,true,"pseudocode/0040f060.c"
"0x0040f080","FUN_0040f080",52,1,"undefined __thiscall FUN_0040f080(int param_1)",false,false,true,"pseudocode/0040f080.c"
"0x0040f0c0","FUN_0040f0c0",57,1,"undefined __thiscall FUN_0040f0c0(int param_1)",false,false,true,"pseudocode/0040f0c0.c"
"0x0040f100","FUN_0040f100",93,1,"undefined __cdecl FUN_0040f100(undefined4 * param_1, undefined4 * param_2, uint param_3)",false,false,true,"pseudocode/0040f100.c"
"0x0040f160","FUN_0040f160",19,1,"undefined __fastcall FUN_0040f160(_Compressed_pair<struct_std::default_delete<class_std::_Facet_base>,class_std::_Facet_base*,1> * param_1)",false,false,true,"pseudocode/0040f160.c"
"0x0040f180","FUN_0040f180",42,1,"bool __fastcall FUN_0040f180(int param_1)",false,false,true,"pseudocode/0040f180.c"
"0x0040f1b0","FUN_0040f1b0",42,1,"bool __fastcall FUN_0040f1b0(int param_1)",false,false,true,"pseudocode/0040f1b0.c"
"0x0040f1e0","make_error_code",26,1,"void * __cdecl make_error_code(void * param_1, undefined4 param_2)",false,false,true,"pseudocode/0040f1e0.c"
"0x0040f200","FUN_0040f200",184,1,"void * __cdecl FUN_0040f200(void * param_1)",false,false,true,"pseudocode/0040f200.c"
"0x0040f2c0","Myptr",54,1,"undefined4 * __fastcall Myptr(undefined4 * param_1)",false,false,true,"pseudocode/0040f2c0.c"
"0x0040f300","Myptr",54,1,"undefined4 * __fastcall Myptr(undefined4 * param_1)",false,false,true,"pseudocode/0040f300.c"
"0x0040f340","FUN_0040f340",533,1,"undefined __cdecl FUN_0040f340(_Compressed_pair<struct_std::default_delete<class_std::_Facet_base>,class_std::_Facet_base*,1> * param_1, undefined4 param_2, undefined4 param_3, _Compressed_pair<struct_std::default_delete<class_std::_Facet_base>,class_std::_Facet_base*,1> * param_4, _Compressed_pair<struct_std::default_delete<class_std::_Facet_base>,class_std::_Facet_base*,1> * param_5)",false,false,true,"pseudocode/0040f340.c"
"0x0040f560","FUN_0040f560",270,1,"undefined __thiscall FUN_0040f560(uint param_1, int param_2)",false,false,true,"pseudocode/0040f560.c"
"0x0040f670","FUN_0040f670",34,1,"undefined __stdcall FUN_0040f670(void)",false,false,true,"pseudocode/0040f670.c"
"0x0040f6a0","FUN_0040f6a0",72,1,"undefined __fastcall FUN_0040f6a0(char * * param_1)",false,false,true,"pseudocode/0040f6a0.c"
"0x0040f6f0","FUN_0040f6f0",75,1,"undefined __fastcall FUN_0040f6f0(char * * param_1)",false,false,true,"pseudocode/0040f6f0.c"
"0x0040f740","FUN_0040f740",317,1,"undefined __thiscall FUN_0040f740(char * * param_1)",false,false,true,"pseudocode/0040f740.c"
"0x0040f880","_Throw_bad_array_new_length",33,1,"void __cdecl _Throw_bad_array_new_length(void)",false,false,true,"pseudocode/0040f880.c"
"0x0040f8b0","FUN_0040f8b0",172,1,"undefined __cdecl FUN_0040f8b0(uint * param_1, undefined4 * param_2, _Compressed_pair<struct_std::default_delete<class_std::_Facet_base>,class_std::_Facet_base*,1> * param_3)",false,false,true,"pseudocode/0040f8b0.c"
"0x0040f960","FUN_0040f960",56,1,"undefined __cdecl FUN_0040f960(undefined4 param_1)",false,false,true,"pseudocode/0040f960.c"
"0x0040f9a0","FUN_0040f9a0",56,1,"undefined __cdecl FUN_0040f9a0(undefined4 param_1)",false,false,true,"pseudocode/0040f9a0.c"
"0x0040f9e0","FUN_0040f9e0",136,1,"undefined __fastcall FUN_0040f9e0(_Compressed_pair<struct_std::default_delete<class_std::_Facet_base>,class_std::_Facet_base*,1> * param_1)",false,false,true,"pseudocode/0040f9e0.c"
"0x0040fa70","FUN_0040fa70",138,1,"undefined __fastcall FUN_0040fa70(_Compressed_pair<struct_std::default_delete<class_std::_Facet_base>,class_std::_Facet_base*,1> * param_1)",false,false,true,"pseudocode/0040fa70.c"
"0x0040fb00","FUN_0040fb00",16,1,"undefined __stdcall FUN_0040fb00(void)",false,false,true,"pseudocode/0040fb00.c"
"0x0040fb10","allocate",34,1,"char * __thiscall allocate(uint param_1)",false,false,true,"pseudocode/0040fb10.c"
"0x0040fb40","allocate",34,1,"undefined __stdcall allocate(uint param_1)",false,false,true,"pseudocode/0040fb40.c"
"0x0040fb70","append",51,1,"basic_string<char,struct_std::char_traits<char>,class_std::allocator<char>_> * __thiscall append(basic_string<char,struct_std::char_traits<char>,class_std::allocator<char>_> * param_1)",false,false,true,"pseudocode/0040fb70.c"
"0x0040fbb0","append",142,1,"basic_string<char,struct_std::char_traits<char>,class_std::allocator<char>_> * __thiscall append(uint param_1, char param_2)",false,false,true,"pseudocode/0040fbb0.c"
"0x0040fc40","append",47,1,"basic_string<char,struct_std::char_traits<char>,class_std::allocator<char>_> * __thiscall append(char * param_1)",false,false,true,"pseudocode/0040fc40.c"
"0x0040fc70","append",140,1,"basic_string<char,struct_std::char_traits<char>,class_std::allocator<char>_> * __thiscall append(char * param_1, uint param_2)",false,false,true,"pseudocode/0040fc70.c"
"0x0040fd00","FID_conflict:append",150,1,"undefined4 * __thiscall FID_conflict:append(uint param_1, wchar_t param_2)",false,false,true,"pseudocode/0040fd00.c"
"0x0040fda0","FUN_0040fda0",53,1,"undefined1 * __cdecl FUN_0040fda0(undefined1 * param_1, int param_2, undefined1 param_3)",false,false,true,"pseudocode/0040fda0.c"
"0x0040fde0","FUN_0040fde0",15,1,"undefined __cdecl FUN_0040fde0(undefined1 * param_1, undefined1 * param_2)",false,false,true,"pseudocode/0040fde0.c"
"0x0040fdf0","FUN_0040fdf0",55,1,"undefined2 * __cdecl FUN_0040fdf0(undefined2 * param_1, int param_2, undefined2 param_3)",false,false,true,"pseudocode/0040fdf0.c"
"0x0040fe30","FUN_0040fe30",17,1,"undefined __cdecl FUN_0040fe30(undefined2 * param_1, undefined2 * param_2)",false,false,true,"pseudocode/0040fe30.c"
"0x0040fe50","FUN_0040fe50",61,1,"undefined __cdecl FUN_0040fe50(undefined1 * param_1, size_t param_2, char param_3)",false,false,true,"pseudocode/0040fe50.c"
"0x0040fe90","FUN_0040fe90",45,1,"undefined __cdecl FUN_0040fe90(undefined1 * param_1, undefined1 * param_2)",false,false,true,"pseudocode/0040fe90.c"
"0x0040fec0","FUN_0040fec0",61,1,"undefined __cdecl FUN_0040fec0(wchar_t * param_1, size_t param_2, wchar_t param_3)",false,false,true,"pseudocode/0040fec0.c"
"0x0040ff00","FUN_0040ff00",47,1,"undefined __cdecl FUN_0040ff00(undefined2 * param_1, undefined2 * param_2)",false,false,true,"pseudocode/0040ff00.c"
"0x0040ff30","FUN_0040ff30",19,1,"undefined __fastcall FUN_0040ff30(undefined4 * param_1)",false,false,true,"pseudocode/0040ff30.c"
"0x0040ff50","FUN_0040ff50",19,1,"undefined __fastcall FUN_0040ff50(undefined4 * param_1)",false,false,true,"pseudocode/0040ff50.c"
"0x0040ff70","FUN_0040ff70",19,1,"undefined __fastcall FUN_0040ff70(undefined4 * param_1)",false,false,true,"pseudocode/0040ff70.c"
"0x0040ff90","FUN_0040ff90",17,1,"undefined4 __fastcall FUN_0040ff90(int param_1)",false,false,true,"pseudocode/0040ff90.c"
"0x0040ffb0","FUN_0040ffb0",31,1,"undefined __fastcall FUN_0040ffb0(undefined4 * param_1)",false,false,true,"pseudocode/0040ffb0.c"
"0x0040ffd0","FUN_0040ffd0",92,1,"undefined8 __cdecl FUN_0040ffd0(uint * param_1, uint * param_2, uint param_3)",false,false,true,"pseudocode/0040ffd0.c"
"0x00410030","FUN_00410030",100,1,"undefined8 __cdecl FUN_00410030(uint * param_1, uint * param_2, int param_3)",false,false,true,"pseudocode/00410030.c"
"0x004100a0","FUN_004100a0",29,1,"undefined __stdcall FUN_004100a0(LPVOID param_1, uint param_2)",false,false,true,"pseudocode/004100a0.c"
"0x004100c0","deallocate",31,1,"undefined __stdcall deallocate(LPVOID param_1, int param_2)",false,false,true,"pseudocode/004100c0.c"
"0x004100e0","FUN_004100e0",446,1,"uint * __cdecl FUN_004100e0(uint * param_1, uint param_2, byte param_3, char param_4, int param_5, uint param_6)",false,false,true,"pseudocode/004100e0.c"
"0x004102a0","FUN_004102a0",149,2,"void * __stdcall FUN_004102a0(void * param_1, int param_2)",false,false,true,"pseudocode/004102a0.c"
"0x00410340","default_error_condition",32,1,"void * __thiscall default_error_condition(void * param_1, undefined4 param_2)",false,false,true,"pseudocode/00410340.c"
"0x00410360","FUN_00410360",42,1,"bool __fastcall FUN_00410360(int param_1)",false,false,true,"pseudocode/00410360.c"
"0x00410390","FUN_00410390",42,1,"bool __fastcall FUN_00410390(int param_1)",false,false,true,"pseudocode/00410390.c"
"0x004103c0","FUN_004103c0",446,1,"uint * __cdecl FUN_004103c0(uint * param_1, uint param_2, byte param_3, char param_4, int param_5, uint param_6)",false,false,true,"pseudocode/004103c0.c"
"0x00410580","FUN_00410580",72,1,"undefined1 __thiscall FUN_00410580(undefined4 * param_1, int param_2)",false,false,true,"pseudocode/00410580.c"
"0x004105d0","FUN_004105d0",53,1,"undefined __thiscall FUN_004105d0(undefined4 param_1, undefined4 param_2)",false,false,true,"pseudocode/004105d0.c"
"0x00410610","FUN_00410610",104,1,"undefined __cdecl FUN_00410610(_Compressed_pair<struct_std::default_delete<class_std::_Facet_base>,class_std::_Facet_base*,1> * param_1)",false,false,true,"pseudocode/00410610.c"
"0x00410680","FUN_00410680",83,1,"bool __cdecl FUN_00410680(undefined4 * param_1, undefined4 * param_2)",false,false,true,"pseudocode/00410680.c"
"0x004106e0","FUN_004106e0",179,1,"undefined __stdcall FUN_004106e0(void)",false,false,true,"pseudocode/004106e0.c"
"0x004107a0","FUN_004107a0",157,1,"undefined __stdcall FUN_004107a0(void)",false,false,true,"pseudocode/004107a0.c"
"0x00410840","FUN_00410840",323,1,"undefined __cdecl FUN_00410840(char * * param_1)",false,false,true,"pseudocode/00410840.c"
"0x00410990","FUN_00410990",266,1,"undefined __cdecl FUN_00410990(SIZE_T param_1)",false,false,true,"pseudocode/00410990.c"
"0x00410aa0","FUN_00410aa0",583,1,"undefined __cdecl FUN_00410aa0(undefined1[16] * param_1, SIZE_T * param_2, int param_3)",false,false,true,"pseudocode/00410aa0.c"
"0x00410cf0","FUN_00410cf0",368,1,"undefined __cdecl FUN_00410cf0(char * * param_1)",false,false,true,"pseudocode/00410cf0.c"
"0x00410e70","FUN_00410e70",493,1,"undefined __cdecl FUN_00410e70(char * * param_1, LPCVOID param_2, DWORD param_3)",false,false,true,"pseudocode/00410e70.c"
"0x00411060","FUN_00411060",255,1,"undefined __cdecl FUN_00411060(LPCVOID param_1, DWORD param_2)",false,false,true,"pseudocode/00411060.c"
"0x00411160","FUN_00411160",10,1,"undefined __stdcall FUN_00411160(void)",false,false,true,"pseudocode/00411160.c"
"0x00411170","FUN_00411170",7,1,"undefined1 __stdcall FUN_00411170(void)",false,false,true,"pseudocode/00411170.c"
"0x00411180","FUN_00411180",56,1,"int __cdecl FUN_00411180(char * param_1)",false,false,true,"pseudocode/00411180.c"
"0x004111c0","make_error_code",26,1,"void * __cdecl make_error_code(void * param_1, undefined4 param_2)",false,false,true,"pseudocode/004111c0.c"
"0x004111e0","eof",8,1,"int __cdecl eof(int _FileHandle)",false,false,true,"pseudocode/004111e0.c"
"0x004111f0","FUN_004111f0",10,1,"undefined4 __stdcall FUN_004111f0(void)",false,false,true,"pseudocode/004111f0.c"
"0x00411200","FUN_00411200",116,1,"undefined __fastcall FUN_00411200(_Compressed_pair<struct_std::default_delete<class_std::_Facet_base>,class_std::_Facet_base*,1> * param_1)",false,false,true,"pseudocode/00411200.c"
"0x00411280","FUN_00411280",116,1,"undefined __fastcall FUN_00411280(_Compressed_pair<struct_std::default_delete<class_std::_Facet_base>,class_std::_Facet_base*,1> * param_1)",false,false,true,"pseudocode/00411280.c"
"0x00411300","message",55,1,"basic_string<char,struct_std::char_traits<char>,class_std::allocator<char>_> __thiscall message(int param_1)",false,false,true,"pseudocode/00411300.c"
"0x00411340","FUN_00411340",204,3,"undefined __stdcall FUN_00411340(void * param_1, ulong param_2)",false,false,true,"pseudocode/00411340.c"
"0x00411420","FUN_00411420",81,1,"undefined4 __thiscall FUN_00411420(undefined4 param_1)",false,false,true,"pseudocode/00411420.c"
"0x00411480","FUN_00411480",199,1,"undefined8 __cdecl FUN_00411480(uint * param_1, uint * param_2, undefined1 * param_3)",false,false,true,"pseudocode/00411480.c"
"0x00411550","FUN_00411550",16,1,"char * __stdcall FUN_00411550(void)",false,false,true,"pseudocode/00411550.c"
"0x00411560","FUN_00411560",16,1,"char * __stdcall FUN_00411560(void)",false,false,true,"pseudocode/00411560.c"
"0x00411570","SetNativeImage",22,1,"void __thiscall SetNativeImage(GpImage * param_1)",false,false,true,"pseudocode/00411570.c"
"0x00411590","push_back",127,1,"void __thiscall push_back(char param_1)",false,false,true,"pseudocode/00411590.c"
"0x00411610","FUN_00411610",67,1,"undefined __thiscall FUN_00411610(uint param_1)",false,false,true,"pseudocode/00411610.c"
"0x00411660","resize",70,1,"void __thiscall resize(uint param_1, char param_2)",false,false,true,"pseudocode/00411660.c"
"0x004116b0","FID_conflict:resize",70,1,"undefined __thiscall FID_conflict:resize(uint param_1, wchar_t param_2)",false,false,true,"pseudocode/004116b0.c"
"0x00411700","FUN_00411700",17,1,"undefined4 __fastcall FUN_00411700(int param_1)",false,false,true,"pseudocode/00411700.c"
"0x00411720","FUN_00411720",111,1,"undefined __cdecl FUN_00411720(undefined4 * param_1, undefined4 * param_2, undefined4 * param_3)",false,false,true,"pseudocode/00411720.c"
"0x00411790","FUN_00411790",10,1,"undefined __stdcall FUN_00411790(void)",false,false,true,"pseudocode/00411790.c"
"0x004117a0","FUN_004117a0",21,1,"undefined __thiscall FUN_004117a0(undefined4 param_1)",false,false,true,"pseudocode/004117a0.c"
"0x004117c0","what",43,1,"char * __thiscall what(void)",false,false,true,"pseudocode/004117c0.c"
"0x004117f0","FUN_004117f0",22,1,"undefined __fastcall FUN_004117f0(int param_1)",false,false,true,"pseudocode/004117f0.c"
"0x00411810","FUN_00411810",69,1,"undefined4 __cdecl FUN_00411810(uint param_1)",false,false,true,"pseudocode/00411810.c"
"0x00411860","_wmemset",55,1,"wchar_t * __cdecl _wmemset(wchar_t * _S, wchar_t _C, size_t _N)",false,false,true,"pseudocode/00411860.c"
"0x004118a0","FUN_004118a0",97,1,"undefined __stdcall FUN_004118a0(void * param_1)",false,false,true,"pseudocode/004118a0.c"
"0x00411910","FUN_00411910",67,1,"undefined4 * __stdcall FUN_00411910(void)",false,false,true,"pseudocode/00411910.c"
"0x00411960","__ExceptionPtrDestroy",16,1,"void __cdecl __ExceptionPtrDestroy(void * param_1)",false,false,true,"pseudocode/00411960.c"
"0x00411970","FUN_00411970",64,1,"undefined4 * __thiscall FUN_00411970(undefined4 param_1)",false,false,true,"pseudocode/00411970.c"
"0x004119b0","FUN_004119b0",172,1,"int * __thiscall FUN_004119b0(int param_1, int param_2)",false,false,true,"pseudocode/004119b0.c"
"0x00411a70","FUN_00411a70",138,1,"undefined4 * __fastcall FUN_00411a70(undefined4 * param_1)",false,false,true,"pseudocode/00411a70.c"
"0x00411b00","FUN_00411b00",111,1,"undefined __fastcall FUN_00411b00(int * param_1)",false,false,true,"pseudocode/00411b00.c"
"0x00411b80","FUN_00411b80",41,1,"undefined __fastcall FUN_00411b80(int param_1)",false,false,true,"pseudocode/00411b80.c"
"0x00411bb0","FUN_00411bb0",91,1,"bool __thiscall FUN_00411bb0(int * param_1)",false,false,true,"pseudocode/00411bb0.c"
"0x00411c10","FUN_00411c10",19,1,"int __thiscall FUN_00411c10(int param_1)",false,false,true,"pseudocode/00411c10.c"
"0x00411c30","FUN_00411c30",121,1,"int * __fastcall FUN_00411c30(int * param_1)",false,false,true,"pseudocode/00411c30.c"
"0x00411cb0","FUN_00411cb0",46,1,"LPVOID __thiscall FUN_00411cb0(uint param_1)",false,false,true,"pseudocode/00411cb0.c"
"0x00411ce0","FUN_00411ce0",55,1,"undefined __fastcall FUN_00411ce0(int param_1)",false,false,true,"pseudocode/00411ce0.c"
"0x00411d20","FUN_00411d20",47,1,"undefined __thiscall FUN_00411d20(int param_1)",false,false,true,"pseudocode/00411d20.c"
"0x00411d50","FUN_00411d50",216,1,"undefined __fastcall FUN_00411d50(int param_1)",false,false,true,"pseudocode/00411d50.c"
"0x00411e30","FUN_00411e30",60,1,"undefined4 * __thiscall FUN_00411e30(int param_1)",false,false,true,"pseudocode/00411e30.c"
"0x00411e70","FUN_00411e70",33,1,"undefined __thiscall FUN_00411e70(int param_1)",false,false,true,"pseudocode/00411e70.c"
"0x00411ea0","FUN_00411ea0",57,1,"undefined __thiscall FUN_00411ea0(void * param_1)",false,false,true,"pseudocode/00411ea0.c"
"0x00411ee0","FUN_00411ee0",76,1,"undefined __thiscall FUN_00411ee0(int param_1)",false,false,true,"pseudocode/00411ee0.c"
"0x00411f30","FUN_00411f30",76,1,"undefined __thiscall FUN_00411f30(int param_1)",false,false,true,"pseudocode/00411f30.c"
"0x00411f80","FUN_00411f80",381,1,"undefined __thiscall FUN_00411f80(int * param_1, int param_2)",false,false,true,"pseudocode/00411f80.c"
"0x00412100","FUN_00412100",381,1,"undefined __thiscall FUN_00412100(int * param_1, int param_2)",false,false,true,"pseudocode/00412100.c"
"0x00412280","FUN_00412280",53,1,"void * __thiscall FUN_00412280(void * param_1)",false,false,true,"pseudocode/00412280.c"
"0x004122c0","FUN_004122c0",68,1,"int * __cdecl FUN_004122c0(int param_1, undefined4 param_2, undefined4 param_3)",false,false,true,"pseudocode/004122c0.c"
"0x00412310","FUN_00412310",68,1,"int * __cdecl FUN_00412310(int param_1, undefined4 param_2, undefined4 param_3)",false,false,true,"pseudocode/00412310.c"
"0x00412360","FUN_00412360",68,1,"int * __cdecl FUN_00412360(int param_1, undefined4 param_2, undefined4 param_3)",false,false,true,"pseudocode/00412360.c"
"0x004123b0","FUN_004123b0",68,1,"int * __cdecl FUN_004123b0(int param_1, undefined4 param_2, undefined4 param_3)",false,false,true,"pseudocode/004123b0.c"
"0x00412400","FUN_00412400",162,1,"undefined __thiscall FUN_00412400(void * param_1)",false,false,true,"pseudocode/00412400.c"
"0x004124b0","FUN_004124b0",134,1,"undefined __thiscall FUN_004124b0(void * param_1)",false,false,true,"pseudocode/004124b0.c"
"0x00412540","FUN_00412540",13,1,"undefined4 __stdcall FUN_00412540(void)",false,false,true,"pseudocode/00412540.c"
"0x00412550","FUN_00412550",94,1,"undefined __thiscall FUN_00412550(int param_1)",false,false,true,"pseudocode/00412550.c"
"0x004125b0","FUN_004125b0",349,1,"undefined __fastcall FUN_004125b0(void * param_1)",false,false,true,"pseudocode/004125b0.c"
"0x00412710","FUN_00412710",17,1,"undefined4 __fastcall FUN_00412710(int param_1)",false,false,true,"pseudocode/00412710.c"
"0x00412730","FUN_00412730",17,1,"undefined4 __fastcall FUN_00412730(int param_1)",false,false,true,"pseudocode/00412730.c"
"0x00412750","FUN_00412750",95,1,"undefined __thiscall FUN_00412750(int param_1)",false,false,true,"pseudocode/00412750.c"
"0x004127b0","FUN_004127b0",57,1,"undefined4 * __stdcall FUN_004127b0(undefined4 param_1)",false,false,true,"pseudocode/004127b0.c"
"0x004127f0","FUN_004127f0",26,1,"undefined __fastcall FUN_004127f0(int param_1)",false,false,true,"pseudocode/004127f0.c"
"0x00412810","FUN_00412810",606,2,"undefined __fastcall FUN_00412810(void * param_1)",false,false,true,"pseudocode/00412810.c"
"0x00412aa0","FUN_00412aa0",585,2,"undefined __fastcall FUN_00412aa0(void * param_1)",false,false,true,"pseudocode/00412aa0.c"
"0x00412d10","FUN_00412d10",22,1,"undefined __thiscall FUN_00412d10(undefined4 param_1)",false,false,true,"pseudocode/00412d10.c"
"0x00412d30","FUN_00412d30",26,1,"undefined __fastcall FUN_00412d30(int param_1)",false,false,true,"pseudocode/00412d30.c"
"0x00412d50","FUN_00412d50",42,1,"undefined __thiscall FUN_00412d50(undefined4 param_1)",false,false,true,"pseudocode/00412d50.c"
"0x00412d80","FUN_00412d80",26,1,"undefined __fastcall FUN_00412d80(int param_1)",false,false,true,"pseudocode/00412d80.c"
"0x00412da0","FUN_00412da0",22,1,"undefined __thiscall FUN_00412da0(undefined4 param_1)",false,false,true,"pseudocode/00412da0.c"
"0x00412dc0","FUN_00412dc0",22,1,"undefined __thiscall FUN_00412dc0(undefined4 param_1)",false,false,true,"pseudocode/00412dc0.c"
"0x00412de0","FUN_00412de0",43,1,"undefined4 * __fastcall FUN_00412de0(undefined4 * param_1)",false,false,true,"pseudocode/00412de0.c"
"0x00412e10","FUN_00412e10",43,1,"undefined4 * __fastcall FUN_00412e10(undefined4 * param_1)",false,false,true,"pseudocode/00412e10.c"
"0x00412e40","FUN_00412e40",66,1,"_Compressed_pair<struct_std::default_delete<class_std::_Facet_base>,class_std::_Facet_base*,1> * __thiscall FUN_00412e40(undefined4 param_1)",false,false,true,"pseudocode/00412e40.c"
"0x00412e90","FUN_00412e90",60,1,"void * __thiscall FUN_00412e90(undefined4 param_1, undefined4 param_2)",false,false,true,"pseudocode/00412e90.c"
"0x00412ed0","FUN_00412ed0",66,1,"_Compressed_pair<struct_std::default_delete<class_std::_Facet_base>,class_std::_Facet_base*,1> * __thiscall FUN_00412ed0(undefined4 param_1)",false,false,true,"pseudocode/00412ed0.c"
"0x00412f20","FUN_00412f20",102,1,"void * __thiscall FUN_00412f20(undefined4 param_1)",false,false,true,"pseudocode/00412f20.c"
"0x00412f90","FUN_00412f90",99,1,"void * __thiscall FUN_00412f90(undefined4 param_1)",false,false,true,"pseudocode/00412f90.c"
"0x00413000","FUN_00413000",158,1,"undefined4 * __thiscall FUN_00413000(undefined4 param_1, undefined4 param_2)",false,false,true,"pseudocode/00413000.c"
"0x004130a0","FUN_004130a0",62,1,"undefined4 * __thiscall FUN_004130a0(undefined4 param_1)",false,false,true,"pseudocode/004130a0.c"
"0x004130e0","FUN_004130e0",61,1,"undefined __thiscall FUN_004130e0(undefined4 param_1)",false,false,true,"pseudocode/004130e0.c"
"0x00413120","FUN_00413120",19,1,"undefined __cdecl FUN_00413120(void * param_1, uint * param_2)",false,false,true,"pseudocode/00413120.c"
"0x00413140","FUN_00413140",65,1,"undefined __cdecl FUN_00413140(undefined4 param_1, undefined4 param_2)",false,false,true,"pseudocode/00413140.c"
"0x00413190","FUN_00413190",65,1,"undefined __cdecl FUN_00413190(undefined4 param_1, undefined4 param_2)",false,false,true,"pseudocode/00413190.c"
"0x004131e0","FUN_004131e0",151,1,"undefined __thiscall FUN_004131e0(int param_1, undefined4 param_2)",false,false,true,"pseudocode/004131e0.c"
"0x00413280","FUN_00413280",92,1,"undefined __thiscall FUN_00413280(undefined4 param_1)",false,false,true,"pseudocode/00413280.c"
"0x004132e0","FUN_004132e0",140,1,"int __thiscall FUN_004132e0(undefined4 param_1)",false,false,true,"pseudocode/004132e0.c"
"0x00413370","FUN_00413370",108,1,"undefined __thiscall FUN_00413370(undefined4 param_1)",false,false,true,"pseudocode/00413370.c"
"0x004133e0","FUN_004133e0",488,1,"undefined __thiscall FUN_004133e0(int param_1, undefined4 param_2)",false,false,true,"pseudocode/004133e0.c"
"0x004135d0","FUN_004135d0",70,1,"undefined __cdecl FUN_004135d0(void * param_1, undefined4 * param_2)",false,false,true,"pseudocode/004135d0.c"
"0x00413620","FUN_00413620",94,1,"undefined __cdecl FUN_00413620(void * param_1, char * * param_2)",false,false,true,"pseudocode/00413620.c"
"0x00413690","FUN_00413690",93,1,"undefined __cdecl FUN_00413690(void * param_1, char * * param_2)",false,false,true,"pseudocode/00413690.c"
"0x00413700","_Get_size_of_n<8>",42,1,"uint __cdecl _Get_size_of_n<8>(uint param_1)",false,false,true,"pseudocode/00413700.c"
"0x00413730","FUN_00413730",40,1,"int __cdecl FUN_00413730(uint param_1)",false,false,true,"pseudocode/00413730.c"
"0x00413760","FUN_00413760",174,1,"undefined __cdecl FUN_00413760(undefined4 param_1)",false,false,true,"pseudocode/00413760.c"
"0x00413810","FUN_00413810",174,1,"undefined __cdecl FUN_00413810(undefined4 param_1)",false,false,true,"pseudocode/00413810.c"
"0x004138c0","FUN_004138c0",65,1,"undefined __thiscall FUN_004138c0(undefined4 param_1)",false,false,true,"pseudocode/004138c0.c"
"0x00413910","_Test_callable<>",7,1,"undefined1 __stdcall _Test_callable<>(void)",false,false,true,"pseudocode/00413910.c"
"0x00413920","FUN_00413920",200,1,"undefined __cdecl FUN_00413920(undefined4 param_1, undefined4 param_2, undefined4 param_3, undefined4 param_4)",false,false,true,"pseudocode/00413920.c"
"0x004139f0","FUN_004139f0",78,1,"undefined __cdecl FUN_004139f0(undefined4 param_1, undefined4 param_2)",false,false,true,"pseudocode/004139f0.c"
"0x00413a40","FUN_00413a40",78,1,"undefined __cdecl FUN_00413a40(undefined4 param_1, undefined4 param_2)",false,false,true,"pseudocode/00413a40.c"
"0x00413a90","FUN_00413a90",31,1,"undefined __cdecl FUN_00413a90(undefined4 param_1, undefined4 param_2, undefined4 param_3)",false,false,true,"pseudocode/00413a90.c"
"0x00413ab0","FUN_00413ab0",78,1,"undefined __stdcall FUN_00413ab0(undefined4 param_1, undefined4 param_2)",false,false,true,"pseudocode/00413ab0.c"
"0x00413b00","FUN_00413b00",31,1,"undefined __cdecl FUN_00413b00(undefined4 param_1, undefined4 param_2, undefined4 param_3)",false,false,true,"pseudocode/00413b00.c"
"0x00413b20","FUN_00413b20",78,1,"undefined __stdcall FUN_00413b20(undefined4 param_1, undefined4 param_2)",false,false,true,"pseudocode/00413b20.c"
"0x00413b70","FUN_00413b70",97,1,"undefined __thiscall FUN_00413b70(char * * param_1)",false,false,true,"pseudocode/00413b70.c"
"0x00413be0","FUN_00413be0",97,1,"undefined __stdcall FUN_00413be0(void * param_1)",false,false,true,"pseudocode/00413be0.c"
"0x00413c50","FUN_00413c50",73,1,"void * __stdcall FUN_00413c50(void)",false,false,true,"pseudocode/00413c50.c"
"0x00413ca0","FUN_00413ca0",17,1,"undefined __cdecl FUN_00413ca0(undefined4 param_1, void * param_2)",false,false,true,"pseudocode/00413ca0.c"
"0x00413cc0","__ExceptionPtrDestroy",16,1,"void __cdecl __ExceptionPtrDestroy(void * param_1)",false,false,true,"pseudocode/00413cc0.c"
"0x00413cd0","FUN_00413cd0",16,1,"undefined __cdecl FUN_00413cd0(void * param_1)",false,false,true,"pseudocode/00413cd0.c"
"0x00413ce0","FUN_00413ce0",29,1,"void * __cdecl FUN_00413ce0(void * param_1, undefined4 param_2)",false,false,true,"pseudocode/00413ce0.c"
"0x00413d00","FUN_00413d00",14,1,"undefined __cdecl FUN_00413d00(int * param_1)",false,false,true,"pseudocode/00413d00.c"
"0x00413d10","FUN_00413d10",17,1,"undefined __cdecl FUN_00413d10(void * param_1, undefined4 param_2)",false,false,true,"pseudocode/00413d10.c"
"0x00413d30","FUN_00413d30",17,1,"undefined __cdecl FUN_00413d30(void * param_1, undefined4 param_2)",false,false,true,"pseudocode/00413d30.c"
"0x00413d50","FUN_00413d50",33,1,"void * __cdecl FUN_00413d50(void * param_1, undefined4 param_2, undefined4 param_3)",false,false,true,"pseudocode/00413d50.c"
"0x00413d80","FUN_00413d80",145,1,"undefined4 * __thiscall FUN_00413d80(undefined4 * param_1)",false,false,true,"pseudocode/00413d80.c"
"0x00413e20","FUN_00413e20",145,1,"undefined4 * __thiscall FUN_00413e20(undefined4 * param_1)",false,false,true,"pseudocode/00413e20.c"
"0x00413ec0","FUN_00413ec0",132,1,"undefined4 * __thiscall FUN_00413ec0(undefined4 param_1, undefined4 * param_2, undefined4 * param_3, undefined4 * param_4, undefined4 * param_5, int param_6)",false,false,true,"pseudocode/00413ec0.c"
"0x00413f50","FUN_00413f50",34,1,"undefined4 * __thiscall FUN_00413f50(undefined4 param_1)",false,false,true,"pseudocode/00413f50.c"
"0x00413f80","_Func_class<>",25,1,"void * __fastcall _Func_class<>(void * param_1)",false,false,true,"pseudocode/00413f80.c"
"0x00413fa0","_Vector_iterator<>",33,1,"void * __thiscall _Vector_iterator<>(undefined4 param_1)",false,false,true,"pseudocode/00413fa0.c"
"0x00413fd0","FUN_00413fd0",33,1,"void * __thiscall FUN_00413fd0(undefined4 param_1)",false,false,true,"pseudocode/00413fd0.c"
"0x00414000","FID_conflict:_Vector_const_iterator<class_std::_Vector_val<struct_std::_Simple_types<class_std::shared_ptr<struct_Concurrency::details::_Task_impl<struct_std::pair<unsigned_char,class_Concurrency::details::_CancellationTokenState*>_>_>_>_>_>",37,1,"undefined4 * __thiscall FID_conflict:_Vector_const_iterator<class_std::_Vector_val<struct_std::_Simple_types<class_std::shared_ptr<struct_Concurrency::details::_Task_impl<struct_std::pair<unsigned_char,class_Concurrency::details::_CancellationTokenState*>_>_>_>_>_>(undefined4 param_1)",false,false,true,"pseudocode/00414000.c"
"0x00414030","_Ptr_base<struct__EXCEPTION_RECORD_const_>",33,1,"undefined __thiscall _Ptr_base<struct__EXCEPTION_RECORD_const_>(void)",false,false,true,"pseudocode/00414030.c"
"0x00414060","FUN_00414060",42,1,"undefined4 * __thiscall FUN_00414060(undefined4 param_1, undefined4 param_2)",false,false,true,"pseudocode/00414060.c"
"0x00414090","FUN_00414090",43,1,"undefined4 * __fastcall FUN_00414090(undefined4 * param_1)",false,false,true,"pseudocode/00414090.c"
"0x004140c0","shared_ptr<struct__EXCEPTION_RECORD_const_>",46,1,"undefined __thiscall shared_ptr<struct__EXCEPTION_RECORD_const_>(shared_ptr<struct__EXCEPTION_RECORD_const_> * param_1)",false,false,true,"pseudocode/004140c0.c"
"0x004140f0","function<>",93,1,"void * __thiscall function<>(int param_1)",false,false,true,"pseudocode/004140f0.c"
"0x00414150","FUN_00414150",23,1,"void * __fastcall FUN_00414150(void * param_1)",false,false,true,"pseudocode/00414150.c"
"0x00414170","FUN_00414170",45,1,"_Compressed_pair<struct_std::default_delete<class_std::_Facet_base>,class_std::_Facet_base*,1> * __fastcall FUN_00414170(_Compressed_pair<struct_std::default_delete<class_std::_Facet_base>,class_std::_Facet_base*,1> * param_1)",false,false,true,"pseudocode/00414170.c"
"0x004141a0","FUN_004141a0",24,1,"undefined4 * __fastcall FUN_004141a0(undefined4 * param_1)",false,false,true,"pseudocode/004141a0.c"
"0x004141c0","FUN_004141c0",63,1,"undefined4 * __fastcall FUN_004141c0(undefined4 * param_1)",false,false,true,"pseudocode/004141c0.c"
"0x00414200","FUN_00414200",124,1,"void * __fastcall FUN_00414200(void * param_1)",false,false,true,"pseudocode/00414200.c"
"0x00414280","FUN_00414280",22,1,"undefined2 * __fastcall FUN_00414280(undefined2 * param_1)",false,false,true,"pseudocode/00414280.c"
"0x004142a0","FUN_004142a0",24,1,"undefined4 * __thiscall FUN_004142a0(undefined4 param_1)",false,false,true,"pseudocode/004142a0.c"
"0x004142c0","~format_string_parser<wchar_t>",23,1,"void __thiscall ~format_string_parser<wchar_t>(void)",false,false,true,"pseudocode/004142c0.c"
"0x004142e0","FUN_004142e0",48,1,"undefined __fastcall FUN_004142e0(undefined4 * param_1)",false,false,true,"pseudocode/004142e0.c"
"0x00414310","FUN_00414310",20,1,"undefined __fastcall FUN_00414310(void * param_1)",false,false,true,"pseudocode/00414310.c"
"0x00414330","~input_processor<>",23,1,"undefined __fastcall ~input_processor<>(int param_1)",false,false,true,"pseudocode/00414330.c"
"0x00414350","FUN_00414350",118,1,"undefined __fastcall FUN_00414350(undefined4 * param_1)",false,false,true,"pseudocode/00414350.c"
"0x004143d0","FUN_004143d0",39,1,"undefined __fastcall FUN_004143d0(undefined4 * param_1)",false,false,true,"pseudocode/004143d0.c"
"0x00414400","FUN_00414400",20,1,"undefined __fastcall FUN_00414400(void * param_1)",false,false,true,"pseudocode/00414400.c"
"0x00414420","FUN_00414420",20,1,"undefined __fastcall FUN_00414420(_Compressed_pair<struct_std::default_delete<class_std::_Facet_base>,class_std::_Facet_base*,1> * param_1)",false,false,true,"pseudocode/00414420.c"
"0x00414440","FUN_00414440",20,1,"undefined __fastcall FUN_00414440(_Compressed_pair<struct_std::default_delete<class_std::_Facet_base>,class_std::_Facet_base*,1> * param_1)",false,false,true,"pseudocode/00414440.c"
"0x00414460","FUN_00414460",62,1,"undefined __fastcall FUN_00414460(int param_1)",false,false,true,"pseudocode/00414460.c"
"0x004144b0","FUN_004144b0",35,1,"undefined __fastcall FUN_004144b0(int * param_1)",false,false,true,"pseudocode/004144b0.c"
"0x004144e0","FUN_004144e0",81,1,"undefined __fastcall FUN_004144e0(undefined4 * param_1)",false,false,true,"pseudocode/004144e0.c"
"0x00414540","operator=",60,1,"shared_ptr<class___ExceptionPtr> * __thiscall operator=(shared_ptr<class___ExceptionPtr> * param_1)",false,false,true,"pseudocode/00414540.c"
"0x00414580","FUN_00414580",22,1,"int __thiscall FUN_00414580(int param_1)",false,false,true,"pseudocode/00414580.c"
"0x004145a0","FUN_004145a0",48,1,"bool __fastcall FUN_004145a0(int param_1)",false,false,true,"pseudocode/004145a0.c"
"0x004145d0","FUN_004145d0",360,1,"undefined __fastcall FUN_004145d0(int * param_1)",false,false,true,"pseudocode/004145d0.c"
"0x00414740","FUN_00414740",59,1,"undefined __fastcall FUN_00414740(int param_1)",false,false,true,"pseudocode/00414740.c"
"0x00414780","FUN_00414780",46,1,"LPVOID __thiscall FUN_00414780(uint param_1)",false,false,true,"pseudocode/00414780.c"
"0x004147b0","FID_conflict:`scalar_deleting_destructor'",46,1,"void * __thiscall FID_conflict:`scalar_deleting_destructor'(uint param_1)",false,false,true,"pseudocode/004147b0.c"
"0x004147e0","FUN_004147e0",49,1,"LPVOID __thiscall FUN_004147e0(uint param_1)",false,false,true,"pseudocode/004147e0.c"
"0x00414820","FUN_00414820",20,1,"undefined4 __stdcall FUN_00414820(void)",false,false,true,"pseudocode/00414820.c"
"0x00414840","FUN_00414840",140,1,"undefined __fastcall FUN_00414840(_Compressed_pair<struct_std::default_delete<class_std::_Facet_base>,class_std::_Facet_base*,1> * param_1)",false,false,true,"pseudocode/00414840.c"
"0x004148d0","FUN_004148d0",47,1,"undefined __fastcall FUN_004148d0(undefined4 * param_1)",false,false,true,"pseudocode/004148d0.c"
"0x00414900","FUN_00414900",84,1,"uint __thiscall FUN_00414900(uint param_1)",false,false,true,"pseudocode/00414900.c"
"0x00414960","FUN_00414960",165,1,"undefined __thiscall FUN_00414960(int param_1, int param_2, int param_3)",false,false,true,"pseudocode/00414960.c"
"0x00414a10","FUN_00414a10",28,1,"undefined __fastcall FUN_00414a10(int param_1)",false,false,true,"pseudocode/00414a10.c"
"0x00414a30","FUN_00414a30",46,1,"undefined __thiscall FUN_00414a30(char param_1)",false,false,true,"pseudocode/00414a30.c"
"0x00414a60","FUN_00414a60",26,1,"undefined __fastcall FUN_00414a60(int param_1)",false,false,true,"pseudocode/00414a60.c"
"0x00414a80","FUN_00414a80",45,1,"bool __fastcall FUN_00414a80(int param_1)",false,false,true,"pseudocode/00414a80.c"
"0x00414ab0","Get",26,1,"undefined __fastcall Get(int param_1)",false,false,true,"pseudocode/00414ab0.c"
"0x00414ad0","Getimpl",25,1,"undefined4 __fastcall Getimpl(int param_1)",false,false,true,"pseudocode/00414ad0.c"
"0x00414af0","FUN_00414af0",46,1,"bool __fastcall FUN_00414af0(int param_1)",false,false,true,"pseudocode/00414af0.c"
"0x00414b20","FUN_00414b20",44,1,"void * __thiscall FUN_00414b20(void * param_1, undefined4 param_2)",false,false,true,"pseudocode/00414b20.c"
"0x00414b50","FUN_00414b50",15,1,"undefined4 __stdcall FUN_00414b50(void)",false,false,true,"pseudocode/00414b50.c"
"0x00414b60","FUN_00414b60",13,1,"undefined __stdcall FUN_00414b60(void)",false,false,true,"pseudocode/00414b60.c"
"0x00414b70","FUN_00414b70",28,1,"undefined4 __fastcall FUN_00414b70(undefined4 * param_1)",false,false,true,"pseudocode/00414b70.c"
"0x00414b90","FUN_00414b90",71,1,"undefined __thiscall FUN_00414b90(int param_1)",false,false,true,"pseudocode/00414b90.c"
"0x00414be0","FUN_00414be0",125,1,"undefined __thiscall FUN_00414be0(void * param_1)",false,false,true,"pseudocode/00414be0.c"
"0x00414c60","Set",30,1,"undefined __thiscall Set(undefined4 param_1)",false,false,true,"pseudocode/00414c60.c"
"0x00414c80","Swap",188,1,"undefined __thiscall Swap(void * param_1)",false,false,true,"pseudocode/00414c80.c"
"0x00414d40","FUN_00414d40",16,1,"undefined * * __stdcall FUN_00414d40(void)",false,false,true,"pseudocode/00414d40.c"
"0x00414d50","FUN_00414d50",97,1,"undefined __fastcall FUN_00414d50(void * param_1)",false,false,true,"pseudocode/00414d50.c"
"0x00414dc0","FUN_00414dc0",77,1,"undefined __fastcall FUN_00414dc0(_Compressed_pair<struct_std::default_delete<class_std::_Facet_base>,class_std::_Facet_base*,1> * param_1)",false,false,true,"pseudocode/00414dc0.c"
"0x00414e10","FUN_00414e10",153,1,"undefined __fastcall FUN_00414e10(_Compressed_pair<struct_std::default_delete<class_std::_Facet_base>,class_std::_Facet_base*,1> * param_1)",false,false,true,"pseudocode/00414e10.c"
"0x00414eb0","FUN_00414eb0",124,1,"undefined __thiscall FUN_00414eb0(int param_1)",false,false,true,"pseudocode/00414eb0.c"
"0x00414f30","FUN_00414f30",26,1,"undefined __fastcall FUN_00414f30(int param_1)",false,false,true,"pseudocode/00414f30.c"
"0x00414f50","FUN_00414f50",17,1,"int __fastcall FUN_00414f50(int param_1)",false,false,true,"pseudocode/00414f50.c"
"0x00414f70","FUN_00414f70",26,1,"undefined __fastcall FUN_00414f70(int param_1)",false,false,true,"pseudocode/00414f70.c"
"0x00414f90","FUN_00414f90",70,1,"int * __thiscall FUN_00414f90(int * param_1)",false,false,true,"pseudocode/00414f90.c"
"0x00414fe0","FUN_00414fe0",16,1,"undefined __stdcall FUN_00414fe0(void)",false,false,true,"pseudocode/00414fe0.c"
"0x00414ff0","FUN_00414ff0",58,1,"undefined4 __thiscall FUN_00414ff0(uint param_1)",false,false,true,"pseudocode/00414ff0.c"
"0x00415030","FUN_00415030",58,1,"undefined4 __thiscall FUN_00415030(uint param_1)",false,false,true,"pseudocode/00415030.c"
"0x00415070","FUN_00415070",59,1,"undefined __thiscall FUN_00415070(undefined4 param_1, undefined4 param_2)",false,false,true,"pseudocode/00415070.c"
"0x004150b0","FUN_004150b0",63,1,"void * __thiscall FUN_004150b0(void * param_1)",false,false,true,"pseudocode/004150b0.c"
"0x004150f0","FUN_004150f0",36,1,"int __fastcall FUN_004150f0(int param_1)",false,false,true,"pseudocode/004150f0.c"
"0x00415120","FUN_00415120",681,1,"undefined __thiscall FUN_00415120(int param_1, int param_2, int param_3)",false,false,true,"pseudocode/00415120.c"
"0x004153d0","FUN_004153d0",104,1,"undefined4 __thiscall FUN_004153d0(int param_1, int param_2, int param_3)",false,false,true,"pseudocode/004153d0.c"
"0x00415440","FUN_00415440",22,1,"undefined __cdecl FUN_00415440(void * param_1, undefined4 param_2, int param_3)",false,false,true,"pseudocode/00415440.c"
"0x00415460","FUN_00415460",85,1,"undefined __thiscall FUN_00415460(undefined4 param_1, int param_2)",false,false,true,"pseudocode/00415460.c"
"0x004154c0","FUN_004154c0",87,1,"undefined __thiscall FUN_004154c0(undefined4 param_1, int param_2)",false,false,true,"pseudocode/004154c0.c"
"0x00415520","FUN_00415520",45,1,"undefined __thiscall FUN_00415520(undefined4 param_1, undefined4 param_2, undefined4 param_3)",false,false,true,"pseudocode/00415520.c"
"0x00415550","FUN_00415550",93,1,"void * __thiscall FUN_00415550(void * param_1, int * param_2)",false,false,true,"pseudocode/00415550.c"
"0x004155b0","FUN_004155b0",79,1,"undefined __stdcall FUN_004155b0(void)",false,false,true,"pseudocode/004155b0.c"
"0x00415600","FUN_00415600",22,1,"int __fastcall FUN_00415600(int param_1)",false,false,true,"pseudocode/00415600.c"
"0x00415620","FUN_00415620",20,1,"undefined4 __fastcall FUN_00415620(int param_1)",false,false,true,"pseudocode/00415620.c"
"0x00415640","FUN_00415640",82,1,"undefined * __stdcall FUN_00415640(int param_1)",false,false,true,"pseudocode/00415640.c"
"0x004156a0","FUN_004156a0",20,1,"undefined4 __fastcall FUN_004156a0(int param_1)",false,false,true,"pseudocode/004156a0.c"
"0x004156c0","FUN_004156c0",20,1,"undefined4 __fastcall FUN_004156c0(int param_1)",false,false,true,"pseudocode/004156c0.c"
"0x004156e0","FUN_004156e0",274,1,"undefined __cdecl FUN_004156e0(LPCSTR param_1, int param_2)",false,false,true,"pseudocode/004156e0.c"
"0x00415800","FUN_00415800",20,1,"undefined4 __fastcall FUN_00415800(int param_1)",false,false,true,"pseudocode/00415800.c"
"0x00415820","FUN_00415820",10,1,"undefined __stdcall FUN_00415820(void)",false,false,true,"pseudocode/00415820.c"
"0x00415830","FUN_00415830",2227,1,"undefined __cdecl FUN_00415830(int * param_1, int param_2, undefined4 param_3, undefined4 param_4, LPCSTR param_5, undefined4 param_6, int param_7, int param_8, int param_9)",false,false,true,"pseudocode/00415830.c"
"0x00416140","FUN_00416140",254,1,"undefined __stdcall FUN_00416140(void)",false,false,true,"pseudocode/00416140.c"
"0x00416240","FUN_00416240",19,1,"uint __stdcall FUN_00416240(void)",false,false,true,"pseudocode/00416240.c"
"0x00416260","FUN_00416260",13,1,"uint __stdcall FUN_00416260(void)",false,false,true,"pseudocode/00416260.c"
"0x00416270","FUN_00416270",59,1,"uint __fastcall FUN_00416270(_Compressed_pair<struct_std::default_delete<class_std::_Facet_base>,class_std::_Facet_base*,1> * param_1)",false,false,true,"pseudocode/00416270.c"
"0x004162b0","FUN_004162b0",59,1,"uint __fastcall FUN_004162b0(_Compressed_pair<struct_std::default_delete<class_std::_Facet_base>,class_std::_Facet_base*,1> * param_1)",false,false,true,"pseudocode/004162b0.c"
"0x004162f0","FUN_004162f0",56,1,"undefined __thiscall FUN_004162f0(undefined4 param_1)",false,false,true,"pseudocode/004162f0.c"
"0x00416330","FUN_00416330",35,1,"undefined __thiscall FUN_00416330(undefined4 param_1)",false,false,true,"pseudocode/00416330.c"
"0x00416360","FUN_00416360",182,1,"bool __fastcall FUN_00416360(int param_1)",false,false,true,"pseudocode/00416360.c"
"0x00416420","FUN_00416420",2245,1,"undefined __thiscall FUN_00416420(int param_1, int param_2, int param_3, undefined4 param_4, float param_5)",false,false,true,"pseudocode/00416420.c"
"0x00416cf0","FUN_00416cf0",18,1,"undefined __cdecl FUN_00416cf0(undefined4 param_1)",false,false,true,"pseudocode/00416cf0.c"
"0x00416d20","FUN_00416d20",3437,1,"undefined __stdcall FUN_00416d20(void)",false,false,true,"pseudocode/00416d20.c"
"0x00417a90","swap",26,1,"undefined __thiscall swap(void * param_1)",false,false,true,"pseudocode/00417a90.c"
"0x00417ab0","FUN_00417ab0",542,1,"uint __thiscall FUN_00417ab0(int param_1, int param_2, int param_3)",false,false,true,"pseudocode/00417ab0.c"
"0x00417cd0","FUN_00417cd0",44,1,"_Compressed_pair<struct_std::default_delete<class_std::_Facet_base>,class_std::_Facet_base*,1> * __thiscall FUN_00417cd0(undefined4 param_1)",false,false,true,"pseudocode/00417cd0.c"
"0x00417d00","FUN_00417d00",182,1,"undefined __thiscall FUN_00417d00(undefined4 * param_1, undefined4 param_2)",false,false,true,"pseudocode/00417d00.c"
"0x00417dc0","FUN_00417dc0",44,1,"void * __thiscall FUN_00417dc0(undefined4 * param_1)",false,false,true,"pseudocode/00417dc0.c"
"0x00417df0","FUN_00417df0",68,1,"void * __stdcall FUN_00417df0(undefined4 param_1)",false,false,true,"pseudocode/00417df0.c"
"0x00417e40","FUN_00417e40",120,1,"undefined4 * __stdcall FUN_00417e40(undefined4 param_1)",false,false,true,"pseudocode/00417e40.c"
"0x00417ec0","FUN_00417ec0",340,1,"undefined __thiscall FUN_00417ec0(uint * param_1, uint param_2)",false,false,true,"pseudocode/00417ec0.c"
"0x00418020","FUN_00418020",69,1,"_Compressed_pair<struct_std::default_delete<class_std::_Facet_base>,class_std::_Facet_base*,1> * __cdecl FUN_00418020(_Compressed_pair<struct_std::default_delete<class_std::_Facet_base>,class_std::_Facet_base*,1> * param_1, undefined4 param_2)",false,false,true,"pseudocode/00418020.c"
"0x00418070","FUN_00418070",69,1,"void * __cdecl FUN_00418070(void * param_1, undefined4 * param_2)",false,false,true,"pseudocode/00418070.c"
"0x004180c0","FUN_004180c0",50,1,"void * __cdecl FUN_004180c0(void * param_1)",false,false,true,"pseudocode/004180c0.c"
"0x00418100","FUN_00418100",57,1,"basic_string<char,struct_std::char_traits<char>,class_std::allocator<char>_> * __cdecl FUN_00418100(basic_string<char,struct_std::char_traits<char>,class_std::allocator<char>_> * param_1, undefined4 param_2, undefined4 param_3, undefined4 param_4)",false,false,true,"pseudocode/00418100.c"
"0x00418140","FUN_00418140",313,1,"basic_string<char,struct_std::char_traits<char>,class_std::allocator<char>_> * __cdecl FUN_00418140(basic_string<char,struct_std::char_traits<char>,class_std::allocator<char>_> * param_1, UINT param_2, undefined4 param_3, undefined4 param_4, undefined4 param_5)",false,false,true,"pseudocode/00418140.c"
"0x00418280","FUN_00418280",17,1,"undefined __cdecl FUN_00418280(undefined4 param_1, undefined4 param_2)",false,false,true,"pseudocode/00418280.c"
"0x004182a0","FUN_004182a0",221,1,"undefined __thiscall FUN_004182a0(uint param_1, undefined4 param_2, uint * param_3)",false,false,true,"pseudocode/004182a0.c"
"0x00418380","FUN_00418380",304,1,"undefined __thiscall FUN_00418380(uint param_1, undefined4 param_2, uint * param_3, int param_4)",false,false,true,"pseudocode/00418380.c"
"0x004184b0","FUN_004184b0",298,1,"undefined __thiscall FUN_004184b0(uint param_1)",false,false,true,"pseudocode/004184b0.c"
"0x004185e0","FUN_004185e0",24,1,"undefined __cdecl FUN_004185e0(undefined4 * param_1, undefined4 param_2)",false,false,true,"pseudocode/004185e0.c"
"0x00418600","FUN_00418600",29,1,"void * __cdecl FUN_00418600(void * param_1, undefined4 param_2)",false,false,true,"pseudocode/00418600.c"
"0x00418620","FUN_00418620",51,1,"void * __cdecl FUN_00418620(void * param_1, undefined4 * param_2)",false,false,true,"pseudocode/00418620.c"
"0x00418660","FUN_00418660",87,1,"int __cdecl FUN_00418660(undefined1[32] * param_1, uint param_2, undefined1[32] * param_3, uint param_4)",false,false,true,"pseudocode/00418660.c"
"0x004186c0","FUN_004186c0",97,1,"undefined __stdcall FUN_004186c0(void * param_1)",false,false,true,"pseudocode/004186c0.c"
"0x00418730","FUN_00418730",97,1,"undefined __stdcall FUN_00418730(void * param_1)",false,false,true,"pseudocode/00418730.c"
"0x004187a0","FUN_004187a0",129,1,"undefined4 * __stdcall FUN_004187a0(void)",false,false,true,"pseudocode/004187a0.c"
"0x00418830","FUN_00418830",73,1,"undefined1 * __stdcall FUN_00418830(void)",false,false,true,"pseudocode/00418830.c"
"0x00418880","__ExceptionPtrDestroy",16,1,"void __cdecl __ExceptionPtrDestroy(void * param_1)",false,false,true,"pseudocode/00418880.c"
"0x00418890","FUN_00418890",16,1,"undefined __cdecl FUN_00418890(void * param_1)",false,false,true,"pseudocode/00418890.c"
"0x004188a0","FUN_004188a0",140,1,"undefined __stdcall FUN_004188a0(void)",false,false,true,"pseudocode/004188a0.c"
"0x00418930","FUN_00418930",140,1,"undefined __stdcall FUN_00418930(void)",false,false,true,"pseudocode/00418930.c"
"0x004189c0","FUN_004189c0",75,1,"basic_string<char,struct_std::char_traits<char>,class_std::allocator<char>_> * __thiscall FUN_004189c0(basic_string<char,struct_std::char_traits<char>,class_std::allocator<char>_> * param_1, undefined4 param_2)",false,false,true,"pseudocode/004189c0.c"
"0x00418a10","FUN_00418a10",63,1,"undefined4 * __fastcall FUN_00418a10(undefined4 * param_1)",false,false,true,"pseudocode/00418a10.c"
"0x00418a50","FUN_00418a50",40,1,"undefined4 * __fastcall FUN_00418a50(undefined4 * param_1)",false,false,true,"pseudocode/00418a50.c"
"0x00418a80","FUN_00418a80",55,1,"undefined4 * __fastcall FUN_00418a80(undefined4 * param_1)",false,false,true,"pseudocode/00418a80.c"
"0x00418ac0","FUN_00418ac0",741,1,"undefined4 * __fastcall FUN_00418ac0(undefined4 * param_1)",false,false,true,"pseudocode/00418ac0.c"
"0x00418db0","FUN_00418db0",31,1,"_Compressed_pair<struct_std::default_delete<class_std::_Facet_base>,class_std::_Facet_base*,1> * __fastcall FUN_00418db0(_Compressed_pair<struct_std::default_delete<class_std::_Facet_base>,class_std::_Facet_base*,1> * param_1)",false,false,true,"pseudocode/00418db0.c"
"0x00418dd0","FUN_00418dd0",108,1,"uint * __fastcall FUN_00418dd0(uint * param_1)",false,false,true,"pseudocode/00418dd0.c"
"0x00418e40","~shared_ptr<class___ExceptionPtr>",62,1,"void __thiscall ~shared_ptr<class___ExceptionPtr>(void)",false,false,true,"pseudocode/00418e40.c"
"0x00418e90","FUN_00418e90",29,1,"undefined __fastcall FUN_00418e90(undefined4 * param_1)",false,false,true,"pseudocode/00418e90.c"
"0x00418eb0","FUN_00418eb0",105,1,"_Compressed_pair<struct_std::default_delete<class_std::_Facet_base>,class_std::_Facet_base*,1> * __thiscall FUN_00418eb0(_Compressed_pair<struct_std::default_delete<class_std::_Facet_base>,class_std::_Facet_base*,1> * param_1)",false,false,true,"pseudocode/00418eb0.c"
"0x00418f20","FUN_00418f20",105,1,"_Compressed_pair<struct_std::default_delete<class_std::_Facet_base>,class_std::_Facet_base*,1> * __thiscall FUN_00418f20(_Compressed_pair<struct_std::default_delete<class_std::_Facet_base>,class_std::_Facet_base*,1> * param_1)",false,false,true,"pseudocode/00418f20.c"
"0x00418f90","FUN_00418f90",114,1,"_Compressed_pair<struct_std::default_delete<class_std::_Facet_base>,class_std::_Facet_base*,1> * __thiscall FUN_00418f90(_Compressed_pair<struct_std::default_delete<class_std::_Facet_base>,class_std::_Facet_base*,1> * param_1)",false,false,true,"pseudocode/00418f90.c"
"0x00419010","FUN_00419010",28,1,"void * __thiscall FUN_00419010(_Compressed_pair<struct_std::default_delete<class_std::_Facet_base>,class_std::_Facet_base*,1> * param_1)",false,false,true,"pseudocode/00419010.c"
"0x00419030","FUN_00419030",28,1,"void * __thiscall FUN_00419030(_Compressed_pair<struct_std::default_delete<class_std::_Facet_base>,class_std::_Facet_base*,1> * param_1)",false,false,true,"pseudocode/00419030.c"
"0x00419050","FID_conflict:operator()",92,1,"undefined __stdcall FID_conflict:operator()(uint * param_1, uint * param_2, int param_3, uint * param_4, int param_5)",false,false,true,"pseudocode/00419050.c"
"0x004190b0","FID_conflict:operator()",63,1,"undefined __stdcall FID_conflict:operator()(uint * param_1, int param_2, uint * param_3)",false,false,true,"pseudocode/004190b0.c"
"0x004190f0","FID_conflict:operator()",86,1,"undefined __stdcall FID_conflict:operator()(uint * param_1, uint * param_2, int param_3)",false,false,true,"pseudocode/004190f0.c"
"0x00419150","FUN_00419150",46,1,"undefined1 __cdecl FUN_00419150(short param_1)",false,false,true,"pseudocode/00419150.c"
"0x00419180","FUN_00419180",368,1,"undefined4 * __thiscall FUN_00419180(_Compressed_pair<struct_std::default_delete<class_std::_Facet_base>,class_std::_Facet_base*,1> * param_1)",false,false,true,"pseudocode/00419180.c"
"0x004192f0","`scalar_deleting_destructor'",46,1,"void * __thiscall `scalar_deleting_destructor'(uint param_1)",false,false,true,"pseudocode/004192f0.c"
"0x00419320","FUN_00419320",46,1,"LPVOID __thiscall FUN_00419320(uint param_1)",false,false,true,"pseudocode/00419320.c"
"0x00419350","FUN_00419350",49,1,"LPVOID __thiscall FUN_00419350(uint param_1)",false,false,true,"pseudocode/00419350.c"
"0x00419390","FUN_00419390",46,1,"undefined4 * __thiscall FUN_00419390(uint param_1)",false,false,true,"pseudocode/00419390.c"
"0x004193c0","FUN_004193c0",32,1,"undefined __stdcall FUN_004193c0(void)",false,false,true,"pseudocode/004193c0.c"
"0x004193e0","FUN_004193e0",884,1,"undefined __fastcall FUN_004193e0(int param_1)",false,false,true,"pseudocode/004193e0.c"
"0x00419760","FUN_00419760",574,1,"undefined __stdcall FUN_00419760(void)",false,false,true,"pseudocode/00419760.c"
"0x004199a0","FUN_004199a0",164,1,"undefined __stdcall FUN_004199a0(void)",false,false,true,"pseudocode/004199a0.c"
"0x00419a50","FUN_00419a50",385,1,"undefined __fastcall FUN_00419a50(int param_1)",false,false,true,"pseudocode/00419a50.c"
"0x00419be0","FUN_00419be0",20,1,"undefined __fastcall FUN_00419be0(void * param_1)",false,false,true,"pseudocode/00419be0.c"
"0x00419c00","FUN_00419c00",22,1,"uint __thiscall FUN_00419c00(uint param_1)",false,false,true,"pseudocode/00419c00.c"
"0x00419c20","FUN_00419c20",431,2,"undefined4 __fastcall FUN_00419c20(int param_1)",false,false,true,"pseudocode/00419c20.c"
"0x00419de0","FUN_00419de0",581,2,"undefined4 __fastcall FUN_00419de0(int param_1)",false,false,true,"pseudocode/00419de0.c"
"0x0041a030","FUN_0041a030",368,2,"undefined4 __fastcall FUN_0041a030(int param_1)",false,false,true,"pseudocode/0041a030.c"
"0x0041a1b0","FUN_0041a1b0",76,1,"undefined __cdecl FUN_0041a1b0(HWND param_1)",false,false,true,"pseudocode/0041a1b0.c"
"0x0041a200","ReleaseDocSite",50,1,"void __thiscall ReleaseDocSite(void)",false,false,true,"pseudocode/0041a200.c"
"0x0041a240","ReleaseDocSite",50,1,"void __thiscall ReleaseDocSite(void)",false,false,true,"pseudocode/0041a240.c"
"0x0041a280","FUN_0041a280",61,1,"undefined4 __thiscall FUN_0041a280(uint param_1)",false,false,true,"pseudocode/0041a280.c"
"0x0041a2c0","FUN_0041a2c0",1954,1,"undefined __stdcall FUN_0041a2c0(void)",false,false,true,"pseudocode/0041a2c0.c"
"0x0041aa70","FUN_0041aa70",184,1,"undefined __fastcall FUN_0041aa70(LPCVOID param_1)",false,false,true,"pseudocode/0041aa70.c"
"0x0041ab30","FUN_0041ab30",169,1,"undefined __stdcall FUN_0041ab30(void)",false,false,true,"pseudocode/0041ab30.c"
"0x0041abe0","FUN_0041abe0",651,3,"undefined __stdcall FUN_0041abe0(HWND param_1, uint param_2, uint param_3, HRAWINPUT param_4)",false,false,true,"pseudocode/0041abe0.c"
"0x0041ae70","FUN_0041ae70",1546,1,"undefined __stdcall FUN_0041ae70(void)",false,false,true,"pseudocode/0041ae70.c"
"0x0041b480","FUN_0041b480",16,1,"undefined __cdecl FUN_0041b480(HWND param_1)",false,false,true,"pseudocode/0041b480.c"
"0x0041b490","FUN_0041b490",81,1,"undefined __stdcall FUN_0041b490(void)",false,false,true,"pseudocode/0041b490.c"
"0x0041b4f0","FUN_0041b4f0",902,1,"undefined __stdcall FUN_0041b4f0(void)",false,false,true,"pseudocode/0041b4f0.c"
"0x0041b880","Check_offset",30,1,"undefined __thiscall Check_offset(uint param_1)",false,false,true,"pseudocode/0041b880.c"
"0x0041b8a0","FUN_0041b8a0",55,1,"undefined __thiscall FUN_0041b8a0(int param_1)",false,false,true,"pseudocode/0041b8a0.c"
"0x0041b8e0","FUN_0041b8e0",60,1,"undefined __cdecl FUN_0041b8e0(uint * param_1, int param_2)",false,false,true,"pseudocode/0041b8e0.c"
"0x0041b920","FUN_0041b920",417,1,"uint * __cdecl FUN_0041b920(uint * param_1, int param_2)",false,false,true,"pseudocode/0041b920.c"
"0x0041bad0","FUN_0041bad0",60,1,"undefined1 __cdecl FUN_0041bad0(uint * param_1, int param_2)",false,false,true,"pseudocode/0041bad0.c"
"0x0041bb10","FUN_0041bb10",94,1,"undefined __cdecl FUN_0041bb10(uint * param_1)",false,false,true,"pseudocode/0041bb10.c"
"0x0041bb70","FUN_0041bb70",181,1,"void * __cdecl FUN_0041bb70(void * param_1)",false,false,true,"pseudocode/0041bb70.c"
"0x0041bc30","FUN_0041bc30",39,1,"undefined __cdecl FUN_0041bc30(undefined1[32] * param_1, int param_2, undefined1[32] * param_3, int param_4)",false,false,true,"pseudocode/0041bc30.c"
"0x0041bc60","FUN_0041bc60",321,1,"undefined __thiscall FUN_0041bc60(char * * param_1)",false,false,true,"pseudocode/0041bc60.c"
"0x0041bdb0","FUN_0041bdb0",185,1,"undefined __cdecl FUN_0041bdb0(uint * param_1, undefined4 param_2, _Compressed_pair<struct_std::default_delete<class_std::_Facet_base>,class_std::_Facet_base*,1> * param_3)",false,false,true,"pseudocode/0041bdb0.c"
"0x0041be70","FUN_0041be70",19,1,"int __fastcall FUN_0041be70(int param_1)",false,false,true,"pseudocode/0041be70.c"
"0x0041be90","Xran",16,1,"undefined __stdcall Xran(void)",false,false,true,"pseudocode/0041be90.c"
"0x0041bea0","FID_conflict:append",148,1,"undefined4 * __thiscall FID_conflict:append(uint * param_1, uint * param_2)",false,false,true,"pseudocode/0041bea0.c"
"0x0041bf40","FID_conflict:assign",120,1,"undefined4 * __thiscall FID_conflict:assign(uint * param_1, uint * param_2)",false,false,true,"pseudocode/0041bf40.c"
"0x0041bfc0","FUN_0041bfc0",88,1,"undefined __fastcall FUN_0041bfc0(void * param_1)",false,false,true,"pseudocode/0041bfc0.c"
"0x0041c020","FUN_0041c020",186,2,"undefined __stdcall FUN_0041c020(void)",false,false,true,"pseudocode/0041c020.c"
"0x0041c0e0","FUN_0041c0e0",22,1,"undefined __fastcall FUN_0041c0e0(void * param_1)",false,false,true,"pseudocode/0041c0e0.c"
"0x0041c100","FUN_0041c100",148,1,"undefined4 __cdecl FUN_0041c100(undefined1[32] * param_1, undefined1[32] * param_2, uint param_3)",false,false,true,"pseudocode/0041c100.c"
"0x0041c1a0","FUN_0041c1a0",314,2,"bool __cdecl FUN_0041c1a0(undefined4 param_1)",false,false,true,"pseudocode/0041c1a0.c"
"0x0041c2e0","FUN_0041c2e0",58,1,"undefined1 __cdecl FUN_0041c2e0(_Compressed_pair<struct_std::default_delete<class_std::_Facet_base>,class_std::_Facet_base*,1> * param_1)",false,false,true,"pseudocode/0041c2e0.c"
"0x0041c320","FUN_0041c320",180,1,"undefined __stdcall FUN_0041c320(void)",false,false,true,"pseudocode/0041c320.c"
"0x0041c3e0","FUN_0041c3e0",838,1,"undefined __stdcall FUN_0041c3e0(void)",false,false,true,"pseudocode/0041c3e0.c"
"0x0041c730","FUN_0041c730",690,3,"undefined __cdecl FUN_0041c730(int param_1)",false,false,true,"pseudocode/0041c730.c"
"0x0041c9f0","FUN_0041c9f0",15,1,"undefined1 __stdcall FUN_0041c9f0(void)",false,false,true,"pseudocode/0041c9f0.c"
"0x0041ca00","FID_conflict:erase",48,1,"void * __thiscall FID_conflict:erase(uint param_1)",false,false,true,"pseudocode/0041ca00.c"
"0x0041ca30","FUN_0041ca30",21,1,"undefined __fastcall FUN_0041ca30(int param_1)",false,false,true,"pseudocode/0041ca30.c"
"0x0041ca50","FUN_0041ca50",31,1,"int __fastcall FUN_0041ca50(int param_1)",false,false,true,"pseudocode/0041ca50.c"
"0x0041ca70","FUN_0041ca70",17,1,"int __fastcall FUN_0041ca70(int param_1)",false,false,true,"pseudocode/0041ca70.c"
"0x0041ca90","FUN_0041ca90",17,1,"undefined4 __fastcall FUN_0041ca90(int param_1)",false,false,true,"pseudocode/0041ca90.c"
"0x0041cab0","FUN_0041cab0",17,1,"undefined4 __fastcall FUN_0041cab0(int param_1)",false,false,true,"pseudocode/0041cab0.c"
"0x0041cad0","FUN_0041cad0",17,1,"undefined4 __fastcall FUN_0041cad0(int param_1)",false,false,true,"pseudocode/0041cad0.c"
"0x0041caf0","FUN_0041caf0",17,1,"undefined4 __fastcall FUN_0041caf0(int param_1)",false,false,true,"pseudocode/0041caf0.c"
"0x0041cb10","FUN_0041cb10",332,3,"undefined __stdcall FUN_0041cb10(void)",false,false,true,"pseudocode/0041cb10.c"
"0x0041cc70","FUN_0041cc70",20,1,"undefined4 __fastcall FUN_0041cc70(int param_1)",false,false,true,"pseudocode/0041cc70.c"
"0x0041cc90","FUN_0041cc90",40,1,"undefined __thiscall FUN_0041cc90(undefined4 param_1)",false,false,true,"pseudocode/0041cc90.c"
"0x0041ccc0","FUN_0041ccc0",21,1,"undefined __fastcall FUN_0041ccc0(int param_1)",false,false,true,"pseudocode/0041ccc0.c"
"0x0041ccf0","FUN_0041ccf0",905,1,"undefined __thiscall FUN_0041ccf0(HINSTANCE param_1)",false,false,true,"pseudocode/0041ccf0.c"
"0x0041d080","FUN_0041d080",25,1,"uint __fastcall FUN_0041d080(int param_1)",false,false,true,"pseudocode/0041d080.c"
"0x0041d0a0","FUN_0041d0a0",25,1,"uint __fastcall FUN_0041d0a0(int param_1)",false,false,true,"pseudocode/0041d0a0.c"
"0x0041d0c0","FUN_0041d0c0",47,1,"bool __stdcall FUN_0041d0c0(void)",false,false,true,"pseudocode/0041d0c0.c"
"0x0041d0f0","FUN_0041d0f0",56,1,"undefined4 __fastcall FUN_0041d0f0(int param_1)",false,false,true,"pseudocode/0041d0f0.c"
"0x0041d130","FUN_0041d130",210,1,"bool __fastcall FUN_0041d130(undefined4 * param_1)",false,false,true,"pseudocode/0041d130.c"
"0x0041d210","FUN_0041d210",214,1,"undefined8 __cdecl FUN_0041d210(uint * param_1, uint * param_2, uint * param_3)",false,false,true,"pseudocode/0041d210.c"
"0x0041d2f0","FUN_0041d2f0",82,1,"void * __thiscall FUN_0041d2f0(void * param_1)",false,false,true,"pseudocode/0041d2f0.c"
"0x0041d350","FUN_0041d350",1156,4,"undefined __stdcall FUN_0041d350(HWND param_1, uint param_2, uint param_3, LPARAM param_4)",false,false,true,"pseudocode/0041d350.c"
"0x0041d960","FID_conflict:push_back",132,1,"undefined __thiscall FID_conflict:push_back(undefined2 param_1)",false,false,true,"pseudocode/0041d960.c"
"0x0041d9f0","FUN_0041d9f0",322,1,"undefined __fastcall FUN_0041d9f0(int param_1)",false,false,true,"pseudocode/0041d9f0.c"
"0x0041db40","FUN_0041db40",21,1,"undefined __fastcall FUN_0041db40(int param_1)",false,false,true,"pseudocode/0041db40.c"
"0x0041db60","FUN_0041db60",21,1,"undefined __fastcall FUN_0041db60(int param_1)",false,false,true,"pseudocode/0041db60.c"
"0x0041db80","FUN_0041db80",21,1,"undefined __fastcall FUN_0041db80(int param_1)",false,false,true,"pseudocode/0041db80.c"
"0x0041dba0","FUN_0041dba0",24,1,"undefined __fastcall FUN_0041dba0(int param_1)",false,false,true,"pseudocode/0041dba0.c"
"0x0041dbc0","FUN_0041dbc0",21,1,"undefined __fastcall FUN_0041dbc0(int param_1)",false,false,true,"pseudocode/0041dbc0.c"
"0x0041dbe0","FUN_0041dbe0",221,1,"undefined __fastcall FUN_0041dbe0(int param_1)",false,false,true,"pseudocode/0041dbe0.c"
"0x0041dcc0","FUN_0041dcc0",22,1,"undefined __thiscall FUN_0041dcc0(undefined1 param_1)",false,false,true,"pseudocode/0041dcc0.c"
"0x0041dce0","FUN_0041dce0",284,1,"undefined __thiscall FUN_0041dce0(int param_1)",false,false,true,"pseudocode/0041dce0.c"
"0x0041de00","FUN_0041de00",44,1,"undefined __thiscall FUN_0041de00(uint param_1)",false,false,true,"pseudocode/0041de00.c"
"0x0041de30","FUN_0041de30",25,1,"undefined __thiscall FUN_0041de30(undefined4 param_1)",false,false,true,"pseudocode/0041de30.c"
"0x0041de50","FUN_0041de50",22,1,"undefined __thiscall FUN_0041de50(undefined4 param_1)",false,false,true,"pseudocode/0041de50.c"
"0x0041de70","FUN_0041de70",22,1,"undefined __thiscall FUN_0041de70(undefined4 param_1)",false,false,true,"pseudocode/0041de70.c"
"0x0041de90","FUN_0041de90",22,1,"undefined __thiscall FUN_0041de90(undefined4 param_1)",false,false,true,"pseudocode/0041de90.c"
"0x0041deb0","FUN_0041deb0",26,1,"undefined __thiscall FUN_0041deb0(int param_1, undefined4 param_2)",false,false,true,"pseudocode/0041deb0.c"
"0x0041ded0","FUN_0041ded0",26,1,"undefined __thiscall FUN_0041ded0(int param_1, undefined4 param_2)",false,false,true,"pseudocode/0041ded0.c"
"0x0041def0","FUN_0041def0",26,1,"undefined __thiscall FUN_0041def0(int param_1, undefined4 param_2)",false,false,true,"pseudocode/0041def0.c"
"0x0041df10","FUN_0041df10",26,1,"undefined __thiscall FUN_0041df10(int param_1, undefined4 param_2)",false,false,true,"pseudocode/0041df10.c"
"0x0041df30","FUN_0041df30",22,1,"undefined __thiscall FUN_0041df30(undefined4 param_1)",false,false,true,"pseudocode/0041df30.c"
"0x0041df50","FUN_0041df50",22,1,"undefined __thiscall FUN_0041df50(undefined4 param_1)",false,false,true,"pseudocode/0041df50.c"
"0x0041df70","FUN_0041df70",26,1,"undefined __thiscall FUN_0041df70(int param_1, undefined4 param_2)",false,false,true,"pseudocode/0041df70.c"
"0x0041df90","FUN_0041df90",26,1,"undefined __thiscall FUN_0041df90(int param_1, undefined4 param_2)",false,false,true,"pseudocode/0041df90.c"
"0x0041dfb0","FUN_0041dfb0",22,1,"undefined __thiscall FUN_0041dfb0(undefined4 param_1)",false,false,true,"pseudocode/0041dfb0.c"
"0x0041dfd0","FUN_0041dfd0",22,1,"undefined __thiscall FUN_0041dfd0(undefined4 param_1)",false,false,true,"pseudocode/0041dfd0.c"
"0x0041dff0","FUN_0041dff0",22,1,"undefined __thiscall FUN_0041dff0(undefined4 param_1)",false,false,true,"pseudocode/0041dff0.c"
"0x0041e010","FUN_0041e010",22,1,"undefined __thiscall FUN_0041e010(undefined4 param_1)",false,false,true,"pseudocode/0041e010.c"
"0x0041e030","FUN_0041e030",25,1,"undefined __thiscall FUN_0041e030(undefined4 param_1)",false,false,true,"pseudocode/0041e030.c"
"0x0041e050","FUN_0041e050",1819,1,"undefined __thiscall FUN_0041e050(int param_1)",false,false,true,"pseudocode/0041e050.c"
"0x0041e770","FUN_0041e770",17,1,"undefined __cdecl FUN_0041e770(undefined4 param_1)",false,false,true,"pseudocode/0041e770.c"
"0x0041e790","FUN_0041e790",55,1,"basic_string<char,struct_std::char_traits<char>,class_std::allocator<char>_> * __thiscall FUN_0041e790(basic_string<char,struct_std::char_traits<char>,class_std::allocator<char>_> * param_1)",false,false,true,"pseudocode/0041e790.c"
"0x0041e7d0","FUN_0041e7d0",2535,2,"undefined __stdcall FUN_0041e7d0(HINSTANCE param_1)",false,false,true,"pseudocode/0041e7d0.c"
"0x0041f1c0","FUN_0041f1c0",10,1,"undefined * __stdcall FUN_0041f1c0(void)",false,false,true,"pseudocode/0041f1c0.c"
"0x0041f1d0","__vswprintf_s_l",77,1,"int __cdecl __vswprintf_s_l(wchar_t * _DstBuf, size_t _DstSize, wchar_t * _Format, _locale_t _Locale, va_list _ArgList)",false,false,true,"pseudocode/0041f1d0.c"
"0x0041f220","FID_conflict:_swprintf",55,1,"int __cdecl FID_conflict:_swprintf(wchar_t * _Dest, wchar_t * _Format, ...)",false,false,true,"pseudocode/0041f220.c"
"0x0041f260","FUN_0041f260",838,1,"undefined __cdecl FUN_0041f260(undefined1[32] * param_1, undefined1[32] * param_2, uint param_3)",false,false,true,"pseudocode/0041f260.c"
"0x0041f5b0","FUN_0041f5b0",53,1,"undefined4 * __fastcall FUN_0041f5b0(undefined4 * param_1)",false,false,true,"pseudocode/0041f5b0.c"
"0x0041f5f0","FUN_0041f5f0",23,1,"undefined __fastcall FUN_0041f5f0(int param_1)",false,false,true,"pseudocode/0041f5f0.c"
"0x0041f610","FUN_0041f610",88,1,"undefined __stdcall FUN_0041f610(SIZE_T param_1)",false,false,true,"pseudocode/0041f610.c"
"0x0041f670","FUN_0041f670",85,1,"undefined __stdcall FUN_0041f670(LPVOID param_1)",false,false,true,"pseudocode/0041f670.c"
"0x0041f6d0","FUN_0041f6d0",141,1,"undefined __stdcall FUN_0041f6d0(uint param_1, uint param_2)",false,false,true,"pseudocode/0041f6d0.c"
"0x0041f760","FUN_0041f760",81,1,"undefined __stdcall FUN_0041f760(void * param_1, undefined4 param_2, align_val_t param_3)",false,false,true,"pseudocode/0041f760.c"
"0x0041f7c0","FUN_0041f7c0",97,1,"undefined __stdcall FUN_0041f7c0(undefined4 * param_1)",false,false,true,"pseudocode/0041f7c0.c"
"0x0041f830","FUN_0041f830",73,1,"undefined4 * __stdcall FUN_0041f830(void)",false,false,true,"pseudocode/0041f830.c"
"0x0041f880","FUN_0041f880",27,1,"undefined __cdecl FUN_0041f880(undefined4 * param_1)",false,false,true,"pseudocode/0041f880.c"
"0x0041f8a0","FUN_0041f8a0",261,1,"undefined4 * __fastcall FUN_0041f8a0(undefined4 * param_1)",false,false,true,"pseudocode/0041f8a0.c"
"0x0041f9b0","FUN_0041f9b0",340,1,"undefined4 * __fastcall FUN_0041f9b0(undefined4 * param_1)",false,false,true,"pseudocode/0041f9b0.c"
"0x0041fb10","FUN_0041fb10",309,1,"undefined2 * __fastcall FUN_0041fb10(undefined2 * param_1)",false,false,true,"pseudocode/0041fb10.c"
"0x0041fc50","FUN_0041fc50",85,1,"undefined2 * __fastcall FUN_0041fc50(undefined2 * param_1)",false,false,true,"pseudocode/0041fc50.c"
"0x0041fcb0","FUN_0041fcb0",102,1,"undefined4 * __fastcall FUN_0041fcb0(undefined4 * param_1)",false,false,true,"pseudocode/0041fcb0.c"
"0x0041fd20","FUN_0041fd20",68,1,"undefined4 * __fastcall FUN_0041fd20(undefined4 * param_1)",false,false,true,"pseudocode/0041fd20.c"
"0x0041fd70","FUN_0041fd70",120,1,"undefined __fastcall FUN_0041fd70(CDocObjectServer * param_1)",false,false,true,"pseudocode/0041fd70.c"
"0x0041fdf0","FUN_0041fdf0",20,1,"undefined __fastcall FUN_0041fdf0(undefined4 * param_1)",false,false,true,"pseudocode/0041fdf0.c"
"0x0041fe10","FUN_0041fe10",49,1,"CDocObjectServer * __thiscall FUN_0041fe10(uint param_1)",false,false,true,"pseudocode/0041fe10.c"
"0x0041fe50","FUN_0041fe50",46,1,"undefined4 * __thiscall FUN_0041fe50(uint param_1)",false,false,true,"pseudocode/0041fe50.c"
"0x0041fe80","FUN_0041fe80",762,1,"undefined __fastcall FUN_0041fe80(void * param_1)",false,false,true,"pseudocode/0041fe80.c"
"0x00420180","FUN_00420180",153,1,"undefined __stdcall FUN_00420180(int param_1)",false,false,true,"pseudocode/00420180.c"
"0x00420220","FUN_00420220",158,1,"undefined4 __stdcall FUN_00420220(int param_1)",false,false,true,"pseudocode/00420220.c"
"0x004202c0","FUN_004202c0",466,1,"undefined __fastcall FUN_004202c0(CDocObjectServer * param_1)",false,false,true,"pseudocode/004202c0.c"
"0x004204a0","FUN_004204a0",98,1,"uint __cdecl FUN_004204a0(uint * param_1, short param_2, uint param_3, uint param_4)",false,false,true,"pseudocode/004204a0.c"
"0x00420510","FUN_00420510",105,1,"uint __cdecl FUN_00420510(uint * param_1, short param_2, uint param_3, int param_4)",false,false,true,"pseudocode/00420510.c"
"0x00420580","FUN_00420580",471,1,"undefined __stdcall FUN_00420580(void)",false,false,true,"pseudocode/00420580.c"
"0x00420760","FUN_00420760",550,1,"undefined __cdecl FUN_00420760(int param_1)",false,false,true,"pseudocode/00420760.c"
"0x00420990","FUN_00420990",265,1,"undefined4 __fastcall FUN_00420990(CDocObjectServer * param_1)",false,false,true,"pseudocode/00420990.c"
"0x00420aa0","FUN_00420aa0",726,1,"undefined4 __fastcall FUN_00420aa0(CDocObjectServer * param_1)",false,false,true,"pseudocode/00420aa0.c"
"0x00420d80","FUN_00420d80",465,1,"undefined __fastcall FUN_00420d80(CDocObjectServer * param_1)",false,false,true,"pseudocode/00420d80.c"
"0x00420f80","FUN_00420f80",189,1,"undefined __stdcall FUN_00420f80(void)",false,false,true,"pseudocode/00420f80.c"
"0x00421040","FUN_00421040",132,1,"undefined __stdcall FUN_00421040(void)",false,false,true,"pseudocode/00421040.c"
"0x004210d0","FUN_004210d0",170,1,"undefined __fastcall FUN_004210d0(int param_1)",false,false,true,"pseudocode/004210d0.c"
"0x00421180","FUN_00421180",1239,9,"undefined __cdecl FUN_00421180(uint * param_1)",false,false,true,"pseudocode/00421180.c"
"0x00421680","FUN_00421680",20,1,"undefined __fastcall FUN_00421680(int param_1)",false,false,true,"pseudocode/00421680.c"
"0x004216a0","FUN_004216a0",53,1,"undefined __fastcall FUN_004216a0(int param_1)",false,false,true,"pseudocode/004216a0.c"
"0x004216e0","ReleaseDocSite",50,1,"void __thiscall ReleaseDocSite(void)",false,false,true,"pseudocode/004216e0.c"
"0x00421720","FUN_00421720",50,1,"undefined __fastcall FUN_00421720(undefined4 * param_1)",false,false,true,"pseudocode/00421720.c"
"0x00421760","FUN_00421760",20,1,"undefined __fastcall FUN_00421760(int param_1)",false,false,true,"pseudocode/00421760.c"
"0x00421780","FUN_00421780",53,1,"undefined __fastcall FUN_00421780(int param_1)",false,false,true,"pseudocode/00421780.c"
"0x004217c0","FUN_004217c0",42,1,"undefined __cdecl FUN_004217c0(undefined4 * param_1)",false,false,true,"pseudocode/004217c0.c"
"0x004217f0","FUN_004217f0",27,1,"int __thiscall FUN_004217f0(int param_1)",false,false,true,"pseudocode/004217f0.c"
"0x00421810","FUN_00421810",17,1,"undefined4 __fastcall FUN_00421810(int param_1)",false,false,true,"pseudocode/00421810.c"
"0x00421830","FUN_00421830",17,1,"int __fastcall FUN_00421830(int param_1)",false,false,true,"pseudocode/00421830.c"
"0x00421850","FUN_00421850",26,1,"undefined4 __thiscall FUN_00421850(int param_1)",false,false,true,"pseudocode/00421850.c"
"0x00421870","FUN_00421870",26,1,"int __thiscall FUN_00421870(int param_1)",false,false,true,"pseudocode/00421870.c"
"0x00421890","FUN_00421890",181,1,"undefined __cdecl FUN_00421890(int param_1, int param_2)",false,false,true,"pseudocode/00421890.c"
"0x00421950","FUN_00421950",32,1,"undefined __thiscall FUN_00421950(int param_1)",false,false,true,"pseudocode/00421950.c"
"0x00421970","FUN_00421970",17,1,"int __fastcall FUN_00421970(int param_1)",false,false,true,"pseudocode/00421970.c"
"0x00421990","FUN_00421990",49,1,"undefined4 __thiscall FUN_00421990(int param_1)",false,false,true,"pseudocode/00421990.c"
"0x004219d0","FUN_004219d0",218,1,"undefined __thiscall FUN_004219d0(int param_1, undefined4 param_2)",false,false,true,"pseudocode/004219d0.c"
"0x00421ab0","FUN_00421ab0",31,1,"undefined __thiscall FUN_00421ab0(undefined4 param_1)",false,false,true,"pseudocode/00421ab0.c"
"0x00421ad0","FUN_00421ad0",40,1,"undefined __thiscall FUN_00421ad0(undefined4 param_1, undefined4 param_2)",false,false,true,"pseudocode/00421ad0.c"
"0x00421b00","FUN_00421b00",3490,1,"undefined __fastcall FUN_00421b00(int * param_1)",false,false,true,"pseudocode/00421b00.c"
"0x004228b0","FUN_004228b0",583,1,"undefined __fastcall FUN_004228b0(uint * param_1)",false,false,true,"pseudocode/004228b0.c"
"0x00422b00","FUN_00422b00",94,2,"CDocObjectServer * __stdcall FUN_00422b00(void)",false,false,true,"pseudocode/00422b00.c"
"0x00422b60","FUN_00422b60",21,1,"undefined __cdecl FUN_00422b60(undefined1[16] * param_1, undefined1[16] * param_2)",false,false,true,"pseudocode/00422b60.c"
"0x00422b80","FUN_00422b80",10,1,"undefined * __stdcall FUN_00422b80(void)",false,false,true,"pseudocode/00422b80.c"
"0x00422b90","FUN_00422b90",46,1,"undefined __cdecl FUN_00422b90(wchar_t * param_1, wchar_t * param_2, __crt_locale_pointers * param_3, char * param_4)",false,false,true,"pseudocode/00422b90.c"
"0x00422bc0","FUN_00422bc0",51,1,"undefined4 __cdecl FUN_00422bc0(wchar_t * param_1, wchar_t * param_2)",false,false,true,"pseudocode/00422bc0.c"
"0x00422c00","FUN_00422c00",36,1,"uint __cdecl FUN_00422c00(uint param_1)",false,false,true,"pseudocode/00422c00.c"
"0x00422c30","locale",29,1,"undefined __thiscall locale(void)",false,false,true,"pseudocode/00422c30.c"
"0x00422c50","FUN_00422c50",85,1,"undefined4 * __thiscall FUN_00422c50(undefined4 param_1)",false,false,true,"pseudocode/00422c50.c"
"0x00422cb0","FUN_00422cb0",133,1,"uint __cdecl FUN_00422cb0(uint param_1)",false,false,true,"pseudocode/00422cb0.c"
"0x00422d40","FUN_00422d40",67,1,"undefined4 * __stdcall FUN_00422d40(void)",false,false,true,"pseudocode/00422d40.c"
"0x00422d90","FUN_00422d90",54,1,"undefined4 * __fastcall FUN_00422d90(undefined4 * param_1)",false,false,true,"pseudocode/00422d90.c"
"0x00422dd0","FUN_00422dd0",54,1,"undefined4 * __thiscall FUN_00422dd0(undefined4 param_1, undefined4 param_2, undefined4 param_3)",false,false,true,"pseudocode/00422dd0.c"
"0x00422e10","FUN_00422e10",46,1,"undefined4 * __fastcall FUN_00422e10(undefined4 * param_1)",false,false,true,"pseudocode/00422e10.c"
"0x00422e40","FUN_00422e40",214,1,"int __fastcall FUN_00422e40(int param_1)",false,false,true,"pseudocode/00422e40.c"
"0x00422f20","FUN_00422f20",298,1,"int __fastcall FUN_00422f20(int param_1)",false,false,true,"pseudocode/00422f20.c"
"0x00423050","FUN_00423050",712,1,"undefined4 * __fastcall FUN_00423050(undefined4 * param_1)",false,false,true,"pseudocode/00423050.c"
"0x00423320","FUN_00423320",133,1,"undefined4 * __fastcall FUN_00423320(undefined4 * param_1)",false,false,true,"pseudocode/00423320.c"
"0x004233b0","FUN_004233b0",187,1,"undefined4 * __fastcall FUN_004233b0(undefined4 * param_1)",false,false,true,"pseudocode/004233b0.c"
"0x00423470","FUN_00423470",43,1,"undefined4 * __fastcall FUN_00423470(undefined4 * param_1)",false,false,true,"pseudocode/00423470.c"
"0x004234a0","FUN_004234a0",121,1,"undefined __fastcall FUN_004234a0(undefined4 * param_1)",false,false,true,"pseudocode/004234a0.c"
"0x00423520","FUN_00423520",26,1,"undefined __thiscall FUN_00423520(int param_1)",false,false,true,"pseudocode/00423520.c"
"0x00423540","FUN_00423540",22,1,"undefined __fastcall FUN_00423540(undefined4 * param_1)",false,false,true,"pseudocode/00423540.c"
"0x00423560","FUN_00423560",46,1,"bool __thiscall FUN_00423560(int param_1)",false,false,true,"pseudocode/00423560.c"
"0x00423590","FUN_00423590",46,1,"bool __thiscall FUN_00423590(int param_1)",false,false,true,"pseudocode/00423590.c"
"0x004235c0","FUN_004235c0",46,1,"bool __thiscall FUN_004235c0(int param_1)",false,false,true,"pseudocode/004235c0.c"
"0x004235f0","FUN_004235f0",35,1,"uint __fastcall FUN_004235f0(uint * param_1)",false,false,true,"pseudocode/004235f0.c"
"0x00423620","FUN_00423620",46,1,"undefined4 * __thiscall FUN_00423620(uint param_1)",false,false,true,"pseudocode/00423620.c"
"0x00423650","FUN_00423650",1407,1,"undefined __cdecl FUN_00423650(undefined4 * param_1, undefined4 param_2)",false,false,true,"pseudocode/00423650.c"
"0x00423bd0","FUN_00423bd0",17,1,"float10 __fastcall FUN_00423bd0(int param_1)",false,false,true,"pseudocode/00423bd0.c"
"0x00423bf0","FUN_00423bf0",637,1,"undefined __thiscall FUN_00423bf0(undefined4 param_1, undefined4 param_2, undefined4 param_3, undefined4 param_4, undefined4 param_5, int param_6)",false,false,true,"pseudocode/00423bf0.c"
"0x00423ea0","FUN_00423ea0",49,1,"uint __thiscall FUN_00423ea0(uint param_1)",false,false,true,"pseudocode/00423ea0.c"
"0x00423ee0","FUN_00423ee0",99,1,"undefined __fastcall FUN_00423ee0(int param_1)",false,false,true,"pseudocode/00423ee0.c"
"0x00423f50","FUN_00423f50",41,1,"undefined __fastcall FUN_00423f50(undefined4 * param_1)",false,false,true,"pseudocode/00423f50.c"
"0x00423f80","FUN_00423f80",90,1,"undefined __thiscall FUN_00423f80(int param_1)",false,false,true,"pseudocode/00423f80.c"
"0x00423fe0","FUN_00423fe0",38,1,"undefined __thiscall FUN_00423fe0(uint param_1)",false,false,true,"pseudocode/00423fe0.c"
"0x00424010","FUN_00424010",17,1,"undefined4 __fastcall FUN_00424010(int param_1)",false,false,true,"pseudocode/00424010.c"
"0x00424030","FUN_00424030",40,1,"uint __fastcall FUN_00424030(int param_1)",false,false,true,"pseudocode/00424030.c"
"0x00424060","FUN_00424060",25,1,"uint __fastcall FUN_00424060(int param_1)",false,false,true,"pseudocode/00424060.c"
"0x00424080","FUN_00424080",24,1,"undefined __fastcall FUN_00424080(int param_1)",false,false,true,"pseudocode/00424080.c"
"0x004240a0","FUN_004240a0",21,1,"undefined __fastcall FUN_004240a0(int param_1)",false,false,true,"pseudocode/004240a0.c"
"0x004240c0","FUN_004240c0",180,1,"undefined4 __cdecl FUN_004240c0(int param_1)",false,false,true,"pseudocode/004240c0.c"
"0x00424180","FUN_00424180",221,1,"undefined4 __cdecl FUN_00424180(int param_1)",false,false,true,"pseudocode/00424180.c"
"0x00424260","FUN_00424260",239,1,"undefined4 __cdecl FUN_00424260(int param_1)",false,false,true,"pseudocode/00424260.c"
"0x00424350","FUN_00424350",264,1,"undefined4 __cdecl FUN_00424350(int param_1)",false,false,true,"pseudocode/00424350.c"
"0x00424460","FUN_00424460",82,1,"undefined4 __cdecl FUN_00424460(int param_1)",false,false,true,"pseudocode/00424460.c"
"0x004244c0","FUN_004244c0",1318,1,"undefined4 __cdecl FUN_004244c0(int param_1)",false,false,true,"pseudocode/004244c0.c"
"0x004249f0","FUN_004249f0",1040,1,"undefined4 __cdecl FUN_004249f0(int param_1)",false,false,true,"pseudocode/004249f0.c"
"0x00424e00","FUN_00424e00",128,1,"undefined __cdecl FUN_00424e00(int param_1)",false,false,true,"pseudocode/00424e00.c"
"0x00424e80","FUN_00424e80",172,1,"undefined __cdecl FUN_00424e80(int param_1)",false,false,true,"pseudocode/00424e80.c"
"0x00424f30","FUN_00424f30",105,1,"undefined __cdecl FUN_00424f30(int param_1)",false,false,true,"pseudocode/00424f30.c"
"0x00424fa0","FUN_00424fa0",202,1,"undefined __cdecl FUN_00424fa0(int param_1)",false,false,true,"pseudocode/00424fa0.c"
"0x00425070","FUN_00425070",29,1,"undefined4 __cdecl FUN_00425070(undefined4 * param_1)",false,false,true,"pseudocode/00425070.c"
"0x00425090","__aligned_offset_recalloc",37,1,"void * __cdecl __aligned_offset_recalloc(void * _Memory, size_t _Count, size_t _Size, size_t _Alignment, size_t _Offset)",false,false,true,"pseudocode/00425090.c"
"0x004250c0","FUN_004250c0",39,1,"undefined __cdecl FUN_004250c0(undefined4 param_1, undefined4 param_2, undefined4 param_3, undefined4 param_4, undefined4 param_5, int param_6)",false,false,true,"pseudocode/004250c0.c"
"0x004250f0","FUN_004250f0",81,1,"undefined4 * __cdecl FUN_004250f0(undefined4 param_1, undefined4 param_2, undefined4 param_3, undefined4 param_4, undefined4 param_5, int param_6, undefined4 param_7)",false,false,true,"pseudocode/004250f0.c"
"0x00425150","FUN_00425150",56,1,"undefined __fastcall FUN_00425150(undefined4 * param_1)",false,false,true,"pseudocode/00425150.c"
"0x00425190","FUN_00425190",74,1,"undefined4 * __thiscall FUN_00425190(undefined4 param_1)",false,false,true,"pseudocode/00425190.c"
"0x004251e0","FUN_004251e0",19,1,"undefined __cdecl FUN_004251e0(void * param_1, uint * param_2)",false,false,true,"pseudocode/004251e0.c"
"0x00425200","FUN_00425200",26,1,"undefined __cdecl FUN_00425200(undefined4 param_1)",false,false,true,"pseudocode/00425200.c"
"0x00425220","FUN_00425220",65,1,"undefined __cdecl FUN_00425220(undefined4 param_1, undefined4 param_2)",false,false,true,"pseudocode/00425220.c"
"0x00425270","FUN_00425270",71,1,"undefined __fastcall FUN_00425270(int param_1)",false,false,true,"pseudocode/00425270.c"
"0x004252c0","FUN_004252c0",92,1,"undefined __thiscall FUN_004252c0(undefined4 param_1)",false,false,true,"pseudocode/004252c0.c"
"0x00425320","FUN_00425320",35,1,"undefined __cdecl FUN_00425320(undefined4 param_1, int param_2)",false,false,true,"pseudocode/00425320.c"
"0x00425350","_Get_size_of_n<8>",42,1,"uint __cdecl _Get_size_of_n<8>(uint param_1)",false,false,true,"pseudocode/00425350.c"
"0x00425380","FUN_00425380",79,1,"undefined __cdecl FUN_00425380(uint * param_1)",false,false,true,"pseudocode/00425380.c"
"0x004253d0","FUN_004253d0",243,1,"undefined __thiscall FUN_004253d0(uint param_1)",false,false,true,"pseudocode/004253d0.c"
"0x004254d0","FUN_004254d0",328,1,"undefined __thiscall FUN_004254d0(uint param_1)",false,false,true,"pseudocode/004254d0.c"
"0x00425620","FUN_00425620",19,1,"undefined __cdecl FUN_00425620(undefined4 * param_1)",false,false,true,"pseudocode/00425620.c"
"0x00425640","FUN_00425640",200,1,"undefined __cdecl FUN_00425640(undefined4 param_1, undefined4 param_2, undefined4 param_3, undefined4 param_4)",false,false,true,"pseudocode/00425640.c"
"0x00425710","FUN_00425710",155,1,"undefined __cdecl FUN_00425710(undefined4 param_1, int param_2, undefined4 param_3)",false,false,true,"pseudocode/00425710.c"
"0x004257b0","FUN_004257b0",78,1,"undefined __cdecl FUN_004257b0(undefined4 param_1, undefined4 param_2)",false,false,true,"pseudocode/004257b0.c"
"0x00425800","FUN_00425800",78,1,"undefined __cdecl FUN_00425800(undefined4 param_1, undefined4 param_2)",false,false,true,"pseudocode/00425800.c"
"0x00425850","FUN_00425850",18,1,"undefined __stdcall FUN_00425850(void)",false,false,true,"pseudocode/00425850.c"
"0x00425870","FUN_00425870",65,1,"undefined __stdcall FUN_00425870(void)",false,false,true,"pseudocode/00425870.c"
"0x004258c0","FUN_004258c0",31,1,"undefined __cdecl FUN_004258c0(undefined4 param_1, undefined4 param_2, undefined4 param_3)",false,false,true,"pseudocode/004258c0.c"
"0x004258e0","FUN_004258e0",78,1,"undefined __stdcall FUN_004258e0(undefined4 param_1, undefined4 param_2)",false,false,true,"pseudocode/004258e0.c"
"0x00425930","FUN_00425930",97,1,"undefined __stdcall FUN_00425930(void * param_1)",false,false,true,"pseudocode/00425930.c"
"0x004259a0","FUN_004259a0",67,1,"undefined4 * __stdcall FUN_004259a0(void)",false,false,true,"pseudocode/004259a0.c"
"0x004259f0","__ExceptionPtrDestroy",16,1,"void __cdecl __ExceptionPtrDestroy(void * param_1)",false,false,true,"pseudocode/004259f0.c"
"0x00425a00","FUN_00425a00",202,1,"undefined __cdecl FUN_00425a00(undefined4 param_1, int param_2, uint * param_3)",false,false,true,"pseudocode/00425a00.c"
"0x00425ad0","FUN_00425ad0",133,1,"undefined __cdecl FUN_00425ad0(undefined4 param_1, int param_2, undefined4 * param_3)",false,false,true,"pseudocode/00425ad0.c"
"0x00425b60","FUN_00425b60",13,1,"undefined __cdecl FUN_00425b60(undefined4 * param_1)",false,false,true,"pseudocode/00425b60.c"
"0x00425b70","FUN_00425b70",17,1,"undefined __cdecl FUN_00425b70(void * param_1, undefined4 param_2)",false,false,true,"pseudocode/00425b70.c"
"0x00425b90","FUN_00425b90",20,1,"undefined4 __cdecl FUN_00425b90(undefined4 param_1)",false,false,true,"pseudocode/00425b90.c"
"0x00425bb0","FUN_00425bb0",78,1,"undefined4 __fastcall FUN_00425bb0(undefined4 param_1)",false,false,true,"pseudocode/00425bb0.c"
"0x00425c10","FUN_00425c10",78,1,"undefined4 __fastcall FUN_00425c10(undefined4 param_1)",false,false,true,"pseudocode/00425c10.c"
"0x00425c70","FUN_00425c70",75,1,"undefined4 __fastcall FUN_00425c70(undefined4 param_1)",false,false,true,"pseudocode/00425c70.c"
"0x00425cc0","FUN_00425cc0",23,1,"undefined4 * __fastcall FUN_00425cc0(undefined4 * param_1)",false,false,true,"pseudocode/00425cc0.c"
"0x00425ce0","FUN_00425ce0",55,1,"undefined4 * __fastcall FUN_00425ce0(undefined4 * param_1)",false,false,true,"pseudocode/00425ce0.c"
"0x00425d20","FUN_00425d20",73,1,"undefined4 * __fastcall FUN_00425d20(undefined4 * param_1)",false,false,true,"pseudocode/00425d20.c"
"0x00425d70","FUN_00425d70",573,1,"undefined4 * __fastcall FUN_00425d70(undefined4 * param_1)",false,false,true,"pseudocode/00425d70.c"
"0x00425fc0","FUN_00425fc0",65,1,"undefined4 * __fastcall FUN_00425fc0(undefined4 * param_1)",false,false,true,"pseudocode/00425fc0.c"
"0x00426010","FUN_00426010",20,1,"undefined __fastcall FUN_00426010(_Compressed_pair<struct_std::default_delete<class_std::_Facet_base>,class_std::_Facet_base*,1> * param_1)",false,false,true,"pseudocode/00426010.c"
"0x00426030","FUN_00426030",26,1,"undefined __fastcall FUN_00426030(int param_1)",false,false,true,"pseudocode/00426030.c"
"0x00426050","FUN_00426050",81,1,"undefined __fastcall FUN_00426050(undefined4 * param_1)",false,false,true,"pseudocode/00426050.c"
"0x004260b0","FUN_004260b0",23,1,"int __thiscall FUN_004260b0(int param_1)",false,false,true,"pseudocode/004260b0.c"
"0x004260d0","FUN_004260d0",23,1,"int __thiscall FUN_004260d0(int param_1)",false,false,true,"pseudocode/004260d0.c"
"0x004260f0","FUN_004260f0",20,1,"int __thiscall FUN_004260f0(int param_1)",false,false,true,"pseudocode/004260f0.c"
"0x00426110","FUN_00426110",35,1,"int __thiscall FUN_00426110(int param_1)",false,false,true,"pseudocode/00426110.c"
"0x00426140","FUN_00426140",46,1,"int * __thiscall FUN_00426140(uint param_1)",false,false,true,"pseudocode/00426140.c"
"0x00426170","FUN_00426170",373,1,"undefined4 __fastcall FUN_00426170(undefined4 * param_1)",false,false,true,"pseudocode/00426170.c"
"0x004262f0","FUN_004262f0",63,1,"undefined __thiscall FUN_004262f0(float param_1)",false,false,true,"pseudocode/004262f0.c"
"0x00426330","FUN_00426330",59,1,"undefined __thiscall FUN_00426330(float param_1)",false,false,true,"pseudocode/00426330.c"
"0x00426370","FUN_00426370",20,1,"undefined4 __fastcall FUN_00426370(int param_1)",false,false,true,"pseudocode/00426370.c"
"0x00426390","FUN_00426390",79,1,"undefined __thiscall FUN_00426390(int param_1)",false,false,true,"pseudocode/00426390.c"
"0x004263e0","FUN_004263e0",890,1,"undefined __thiscall FUN_004263e0(HWND param_1)",false,false,true,"pseudocode/004263e0.c"
"0x00426760","FUN_00426760",214,1,"undefined4 __fastcall FUN_00426760(int * param_1)",false,false,true,"pseudocode/00426760.c"
"0x00426840","FUN_00426840",71,1,"undefined4 __thiscall FUN_00426840(undefined1[16] * param_1)",false,false,true,"pseudocode/00426840.c"
"0x00426890","FUN_00426890",835,1,"undefined4 __thiscall FUN_00426890(char * * param_1)",false,false,true,"pseudocode/00426890.c"
"0x00426be0","FUN_00426be0",129,1,"undefined4 __thiscall FUN_00426be0(undefined1[16] * param_1)",false,false,true,"pseudocode/00426be0.c"
"0x00426c70","FUN_00426c70",244,1,"undefined __stdcall FUN_00426c70(void)",false,false,true,"pseudocode/00426c70.c"
"0x00426d70","FUN_00426d70",320,1,"undefined __thiscall FUN_00426d70(int param_1, undefined4 param_2)",false,false,true,"pseudocode/00426d70.c"
"0x00426eb0","FUN_00426eb0",52,1,"undefined __thiscall FUN_00426eb0(int param_1, float param_2)",false,false,true,"pseudocode/00426eb0.c"
"0x00426ef0","FUN_00426ef0",346,1,"undefined __thiscall FUN_00426ef0(int param_1)",false,false,true,"pseudocode/00426ef0.c"
"0x00427050","FUN_00427050",754,7,"undefined __thiscall FUN_00427050(int param_1, undefined1[16] * param_2)",false,false,true,"pseudocode/00427050.c"
"0x00427360","FUN_00427360",1146,1,"undefined __thiscall FUN_00427360(char * * param_1, undefined1[16] * param_2)",false,false,true,"pseudocode/00427360.c"
"0x004277f0","FUN_004277f0",2909,1,"undefined __fastcall FUN_004277f0(void * param_1)",false,false,true,"pseudocode/004277f0.c"
"0x00428380","FUN_00428380",46,1,"undefined __fastcall FUN_00428380(int * param_1)",false,false,true,"pseudocode/00428380.c"
"0x004283b0","FUN_004283b0",100,1,"char * __cdecl FUN_004283b0(char * param_1, char * param_2, int * param_3, int param_4)",false,false,true,"pseudocode/004283b0.c"
"0x00428420","FUN_00428420",320,1,"undefined __thiscall FUN_00428420(undefined1[16] * param_1)",false,false,true,"pseudocode/00428420.c"
"0x00428560","FUN_00428560",325,1,"undefined4 __fastcall FUN_00428560(int * param_1)",false,false,true,"pseudocode/00428560.c"
"0x004286b0","FUN_004286b0",348,1,"undefined4 __thiscall FUN_004286b0(char * * param_1)",false,false,true,"pseudocode/004286b0.c"
"0x00428810","FUN_00428810",120,1,"undefined __fastcall FUN_00428810(int * param_1)",false,false,true,"pseudocode/00428810.c"
"0x00428890","FUN_00428890",255,1,"undefined __thiscall FUN_00428890(int param_1)",false,false,true,"pseudocode/00428890.c"
"0x00428990","FUN_00428990",252,1,"undefined __fastcall FUN_00428990(int param_1)",false,false,true,"pseudocode/00428990.c"
"0x00428a90","FUN_00428a90",84,1,"uint __thiscall FUN_00428a90(uint param_1)",false,false,true,"pseudocode/00428a90.c"
"0x00428af0","FUN_00428af0",165,1,"undefined __thiscall FUN_00428af0(int param_1, int param_2, int param_3)",false,false,true,"pseudocode/00428af0.c"
"0x00428ba0","FUN_00428ba0",153,1,"undefined __fastcall FUN_00428ba0(_Compressed_pair<struct_std::default_delete<class_std::_Facet_base>,class_std::_Facet_base*,1> * param_1)",false,false,true,"pseudocode/00428ba0.c"
"0x00428c40","FUN_00428c40",19,1,"int __fastcall FUN_00428c40(int param_1)",false,false,true,"pseudocode/00428c40.c"
"0x00428c60","FUN_00428c60",19,1,"int __fastcall FUN_00428c60(int param_1)",false,false,true,"pseudocode/00428c60.c"
"0x00428c80","FUN_00428c80",16,1,"undefined __stdcall FUN_00428c80(void)",false,false,true,"pseudocode/00428c80.c"
"0x00428c90","FUN_00428c90",323,2,"undefined __thiscall FUN_00428c90(char * * param_1, undefined4 param_2, int param_3)",false,false,true,"pseudocode/00428c90.c"
"0x00428de0","FUN_00428de0",58,1,"undefined4 __thiscall FUN_00428de0(uint param_1)",false,false,true,"pseudocode/00428de0.c"
"0x00428e20","FUN_00428e20",35,1,"int __thiscall FUN_00428e20(uint param_1)",false,false,true,"pseudocode/00428e20.c"
"0x00428e50","FUN_00428e50",36,1,"int __fastcall FUN_00428e50(int param_1)",false,false,true,"pseudocode/00428e50.c"
"0x00428e80","FUN_00428e80",87,1,"undefined __thiscall FUN_00428e80(undefined4 param_1, int param_2)",false,false,true,"pseudocode/00428e80.c"
"0x00428ee0","FUN_00428ee0",119,1,"undefined __thiscall FUN_00428ee0(int param_1)",false,false,true,"pseudocode/00428ee0.c"
"0x00428f60","FUN_00428f60",31,1,"undefined __thiscall FUN_00428f60(uint * param_1)",false,false,true,"pseudocode/00428f60.c"
"0x00428f80","FUN_00428f80",31,1,"undefined __thiscall FUN_00428f80(undefined4 * param_1)",false,false,true,"pseudocode/00428f80.c"
"0x00428fa0","FUN_00428fa0",26,1,"uint __fastcall FUN_00428fa0(int param_1)",false,false,true,"pseudocode/00428fa0.c"
"0x00428fc0","FUN_00428fc0",41,1,"bool __fastcall FUN_00428fc0(int param_1)",false,false,true,"pseudocode/00428fc0.c"
"0x00428ff0","FUN_00428ff0",13,1,"uint __stdcall FUN_00428ff0(void)",false,false,true,"pseudocode/00428ff0.c"
"0x00429000","FUN_00429000",59,1,"uint __fastcall FUN_00429000(_Compressed_pair<struct_std::default_delete<class_std::_Facet_base>,class_std::_Facet_base*,1> * param_1)",false,false,true,"pseudocode/00429000.c"
"0x00429040","FUN_00429040",32,1,"undefined __thiscall FUN_00429040(uint param_1)",false,false,true,"pseudocode/00429040.c"
"0x00429060","FUN_00429060",48,1,"undefined __thiscall FUN_00429060(undefined4 param_1)",false,false,true,"pseudocode/00429060.c"
"0x00429090","FUN_00429090",83,1,"undefined __thiscall FUN_00429090(int param_1, float param_2)",false,false,true,"pseudocode/00429090.c"
"0x004290f0","FUN_004290f0",36,1,"int __fastcall FUN_004290f0(int param_1)",false,false,true,"pseudocode/004290f0.c"
"0x00429120","FUN_00429120",39,1,"undefined __cdecl FUN_00429120(wchar_t * param_1, wchar_t * param_2)",false,false,true,"pseudocode/00429120.c"
"0x00429150","FUN_00429150",43,1,"undefined1 * __thiscall FUN_00429150(undefined1 param_1, undefined1 param_2, undefined1 param_3)",false,false,true,"pseudocode/00429150.c"
"0x00429180","FUN_00429180",82,1,"uint * __thiscall FUN_00429180(byte * param_1)",false,false,true,"pseudocode/00429180.c"
"0x004291e0","FUN_004291e0",42,1,"undefined4 * __thiscall FUN_004291e0(undefined4 param_1, undefined4 param_2, undefined4 param_3)",false,false,true,"pseudocode/004291e0.c"
"0x00429210","FUN_00429210",50,1,"float * __thiscall FUN_00429210(float param_1)",false,false,true,"pseudocode/00429210.c"
"0x00429250","FUN_00429250",41,1,"undefined4 * __thiscall FUN_00429250(undefined4 param_1, undefined4 param_2)",false,false,true,"pseudocode/00429250.c"
"0x00429280","FUN_00429280",29,1,"undefined __thiscall FUN_00429280(int param_1)",false,false,true,"pseudocode/00429280.c"
"0x004292a0","FUN_004292a0",25,1,"undefined __thiscall FUN_004292a0(undefined4 param_1)",false,false,true,"pseudocode/004292a0.c"
"0x004292c0","FUN_004292c0",21,1,"undefined __fastcall FUN_004292c0(undefined4 param_1)",false,false,true,"pseudocode/004292c0.c"
"0x004292e0","FUN_004292e0",16,1,"float10 __fastcall FUN_004292e0(float * param_1)",false,false,true,"pseudocode/004292e0.c"
"0x004292f0","FUN_004292f0",80,1,"void * __thiscall FUN_004292f0(void * param_1, float param_2)",false,false,true,"pseudocode/004292f0.c"
"0x00429340","FUN_00429340",77,1,"void * __thiscall FUN_00429340(void * param_1, float param_2)",false,false,true,"pseudocode/00429340.c"
"0x00429390","FUN_00429390",42,1,"void * __thiscall FUN_00429390(void * param_1, float param_2)",false,false,true,"pseudocode/00429390.c"
"0x004293c0","FUN_004293c0",61,1,"void * __thiscall FUN_004293c0(void * param_1, float param_2)",false,false,true,"pseudocode/004293c0.c"
"0x00429400","FUN_00429400",20,1,"undefined __fastcall FUN_00429400(undefined4 * param_1)",false,false,true,"pseudocode/00429400.c"
"0x00429420","FUN_00429420",24,1,"undefined __fastcall FUN_00429420(void * param_1)",false,false,true,"pseudocode/00429420.c"
"0x00429440","FUN_00429440",88,1,"void * __thiscall FUN_00429440(void * param_1, float * param_2)",false,false,true,"pseudocode/00429440.c"
"0x004294a0","FUN_004294a0",53,1,"void * __thiscall FUN_004294a0(void * param_1, int param_2, int param_3, int param_4)",false,false,true,"pseudocode/004294a0.c"
"0x004294e0","FUN_004294e0",61,1,"void * __thiscall FUN_004294e0(void * param_1, float * param_2)",false,false,true,"pseudocode/004294e0.c"
"0x00429520","FUN_00429520",66,1,"void * __thiscall FUN_00429520(void * param_1, float * param_2)",false,false,true,"pseudocode/00429520.c"
"0x00429570","FUN_00429570",88,1,"void * __thiscall FUN_00429570(void * param_1, float * param_2)",false,false,true,"pseudocode/00429570.c"
"0x004295d0","FUN_004295d0",53,1,"void * __thiscall FUN_004295d0(void * param_1, int param_2, int param_3, int param_4)",false,false,true,"pseudocode/004295d0.c"
"0x00429610","FUN_00429610",44,1,"void * __thiscall FUN_00429610(void * param_1, float * param_2)",false,false,true,"pseudocode/00429610.c"
"0x00429640","FUN_00429640",66,1,"void * __thiscall FUN_00429640(void * param_1, float * param_2)",false,false,true,"pseudocode/00429640.c"
"0x00429690","FUN_00429690",77,1,"float * __thiscall FUN_00429690(float param_1)",false,false,true,"pseudocode/00429690.c"
"0x004296e0","FUN_004296e0",85,1,"float * __thiscall FUN_004296e0(float * param_1)",false,false,true,"pseudocode/004296e0.c"
"0x00429740","FUN_00429740",85,1,"float * __thiscall FUN_00429740(float * param_1)",false,false,true,"pseudocode/00429740.c"
"0x004297a0","FUN_004297a0",33,1,"undefined __thiscall FUN_004297a0(int param_1)",false,false,true,"pseudocode/004297a0.c"
"0x004297d0","FUN_004297d0",45,1,"float10 __fastcall FUN_004297d0(int param_1)",false,false,true,"pseudocode/004297d0.c"
"0x00429800","FUN_00429800",44,1,"float10 __thiscall FUN_00429800(int param_1, float param_2)",false,false,true,"pseudocode/00429800.c"
"0x00429830","FUN_00429830",113,1,"float10 __fastcall FUN_00429830(int param_1)",false,false,true,"pseudocode/00429830.c"
"0x004298b0","FUN_004298b0",44,1,"float10 __thiscall FUN_004298b0(int param_1, float param_2)",false,false,true,"pseudocode/004298b0.c"
"0x004298e0","FUN_004298e0",129,1,"float10 __fastcall FUN_004298e0(int param_1)",false,false,true,"pseudocode/004298e0.c"
"0x00429970","FUN_00429970",21,1,"undefined __fastcall FUN_00429970(int param_1)",false,false,true,"pseudocode/00429970.c"
"0x00429990","FUN_00429990",21,1,"undefined __fastcall FUN_00429990(int param_1)",false,false,true,"pseudocode/00429990.c"
"0x004299b0","FUN_004299b0",21,1,"undefined __fastcall FUN_004299b0(int param_1)",false,false,true,"pseudocode/004299b0.c"
"0x004299d0","FUN_004299d0",1106,1,"undefined __fastcall FUN_004299d0(int param_1)",false,false,true,"pseudocode/004299d0.c"
"0x00429e30","FUN_00429e30",32,1,"undefined __fastcall FUN_00429e30(void * param_1)",false,false,true,"pseudocode/00429e30.c"
"0x00429e50","FUN_00429e50",24,1,"undefined __fastcall FUN_00429e50(int param_1)",false,false,true,"pseudocode/00429e50.c"
"0x00429e70","FUN_00429e70",28,1,"undefined __thiscall FUN_00429e70(int param_1)",false,false,true,"pseudocode/00429e70.c"
"0x00429e90","FUN_00429e90",635,3,"int __fastcall FUN_00429e90(int * param_1)",false,false,true,"pseudocode/00429e90.c"
"0x0042a110","FUN_0042a110",645,3,"float10 __fastcall FUN_0042a110(float * param_1)",false,false,true,"pseudocode/0042a110.c"
"0x0042a3a0","FUN_0042a3a0",1485,3,"int * __thiscall FUN_0042a3a0(int * param_1)",false,false,true,"pseudocode/0042a3a0.c"
"0x0042a980","FUN_0042a980",1018,3,"float * __thiscall FUN_0042a980(float * param_1)",false,false,true,"pseudocode/0042a980.c"
"0x0042ad80","FUN_0042ad80",1125,3,"float * __thiscall FUN_0042ad80(float * param_1)",false,false,true,"pseudocode/0042ad80.c"
"0x0042b1f0","FUN_0042b1f0",919,3,"float * __thiscall FUN_0042b1f0(float * param_1)",false,false,true,"pseudocode/0042b1f0.c"
"0x0042b590","FUN_0042b590",63,1,"undefined4 __thiscall FUN_0042b590(SIZE_T param_1)",false,false,true,"pseudocode/0042b590.c"
"0x0042b5d0","FUN_0042b5d0",39356,23,"undefined __fastcall FUN_0042b5d0(void * param_1)",false,false,true,"pseudocode/0042b5d0.c"
"0x00435500","FUN_00435500",21,1,"undefined __stdcall FUN_00435500(void * param_1)",false,false,true,"pseudocode/00435500.c"
"0x00435520","FUN_00435520",931,1,"undefined __fastcall FUN_00435520(int param_1)",false,false,true,"pseudocode/00435520.c"
"0x004358d0","FUN_004358d0",944,1,"undefined __fastcall FUN_004358d0(int param_1)",false,false,true,"pseudocode/004358d0.c"
"0x00435c80","FUN_00435c80",5388,1,"undefined __fastcall FUN_00435c80(void * param_1)",false,false,true,"pseudocode/00435c80.c"
"0x004371d0","FUN_004371d0",24,1,"undefined __thiscall FUN_004371d0(float param_1)",false,false,true,"pseudocode/004371d0.c"
"0x004371f0","FUN_004371f0",34,1,"ulonglong __thiscall FUN_004371f0(uint * param_1)",false,false,true,"pseudocode/004371f0.c"
"0x00437220","FUN_00437220",165,1,"undefined4 * __thiscall FUN_00437220(undefined4 * param_1, ushort param_2, byte param_3)",false,false,true,"pseudocode/00437220.c"
"0x00437310","FUN_00437310",244,1,"float * __thiscall FUN_00437310(float * param_1, ushort param_2, byte param_3)",false,false,true,"pseudocode/00437310.c"
"0x00437470","FUN_00437470",29,1,"undefined __fastcall FUN_00437470(int param_1)",false,false,true,"pseudocode/00437470.c"
"0x00437490","FUN_00437490",25,1,"undefined4 __thiscall FUN_00437490(int param_1)",false,false,true,"pseudocode/00437490.c"
"0x004374b0","FUN_004374b0",65,2,"float10 __fastcall FUN_004374b0(int param_1)",false,false,true,"pseudocode/004374b0.c"
"0x00437500","FUN_00437500",29,1,"undefined __fastcall FUN_00437500(int param_1)",false,false,true,"pseudocode/00437500.c"
"0x00437520","FUN_00437520",26,1,"undefined __cdecl FUN_00437520(int param_1)",false,false,true,"pseudocode/00437520.c"
"0x00437540","FUN_00437540",83,1,"undefined __fastcall FUN_00437540(int param_1)",false,false,true,"pseudocode/00437540.c"
"0x004375a0","FUN_004375a0",83,1,"undefined __fastcall FUN_004375a0(int param_1)",false,false,true,"pseudocode/004375a0.c"
"0x00437600","FUN_00437600",83,1,"undefined __fastcall FUN_00437600(int param_1)",false,false,true,"pseudocode/00437600.c"
"0x00437660","FUN_00437660",17,1,"undefined4 __fastcall FUN_00437660(int param_1)",false,false,true,"pseudocode/00437660.c"
"0x00437680","FUN_00437680",17,1,"undefined4 __fastcall FUN_00437680(int param_1)",false,false,true,"pseudocode/00437680.c"
"0x004376a0","FUN_004376a0",17,1,"undefined4 __fastcall FUN_004376a0(int param_1)",false,false,true,"pseudocode/004376a0.c"
"0x004376c0","FUN_004376c0",17,1,"undefined4 __fastcall FUN_004376c0(int param_1)",false,false,true,"pseudocode/004376c0.c"
"0x004376e0","FUN_004376e0",103,1,"float * __thiscall FUN_004376e0(float * param_1)",false,false,true,"pseudocode/004376e0.c"
"0x00437750","FUN_00437750",17,1,"int __fastcall FUN_00437750(int param_1)",false,false,true,"pseudocode/00437750.c"
"0x00437770","FUN_00437770",196,1,"int __fastcall FUN_00437770(int param_1)",false,false,true,"pseudocode/00437770.c"
"0x00437840","FUN_00437840",226,1,"float * __thiscall FUN_00437840(float * param_1, int param_2, int param_3)",false,false,true,"pseudocode/00437840.c"
"0x00437930","FUN_00437930",17,1,"float10 __fastcall FUN_00437930(int param_1)",false,false,true,"pseudocode/00437930.c"
"0x00437950","FUN_00437950",20,1,"undefined4 __fastcall FUN_00437950(int param_1)",false,false,true,"pseudocode/00437950.c"
"0x00437970","FUN_00437970",40,1,"undefined4 __thiscall FUN_00437970(int param_1)",false,false,true,"pseudocode/00437970.c"
"0x004379a0","FUN_004379a0",17,1,"float10 __fastcall FUN_004379a0(int param_1)",false,false,true,"pseudocode/004379a0.c"
"0x004379c0","FUN_004379c0",17,1,"float10 __fastcall FUN_004379c0(int param_1)",false,false,true,"pseudocode/004379c0.c"
"0x004379e0","FUN_004379e0",660,1,"undefined __thiscall FUN_004379e0(float * param_1)",false,false,true,"pseudocode/004379e0.c"
"0x00437c80","FUN_00437c80",23,1,"int __thiscall FUN_00437c80(int param_1)",false,false,true,"pseudocode/00437c80.c"
"0x00437ca0","FUN_00437ca0",38,1,"undefined __thiscall FUN_00437ca0(int param_1)",false,false,true,"pseudocode/00437ca0.c"
"0x00437cd0","FUN_00437cd0",45,1,"undefined __fastcall FUN_00437cd0(int param_1)",false,false,true,"pseudocode/00437cd0.c"
"0x00437d00","FUN_00437d00",301,1,"uint __thiscall FUN_00437d00(uint param_1)",false,false,true,"pseudocode/00437d00.c"
"0x00437eb0","FUN_00437eb0",835,1,"float10 __thiscall FUN_00437eb0(int param_1, float param_2)",false,false,true,"pseudocode/00437eb0.c"
"0x00438290","FUN_00438290",20,1,"float10 __fastcall FUN_00438290(int param_1)",false,false,true,"pseudocode/00438290.c"
"0x004382b0","FUN_004382b0",194,1,"undefined __thiscall FUN_004382b0(void * param_1, int param_2, int param_3)",false,false,true,"pseudocode/004382b0.c"
"0x00438380","FUN_00438380",32,1,"undefined __thiscall FUN_00438380(void * param_1, int param_2)",false,false,true,"pseudocode/00438380.c"
"0x004383a0","FUN_004383a0",338,1,"undefined __thiscall FUN_004383a0(void * param_1, int param_2)",false,false,true,"pseudocode/004383a0.c"
"0x00438500","FUN_00438500",17,1,"undefined4 __fastcall FUN_00438500(int param_1)",false,false,true,"pseudocode/00438500.c"
"0x00438520","FUN_00438520",17,1,"undefined4 __fastcall FUN_00438520(int param_1)",false,false,true,"pseudocode/00438520.c"
"0x00438540","FUN_00438540",187,1,"float10 __cdecl FUN_00438540(float param_1)",false,false,true,"pseudocode/00438540.c"
"0x00438600","FUN_00438600",29,1,"undefined __cdecl FUN_00438600(float param_1, float param_2)",false,false,true,"pseudocode/00438600.c"
"0x00438620","FUN_00438620",716,1,"undefined4 __thiscall FUN_00438620(int param_1, int param_2)",false,false,true,"pseudocode/00438620.c"
"0x004388f0","FUN_004388f0",79,1,"undefined __thiscall FUN_004388f0(undefined4 param_1)",false,false,true,"pseudocode/004388f0.c"
"0x00438940","FUN_00438940",226,1,"undefined4 __thiscall FUN_00438940(void * param_1, int param_2)",false,false,true,"pseudocode/00438940.c"
"0x00438a30","FUN_00438a30",25,1,"undefined __thiscall FUN_00438a30(undefined4 param_1)",false,false,true,"pseudocode/00438a30.c"
"0x00438a50","FUN_00438a50",25,1,"undefined __thiscall FUN_00438a50(undefined4 param_1)",false,false,true,"pseudocode/00438a50.c"
"0x00438a70","FUN_00438a70",24,1,"undefined __thiscall FUN_00438a70(undefined4 * param_1)",false,false,true,"pseudocode/00438a70.c"
"0x00438a90","FUN_00438a90",38,1,"undefined __thiscall FUN_00438a90(undefined4 * param_1)",false,false,true,"pseudocode/00438a90.c"
"0x00438ac0","FUN_00438ac0",30,1,"undefined __thiscall FUN_00438ac0(undefined4 * param_1)",false,false,true,"pseudocode/00438ac0.c"
"0x00438ae0","FUN_00438ae0",24,1,"undefined __thiscall FUN_00438ae0(undefined4 * param_1)",false,false,true,"pseudocode/00438ae0.c"
"0x00438b00","FUN_00438b00",24,1,"undefined __thiscall FUN_00438b00(undefined4 * param_1)",false,false,true,"pseudocode/00438b00.c"
"0x00438b20","FUN_00438b20",38,1,"undefined __thiscall FUN_00438b20(undefined4 * param_1)",false,false,true,"pseudocode/00438b20.c"
"0x00438b50","FUN_00438b50",24,1,"undefined __thiscall FUN_00438b50(undefined4 * param_1)",false,false,true,"pseudocode/00438b50.c"
"0x00438b70","FUN_00438b70",84,1,"undefined __thiscall FUN_00438b70(void * param_1, int param_2)",false,false,true,"pseudocode/00438b70.c"
"0x00438bd0","FUN_00438bd0",132,1,"undefined __thiscall FUN_00438bd0(undefined4 param_1, undefined4 param_2, byte param_3, byte param_4)",false,false,true,"pseudocode/00438bd0.c"
"0x00438c60","FUN_00438c60",86,1,"undefined __thiscall FUN_00438c60(undefined4 param_1, undefined4 param_2, byte param_3, byte param_4)",false,false,true,"pseudocode/00438c60.c"
"0x00438cc0","FUN_00438cc0",142,1,"undefined __thiscall FUN_00438cc0(undefined4 param_1, undefined4 param_2, byte * param_3, byte * param_4)",false,false,true,"pseudocode/00438cc0.c"
"0x00438d50","FUN_00438d50",96,1,"undefined __thiscall FUN_00438d50(undefined4 param_1, undefined4 param_2, byte * param_3, byte * param_4)",false,false,true,"pseudocode/00438d50.c"
"0x00438db0","FUN_00438db0",51,1,"undefined __thiscall FUN_00438db0(undefined4 param_1, undefined4 param_2, undefined4 * param_3, undefined4 * param_4)",false,false,true,"pseudocode/00438db0.c"
"0x00438df0","FUN_00438df0",51,1,"undefined __thiscall FUN_00438df0(undefined4 param_1, undefined4 param_2, undefined4 * param_3, undefined4 * param_4)",false,false,true,"pseudocode/00438df0.c"
"0x00438e30","FUN_00438e30",51,1,"undefined __thiscall FUN_00438e30(undefined4 param_1, undefined4 param_2, undefined4 * param_3, undefined4 * param_4)",false,false,true,"pseudocode/00438e30.c"
"0x00438e70","FUN_00438e70",22,1,"undefined __thiscall FUN_00438e70(undefined4 param_1)",false,false,true,"pseudocode/00438e70.c"
"0x00438e90","FUN_00438e90",22,1,"undefined __thiscall FUN_00438e90(undefined4 param_1)",false,false,true,"pseudocode/00438e90.c"
"0x00438eb0","FUN_00438eb0",95,1,"undefined __cdecl FUN_00438eb0(float * param_1, float * param_2)",false,false,true,"pseudocode/00438eb0.c"
"0x00438f10","FUN_00438f10",877,1,"undefined __thiscall FUN_00438f10(float param_1, float param_2, float param_3, float param_4)",false,false,true,"pseudocode/00438f10.c"
"0x00439280","FUN_00439280",76,1,"undefined __thiscall FUN_00439280(undefined4 param_1, undefined4 param_2, undefined4 param_3)",false,false,true,"pseudocode/00439280.c"
"0x004392d0","FUN_004392d0",88,1,"undefined __thiscall FUN_004392d0(float * param_1, float * param_2, float param_3, float param_4)",false,false,true,"pseudocode/004392d0.c"
"0x00439330","FUN_00439330",89,1,"undefined __thiscall FUN_00439330(float * param_1, float param_2, float param_3)",false,false,true,"pseudocode/00439330.c"
"0x00439390","FUN_00439390",62,1,"undefined __thiscall FUN_00439390(undefined4 param_1, undefined4 param_2)",false,false,true,"pseudocode/00439390.c"
"0x004393d0","FUN_004393d0",23,1,"undefined __thiscall FUN_004393d0(undefined4 * param_1)",false,false,true,"pseudocode/004393d0.c"
"0x004393f0","FUN_004393f0",35,1,"undefined __thiscall FUN_004393f0(undefined4 * param_1)",false,false,true,"pseudocode/004393f0.c"
"0x00439420","FUN_00439420",29,1,"undefined __thiscall FUN_00439420(undefined4 * param_1)",false,false,true,"pseudocode/00439420.c"
"0x00439440","FUN_00439440",23,1,"undefined __thiscall FUN_00439440(undefined4 * param_1)",false,false,true,"pseudocode/00439440.c"
"0x00439460","FUN_00439460",24,1,"undefined __thiscall FUN_00439460(undefined4 * param_1)",false,false,true,"pseudocode/00439460.c"
"0x00439480","FUN_00439480",38,1,"undefined __thiscall FUN_00439480(undefined4 * param_1)",false,false,true,"pseudocode/00439480.c"
"0x004394b0","FUN_004394b0",24,1,"undefined __thiscall FUN_004394b0(undefined4 * param_1)",false,false,true,"pseudocode/004394b0.c"
"0x004394d0","FUN_004394d0",25,1,"undefined4 __thiscall FUN_004394d0(undefined4 param_1)",false,false,true,"pseudocode/004394d0.c"
"0x004394f0","FUN_004394f0",25,1,"undefined4 __thiscall FUN_004394f0(undefined4 param_1)",false,false,true,"pseudocode/004394f0.c"
"0x00439510","FUN_00439510",25,1,"undefined4 __thiscall FUN_00439510(undefined4 param_1)",false,false,true,"pseudocode/00439510.c"
"0x00439530","FUN_00439530",24,1,"undefined __thiscall FUN_00439530(float param_1)",false,false,true,"pseudocode/00439530.c"
"0x00439550","FUN_00439550",86,1,"undefined __thiscall FUN_00439550(undefined4 param_1, undefined4 param_2, undefined4 * param_3, undefined4 * param_4)",false,false,true,"pseudocode/00439550.c"
"0x004395b0","FUN_004395b0",25,1,"undefined __fastcall FUN_004395b0(int param_1)",false,false,true,"pseudocode/004395b0.c"
"0x004395d0","FUN_004395d0",100,1,"undefined __thiscall FUN_004395d0(undefined4 param_1, undefined4 param_2, undefined4 * param_3, undefined4 * param_4)",false,false,true,"pseudocode/004395d0.c"
"0x00439640","FUN_00439640",92,1,"undefined __thiscall FUN_00439640(undefined4 param_1, undefined4 param_2, undefined4 * param_3, undefined4 * param_4)",false,false,true,"pseudocode/00439640.c"
"0x004396a0","FUN_004396a0",25,1,"undefined __fastcall FUN_004396a0(int param_1)",false,false,true,"pseudocode/004396a0.c"
"0x004396c0","FUN_004396c0",150,1,"float10 __cdecl FUN_004396c0(float param_1, float param_2)",false,false,true,"pseudocode/004396c0.c"
"0x00439760","FUN_00439760",35,1,"float10 __thiscall FUN_00439760(void * param_1, float param_2)",false,false,true,"pseudocode/00439760.c"
"0x00439790","FUN_00439790",35,1,"float10 __thiscall FUN_00439790(void * param_1, float param_2)",false,false,true,"pseudocode/00439790.c"
"0x004397c0","FUN_004397c0",35,1,"float10 __thiscall FUN_004397c0(void * param_1, float param_2)",false,false,true,"pseudocode/004397c0.c"
"0x004397f0","FUN_004397f0",48,1,"float10 __cdecl FUN_004397f0(float param_1, float param_2)",false,false,true,"pseudocode/004397f0.c"
"0x00439820","FUN_00439820",35,1,"float10 __thiscall FUN_00439820(void * param_1, float param_2)",false,false,true,"pseudocode/00439820.c"
"0x00439850","FUN_00439850",35,1,"float10 __thiscall FUN_00439850(void * param_1, float param_2)",false,false,true,"pseudocode/00439850.c"
"0x00439880","_vswprintf_s",31,1,"int __cdecl _vswprintf_s(wchar_t * _Dst, size_t _SizeInWords, wchar_t * _Format, va_list _ArgList)",false,false,true,"pseudocode/00439880.c"
"0x004398a0","FUN_004398a0",35,1,"undefined4 * __fastcall FUN_004398a0(undefined4 * param_1)",false,false,true,"pseudocode/004398a0.c"
"0x004398d0","FUN_004398d0",57,1,"undefined4 * __fastcall FUN_004398d0(undefined4 * param_1)",false,false,true,"pseudocode/004398d0.c"
"0x00439910","FUN_00439910",72,1,"float * __thiscall FUN_00439910(float * param_1, float param_2)",false,false,true,"pseudocode/00439910.c"
"0x00439960","FUN_00439960",77,1,"float * __thiscall FUN_00439960(float * param_1, float * param_2)",false,false,true,"pseudocode/00439960.c"
"0x004399b0","FUN_004399b0",73,1,"undefined __cdecl FUN_004399b0(float * param_1)",false,false,true,"pseudocode/004399b0.c"
"0x00439a00","FUN_00439a00",1980,1,"undefined __thiscall FUN_00439a00(float param_1, float param_2, float param_3, float param_4, float param_5, float param_6, float param_7, int param_8, int param_9)",false,false,true,"pseudocode/00439a00.c"
"0x0043a1c0","FUN_0043a1c0",240,1,"undefined4 __thiscall FUN_0043a1c0(float param_1, float param_2, float param_3, float param_4, float param_5, float param_6, float param_7, int param_8, int param_9)",false,false,true,"pseudocode/0043a1c0.c"
"0x0043a2b0","FUN_0043a2b0",1174,1,"undefined4 __thiscall FUN_0043a2b0(float param_1, float param_2, float param_3, float param_4, float param_5, float param_6, void * param_7, float param_8, void * param_9)",false,false,true,"pseudocode/0043a2b0.c"
"0x0043a750","FUN_0043a750",971,1,"undefined4 __thiscall FUN_0043a750(float param_1, float param_2, float param_3, float param_4, float param_5, float param_6, int param_7, float param_8)",false,false,true,"pseudocode/0043a750.c"
"0x0043ab20","FUN_0043ab20",1468,1,"undefined4 __thiscall FUN_0043ab20(float param_1, float param_2, float param_3, float param_4, float param_5, float param_6, float param_7, int param_8, float param_9, float param_10)",false,false,true,"pseudocode/0043ab20.c"
"0x0043b0e0","FUN_0043b0e0",2169,1,"undefined __thiscall FUN_0043b0e0(float param_1, float param_2, float param_3, float param_4, float param_5, float param_6, float param_7, int param_8, int param_9)",false,false,true,"pseudocode/0043b0e0.c"
"0x0043b960","FUN_0043b960",755,1,"undefined4 __thiscall FUN_0043b960(float param_1, float param_2, float param_3, float param_4, int param_5, float param_6, float param_7)",false,false,true,"pseudocode/0043b960.c"
"0x0043bc60","FUN_0043bc60",541,1,"undefined4 __thiscall FUN_0043bc60(float param_1, float param_2, float param_3, float param_4, int param_5, float param_6)",false,false,true,"pseudocode/0043bc60.c"
"0x0043be80","FUN_0043be80",766,1,"undefined4 __thiscall FUN_0043be80(float param_1, float param_2, float param_3, float param_4, float param_5, int param_6, float param_7, float param_8)",false,false,true,"pseudocode/0043be80.c"
"0x0043c180","FUN_0043c180",863,1,"undefined __thiscall FUN_0043c180(float param_1, float param_2, float param_3, float param_4, float param_5, int param_6, float param_7, float param_8)",false,false,true,"pseudocode/0043c180.c"
"0x0043c4e0","FUN_0043c4e0",660,1,"undefined __thiscall FUN_0043c4e0(float param_1, float param_2, float param_3, float param_4, float param_5, int param_6, float param_7)",false,false,true,"pseudocode/0043c4e0.c"
"0x0043c780","FUN_0043c780",1001,1,"undefined __thiscall FUN_0043c780(float param_1, float param_2, float param_3, float param_4, float param_5, float param_6, int param_7, float param_8, float param_9)",false,false,true,"pseudocode/0043c780.c"
"0x0043cb70","FUN_0043cb70",455,1,"undefined4 __thiscall FUN_0043cb70(int param_1, float * param_2, float * param_3, float * param_4)",false,false,true,"pseudocode/0043cb70.c"
"0x0043cd40","FUN_0043cd40",1116,1,"undefined __thiscall FUN_0043cd40(float param_1, float param_2, float param_3, float param_4, float param_5, float param_6, int param_7)",false,false,true,"pseudocode/0043cd40.c"
"0x0043d1a0","FUN_0043d1a0",455,1,"undefined4 __thiscall FUN_0043d1a0(int param_1, float * param_2, float * param_3, float * param_4)",false,false,true,"pseudocode/0043d1a0.c"
"0x0043d370","FUN_0043d370",1204,1,"undefined __thiscall FUN_0043d370(int param_1, float * param_2, float * param_3, float * param_4, float param_5, char param_6)",false,false,true,"pseudocode/0043d370.c"
"0x0043d830","FUN_0043d830",375,1,"undefined4 __thiscall FUN_0043d830(float param_1, float param_2, float param_3)",false,false,true,"pseudocode/0043d830.c"
"0x0043d9b0","FUN_0043d9b0",809,1,"undefined4 __thiscall FUN_0043d9b0(float param_1, float param_2, float param_3, float param_4, float param_5, int param_6, float param_7, float param_8)",false,false,true,"pseudocode/0043d9b0.c"
"0x0043dce0","FUN_0043dce0",583,1,"undefined4 __thiscall FUN_0043dce0(float param_1, float param_2, float param_3, float param_4, float param_5, int param_6, float param_7)",false,false,true,"pseudocode/0043dce0.c"
"0x0043df30","FUN_0043df30",899,1,"undefined4 __thiscall FUN_0043df30(float param_1, float param_2, float param_3, float param_4, float param_5, float param_6, int param_7, float param_8, float param_9)",false,false,true,"pseudocode/0043df30.c"
"0x0043e2c0","FUN_0043e2c0",1601,1,"undefined __thiscall FUN_0043e2c0(float param_1, float param_2, float param_3, float param_4, float param_5, float param_6, float param_7, int param_8, int param_9)",false,false,true,"pseudocode/0043e2c0.c"
"0x0043e910","FUN_0043e910",155,1,"undefined __cdecl FUN_0043e910(float * param_1, float * param_2)",false,false,true,"pseudocode/0043e910.c"
"0x0043e9b0","FUN_0043e9b0",352,1,"undefined4 __thiscall FUN_0043e9b0(undefined4 * param_1)",false,false,true,"pseudocode/0043e9b0.c"
"0x0043eb10","FUN_0043eb10",34,1,"int __thiscall FUN_0043eb10(uint param_1)",false,false,true,"pseudocode/0043eb10.c"
"0x0043eb40","FUN_0043eb40",985,1,"undefined __stdcall FUN_0043eb40(void * param_1, float * param_2, float * param_3, float * param_4, float * param_5)",false,false,true,"pseudocode/0043eb40.c"
"0x0043ef20","FUN_0043ef20",1486,1,"undefined __stdcall FUN_0043ef20(void * param_1, float * param_2, float * param_3, float * param_4, float * param_5)",false,false,true,"pseudocode/0043ef20.c"
"0x0043f4f0","FUN_0043f4f0",35,1,"uint __cdecl FUN_0043f4f0(byte param_1, byte param_2)",false,false,true,"pseudocode/0043f4f0.c"
"0x0043f520","FUN_0043f520",45,1,"uint __cdecl FUN_0043f520(byte param_1, byte param_2)",false,false,true,"pseudocode/0043f520.c"
"0x0043f550","FUN_0043f550",97,1,"undefined __thiscall FUN_0043f550(void * param_1)",false,false,true,"pseudocode/0043f550.c"
"0x0043f5c0","FUN_0043f5c0",97,1,"undefined __thiscall FUN_0043f5c0(void * param_1)",false,false,true,"pseudocode/0043f5c0.c"
"0x0043f630","FUN_0043f630",97,1,"undefined __thiscall FUN_0043f630(void * param_1)",false,false,true,"pseudocode/0043f630.c"
"0x0043f6a0","FUN_0043f6a0",3159,1,"undefined __thiscall FUN_0043f6a0(int param_1, uint param_2)",false,false,true,"pseudocode/0043f6a0.c"
"0x00440310","FUN_00440310",48,1,"undefined4 __thiscall FUN_00440310(int param_1)",false,false,true,"pseudocode/00440310.c"
"0x00440340","FUN_00440340",1378,1,"undefined __stdcall FUN_00440340(int param_1)",false,false,true,"pseudocode/00440340.c"
"0x004408b0","FUN_004408b0",2769,1,"undefined __stdcall FUN_004408b0(int param_1)",false,false,true,"pseudocode/004408b0.c"
"0x004413a0","FUN_004413a0",142,1,"undefined4 __thiscall FUN_004413a0(int param_1)",false,false,true,"pseudocode/004413a0.c"
"0x00441430","FUN_00441430",1996,1,"undefined __thiscall FUN_00441430(int param_1)",false,false,true,"pseudocode/00441430.c"
"0x00441c00","FUN_00441c00",753,1,"undefined __thiscall FUN_00441c00(int param_1)",false,false,true,"pseudocode/00441c00.c"
"0x00441f00","FUN_00441f00",4347,1,"undefined __thiscall FUN_00441f00(void * param_1)",false,false,true,"pseudocode/00441f00.c"
"0x00443020","FUN_00443020",2136,1,"undefined __thiscall FUN_00443020(int param_1, undefined4 param_2, int param_3)",false,false,true,"pseudocode/00443020.c"
"0x00443880","FUN_00443880",5993,1,"undefined __thiscall FUN_00443880(void * param_1)",false,false,true,"pseudocode/00443880.c"
"0x00445130","FUN_00445130",534,1,"undefined4 __thiscall FUN_00445130(int param_1, float * param_2, int param_3)",false,false,true,"pseudocode/00445130.c"
"0x00445350","FUN_00445350",612,1,"undefined4 __thiscall FUN_00445350(int param_1, float * param_2, int param_3)",false,false,true,"pseudocode/00445350.c"
"0x004455c0","FUN_004455c0",192,1,"undefined __fastcall FUN_004455c0(int param_1)",false,false,true,"pseudocode/004455c0.c"
"0x00445680","FUN_00445680",49,1,"float10 __cdecl FUN_00445680(float param_1)",false,false,true,"pseudocode/00445680.c"
"0x004456c0","FUN_004456c0",20,1,"undefined4 __fastcall FUN_004456c0(int param_1)",false,false,true,"pseudocode/004456c0.c"
"0x004456e0","FUN_004456e0",20,1,"undefined4 __fastcall FUN_004456e0(int param_1)",false,false,true,"pseudocode/004456e0.c"
"0x00445700","FUN_00445700",25,1,"undefined __cdecl FUN_00445700(float * param_1)",false,false,true,"pseudocode/00445700.c"
"0x00445720","FUN_00445720",70,1,"float10 __cdecl FUN_00445720(float * param_1)",false,false,true,"pseudocode/00445720.c"
"0x00445770","FUN_00445770",244,1,"undefined __thiscall FUN_00445770(float * param_1)",false,false,true,"pseudocode/00445770.c"
"0x00445880","FUN_00445880",93,1,"float10 __fastcall FUN_00445880(int param_1)",false,false,true,"pseudocode/00445880.c"
"0x004458e0","FUN_004458e0",93,1,"float10 __fastcall FUN_004458e0(int param_1)",false,false,true,"pseudocode/004458e0.c"
"0x00445940","FUN_00445940",93,1,"float10 __fastcall FUN_00445940(int param_1)",false,false,true,"pseudocode/00445940.c"
"0x004459a0","FUN_004459a0",45,1,"float10 __fastcall FUN_004459a0(int param_1)",false,false,true,"pseudocode/004459a0.c"
"0x004459d0","FUN_004459d0",45,1,"float10 __fastcall FUN_004459d0(int param_1)",false,false,true,"pseudocode/004459d0.c"
"0x00445a00","FUN_00445a00",60,1,"undefined4 __thiscall FUN_00445a00(uint param_1)",false,false,true,"pseudocode/00445a00.c"
"0x00445a40","FUN_00445a40",111,1,"undefined __fastcall FUN_00445a40(int param_1)",false,false,true,"pseudocode/00445a40.c"
"0x00445ab0","FUN_00445ab0",26,1,"byte __fastcall FUN_00445ab0(int param_1)",false,false,true,"pseudocode/00445ab0.c"
"0x00445ad0","FUN_00445ad0",78,1,"undefined __cdecl FUN_00445ad0(float * param_1, float param_2, float param_3, float param_4, float param_5, float param_6, float param_7)",false,false,true,"pseudocode/00445ad0.c"
"0x00445b20","FUN_00445b20",86,1,"undefined __stdcall FUN_00445b20(float * param_1, float param_2, float param_3, float param_4, float param_5, float param_6, float param_7)",false,false,true,"pseudocode/00445b20.c"
"0x00445b80","FUN_00445b80",20,1,"undefined __cdecl FUN_00445b80(float param_1)",false,false,true,"pseudocode/00445b80.c"
"0x00445ba0","FUN_00445ba0",26,1,"undefined __thiscall FUN_00445ba0(int param_1)",false,false,true,"pseudocode/00445ba0.c"
"0x00445bc0","FUN_00445bc0",2725,1,"undefined __thiscall FUN_00445bc0(int param_1)",false,false,true,"pseudocode/00445bc0.c"
"0x00446690","FUN_00446690",1163,1,"undefined __thiscall FUN_00446690(char param_1)",false,false,true,"pseudocode/00446690.c"
"0x00446b30","FUN_00446b30",35,1,"float10 __thiscall FUN_00446b30(void * param_1, float param_2)",false,false,true,"pseudocode/00446b30.c"
"0x00446b60","FUN_00446b60",57,1,"undefined4 * __thiscall FUN_00446b60(void * param_1)",false,false,true,"pseudocode/00446b60.c"
"0x00446ba0","FUN_00446ba0",20,1,"undefined __fastcall FUN_00446ba0(undefined4 * param_1)",false,false,true,"pseudocode/00446ba0.c"
"0x00446bc0","FID_conflict:`scalar_deleting_destructor'",46,1,"undefined4 * __thiscall FID_conflict:`scalar_deleting_destructor'(uint param_1)",false,false,true,"pseudocode/00446bc0.c"
"0x00446bf0","FUN_00446bf0",28,1,"undefined4 __thiscall FUN_00446bf0(undefined4 param_1)",false,false,true,"pseudocode/00446bf0.c"
"0x00446c10","FUN_00446c10",43,1,"undefined4 * __fastcall FUN_00446c10(undefined4 * param_1)",false,false,true,"pseudocode/00446c10.c"
"0x00446c40","FID_conflict:_Func_impl_no_alloc<class_`protected:_void___thiscall_Concurrency::target_block<class_Concurrency::multi_link_registry<class_Concurrency::ISource<unsigned_int>_>,class_Concurrency::ordered_message_processor<unsigned_int>_>::initialize_target(class_Concurrency::Scheduler*,class_Concurrency::ScheduleGroup*)'::`2'::<lambda_1>,void,class_Concurrency::message<unsigned_int>*><class_`protected:_void___thiscall_Concurrency::target_block<class_Concurrency::multi_link_registry<class_Concurrency::ISource<unsigned_int>_>,class_Concurrency::ordered_message_processor<unsigned_int>_>::initialize_target(class_Concurrency::Scheduler*,class_Concurrency::ScheduleGroup*)'::`2'::<lambda_1>,0>",53,1,"_Compressed_pair<struct_std::default_delete<class_std::_Facet_base>,class_std::_Facet_base*,1> * __thiscall FID_conflict:_Func_impl_no_alloc<class_`protected:_void___thiscall_Concurrency::target_block<class_Concurrency::multi_link_registry<class_Concurrency::ISource<unsigned_int>_>,class_Concurrency::ordered_message_processor<unsigned_int>_>::initialize_target(class_Concurrency::Scheduler*,class_Concurrency::ScheduleGroup*)'::`2'::<lambda_1>,void,class_Concurrency::message<unsigned_int>*><class_`protected:_void___thiscall_Concurrency::target_block<class_Concurrency::multi_link_registry<class_Concurrency::ISource<unsigned_int>_>,class_Concurrency::ordered_message_processor<unsigned_int>_>::initialize_target(class_Concurrency::Scheduler*,class_Concurrency::ScheduleGroup*)'::`2'::<lambda_1>,0>(undefined4 param_1)",false,false,true,"pseudocode/00446c40.c"
"0x00446c80","FID_conflict:_Func_impl_no_alloc<class_`protected:_void___thiscall_Concurrency::target_block<class_Concurrency::multi_link_registry<class_Concurrency::ISource<unsigned_int>_>,class_Concurrency::ordered_message_processor<unsigned_int>_>::initialize_target(class_Concurrency::Scheduler*,class_Concurrency::ScheduleGroup*)'::`2'::<lambda_1>,void,class_Concurrency::message<unsigned_int>*><class_`protected:_void___thiscall_Concurrency::target_block<class_Concurrency::multi_link_registry<class_Concurrency::ISource<unsigned_int>_>,class_Concurrency::ordered_message_processor<unsigned_int>_>::initialize_target(class_Concurrency::Scheduler*,class_Concurrency::ScheduleGroup*)'::`2'::<lambda_1>,0>",53,1,"_Compressed_pair<struct_std::default_delete<class_std::_Facet_base>,class_std::_Facet_base*,1> * __thiscall FID_conflict:_Func_impl_no_alloc<class_`protected:_void___thiscall_Concurrency::target_block<class_Concurrency::multi_link_registry<class_Concurrency::ISource<unsigned_int>_>,class_Concurrency::ordered_message_processor<unsigned_int>_>::initialize_target(class_Concurrency::Scheduler*,class_Concurrency::ScheduleGroup*)'::`2'::<lambda_1>,void,class_Concurrency::message<unsigned_int>*><class_`protected:_void___thiscall_Concurrency::target_block<class_Concurrency::multi_link_registry<class_Concurrency::ISource<unsigned_int>_>,class_Concurrency::ordered_message_processor<unsigned_int>_>::initialize_target(class_Concurrency::Scheduler*,class_Concurrency::ScheduleGroup*)'::`2'::<lambda_1>,0>(undefined4 param_1)",false,false,true,"pseudocode/00446c80.c"
"0x00446cc0","FUN_00446cc0",102,1,"void * __thiscall FUN_00446cc0(undefined4 param_1)",false,false,true,"pseudocode/00446cc0.c"
"0x00446d30","FUN_00446d30",102,1,"void * __thiscall FUN_00446d30(undefined4 param_1)",false,false,true,"pseudocode/00446d30.c"
"0x00446da0","FUN_00446da0",32,1,"undefined4 * __thiscall FUN_00446da0(undefined4 * param_1)",false,false,true,"pseudocode/00446da0.c"
"0x00446dc0","FUN_00446dc0",25,1,"undefined __thiscall FUN_00446dc0(void * param_1)",false,false,true,"pseudocode/00446dc0.c"
"0x00446de0","FUN_00446de0",17,1,"undefined __cdecl FUN_00446de0(void * param_1, uint * param_2)",false,false,true,"pseudocode/00446de0.c"
"0x00446e00","FUN_00446e00",63,1,"void * __cdecl FUN_00446e00(void * param_1, COleCurrency * param_2, COleCurrency * param_3)",false,false,true,"pseudocode/00446e00.c"
"0x00446e40","FUN_00446e40",88,1,"void * __cdecl FUN_00446e40(void * param_1, undefined4 * param_2, undefined4 * param_3)",false,false,true,"pseudocode/00446e40.c"
"0x00446ea0","FUN_00446ea0",19,1,"undefined __cdecl FUN_00446ea0(void * param_1, uint * param_2)",false,false,true,"pseudocode/00446ea0.c"
"0x00446ec0","FUN_00446ec0",137,1,"undefined4 __cdecl FUN_00446ec0(void * param_1, uint * param_2)",false,false,true,"pseudocode/00446ec0.c"
"0x00446f50","FUN_00446f50",53,1,"undefined1 __stdcall FUN_00446f50(void)",false,false,true,"pseudocode/00446f50.c"
"0x00446f90","FUN_00446f90",157,1,"short * __cdecl FUN_00446f90(short * param_1, short * param_2, short * param_3)",false,false,true,"pseudocode/00446f90.c"
"0x00447030","FUN_00447030",23,1,"undefined __stdcall FUN_00447030(void)",false,false,true,"pseudocode/00447030.c"
"0x00447050","FUN_00447050",229,1,"undefined __thiscall FUN_00447050(uint param_1, undefined4 param_2, uint * param_3)",false,false,true,"pseudocode/00447050.c"
"0x00447140","_Reset<>",90,1,"undefined __thiscall _Reset<>(undefined4 param_1)",false,false,true,"pseudocode/00447140.c"
"0x004471a0","_Reset<>",90,1,"undefined __thiscall _Reset<>(undefined4 param_1)",false,false,true,"pseudocode/004471a0.c"
"0x00447200","FUN_00447200",73,1,"bool __cdecl FUN_00447200(uint * param_1, uint param_2, uint * param_3, uint param_4)",false,false,true,"pseudocode/00447200.c"
"0x00447250","FUN_00447250",104,1,"undefined __thiscall FUN_00447250(void * param_1)",false,false,true,"pseudocode/00447250.c"
"0x004472c0","FUN_004472c0",108,1,"undefined __stdcall FUN_004472c0(void * param_1)",false,false,true,"pseudocode/004472c0.c"
"0x00447330","FUN_00447330",103,1,"undefined __stdcall FUN_00447330(int * param_1)",false,false,true,"pseudocode/00447330.c"
"0x004473a0","FUN_004473a0",97,1,"undefined __stdcall FUN_004473a0(void * param_1)",false,false,true,"pseudocode/004473a0.c"
"0x00447410","FUN_00447410",97,1,"undefined __stdcall FUN_00447410(void * param_1)",false,false,true,"pseudocode/00447410.c"
"0x00447480","FUN_00447480",158,1,"undefined __stdcall FUN_00447480(undefined4 param_1, uint param_2)",false,false,true,"pseudocode/00447480.c"
"0x00447520","FUN_00447520",205,1,"undefined __stdcall FUN_00447520(undefined4 param_1, uint param_2)",false,false,true,"pseudocode/00447520.c"
"0x004475f0","FUN_004475f0",205,1,"undefined __stdcall FUN_004475f0(undefined4 param_1, uint param_2)",false,false,true,"pseudocode/004475f0.c"
"0x004476c0","FUN_004476c0",238,1,"undefined __stdcall FUN_004476c0(undefined4 param_1, uint param_2)",false,false,true,"pseudocode/004476c0.c"
"0x004477b0","FUN_004477b0",67,1,"undefined4 * __stdcall FUN_004477b0(void)",false,false,true,"pseudocode/004477b0.c"
"0x00447800","FUN_00447800",73,1,"undefined4 * __stdcall FUN_00447800(void)",false,false,true,"pseudocode/00447800.c"
"0x00447850","__ExceptionPtrDestroy",16,1,"void __cdecl __ExceptionPtrDestroy(void * param_1)",false,false,true,"pseudocode/00447850.c"
"0x00447860","FUN_00447860",16,1,"undefined __cdecl FUN_00447860(void * param_1)",false,false,true,"pseudocode/00447860.c"
"0x00447870","FUN_00447870",62,1,"void * __cdecl FUN_00447870(void * param_1, undefined8 * param_2)",false,false,true,"pseudocode/00447870.c"
"0x004478b0","FUN_004478b0",98,1,"char * __cdecl FUN_004478b0(char * param_1, undefined4 param_2, short * param_3)",false,false,true,"pseudocode/004478b0.c"
"0x00447920","FUN_00447920",17,1,"undefined __cdecl FUN_00447920(void * param_1, undefined4 * param_2)",false,false,true,"pseudocode/00447920.c"
"0x00447940","FUN_00447940",30,1,"undefined __cdecl FUN_00447940(wchar_t * param_1, wchar_t * param_2, va_list param_3)",false,false,true,"pseudocode/00447940.c"
"0x00447960","FUN_00447960",26,1,"undefined4 * __thiscall FUN_00447960(undefined4 * param_1)",false,false,true,"pseudocode/00447960.c"
"0x00447980","FUN_00447980",94,1,"undefined4 * __fastcall FUN_00447980(undefined4 * param_1)",false,false,true,"pseudocode/00447980.c"
"0x004479e0","FUN_004479e0",99,1,"undefined4 * __fastcall FUN_004479e0(undefined4 * param_1)",false,false,true,"pseudocode/004479e0.c"
"0x00447a50","FUN_00447a50",97,1,"undefined4 * __fastcall FUN_00447a50(undefined4 * param_1)",false,false,true,"pseudocode/00447a50.c"
"0x00447ac0","FUN_00447ac0",97,1,"undefined4 * __fastcall FUN_00447ac0(undefined4 * param_1)",false,false,true,"pseudocode/00447ac0.c"
"0x00447b30","FUN_00447b30",97,1,"undefined4 * __fastcall FUN_00447b30(undefined4 * param_1)",false,false,true,"pseudocode/00447b30.c"
"0x00447ba0","FUN_00447ba0",97,1,"undefined4 * __fastcall FUN_00447ba0(undefined4 * param_1)",false,false,true,"pseudocode/00447ba0.c"
"0x00447c10","FUN_00447c10",75,1,"undefined4 __fastcall FUN_00447c10(undefined4 param_1)",false,false,true,"pseudocode/00447c10.c"
"0x00447c60","FUN_00447c60",86,1,"void * __fastcall FUN_00447c60(void * param_1)",false,false,true,"pseudocode/00447c60.c"
"0x00447cc0","FUN_00447cc0",87,1,"undefined4 * __fastcall FUN_00447cc0(undefined4 * param_1)",false,false,true,"pseudocode/00447cc0.c"
"0x00447d20","FUN_00447d20",32,1,"undefined4 * __thiscall FUN_00447d20(undefined4 * param_1)",false,false,true,"pseudocode/00447d20.c"
"0x00447d40","CCmdUI",113,1,"undefined __thiscall CCmdUI(void)",false,false,true,"pseudocode/00447d40.c"
"0x00447dc0","FUN_00447dc0",30,1,"void * __fastcall FUN_00447dc0(void * param_1)",false,false,true,"pseudocode/00447dc0.c"
"0x00447de0","FUN_00447de0",24,1,"undefined4 * __fastcall FUN_00447de0(undefined4 * param_1)",false,false,true,"pseudocode/00447de0.c"
"0x00447e00","FUN_00447e00",2794,1,"undefined1 * __fastcall FUN_00447e00(undefined1 * param_1)",false,false,true,"pseudocode/00447e00.c"
"0x004488f0","FUN_004488f0",252,1,"undefined4 * __fastcall FUN_004488f0(undefined4 * param_1)",false,false,true,"pseudocode/004488f0.c"
"0x004489f0","FUN_004489f0",59,1,"undefined4 * __fastcall FUN_004489f0(undefined4 * param_1)",false,false,true,"pseudocode/004489f0.c"
"0x00448a30","FUN_00448a30",186,1,"undefined4 * __fastcall FUN_00448a30(undefined4 * param_1)",false,false,true,"pseudocode/00448a30.c"
"0x00448af0","FUN_00448af0",73,1,"undefined4 * __fastcall FUN_00448af0(undefined4 * param_1)",false,false,true,"pseudocode/00448af0.c"
"0x00448b40","FUN_00448b40",498,1,"undefined4 * __fastcall FUN_00448b40(undefined4 * param_1)",false,false,true,"pseudocode/00448b40.c"
"0x00448d40","FUN_00448d40",45,1,"undefined4 * __fastcall FUN_00448d40(undefined4 * param_1)",false,false,true,"pseudocode/00448d40.c"
"0x00448d70","FUN_00448d70",725,1,"undefined4 * __fastcall FUN_00448d70(undefined4 * param_1)",false,false,true,"pseudocode/00448d70.c"
"0x00449050","FUN_00449050",182,1,"undefined4 * __fastcall FUN_00449050(undefined4 * param_1)",false,false,true,"pseudocode/00449050.c"
"0x00449110","FUN_00449110",44,1,"undefined4 * __fastcall FUN_00449110(undefined4 * param_1)",false,false,true,"pseudocode/00449110.c"
"0x00449140","FUN_00449140",43,1,"undefined4 * __fastcall FUN_00449140(undefined4 * param_1)",false,false,true,"pseudocode/00449140.c"
"0x00449170","FUN_00449170",65,1,"undefined4 * __fastcall FUN_00449170(undefined4 * param_1)",false,false,true,"pseudocode/00449170.c"
"0x004491c0","~_ATL_WIN_MODULE70",23,1,"void __thiscall ~_ATL_WIN_MODULE70(void)",false,false,true,"pseudocode/004491c0.c"
"0x004491e0","FUN_004491e0",78,1,"undefined __fastcall FUN_004491e0(undefined4 param_1)",false,false,true,"pseudocode/004491e0.c"
"0x00449240","FUN_00449240",29,1,"undefined __fastcall FUN_00449240(_Compressed_pair<struct_std::default_delete<class_std::_Facet_base>,class_std::_Facet_base*,1> * param_1)",false,false,true,"pseudocode/00449240.c"
"0x00449260","FUN_00449260",138,1,"undefined __fastcall FUN_00449260(int param_1)",false,false,true,"pseudocode/00449260.c"
"0x004492f0","FUN_004492f0",20,1,"undefined __fastcall FUN_004492f0(int param_1)",false,false,true,"pseudocode/004492f0.c"
"0x00449310","FUN_00449310",85,1,"undefined __fastcall FUN_00449310(int * param_1)",false,false,true,"pseudocode/00449310.c"
"0x00449370","FUN_00449370",62,1,"undefined __fastcall FUN_00449370(int param_1)",false,false,true,"pseudocode/00449370.c"
"0x004493c0","FUN_004493c0",28,1,"undefined4 __thiscall FUN_004493c0(undefined4 param_1)",false,false,true,"pseudocode/004493c0.c"
"0x004493e0","FUN_004493e0",23,1,"int __thiscall FUN_004493e0(byte param_1)",false,false,true,"pseudocode/004493e0.c"
"0x00449400","FUN_00449400",47,1,"bool __thiscall FUN_00449400(int * param_1)",false,false,true,"pseudocode/00449400.c"
"0x00449430","FUN_00449430",45,1,"bool __thiscall FUN_00449430(int param_1)",false,false,true,"pseudocode/00449430.c"
"0x00449460","FUN_00449460",47,1,"bool __thiscall FUN_00449460(int * param_1)",false,false,true,"pseudocode/00449460.c"
"0x00449490","FUN_00449490",20,1,"int __thiscall FUN_00449490(int param_1)",false,false,true,"pseudocode/00449490.c"
"0x004494b0","FUN_004494b0",20,1,"int __thiscall FUN_004494b0(int param_1)",false,false,true,"pseudocode/004494b0.c"
"0x004494d0","FUN_004494d0",23,1,"int __thiscall FUN_004494d0(int param_1)",false,false,true,"pseudocode/004494d0.c"
"0x004494f0","FUN_004494f0",54,1,"void * __thiscall FUN_004494f0(void * param_1)",false,false,true,"pseudocode/004494f0.c"
"0x00449530","FUN_00449530",52,1,"int __fastcall FUN_00449530(undefined4 param_1)",false,false,true,"pseudocode/00449530.c"
"0x00449570","FUN_00449570",39,1,"int __fastcall FUN_00449570(int * param_1)",false,false,true,"pseudocode/00449570.c"
"0x004495a0","FUN_004495a0",21,1,"uint __thiscall FUN_004495a0(uint param_1)",false,false,true,"pseudocode/004495a0.c"
"0x004495c0","FUN_004495c0",58,1,"undefined __stdcall FUN_004495c0(uint * param_1, uint param_2, uint * param_3)",false,false,true,"pseudocode/004495c0.c"
"0x00449600","FUN_00449600",43,1,"undefined __thiscall FUN_00449600(undefined4 * param_1)",false,false,true,"pseudocode/00449600.c"
"0x00449630","FUN_00449630",83,1,"undefined __thiscall FUN_00449630(undefined4 param_1)",false,false,true,"pseudocode/00449630.c"
"0x00449690","IntersectWith",26,1,"void __thiscall IntersectWith(ulong param_1)",false,false,true,"pseudocode/00449690.c"
"0x004496b0","FUN_004496b0",170,1,"LPVOID __thiscall FUN_004496b0(uint param_1)",false,false,true,"pseudocode/004496b0.c"
"0x00449760","FUN_00449760",46,1,"int * __thiscall FUN_00449760(uint param_1)",false,false,true,"pseudocode/00449760.c"
"0x00449790","FUN_00449790",49,1,"LPVOID __thiscall FUN_00449790(uint param_1)",false,false,true,"pseudocode/00449790.c"
"0x004497d0","FUN_004497d0",150,1,"undefined __fastcall FUN_004497d0(int param_1)",false,false,true,"pseudocode/004497d0.c"
"0x00449870","FUN_00449870",508,1,"undefined __fastcall FUN_00449870(void * param_1)",false,false,true,"pseudocode/00449870.c"
"0x00449a70","FUN_00449a70",164,1,"undefined __fastcall FUN_00449a70(int param_1)",false,false,true,"pseudocode/00449a70.c"
"0x00449b20","FUN_00449b20",511,1,"undefined __fastcall FUN_00449b20(int param_1)",false,false,true,"pseudocode/00449b20.c"
"0x00449d20","FUN_00449d20",92,1,"undefined __fastcall FUN_00449d20(int param_1)",false,false,true,"pseudocode/00449d20.c"
"0x00449d80","FUN_00449d80",188,1,"undefined __fastcall FUN_00449d80(undefined4 * param_1)",false,false,true,"pseudocode/00449d80.c"
"0x00449e40","FUN_00449e40",347,1,"undefined __thiscall FUN_00449e40(int param_1)",false,false,true,"pseudocode/00449e40.c"
"0x00449fa0","FUN_00449fa0",230,1,"undefined __fastcall FUN_00449fa0(int param_1)",false,false,true,"pseudocode/00449fa0.c"
"0x0044a090","FUN_0044a090",382,1,"undefined __thiscall FUN_0044a090(int param_1)",false,false,true,"pseudocode/0044a090.c"
"0x0044a210","FUN_0044a210",394,1,"undefined __thiscall FUN_0044a210(int param_1)",false,false,true,"pseudocode/0044a210.c"
"0x0044a3a0","FUN_0044a3a0",339,1,"undefined __fastcall FUN_0044a3a0(void * param_1)",false,false,true,"pseudocode/0044a3a0.c"
"0x0044a500","FUN_0044a500",159,1,"int __fastcall FUN_0044a500(int param_1)",false,false,true,"pseudocode/0044a500.c"
"0x0044a5a0","FUN_0044a5a0",154,1,"int __fastcall FUN_0044a5a0(int param_1)",false,false,true,"pseudocode/0044a5a0.c"
"0x0044a640","FUN_0044a640",42,1,"undefined __thiscall FUN_0044a640(undefined4 param_1)",false,false,true,"pseudocode/0044a640.c"
"0x0044a670","FUN_0044a670",61,1,"undefined __thiscall FUN_0044a670(undefined4 param_1)",false,false,true,"pseudocode/0044a670.c"
"0x0044a6b0","FUN_0044a6b0",66,1,"undefined __thiscall FUN_0044a6b0(void * param_1)",false,false,true,"pseudocode/0044a6b0.c"
"0x0044a700","FUN_0044a700",1022,1,"undefined __stdcall FUN_0044a700(undefined4 param_1)",false,false,true,"pseudocode/0044a700.c"
"0x0044ab00","FUN_0044ab00",284,1,"undefined __fastcall FUN_0044ab00(int * param_1)",false,false,true,"pseudocode/0044ab00.c"
"0x0044ac20","FUN_0044ac20",417,1,"undefined __cdecl FUN_0044ac20(void * param_1, undefined8 * param_2, int param_3, undefined4 param_4, undefined4 param_5, int param_6, int param_7, int param_8)",false,false,true,"pseudocode/0044ac20.c"
"0x0044add0","FUN_0044add0",586,1,"undefined __cdecl FUN_0044add0(void * param_1, undefined8 * param_2, int param_3, undefined4 param_4, undefined4 param_5, int param_6, int param_7)",false,false,true,"pseudocode/0044add0.c"
"0x0044b020","FUN_0044b020",578,1,"undefined __cdecl FUN_0044b020(void * param_1, undefined8 * param_2, int param_3, undefined4 param_4, undefined4 param_5, int param_6, int param_7)",false,false,true,"pseudocode/0044b020.c"
"0x0044b270","FUN_0044b270",55,1,"undefined __thiscall FUN_0044b270(uint param_1)",false,false,true,"pseudocode/0044b270.c"
"0x0044b2b0","FUN_0044b2b0",97,1,"undefined __fastcall FUN_0044b2b0(int param_1)",false,false,true,"pseudocode/0044b2b0.c"
"0x0044b320","Copy",47,1,"undefined __thiscall Copy(undefined4 param_1)",false,false,true,"pseudocode/0044b320.c"
"0x0044b350","Copy",47,1,"undefined __thiscall Copy(undefined4 param_1)",false,false,true,"pseudocode/0044b350.c"
"0x0044b380","FUN_0044b380",25,1,"undefined __cdecl FUN_0044b380(void * param_1, undefined4 param_2, int param_3)",false,false,true,"pseudocode/0044b380.c"
"0x0044b3a0","Delete_this",35,1,"undefined __thiscall Delete_this(char param_1)",false,false,true,"pseudocode/0044b3a0.c"
"0x0044b3d0","Do_call",41,1,"undefined __thiscall Do_call(undefined4 param_1)",false,false,true,"pseudocode/0044b3d0.c"
"0x0044b400","FUN_0044b400",77,1,"undefined __thiscall FUN_0044b400(uint * param_1)",false,false,true,"pseudocode/0044b400.c"
"0x0044b450","FUN_0044b450",139,2,"short * __cdecl FUN_0044b450(short * param_1, short * param_2)",false,false,true,"pseudocode/0044b450.c"
"0x0044b4e0","FUN_0044b4e0",80,1,"int __cdecl FUN_0044b4e0(uint * param_1, int param_2)",false,false,true,"pseudocode/0044b4e0.c"
"0x0044b530","Get",26,1,"undefined __fastcall Get(int param_1)",false,false,true,"pseudocode/0044b530.c"
"0x0044b550","Move",104,1,"undefined __thiscall Move(undefined4 param_1)",false,false,true,"pseudocode/0044b550.c"
"0x0044b5c0","Move",104,1,"undefined __thiscall Move(undefined4 param_1)",false,false,true,"pseudocode/0044b5c0.c"
"0x0044b630","FUN_0044b630",81,1,"void * __cdecl FUN_0044b630(void * param_1)",false,false,true,"pseudocode/0044b630.c"
"0x0044b690","FUN_0044b690",132,1,"void * __cdecl FUN_0044b690(void * param_1)",false,false,true,"pseudocode/0044b690.c"
"0x0044b720","FUN_0044b720",16,1,"undefined * * __stdcall FUN_0044b720(void)",false,false,true,"pseudocode/0044b720.c"
"0x0044b730","FUN_0044b730",16,1,"undefined * * __stdcall FUN_0044b730(void)",false,false,true,"pseudocode/0044b730.c"
"0x0044b740","FUN_0044b740",139,1,"undefined __fastcall FUN_0044b740(_Compressed_pair<struct_std::default_delete<class_std::_Facet_base>,class_std::_Facet_base*,1> * param_1)",false,false,true,"pseudocode/0044b740.c"
"0x0044b7d0","FUN_0044b7d0",19,1,"int __fastcall FUN_0044b7d0(int param_1)",false,false,true,"pseudocode/0044b7d0.c"
"0x0044b7f0","FUN_0044b7f0",72,1,"undefined4 * __thiscall FUN_0044b7f0(undefined4 * param_1, int param_2)",false,false,true,"pseudocode/0044b7f0.c"
"0x0044b840","FUN_0044b840",72,1,"undefined4 * __thiscall FUN_0044b840(undefined4 * param_1, int param_2)",false,false,true,"pseudocode/0044b840.c"
"0x0044b890","FUN_0044b890",75,1,"undefined4 * __thiscall FUN_0044b890(undefined4 * param_1, int param_2)",false,false,true,"pseudocode/0044b890.c"
"0x0044b8e0","FUN_0044b8e0",75,1,"undefined4 * __thiscall FUN_0044b8e0(undefined4 * param_1, int param_2)",false,false,true,"pseudocode/0044b8e0.c"
"0x0044b930","FUN_0044b930",58,1,"undefined4 __thiscall FUN_0044b930(uint param_1)",false,false,true,"pseudocode/0044b930.c"
"0x0044b970","FUN_0044b970",118,1,"void * __thiscall FUN_0044b970(uint * param_1, undefined1 * param_2)",false,false,true,"pseudocode/0044b970.c"
"0x0044b9f0","FUN_0044b9f0",243,1,"int * __thiscall FUN_0044b9f0(int * param_1)",false,false,true,"pseudocode/0044b9f0.c"
"0x0044baf0","FUN_0044baf0",22,1,"undefined __fastcall FUN_0044baf0(int param_1)",false,false,true,"pseudocode/0044baf0.c"
"0x0044bb10","FUN_0044bb10",439,1,"undefined __thiscall FUN_0044bb10(int * param_1)",false,false,true,"pseudocode/0044bb10.c"
"0x0044bcd0","FUN_0044bcd0",118,1,"undefined __stdcall FUN_0044bcd0(int param_1)",false,false,true,"pseudocode/0044bcd0.c"
"0x0044bd50","FUN_0044bd50",29,1,"undefined __thiscall FUN_0044bd50(int param_1, int param_2)",false,false,true,"pseudocode/0044bd50.c"
"0x0044bd70","FUN_0044bd70",69,1,"undefined __stdcall FUN_0044bd70(int param_1)",false,false,true,"pseudocode/0044bd70.c"
"0x0044bdc0","FUN_0044bdc0",55,1,"undefined __thiscall FUN_0044bdc0(int param_1)",false,false,true,"pseudocode/0044bdc0.c"
"0x0044be00","compare",34,1,"int __cdecl compare(uint * param_1, uint * param_2, uint param_3)",false,false,true,"pseudocode/0044be00.c"
"0x0044be40","FUN_0044be40",581,1,"undefined __thiscall FUN_0044be40(int param_1, int param_2, undefined4 param_3, int * param_4, undefined4 param_5, int param_6)",false,false,true,"pseudocode/0044be40.c"
"0x0044c090","FUN_0044c090",19,1,"undefined8 __fastcall FUN_0044c090(undefined8 * param_1)",false,false,true,"pseudocode/0044c090.c"
"0x0044c0b0","FUN_0044c0b0",155,1,"int __stdcall FUN_0044c0b0(int param_1, int param_2, int param_3, int param_4)",false,false,true,"pseudocode/0044c0b0.c"
"0x0044c150","FUN_0044c150",139,1,"undefined4 __stdcall FUN_0044c150(int param_1, undefined4 param_2, undefined4 param_3)",false,false,true,"pseudocode/0044c150.c"
"0x0044c1e0","FUN_0044c1e0",84,1,"undefined __thiscall FUN_0044c1e0(undefined4 param_1, undefined4 param_2)",false,false,true,"pseudocode/0044c1e0.c"
"0x0044c240","FUN_0044c240",171,1,"undefined __fastcall FUN_0044c240(int param_1)",false,false,true,"pseudocode/0044c240.c"
"0x0044c2f0","FUN_0044c2f0",308,1,"undefined4 __thiscall FUN_0044c2f0(void * param_1)",false,false,true,"pseudocode/0044c2f0.c"
"0x0044c430","FUN_0044c430",209,1,"undefined __thiscall FUN_0044c430(uint param_1)",false,false,true,"pseudocode/0044c430.c"
"0x0044c510","FUN_0044c510",94,1,"undefined __thiscall FUN_0044c510(int * param_1)",false,false,true,"pseudocode/0044c510.c"
"0x0044c570","FUN_0044c570",26,1,"undefined __fastcall FUN_0044c570(void * param_1)",false,false,true,"pseudocode/0044c570.c"
"0x0044c590","FUN_0044c590",82,1,"void * __thiscall FUN_0044c590(void * param_1)",false,false,true,"pseudocode/0044c590.c"
"0x0044c5f0","FUN_0044c5f0",82,1,"undefined __fastcall FUN_0044c5f0(int param_1)",false,false,true,"pseudocode/0044c5f0.c"
"0x0044c650","FUN_0044c650",21,1,"undefined1 __fastcall FUN_0044c650(int param_1)",false,false,true,"pseudocode/0044c650.c"
"0x0044c670","FUN_0044c670",63,1,"int __thiscall FUN_0044c670(int param_1, int param_2)",false,false,true,"pseudocode/0044c670.c"
"0x0044c6b0","FUN_0044c6b0",241,1,"int __thiscall FUN_0044c6b0(int param_1, int param_2)",false,false,true,"pseudocode/0044c6b0.c"
"0x0044c7b0","FUN_0044c7b0",127,1,"undefined __stdcall FUN_0044c7b0(undefined4 * param_1, int param_2, int param_3)",false,false,true,"pseudocode/0044c7b0.c"
"0x0044c830","FUN_0044c830",108,1,"undefined __thiscall FUN_0044c830(undefined4 * param_1, int param_2, int param_3)",false,false,true,"pseudocode/0044c830.c"
"0x0044c8a0","FUN_0044c8a0",20,1,"undefined4 __fastcall FUN_0044c8a0(int param_1)",false,false,true,"pseudocode/0044c8a0.c"
"0x0044c8c0","FUN_0044c8c0",38,1,"undefined __thiscall FUN_0044c8c0(int param_1)",false,false,true,"pseudocode/0044c8c0.c"
"0x0044c8f0","FUN_0044c8f0",187,1,"undefined4 * __thiscall FUN_0044c8f0(undefined4 * param_1, int param_2)",false,false,true,"pseudocode/0044c8f0.c"
"0x0044c9b0","FUN_0044c9b0",296,2,"undefined4 * __fastcall FUN_0044c9b0(int param_1)",false,false,true,"pseudocode/0044c9b0.c"
"0x0044cae0","FUN_0044cae0",26,1,"undefined __fastcall FUN_0044cae0(undefined4 * param_1)",false,false,true,"pseudocode/0044cae0.c"
"0x0044cb00","FUN_0044cb00",19,1,"int __fastcall FUN_0044cb00(int param_1)",false,false,true,"pseudocode/0044cb00.c"
"0x0044cb20","FUN_0044cb20",19,1,"int __fastcall FUN_0044cb20(int param_1)",false,false,true,"pseudocode/0044cb20.c"
"0x0044cb40","FUN_0044cb40",26,1,"undefined __fastcall FUN_0044cb40(undefined4 * param_1)",false,false,true,"pseudocode/0044cb40.c"
"0x0044cb60","FUN_0044cb60",17,1,"int __fastcall FUN_0044cb60(int param_1)",false,false,true,"pseudocode/0044cb60.c"
"0x0044cb80","FUN_0044cb80",236,1,"undefined __thiscall FUN_0044cb80(undefined4 * param_1)",false,false,true,"pseudocode/0044cb80.c"
"0x0044cc70","FUN_0044cc70",38,1,"undefined __thiscall FUN_0044cc70(float * param_1)",false,false,true,"pseudocode/0044cc70.c"
"0x0044cca0","FUN_0044cca0",17,1,"int __fastcall FUN_0044cca0(int param_1)",false,false,true,"pseudocode/0044cca0.c"
"0x0044ccc0","FUN_0044ccc0",26,1,"undefined __fastcall FUN_0044ccc0(undefined4 * param_1)",false,false,true,"pseudocode/0044ccc0.c"
"0x0044cce0","FUN_0044cce0",26,1,"undefined __fastcall FUN_0044cce0(undefined4 * param_1)",false,false,true,"pseudocode/0044cce0.c"
"0x0044cd00","FUN_0044cd00",456,1,"int __stdcall FUN_0044cd00(void)",false,false,true,"pseudocode/0044cd00.c"
"0x0044ced0","FUN_0044ced0",51,1,"int __fastcall FUN_0044ced0(undefined4 * param_1)",false,false,true,"pseudocode/0044ced0.c"
"0x0044cf10","FUN_0044cf10",56,1,"int __fastcall FUN_0044cf10(undefined4 * param_1)",false,false,true,"pseudocode/0044cf10.c"
"0x0044cf50","FUN_0044cf50",95,1,"float10 __thiscall FUN_0044cf50(int param_1, int param_2)",false,false,true,"pseudocode/0044cf50.c"
"0x0044cfb0","FUN_0044cfb0",77,1,"int __cdecl FUN_0044cfb0(int param_1)",false,false,true,"pseudocode/0044cfb0.c"
"0x0044d000","FUN_0044d000",24,1,"uint __thiscall FUN_0044d000(uint param_1)",false,false,true,"pseudocode/0044d000.c"
"0x0044d020","FUN_0044d020",2143,1,"undefined __fastcall FUN_0044d020(int param_1)",false,false,true,"pseudocode/0044d020.c"
"0x0044d880","FUN_0044d880",234,2,"undefined __fastcall FUN_0044d880(int param_1)",false,false,true,"pseudocode/0044d880.c"
"0x0044d970","FUN_0044d970",90,1,"undefined4 __thiscall FUN_0044d970(uint param_1)",false,false,true,"pseudocode/0044d970.c"
"0x0044d9d0","FUN_0044d9d0",574,2,"undefined __stdcall FUN_0044d9d0(undefined4 * param_1, int param_2, int param_3, int param_4, int param_5)",false,false,true,"pseudocode/0044d9d0.c"
"0x0044dc20","FUN_0044dc20",293,1,"undefined __stdcall FUN_0044dc20(undefined4 * param_1, int param_2, undefined4 param_3, int param_4, undefined4 param_5, int param_6)",false,false,true,"pseudocode/0044dc20.c"
"0x0044dd50","FUN_0044dd50",10,1,"undefined __stdcall FUN_0044dd50(void)",false,false,true,"pseudocode/0044dd50.c"
"0x0044dd60","FUN_0044dd60",116,1,"undefined __fastcall FUN_0044dd60(_Compressed_pair<struct_std::default_delete<class_std::_Facet_base>,class_std::_Facet_base*,1> * param_1)",false,false,true,"pseudocode/0044dd60.c"
"0x0044dde0","FUN_0044dde0",441,3,"void * __cdecl FUN_0044dde0(void * param_1)",false,false,true,"pseudocode/0044dde0.c"
"0x0044dfb0","FUN_0044dfb0",408,1,"undefined __fastcall FUN_0044dfb0(void * param_1)",false,false,true,"pseudocode/0044dfb0.c"
"0x0044e150","FUN_0044e150",504,1,"undefined4 * __stdcall FUN_0044e150(undefined4 * param_1)",false,false,true,"pseudocode/0044e150.c"
"0x0044e350","FUN_0044e350",1432,3,"undefined __stdcall FUN_0044e350(undefined4 * param_1, uint param_2, int param_3, int param_4, int * param_5)",false,false,true,"pseudocode/0044e350.c"
"0x0044e8f0","FUN_0044e8f0",562,1,"undefined __stdcall FUN_0044e8f0(undefined4 * param_1, int param_2, undefined4 param_3, int param_4, int param_5, int param_6, int param_7, int param_8, int param_9)",false,false,true,"pseudocode/0044e8f0.c"
"0x0044eb30","FUN_0044eb30",182,1,"int __thiscall FUN_0044eb30(uint param_1, char * * param_2)",false,false,true,"pseudocode/0044eb30.c"
"0x0044ebf0","FUN_0044ebf0",336,1,"undefined __stdcall FUN_0044ebf0(int param_1, int param_2, int * param_3)",false,false,true,"pseudocode/0044ebf0.c"
"0x0044ed40","FUN_0044ed40",269,1,"undefined __thiscall FUN_0044ed40(uint param_1, char * * param_2)",false,false,true,"pseudocode/0044ed40.c"
"0x0044ee50","FUN_0044ee50",29,1,"undefined __thiscall FUN_0044ee50(uint param_1, char * * param_2)",false,false,true,"pseudocode/0044ee50.c"
"0x0044ee70","FUN_0044ee70",24,1,"undefined __fastcall FUN_0044ee70(int param_1)",false,false,true,"pseudocode/0044ee70.c"
"0x0044ee90","FUN_0044ee90",246,1,"undefined __stdcall FUN_0044ee90(undefined4 param_1, undefined4 param_2)",false,false,true,"pseudocode/0044ee90.c"
"0x0044ef90","FUN_0044ef90",35,1,"undefined __thiscall FUN_0044ef90(undefined4 param_1)",false,false,true,"pseudocode/0044ef90.c"
"0x0044efc0","FUN_0044efc0",261,1,"undefined __stdcall FUN_0044efc0(undefined4 param_1, undefined4 param_2)",false,false,true,"pseudocode/0044efc0.c"
"0x0044f0d0","FUN_0044f0d0",35,1,"undefined __thiscall FUN_0044f0d0(undefined4 param_1)",false,false,true,"pseudocode/0044f0d0.c"
"0x0044f100","FUN_0044f100",39,1,"undefined __thiscall FUN_0044f100(undefined4 param_1)",false,false,true,"pseudocode/0044f100.c"
"0x0044f130","FUN_0044f130",50,1,"undefined __stdcall FUN_0044f130(void)",false,false,true,"pseudocode/0044f130.c"
"0x0044f170","FUN_0044f170",272,1,"undefined __fastcall FUN_0044f170(int param_1)",false,false,true,"pseudocode/0044f170.c"
"0x0044f280","FUN_0044f280",50,1,"undefined __stdcall FUN_0044f280(void)",false,false,true,"pseudocode/0044f280.c"
"0x0044f2c0","FUN_0044f2c0",272,1,"undefined __fastcall FUN_0044f2c0(int param_1)",false,false,true,"pseudocode/0044f2c0.c"
"0x0044f3d0","FUN_0044f3d0",806,1,"undefined __thiscall FUN_0044f3d0(int param_1, int param_2)",false,false,true,"pseudocode/0044f3d0.c"
"0x0044f700","FUN_0044f700",30,1,"undefined __thiscall FUN_0044f700(int param_1)",false,false,true,"pseudocode/0044f700.c"
"0x0044f720","FUN_0044f720",280,1,"undefined __thiscall FUN_0044f720(int param_1)",false,false,true,"pseudocode/0044f720.c"
"0x0044f840","FUN_0044f840",411,1,"undefined __stdcall FUN_0044f840(int param_1, void * param_2)",false,false,true,"pseudocode/0044f840.c"
"0x0044f9e0","OnStatusTextChange",45,1,"undefined __thiscall OnStatusTextChange(undefined4 param_1)",false,false,true,"pseudocode/0044f9e0.c"
"0x0044fa10","FUN_0044fa10",25,1,"undefined __thiscall FUN_0044fa10(undefined4 param_1)",false,false,true,"pseudocode/0044fa10.c"
"0x0044fa30","FUN_0044fa30",50,1,"undefined __stdcall FUN_0044fa30(void)",false,false,true,"pseudocode/0044fa30.c"
"0x0044fa70","FUN_0044fa70",272,1,"undefined __fastcall FUN_0044fa70(int param_1)",false,false,true,"pseudocode/0044fa70.c"
"0x0044fb80","FUN_0044fb80",282,1,"undefined __stdcall FUN_0044fb80(int param_1)",false,false,true,"pseudocode/0044fb80.c"
"0x0044fca0","FUN_0044fca0",43,1,"undefined __stdcall FUN_0044fca0(void)",false,false,true,"pseudocode/0044fca0.c"
"0x0044fcd0","FUN_0044fcd0",37,1,"undefined __fastcall FUN_0044fcd0(undefined4 * param_1)",false,false,true,"pseudocode/0044fcd0.c"
"0x0044fd00","FUN_0044fd00",42,1,"undefined __fastcall FUN_0044fd00(int param_1)",false,false,true,"pseudocode/0044fd00.c"
"0x0044fd30","FUN_0044fd30",691,1,"undefined __thiscall FUN_0044fd30(int * param_1, char param_2)",false,false,true,"pseudocode/0044fd30.c"
"0x0044fff0","FUN_0044fff0",276,3,"undefined8 * __stdcall FUN_0044fff0(undefined8 * param_1, undefined4 param_2, undefined4 param_3, int param_4, undefined4 param_5, undefined4 param_6, LPCSTR param_7, int param_8, int param_9, int param_10, int * param_11)",false,false,true,"pseudocode/0044fff0.c"
"0x00450120","FUN_00450120",50,1,"undefined __stdcall FUN_00450120(void)",false,false,true,"pseudocode/00450120.c"
"0x00450160","FUN_00450160",272,1,"undefined __fastcall FUN_00450160(int param_1)",false,false,true,"pseudocode/00450160.c"
"0x00450270","FUN_00450270",66,1,"undefined __stdcall FUN_00450270(undefined4 param_1, undefined4 * param_2)",false,false,true,"pseudocode/00450270.c"
"0x004502c0","FUN_004502c0",35,1,"undefined __thiscall FUN_004502c0(undefined4 * param_1)",false,false,true,"pseudocode/004502c0.c"
"0x004502f0","FUN_004502f0",40,1,"undefined __stdcall FUN_004502f0(int param_1, undefined4 * param_2)",false,false,true,"pseudocode/004502f0.c"
"0x00450320","FUN_00450320",33,1,"undefined __thiscall FUN_00450320(undefined4 * param_1)",false,false,true,"pseudocode/00450320.c"
"0x00450350","FUN_00450350",217,1,"undefined __thiscall FUN_00450350(undefined4 param_1)",false,false,true,"pseudocode/00450350.c"
"0x00450430","FUN_00450430",48,1,"undefined __thiscall FUN_00450430(uint param_1)",false,false,true,"pseudocode/00450430.c"
"0x00450460","FUN_00450460",33,1,"undefined __thiscall FUN_00450460(undefined4 param_1)",false,false,true,"pseudocode/00450460.c"
"0x00450490","FUN_00450490",47,1,"undefined __thiscall FUN_00450490(undefined4 param_1)",false,false,true,"pseudocode/00450490.c"
"0x004504c0","FUN_004504c0",33,1,"undefined __thiscall FUN_004504c0(undefined4 param_1)",false,false,true,"pseudocode/004504c0.c"
"0x004504f0","FUN_004504f0",47,1,"undefined __thiscall FUN_004504f0(undefined4 param_1)",false,false,true,"pseudocode/004504f0.c"
"0x00450520","FUN_00450520",58,1,"undefined __stdcall FUN_00450520(undefined4 param_1, undefined4 param_2)",false,false,true,"pseudocode/00450520.c"
"0x00450560","FUN_00450560",42,1,"undefined __thiscall FUN_00450560(undefined4 param_1)",false,false,true,"pseudocode/00450560.c"
"0x00450590","FUN_00450590",33,1,"undefined __thiscall FUN_00450590(undefined4 param_1)",false,false,true,"pseudocode/00450590.c"
"0x004505c0","FUN_004505c0",47,1,"undefined __thiscall FUN_004505c0(undefined4 param_1)",false,false,true,"pseudocode/004505c0.c"
"0x004505f0","FUN_004505f0",64,1,"undefined __stdcall FUN_004505f0(undefined4 param_1, undefined4 param_2, undefined4 param_3)",false,false,true,"pseudocode/004505f0.c"
"0x00450630","FUN_00450630",53,1,"undefined __thiscall FUN_00450630(undefined4 param_1, undefined4 param_2)",false,false,true,"pseudocode/00450630.c"
"0x00450670","FUN_00450670",64,1,"undefined __stdcall FUN_00450670(undefined4 param_1, undefined4 param_2, undefined4 param_3)",false,false,true,"pseudocode/00450670.c"
"0x004506b0","FUN_004506b0",53,1,"undefined __thiscall FUN_004506b0(undefined4 param_1, undefined4 param_2)",false,false,true,"pseudocode/004506b0.c"
"0x004506f0","FUN_004506f0",343,1,"undefined __thiscall FUN_004506f0(int param_1, undefined4 * param_2)",false,false,true,"pseudocode/004506f0.c"
"0x00450850","FUN_00450850",30,1,"undefined __thiscall FUN_00450850(undefined4 param_1)",false,false,true,"pseudocode/00450850.c"
"0x00450870","FUN_00450870",16,1,"undefined4 __stdcall FUN_00450870(void)",false,false,true,"pseudocode/00450870.c"
"0x00450880","FUN_00450880",59,1,"undefined4 __cdecl FUN_00450880(int param_1)",false,false,true,"pseudocode/00450880.c"
"0x004508c0","FUN_004508c0",13,1,"undefined __cdecl FUN_004508c0(int param_1)",false,false,true,"pseudocode/004508c0.c"
"0x004508d0","FUN_004508d0",15,1,"undefined __cdecl FUN_004508d0(void * param_1)",false,false,true,"pseudocode/004508d0.c"
"0x004508e0","FUN_004508e0",15,1,"undefined __cdecl FUN_004508e0(void * param_1)",false,false,true,"pseudocode/004508e0.c"
"0x004508f0","FUN_004508f0",15,1,"undefined __cdecl FUN_004508f0(void * param_1)",false,false,true,"pseudocode/004508f0.c"
"0x00450900","FUN_00450900",15,1,"undefined __cdecl FUN_00450900(void * param_1)",false,false,true,"pseudocode/00450900.c"
"0x00450910","FUN_00450910",15,1,"undefined __cdecl FUN_00450910(void * param_1)",false,false,true,"pseudocode/00450910.c"
"0x00450920","FUN_00450920",15,1,"undefined __cdecl FUN_00450920(void * param_1)",false,false,true,"pseudocode/00450920.c"
"0x00450930","FUN_00450930",15,1,"undefined __cdecl FUN_00450930(void * param_1)",false,false,true,"pseudocode/00450930.c"
"0x00450940","FUN_00450940",15,1,"undefined __cdecl FUN_00450940(void * param_1)",false,false,true,"pseudocode/00450940.c"
"0x00450950","FUN_00450950",15,1,"undefined __cdecl FUN_00450950(void * param_1)",false,false,true,"pseudocode/00450950.c"
"0x00450960","FUN_00450960",15,1,"undefined __cdecl FUN_00450960(void * param_1)",false,false,true,"pseudocode/00450960.c"
"0x00450970","FUN_00450970",15,1,"undefined __cdecl FUN_00450970(void * param_1)",false,false,true,"pseudocode/00450970.c"
"0x00450980","FUN_00450980",15,1,"undefined __cdecl FUN_00450980(void * param_1)",false,false,true,"pseudocode/00450980.c"
"0x00450990","FUN_00450990",15,1,"undefined __cdecl FUN_00450990(void * param_1)",false,false,true,"pseudocode/00450990.c"
"0x004509a0","FUN_004509a0",15,1,"undefined __cdecl FUN_004509a0(void * param_1)",false,false,true,"pseudocode/004509a0.c"
"0x004509b0","FUN_004509b0",15,1,"undefined __cdecl FUN_004509b0(void * param_1)",false,false,true,"pseudocode/004509b0.c"
"0x004509c0","FUN_004509c0",15,1,"undefined __cdecl FUN_004509c0(void * param_1)",false,false,true,"pseudocode/004509c0.c"
"0x004509d0","FUN_004509d0",15,1,"undefined __cdecl FUN_004509d0(void * param_1)",false,false,true,"pseudocode/004509d0.c"
"0x004509e0","FUN_004509e0",15,1,"undefined __cdecl FUN_004509e0(void * param_1)",false,false,true,"pseudocode/004509e0.c"
"0x004509f0","FUN_004509f0",15,1,"undefined __cdecl FUN_004509f0(void * param_1)",false,false,true,"pseudocode/004509f0.c"
"0x00450a00","FUN_00450a00",15,1,"undefined __cdecl FUN_00450a00(void * param_1)",false,false,true,"pseudocode/00450a00.c"
"0x00450a10","FUN_00450a10",26,1,"undefined __cdecl FUN_00450a10(void * param_1)",false,false,true,"pseudocode/00450a10.c"
"0x00450a30","FUN_00450a30",15,1,"undefined __cdecl FUN_00450a30(void * param_1)",false,false,true,"pseudocode/00450a30.c"
"0x00450a40","FUN_00450a40",15,1,"undefined __cdecl FUN_00450a40(void * param_1)",false,false,true,"pseudocode/00450a40.c"
"0x00450a50","FUN_00450a50",26,1,"undefined __cdecl FUN_00450a50(void * param_1)",false,false,true,"pseudocode/00450a50.c"
"0x00450a70","FUN_00450a70",15,1,"undefined __cdecl FUN_00450a70(void * param_1)",false,false,true,"pseudocode/00450a70.c"
"0x00450a80","FUN_00450a80",15,1,"undefined __cdecl FUN_00450a80(void * param_1)",false,false,true,"pseudocode/00450a80.c"
"0x00450a90","FUN_00450a90",26,1,"undefined __cdecl FUN_00450a90(void * param_1)",false,false,true,"pseudocode/00450a90.c"
"0x00450ab0","FUN_00450ab0",15,1,"undefined __cdecl FUN_00450ab0(void * param_1)",false,false,true,"pseudocode/00450ab0.c"
"0x00450ac0","FUN_00450ac0",26,1,"undefined __cdecl FUN_00450ac0(void * param_1)",false,false,true,"pseudocode/00450ac0.c"
"0x00450ae0","FUN_00450ae0",15,1,"undefined __cdecl FUN_00450ae0(void * param_1)",false,false,true,"pseudocode/00450ae0.c"
"0x00450af0","FUN_00450af0",26,1,"undefined __cdecl FUN_00450af0(void * param_1)",false,false,true,"pseudocode/00450af0.c"
"0x00450b10","FUN_00450b10",15,1,"undefined __cdecl FUN_00450b10(void * param_1)",false,false,true,"pseudocode/00450b10.c"
"0x00450b20","FUN_00450b20",15,1,"undefined __cdecl FUN_00450b20(void * param_1)",false,false,true,"pseudocode/00450b20.c"
"0x00450b30","FUN_00450b30",15,1,"undefined __cdecl FUN_00450b30(void * param_1)",false,false,true,"pseudocode/00450b30.c"
"0x00450b40","FUN_00450b40",26,1,"undefined __cdecl FUN_00450b40(void * param_1)",false,false,true,"pseudocode/00450b40.c"
"0x00450b60","FUN_00450b60",15,1,"undefined __cdecl FUN_00450b60(void * param_1)",false,false,true,"pseudocode/00450b60.c"
"0x00450b70","FUN_00450b70",26,1,"undefined __cdecl FUN_00450b70(void * param_1)",false,false,true,"pseudocode/00450b70.c"
"0x00450b90","FUN_00450b90",15,1,"undefined __cdecl FUN_00450b90(void * param_1)",false,false,true,"pseudocode/00450b90.c"
"0x00450ba0","FUN_00450ba0",15,1,"undefined __cdecl FUN_00450ba0(void * param_1)",false,false,true,"pseudocode/00450ba0.c"
"0x00450bb0","FUN_00450bb0",15,1,"undefined __cdecl FUN_00450bb0(void * param_1)",false,false,true,"pseudocode/00450bb0.c"
"0x00450bc0","FUN_00450bc0",15,1,"undefined __cdecl FUN_00450bc0(void * param_1)",false,false,true,"pseudocode/00450bc0.c"
"0x00450bd0","FUN_00450bd0",15,1,"undefined __cdecl FUN_00450bd0(void * param_1)",false,false,true,"pseudocode/00450bd0.c"
"0x00450be0","FUN_00450be0",15,1,"undefined __cdecl FUN_00450be0(void * param_1)",false,false,true,"pseudocode/00450be0.c"
"0x00450bf0","FUN_00450bf0",15,1,"undefined __cdecl FUN_00450bf0(void * param_1)",false,false,true,"pseudocode/00450bf0.c"
"0x00450c00","FUN_00450c00",15,1,"undefined __cdecl FUN_00450c00(void * param_1)",false,false,true,"pseudocode/00450c00.c"
"0x00450c10","FUN_00450c10",26,1,"undefined __cdecl FUN_00450c10(void * param_1)",false,false,true,"pseudocode/00450c10.c"
"0x00450c30","FUN_00450c30",15,1,"undefined __cdecl FUN_00450c30(void * param_1)",false,false,true,"pseudocode/00450c30.c"
"0x00450c40","FUN_00450c40",15,1,"undefined __cdecl FUN_00450c40(void * param_1)",false,false,true,"pseudocode/00450c40.c"
"0x00450c50","FUN_00450c50",15,1,"undefined __cdecl FUN_00450c50(void * param_1)",false,false,true,"pseudocode/00450c50.c"
"0x00450c60","FUN_00450c60",15,1,"undefined __cdecl FUN_00450c60(void * param_1)",false,false,true,"pseudocode/00450c60.c"
"0x00450c70","FUN_00450c70",57,1,"undefined4 * __stdcall FUN_00450c70(undefined4 * param_1, uint * param_2, int param_3, int param_4, undefined4 * param_5)",false,false,true,"pseudocode/00450c70.c"
"0x00450cb0","FUN_00450cb0",922,1,"undefined __stdcall FUN_00450cb0(undefined4 * param_1, uint * param_2, int param_3, float * param_4, undefined4 param_5, int param_6, uint param_7, undefined4 * param_8)",false,false,true,"pseudocode/00450cb0.c"
"0x00451050","FUN_00451050",604,1,"undefined __stdcall FUN_00451050(undefined4 * param_1, int param_2, int param_3, uint param_4)",false,false,true,"pseudocode/00451050.c"
"0x004512b0","FUN_004512b0",619,1,"undefined __stdcall FUN_004512b0(undefined4 * param_1, int param_2, void * param_3, uint param_4)",false,false,true,"pseudocode/004512b0.c"
"0x00451520","FUN_00451520",88,1,"undefined __stdcall FUN_00451520(int param_1)",false,false,true,"pseudocode/00451520.c"
"0x00451580","FUN_00451580",82,1,"void * __thiscall FUN_00451580(void * param_1)",false,false,true,"pseudocode/00451580.c"
"0x004515e0","FUN_004515e0",54,1,"undefined __stdcall FUN_004515e0(int param_1)",false,false,true,"pseudocode/004515e0.c"
"0x00451620","operator_union_tagCY",32,1,"tagCY __thiscall operator_union_tagCY(void)",false,false,true,"pseudocode/00451620.c"
"0x00451640","FUN_00451640",183,1,"undefined __cdecl FUN_00451640(int * param_1, ushort * param_2, int * param_3)",false,false,true,"pseudocode/00451640.c"
"0x00451700","FUN_00451700",183,1,"undefined __cdecl FUN_00451700(int * param_1, ushort * param_2, int * param_3)",false,false,true,"pseudocode/00451700.c"
"0x004517c0","FUN_004517c0",187,1,"undefined __cdecl FUN_004517c0(int * param_1, ushort * param_2, int * param_3)",false,false,true,"pseudocode/004517c0.c"
"0x00451880","FUN_00451880",139,1,"undefined __cdecl FUN_00451880(int * param_1, byte * param_2, int * param_3)",false,false,true,"pseudocode/00451880.c"
"0x00451910","FUN_00451910",2745,1,"undefined __stdcall FUN_00451910(int * param_1)",false,false,true,"pseudocode/00451910.c"
"0x00452400","FUN_00452400",72,1,"undefined __cdecl FUN_00452400(undefined4 param_1, uint param_2)",false,false,true,"pseudocode/00452400.c"
"0x00452450","FUN_00452450",57,1,"int __cdecl FUN_00452450(uint * param_1, undefined4 param_2, uint param_3)",false,false,true,"pseudocode/00452450.c"
"0x00452490","FUN_00452490",89,1,"undefined1 * __cdecl FUN_00452490(undefined1 * param_1, uint param_2, undefined1 * param_3)",false,false,true,"pseudocode/00452490.c"
"0x004524f0","FUN_004524f0",659,1,"undefined __cdecl FUN_004524f0(char * param_1, char * param_2, uint param_3, uint param_4)",false,false,true,"pseudocode/004524f0.c"
"0x004527d0","FUN_004527d0",1023,1,"undefined __cdecl FUN_004527d0(char * param_1, char * param_2, int param_3, int param_4, uint param_5)",false,false,true,"pseudocode/004527d0.c"
"0x00452c20","FUN_00452c20",307,1,"undefined __thiscall FUN_00452c20(uint param_1, undefined4 param_2, uint * param_3, uint param_4)",false,false,true,"pseudocode/00452c20.c"
"0x00452d60","FUN_00452d60",30,1,"undefined __cdecl FUN_00452d60(wchar_t * param_1, wchar_t * param_2, va_list param_3)",false,false,true,"pseudocode/00452d60.c"
"0x00452d80","FUN_00452d80",75,1,"undefined4 __fastcall FUN_00452d80(undefined4 param_1)",false,false,true,"pseudocode/00452d80.c"
"0x00452dd0","FUN_00452dd0",37,1,"undefined4 * __fastcall FUN_00452dd0(undefined4 * param_1)",false,false,true,"pseudocode/00452dd0.c"
"0x00452e00","FUN_00452e00",61,1,"int __fastcall FUN_00452e00(int param_1)",false,false,true,"pseudocode/00452e00.c"
"0x00452e40","FUN_00452e40",155,1,"uint * __thiscall FUN_00452e40(uint param_1)",false,false,true,"pseudocode/00452e40.c"
"0x00452ee0","FUN_00452ee0",28,1,"void * __fastcall FUN_00452ee0(void * param_1)",false,false,true,"pseudocode/00452ee0.c"
"0x00452f00","FUN_00452f00",20,1,"undefined __fastcall FUN_00452f00(_Compressed_pair<struct_std::default_delete<class_std::_Facet_base>,class_std::_Facet_base*,1> * param_1)",false,false,true,"pseudocode/00452f00.c"
"0x00452f20","FUN_00452f20",40,1,"float * __thiscall FUN_00452f20(float param_1)",false,false,true,"pseudocode/00452f20.c"
"0x00452f50","FUN_00452f50",35,1,"float10 __thiscall FUN_00452f50(float * param_1, float param_2)",false,false,true,"pseudocode/00452f50.c"
"0x00452f80","FUN_00452f80",59,1,"void * __thiscall FUN_00452f80(void * param_1, float param_2)",false,false,true,"pseudocode/00452f80.c"
"0x00452fc0","FUN_00452fc0",42,1,"void * __thiscall FUN_00452fc0(void * param_1, float param_2)",false,false,true,"pseudocode/00452fc0.c"
"0x00452ff0","FUN_00452ff0",80,1,"void * __thiscall FUN_00452ff0(void * param_1, float param_2)",false,false,true,"pseudocode/00452ff0.c"
"0x00453040","FUN_00453040",94,1,"undefined __fastcall FUN_00453040(float * param_1)",false,false,true,"pseudocode/00453040.c"
"0x004530a0","FUN_004530a0",25,1,"undefined __thiscall FUN_004530a0(char * param_1)",false,false,true,"pseudocode/004530a0.c"
"0x004530c0","FUN_004530c0",47,1,"float * __thiscall FUN_004530c0(float param_1)",false,false,true,"pseudocode/004530c0.c"
"0x004530f0","FUN_004530f0",295,1,"undefined __thiscall FUN_004530f0(float param_1)",false,false,true,"pseudocode/004530f0.c"
"0x00453220","FUN_00453220",157,1,"undefined __fastcall FUN_00453220(void * param_1)",false,false,true,"pseudocode/00453220.c"
"0x004532c0","FUN_004532c0",229,1,"undefined __cdecl FUN_004532c0(undefined4 * param_1, float * param_2, float param_3)",false,false,true,"pseudocode/004532c0.c"
"0x004533b0","FUN_004533b0",324,1,"undefined4 __fastcall FUN_004533b0(undefined4 * param_1)",false,false,true,"pseudocode/004533b0.c"
"0x00453500","FUN_00453500",1462,1,"undefined __cdecl FUN_00453500(char * param_1, int param_2, longlong param_3)",false,false,true,"pseudocode/00453500.c"
"0x00453ac0","FUN_00453ac0",809,1,"undefined __fastcall FUN_00453ac0(float * param_1)",false,false,true,"pseudocode/00453ac0.c"
"0x00453e00","FUN_00453e00",57,1,"undefined __fastcall FUN_00453e00(float * param_1)",false,false,true,"pseudocode/00453e00.c"
"0x00453e40","FUN_00453e40",689,2,"undefined __fastcall FUN_00453e40(void * param_1)",false,false,true,"pseudocode/00453e40.c"
"0x00454110","FUN_00454110",59,1,"undefined __thiscall FUN_00454110(float param_1)",false,false,true,"pseudocode/00454110.c"
"0x00454150","FUN_00454150",215,1,"undefined __cdecl FUN_00454150(void * param_1, wchar_t * param_2)",false,false,true,"pseudocode/00454150.c"
"0x00454230","FUN_00454230",221,1,"undefined __cdecl FUN_00454230(void * param_1, wchar_t * param_2)",false,false,true,"pseudocode/00454230.c"
"0x00454310","assign",47,1,"basic_string<char,struct_std::char_traits<char>,class_std::allocator<char>_> * __thiscall assign(char * param_1)",false,false,true,"pseudocode/00454310.c"
"0x00454340","FUN_00454340",143,1,"void * __thiscall FUN_00454340(uint * param_1, undefined1 * param_2)",false,false,true,"pseudocode/00454340.c"
"0x004543d0","FUN_004543d0",119,1,"undefined __fastcall FUN_004543d0(float * param_1)",false,false,true,"pseudocode/004543d0.c"
"0x00454450","FUN_00454450",42,1,"bool __fastcall FUN_00454450(int param_1)",false,false,true,"pseudocode/00454450.c"
"0x00454480","FUN_00454480",322,1,"undefined __cdecl FUN_00454480(float * param_1, float * param_2, float * param_3, float param_4, float * param_5, float param_6)",false,false,true,"pseudocode/00454480.c"
"0x004545d0","FUN_004545d0",524,2,"undefined __cdecl FUN_004545d0(float * param_1, float * param_2, float param_3, float param_4, float param_5, float param_6, float param_7, float param_8, float param_9, float param_10)",false,false,true,"pseudocode/004545d0.c"
"0x004547e0","FUN_004547e0",1439,1,"undefined __cdecl FUN_004547e0(float * param_1, float * param_2, float * param_3, float param_4, float param_5, float param_6, float param_7, float param_8, float param_9)",false,false,true,"pseudocode/004547e0.c"
"0x00454d80","FUN_00454d80",343,1,"undefined __cdecl FUN_00454d80(float * param_1, float param_2, float param_3, void * param_4, undefined4 * param_5)",false,false,true,"pseudocode/00454d80.c"
"0x00454ef0","FUN_00454ef0",4154,1,"float10 __cdecl FUN_00454ef0(void * param_1, float param_2, float param_3)",false,false,true,"pseudocode/00454ef0.c"
"0x00455fb0","FUN_00455fb0",46,1,"undefined __cdecl FUN_00455fb0(float param_1, float param_2)",false,false,true,"pseudocode/00455fb0.c"
"0x00455fe0","FUN_00455fe0",68,1,"undefined __cdecl FUN_00455fe0(float param_1, float param_2, float param_3, float param_4)",false,false,true,"pseudocode/00455fe0.c"
"0x00456030","FUN_00456030",32,1,"undefined __cdecl FUN_00456030(float * param_1, float * param_2)",false,false,true,"pseudocode/00456030.c"
"0x00456050","FUN_00456050",40,1,"float10 __cdecl FUN_00456050(float param_1, float param_2)",false,false,true,"pseudocode/00456050.c"
"0x00456080","FUN_00456080",68,1,"float10 __cdecl FUN_00456080(float param_1, float param_2, float param_3, float param_4)",false,false,true,"pseudocode/00456080.c"
"0x004560d0","FUN_004560d0",88,1,"float10 __cdecl FUN_004560d0(float * param_1, float * param_2)",false,false,true,"pseudocode/004560d0.c"
"0x00456130","FUN_00456130",50,1,"float10 __cdecl FUN_00456130(float * param_1)",false,false,true,"pseudocode/00456130.c"
"0x00456170","FUN_00456170",156,1,"bool __cdecl FUN_00456170(float * param_1, float * param_2, float param_3, float param_4, float param_5, float param_6)",false,false,true,"pseudocode/00456170.c"
"0x00456210","FUN_00456210",40,1,"undefined __cdecl FUN_00456210(float * param_1)",false,false,true,"pseudocode/00456210.c"
"0x00456240","FUN_00456240",34,1,"undefined __fastcall FUN_00456240(int param_1)",false,false,true,"pseudocode/00456240.c"
"0x00456270","FUN_00456270",71,1,"char __cdecl FUN_00456270(char * param_1, int param_2)",false,false,true,"pseudocode/00456270.c"
"0x004562c0","FUN_004562c0",17,1,"int __fastcall FUN_004562c0(int param_1)",false,false,true,"pseudocode/004562c0.c"
"0x004562e0","FUN_004562e0",932,1,"undefined __cdecl FUN_004562e0(float param_1, float param_2, float param_3, float param_4, float param_5, float param_6, float param_7, float param_8)",false,false,true,"pseudocode/004562e0.c"
"0x00456690","FUN_00456690",313,1,"undefined __cdecl FUN_00456690(float param_1, float param_2, float param_3, float param_4, float param_5, undefined4 param_6, float param_7, int param_8)",false,false,true,"pseudocode/00456690.c"
"0x004567d0","FUN_004567d0",324,1,"undefined __cdecl FUN_004567d0(float param_1, float param_2, float param_3, float param_4, float param_5, undefined4 param_6, undefined4 param_7, float param_8, int param_9)",false,false,true,"pseudocode/004567d0.c"
"0x00456920","FUN_00456920",533,1,"undefined1 __cdecl FUN_00456920(float param_1, float param_2, float param_3, float param_4, float param_5, float param_6, float param_7, float param_8)",false,false,true,"pseudocode/00456920.c"
"0x00456b40","FUN_00456b40",517,1,"undefined __cdecl FUN_00456b40(float param_1, float param_2, float param_3, float param_4, undefined4 param_5, undefined4 param_6, undefined4 param_7, float param_8, int param_9)",false,false,true,"pseudocode/00456b40.c"
"0x00456d50","FUN_00456d50",651,1,"undefined __cdecl FUN_00456d50(float param_1, float param_2, float param_3, float param_4, undefined4 param_5, undefined4 param_6, undefined4 param_7, undefined4 param_8, float param_9, int param_10)",false,false,true,"pseudocode/00456d50.c"
"0x00456fe0","FUN_00456fe0",95,1,"bool __cdecl FUN_00456fe0(float param_1, float param_2, float param_3, float param_4, float param_5)",false,false,true,"pseudocode/00456fe0.c"
"0x00457040","FUN_00457040",173,1,"undefined __cdecl FUN_00457040(float param_1, float param_2, float param_3, float param_4, undefined4 param_5, undefined4 param_6, float param_7)",false,false,true,"pseudocode/00457040.c"
"0x004570f0","FUN_004570f0",517,1,"undefined __cdecl FUN_004570f0(float param_1, float param_2, float param_3, float param_4, undefined4 param_5, float param_6, int param_7)",false,false,true,"pseudocode/004570f0.c"
"0x00457300","FUN_00457300",122,1,"undefined1 __cdecl FUN_00457300(float param_1, float param_2, float param_3, float param_4, float param_5, float param_6)",false,false,true,"pseudocode/00457300.c"
"0x00457380","FUN_00457380",651,1,"undefined __cdecl FUN_00457380(float param_1, float param_2, float param_3, float param_4, undefined4 param_5, undefined4 param_6, float param_7, int param_8)",false,false,true,"pseudocode/00457380.c"
"0x00457610","FUN_00457610",669,1,"undefined __cdecl FUN_00457610(float param_1, float param_2, float param_3, float param_4, float param_5, float param_6, float param_7, float param_8)",false,false,true,"pseudocode/00457610.c"
"0x004578b0","FUN_004578b0",849,1,"undefined __cdecl FUN_004578b0(float param_1, float param_2, float param_3, float param_4, float param_5, float param_6, float param_7, float param_8, float param_9, float param_10)",false,false,true,"pseudocode/004578b0.c"
"0x00457c10","FUN_00457c10",1195,1,"undefined __cdecl FUN_00457c10(float param_1, float param_2, float param_3, float param_4, float param_5, float param_6, float param_7, undefined4 param_8, float param_9, int param_10)",false,false,true,"pseudocode/00457c10.c"
"0x004580c0","FUN_004580c0",1452,1,"undefined __cdecl FUN_004580c0(float param_1, float param_2, float param_3, float param_4, float param_5, float param_6, float param_7, float param_8, float param_9, float param_10)",false,false,true,"pseudocode/004580c0.c"
"0x00458670","FUN_00458670",1250,1,"undefined __cdecl FUN_00458670(float param_1, float param_2, float param_3, float param_4, float param_5, float param_6, float param_7, undefined4 param_8, undefined4 param_9, float param_10, int param_11)",false,false,true,"pseudocode/00458670.c"
"0x00458b60","FUN_00458b60",804,1,"undefined __cdecl FUN_00458b60(float param_1, float param_2, float param_3, float param_4, float param_5, float * param_6)",false,false,true,"pseudocode/00458b60.c"
"0x00458e90","FUN_00458e90",222,1,"undefined __cdecl FUN_00458e90(float param_1, float param_2, float param_3, undefined4 param_4, float param_5, float param_6, float param_7)",false,false,true,"pseudocode/00458e90.c"
"0x00458f70","FUN_00458f70",46,1,"bool __fastcall FUN_00458f70(int param_1)",false,false,true,"pseudocode/00458f70.c"
"0x00458fa0","FUN_00458fa0",137,1,"undefined __thiscall FUN_00458fa0(float * param_1, float * param_2, float param_3)",false,false,true,"pseudocode/00458fa0.c"
"0x00459030","FUN_00459030",172,1,"undefined __thiscall FUN_00459030(float * param_1, float * param_2, float param_3, int param_4)",false,false,true,"pseudocode/00459030.c"
"0x004590e0","FUN_004590e0",172,1,"undefined __thiscall FUN_004590e0(float * param_1, float * param_2, float param_3, int param_4)",false,false,true,"pseudocode/004590e0.c"
"0x00459190","FUN_00459190",89,1,"undefined __thiscall FUN_00459190(float * param_1, float param_2, float param_3, float param_4)",false,false,true,"pseudocode/00459190.c"
"0x004591f0","FUN_004591f0",26,1,"undefined __thiscall FUN_004591f0(undefined4 param_1)",false,false,true,"pseudocode/004591f0.c"
"0x00459210","FUN_00459210",46,1,"undefined8 __cdecl FUN_00459210(char * param_1, char * param_2, uint param_3, uint param_4)",false,false,true,"pseudocode/00459210.c"
"0x00459240","FUN_00459240",50,1,"undefined8 __cdecl FUN_00459240(char * param_1, char * param_2, int param_3, int param_4, uint param_5)",false,false,true,"pseudocode/00459240.c"
"0x00459280","FUN_00459280",48,1,"float10 __cdecl FUN_00459280(float param_1, float param_2)",false,false,true,"pseudocode/00459280.c"
"0x004592b0","FUN_004592b0",35,1,"float10 __cdecl FUN_004592b0(float param_1)",false,false,true,"pseudocode/004592b0.c"
"0x004592e0","FUN_004592e0",97,1,"undefined __stdcall FUN_004592e0(void * param_1)",false,false,true,"pseudocode/004592e0.c"
"0x00459350","FUN_00459350",158,1,"undefined __stdcall FUN_00459350(undefined4 param_1, uint param_2)",false,false,true,"pseudocode/00459350.c"
"0x004593f0","FUN_004593f0",219,1,"undefined4 * __stdcall FUN_004593f0(void)",false,false,true,"pseudocode/004593f0.c"
"0x004594d0","FUN_004594d0",73,1,"undefined4 * __stdcall FUN_004594d0(void)",false,false,true,"pseudocode/004594d0.c"
"0x00459520","FUN_00459520",16,1,"undefined __cdecl FUN_00459520(void * param_1)",false,false,true,"pseudocode/00459520.c"
"0x00459530","FUN_00459530",255,1,"undefined4 * __thiscall FUN_00459530(int param_1, undefined4 param_2, uint param_3, undefined4 param_4)",false,false,true,"pseudocode/00459530.c"
"0x00459630","FUN_00459630",150,1,"undefined4 * __thiscall FUN_00459630(undefined4 param_1, undefined4 param_2, undefined4 param_3, undefined4 param_4)",false,false,true,"pseudocode/00459630.c"
"0x004596d0","FUN_004596d0",214,1,"undefined4 * __fastcall FUN_004596d0(undefined4 * param_1)",false,false,true,"pseudocode/004596d0.c"
"0x004597b0","FUN_004597b0",232,1,"undefined __fastcall FUN_004597b0(undefined4 * param_1)",false,false,true,"pseudocode/004597b0.c"
"0x004598a0","FUN_004598a0",88,1,"undefined __fastcall FUN_004598a0(int * param_1)",false,false,true,"pseudocode/004598a0.c"
"0x00459900","FUN_00459900",29,1,"undefined __fastcall FUN_00459900(undefined4 * param_1)",false,false,true,"pseudocode/00459900.c"
"0x00459920","FUN_00459920",62,1,"undefined __fastcall FUN_00459920(char * * param_1)",false,false,true,"pseudocode/00459920.c"
"0x00459970","`scalar_deleting_destructor'",49,1,"void * __thiscall `scalar_deleting_destructor'(uint param_1)",false,false,true,"pseudocode/00459970.c"
"0x004599b0","`scalar_deleting_destructor'",49,1,"void * __thiscall `scalar_deleting_destructor'(uint param_1)",false,false,true,"pseudocode/004599b0.c"
"0x004599f0","FUN_004599f0",49,1,"char * * __thiscall FUN_004599f0(uint param_1)",false,false,true,"pseudocode/004599f0.c"
"0x00459a30","FUN_00459a30",64,1,"undefined4 __fastcall FUN_00459a30(char * * param_1)",false,false,true,"pseudocode/00459a30.c"
"0x00459a70","FUN_00459a70",757,1,"undefined __thiscall FUN_00459a70(int * param_1, char * * param_2, uint param_3, undefined4 param_4, undefined4 param_5, undefined4 param_6, undefined4 param_7, uint param_8, int param_9, char * param_10, char * param_11)",false,false,true,"pseudocode/00459a70.c"
"0x00459d70","FUN_00459d70",735,1,"undefined __thiscall FUN_00459d70(int * param_1, undefined4 param_2, undefined4 param_3, undefined4 param_4, uint param_5, undefined4 param_6, undefined4 param_7, undefined4 param_8, undefined4 param_9, uint param_10, int param_11, char * param_12)",false,false,true,"pseudocode/00459d70.c"
"0x0045a050","FUN_0045a050",102,1,"undefined4 __fastcall FUN_0045a050(void * param_1)",false,false,true,"pseudocode/0045a050.c"
"0x0045a0c0","FUN_0045a0c0",102,1,"undefined4 __fastcall FUN_0045a0c0(void * param_1)",false,false,true,"pseudocode/0045a0c0.c"
"0x0045a130","FUN_0045a130",103,1,"undefined4 __fastcall FUN_0045a130(void * param_1)",false,false,true,"pseudocode/0045a130.c"
"0x0045a1a0","FUN_0045a1a0",145,1,"undefined4 __fastcall FUN_0045a1a0(void * param_1)",false,false,true,"pseudocode/0045a1a0.c"
"0x0045a240","FUN_0045a240",540,1,"undefined __thiscall FUN_0045a240(int * param_1, int param_2, uint param_3)",false,false,true,"pseudocode/0045a240.c"
"0x0045a460","FUN_0045a460",53,1,"undefined4 __thiscall FUN_0045a460(uint param_1)",false,false,true,"pseudocode/0045a460.c"
"0x0045a4a0","FUN_0045a4a0",220,2,"undefined __fastcall FUN_0045a4a0(int param_1)",false,false,true,"pseudocode/0045a4a0.c"
"0x0045a580","FUN_0045a580",1310,1,"undefined __thiscall FUN_0045a580(int param_1)",false,false,true,"pseudocode/0045a580.c"
"0x0045aaa0","FUN_0045aaa0",149,1,"int __thiscall FUN_0045aaa0(undefined4 param_1, undefined4 param_2, short param_3, int param_4, ushort param_5)",false,false,true,"pseudocode/0045aaa0.c"
"0x0045ab40","FUN_0045ab40",327,1,"undefined __thiscall FUN_0045ab40(char * * param_1, char * param_2, char * param_3)",false,false,true,"pseudocode/0045ab40.c"
"0x0045ac90","FUN_0045ac90",92,1,"undefined4 __thiscall FUN_0045ac90(undefined4 param_1, undefined4 param_2, undefined4 param_3, int param_4)",false,false,true,"pseudocode/0045ac90.c"
"0x0045acf0","FUN_0045acf0",210,1,"undefined4 __fastcall FUN_0045acf0(int param_1)",false,false,true,"pseudocode/0045acf0.c"
"0x0045add0","FUN_0045add0",319,1,"undefined __thiscall FUN_0045add0(undefined4 param_1, undefined4 param_2, uint param_3)",false,false,true,"pseudocode/0045add0.c"
"0x0045af10","FUN_0045af10",40,1,"undefined __thiscall FUN_0045af10(char * * param_1, uint param_2)",false,false,true,"pseudocode/0045af10.c"
"0x0045af40","FUN_0045af40",172,1,"undefined4 __thiscall FUN_0045af40(char * * param_1, uint param_2)",false,false,true,"pseudocode/0045af40.c"
"0x0045aff0","FUN_0045aff0",345,2,"undefined __thiscall FUN_0045aff0(uint * param_1, uint param_2, uint * param_3)",false,false,true,"pseudocode/0045aff0.c"
"0x0045b150","FUN_0045b150",701,1,"undefined __thiscall FUN_0045b150(int param_1)",false,false,true,"pseudocode/0045b150.c"
"0x0045b410","FUN_0045b410",120,1,"uint __fastcall FUN_0045b410(int param_1)",false,false,true,"pseudocode/0045b410.c"
"0x0045b490","FUN_0045b490",349,1,"undefined __thiscall FUN_0045b490(uint param_1)",false,false,true,"pseudocode/0045b490.c"
"0x0045b5f0","FUN_0045b5f0",396,1,"undefined4 __thiscall FUN_0045b5f0(char param_1, uint param_2)",false,false,true,"pseudocode/0045b5f0.c"
"0x0045b780","FUN_0045b780",192,2,"undefined __thiscall FUN_0045b780(int * param_1, undefined4 * param_2)",false,false,true,"pseudocode/0045b780.c"
"0x0045b850","FUN_0045b850",349,1,"undefined __thiscall FUN_0045b850(short param_1, int param_2, ushort param_3)",false,false,true,"pseudocode/0045b850.c"
"0x0045b9b0","FUN_0045b9b0",239,2,"undefined __thiscall FUN_0045b9b0(int param_1)",false,false,true,"pseudocode/0045b9b0.c"
"0x0045bab0","FUN_0045bab0",71,1,"undefined4 __thiscall FUN_0045bab0(undefined4 param_1)",false,false,true,"pseudocode/0045bab0.c"
"0x0045bb00","FUN_0045bb00",211,1,"uint __thiscall FUN_0045bb00(int param_1)",false,false,true,"pseudocode/0045bb00.c"
"0x0045bbe0","FUN_0045bbe0",211,1,"undefined4 __fastcall FUN_0045bbe0(void * param_1)",false,false,true,"pseudocode/0045bbe0.c"
"0x0045bcc0","FUN_0045bcc0",33,1,"undefined __fastcall FUN_0045bcc0(int param_1)",false,false,true,"pseudocode/0045bcc0.c"
"0x0045bcf0","FUN_0045bcf0",20,1,"undefined4 __fastcall FUN_0045bcf0(int param_1)",false,false,true,"pseudocode/0045bcf0.c"
"0x0045bd10","FUN_0045bd10",409,1,"float10 __fastcall FUN_0045bd10(int param_1)",false,false,true,"pseudocode/0045bd10.c"
"0x0045beb0","FUN_0045beb0",475,1,"undefined __thiscall FUN_0045beb0(double param_1)",false,false,true,"pseudocode/0045beb0.c"
"0x0045c090","FUN_0045c090",156,1,"undefined4 * __stdcall FUN_0045c090(void)",false,false,true,"pseudocode/0045c090.c"
"0x0045c130","FUN_0045c130",78,1,"undefined4 __fastcall FUN_0045c130(undefined4 param_1)",false,false,true,"pseudocode/0045c130.c"
"0x0045c190","FUN_0045c190",78,1,"undefined4 __fastcall FUN_0045c190(undefined4 param_1)",false,false,true,"pseudocode/0045c190.c"
"0x0045c1f0","FUN_0045c1f0",172,1,"undefined4 * __thiscall FUN_0045c1f0(void * param_1)",false,false,true,"pseudocode/0045c1f0.c"
"0x0045c2a0","FUN_0045c2a0",20,1,"undefined __fastcall FUN_0045c2a0(undefined4 * param_1)",false,false,true,"pseudocode/0045c2a0.c"
"0x0045c2c0","FUN_0045c2c0",20,1,"int __thiscall FUN_0045c2c0(int param_1)",false,false,true,"pseudocode/0045c2c0.c"
"0x0045c2e0","FUN_0045c2e0",23,1,"int __thiscall FUN_0045c2e0(int param_1)",false,false,true,"pseudocode/0045c2e0.c"
"0x0045c300","FUN_0045c300",26,1,"undefined __thiscall FUN_0045c300(int param_1)",false,false,true,"pseudocode/0045c300.c"
"0x0045c320","FUN_0045c320",49,1,"undefined4 * __thiscall FUN_0045c320(uint param_1)",false,false,true,"pseudocode/0045c320.c"
"0x0045ceb0","FUN_0045ceb0",92,1,"undefined4 __fastcall FUN_0045ceb0(int param_1)",false,false,true,"pseudocode/0045ceb0.c"
"0x0045cf10","FUN_0045cf10",202,1,"undefined __cdecl FUN_0045cf10(float * param_1, float * param_2)",false,false,true,"pseudocode/0045cf10.c"
"0x0045cfe0","FUN_0045cfe0",31,1,"undefined4 __fastcall FUN_0045cfe0(int param_1)",false,false,true,"pseudocode/0045cfe0.c"
"0x0045d000","FUN_0045d000",47,1,"undefined __stdcall FUN_0045d000(void)",false,false,true,"pseudocode/0045d000.c"
"0x0045d030","FUN_0045d030",45,1,"bool __fastcall FUN_0045d030(int * param_1)",false,false,true,"pseudocode/0045d030.c"
"0x0045d060","FUN_0045d060",51,1,"undefined4 __thiscall FUN_0045d060(int param_1)",false,false,true,"pseudocode/0045d060.c"
"0x0045d0a0","FUN_0045d0a0",25,1,"undefined __fastcall FUN_0045d0a0(int param_1)",false,false,true,"pseudocode/0045d0a0.c"
"0x0045d0c0","FUN_0045d0c0",19,1,"int __fastcall FUN_0045d0c0(int param_1)",false,false,true,"pseudocode/0045d0c0.c"
"0x0045d0e0","FUN_0045d0e0",19,1,"int __fastcall FUN_0045d0e0(int param_1)",false,false,true,"pseudocode/0045d0e0.c"
"0x0045d100","FUN_0045d100",38,1,"undefined4 __thiscall FUN_0045d100(int param_1)",false,false,true,"pseudocode/0045d100.c"
"0x0045d130","FUN_0045d130",29,1,"undefined __thiscall FUN_0045d130(undefined4 param_1)",false,false,true,"pseudocode/0045d130.c"
"0x0045d150","FUN_0045d150",57,1,"undefined __thiscall FUN_0045d150(undefined4 param_1, undefined4 * param_2, undefined4 * param_3, undefined4 * param_4, undefined4 * param_5)",false,false,true,"pseudocode/0045d150.c"
"0x0045d190","FUN_0045d190",124,1,"undefined __thiscall FUN_0045d190(undefined4 param_1, undefined4 param_2, undefined4 * param_3, undefined4 * param_4, undefined4 * param_5, undefined4 * param_6)",false,false,true,"pseudocode/0045d190.c"
"0x0045d210","FUN_0045d210",83,1,"undefined4 * __stdcall FUN_0045d210(undefined4 * param_1, uint * param_2, int param_3, float * param_4, undefined4 param_5, int param_6)",false,false,true,"pseudocode/0045d210.c"
"0x0045d270","FUN_0045d270",80,1,"undefined __cdecl FUN_0045d270(uint * param_1)",false,false,true,"pseudocode/0045d270.c"
"0x0045d2c0","FUN_0045d2c0",156,1,"undefined4 * __stdcall FUN_0045d2c0(void)",false,false,true,"pseudocode/0045d2c0.c"
"0x0045d360","FUN_0045d360",202,1,"undefined __cdecl FUN_0045d360(undefined4 param_1, int param_2, uint * param_3)",false,false,true,"pseudocode/0045d360.c"
"0x0045d430","FUN_0045d430",123,1,"undefined __cdecl FUN_0045d430(undefined4 param_1, int param_2, undefined4 * param_3)",false,false,true,"pseudocode/0045d430.c"
"0x0045d4b0","FUN_0045d4b0",75,1,"undefined4 __fastcall FUN_0045d4b0(undefined4 param_1)",false,false,true,"pseudocode/0045d4b0.c"
"0x0045d500","FUN_0045d500",75,1,"undefined4 __fastcall FUN_0045d500(undefined4 param_1)",false,false,true,"pseudocode/0045d500.c"
"0x0045d550","FUN_0045d550",78,1,"undefined4 __fastcall FUN_0045d550(undefined4 param_1)",false,false,true,"pseudocode/0045d550.c"
"0x0045d5b0","FUN_0045d5b0",89,1,"undefined4 * __thiscall FUN_0045d5b0(void * param_1)",false,false,true,"pseudocode/0045d5b0.c"
"0x0045d610","FUN_0045d610",60,1,"int __fastcall FUN_0045d610(int param_1)",false,false,true,"pseudocode/0045d610.c"
"0x0045d650","FUN_0045d650",24,1,"undefined4 __thiscall FUN_0045d650(undefined4 param_1)",false,false,true,"pseudocode/0045d650.c"
"0x0045d670","FUN_0045d670",22,1,"int __thiscall FUN_0045d670(int param_1)",false,false,true,"pseudocode/0045d670.c"
"0x0045d690","FUN_0045d690",23,1,"int __thiscall FUN_0045d690(int param_1)",false,false,true,"pseudocode/0045d690.c"
"0x0045d6b0","FUN_0045d6b0",49,1,"undefined4 * __thiscall FUN_0045d6b0(uint param_1)",false,false,true,"pseudocode/0045d6b0.c"
"0x0045d6f0","FUN_0045d6f0",140,1,"undefined4 __fastcall FUN_0045d6f0(int param_1)",false,false,true,"pseudocode/0045d6f0.c"
"0x0045d780","FUN_0045d780",697,1,"undefined __thiscall FUN_0045d780(float param_1)",false,false,true,"pseudocode/0045d780.c"
"0x0045da40","FUN_0045da40",156,1,"undefined __fastcall FUN_0045da40(int param_1)",false,false,true,"pseudocode/0045da40.c"
"0x0045dae0","FUN_0045dae0",76,1,"undefined __thiscall FUN_0045dae0(float * param_1)",false,false,true,"pseudocode/0045dae0.c"
"0x0045db30","FUN_0045db30",182,1,"undefined4 __thiscall FUN_0045db30(undefined4 * param_1, undefined4 param_2)",false,false,true,"pseudocode/0045db30.c"
"0x0045dbf0","FUN_0045dbf0",123,1,"undefined __thiscall FUN_0045dbf0(undefined4 param_1)",false,false,true,"pseudocode/0045dbf0.c"
"0x0045dc70","FUN_0045dc70",47,1,"undefined __cdecl FUN_0045dc70(undefined4 param_1, undefined4 * param_2, undefined4 param_3)",false,false,true,"pseudocode/0045dc70.c"
"0x0045dca0","FUN_0045dca0",19,1,"int __fastcall FUN_0045dca0(int param_1)",false,false,true,"pseudocode/0045dca0.c"
"0x0045dcc0","FUN_0045dcc0",19,1,"int __fastcall FUN_0045dcc0(int param_1)",false,false,true,"pseudocode/0045dcc0.c"
"0x0045dce0","FUN_0045dce0",19,1,"int __fastcall FUN_0045dce0(int param_1)",false,false,true,"pseudocode/0045dce0.c"
"0x0045dd00","FUN_0045dd00",31,1,"undefined __thiscall FUN_0045dd00(uint * param_1)",false,false,true,"pseudocode/0045dd00.c"
"0x0045dd20","FUN_0045dd20",31,1,"undefined __thiscall FUN_0045dd20(undefined4 * param_1)",false,false,true,"pseudocode/0045dd20.c"
"0x0045dd40","FUN_0045dd40",25,1,"undefined __thiscall FUN_0045dd40(undefined1 param_1)",false,false,true,"pseudocode/0045dd40.c"
"0x0045dd60","FUN_0045dd60",40,1,"undefined __thiscall FUN_0045dd60(undefined4 * param_1)",false,false,true,"pseudocode/0045dd60.c"
"0x0045dd90","FUN_0045dd90",156,1,"undefined4 * __stdcall FUN_0045dd90(void)",false,false,true,"pseudocode/0045dd90.c"
"0x0045de30","FUN_0045de30",75,1,"undefined4 __fastcall FUN_0045de30(undefined4 param_1)",false,false,true,"pseudocode/0045de30.c"
"0x0045de80","FUN_0045de80",75,1,"undefined4 __fastcall FUN_0045de80(undefined4 param_1)",false,false,true,"pseudocode/0045de80.c"
"0x0045ded0","FUN_0045ded0",103,1,"undefined4 * __thiscall FUN_0045ded0(void * param_1)",false,false,true,"pseudocode/0045ded0.c"
"0x0045df40","FUN_0045df40",49,1,"undefined4 * __thiscall FUN_0045df40(uint param_1)",false,false,true,"pseudocode/0045df40.c"
"0x0045df80","FUN_0045df80",520,1,"undefined4 __fastcall FUN_0045df80(int param_1)",false,false,true,"pseudocode/0045df80.c"
"0x0045e190","FUN_0045e190",165,1,"undefined __fastcall FUN_0045e190(int param_1)",false,false,true,"pseudocode/0045e190.c"
"0x0045e240","FUN_0045e240",340,1,"undefined4 __thiscall FUN_0045e240(undefined4 * param_1)",false,false,true,"pseudocode/0045e240.c"
"0x0045e3a0","FUN_0045e3a0",382,1,"undefined4 __thiscall FUN_0045e3a0(undefined4 * param_1, undefined4 param_2)",false,false,true,"pseudocode/0045e3a0.c"
"0x0045e520","FUN_0045e520",47,1,"undefined __cdecl FUN_0045e520(undefined4 param_1, undefined4 * param_2)",false,false,true,"pseudocode/0045e520.c"
"0x0045e550","FUN_0045e550",49,1,"undefined4 __cdecl FUN_0045e550(undefined4 param_1, undefined4 * param_2, undefined4 param_3)",false,false,true,"pseudocode/0045e550.c"
"0x0045e590","FUN_0045e590",21,1,"undefined __fastcall FUN_0045e590(int param_1)",false,false,true,"pseudocode/0045e590.c"
"0x0045e5b0","FUN_0045e5b0",21,1,"undefined __fastcall FUN_0045e5b0(int param_1)",false,false,true,"pseudocode/0045e5b0.c"
"0x0045e5d0","FUN_0045e5d0",156,1,"undefined4 * __stdcall FUN_0045e5d0(void)",false,false,true,"pseudocode/0045e5d0.c"
"0x0045e670","FUN_0045e670",78,1,"undefined4 __fastcall FUN_0045e670(undefined4 param_1)",false,false,true,"pseudocode/0045e670.c"
"0x0045e6d0","FUN_0045e6d0",89,1,"undefined4 * __thiscall FUN_0045e6d0(void * param_1)",false,false,true,"pseudocode/0045e6d0.c"
"0x0045e730","FUN_0045e730",49,1,"undefined4 * __thiscall FUN_0045e730(uint param_1)",false,false,true,"pseudocode/0045e730.c"
"0x0045e770","FUN_0045e770",140,1,"undefined4 __fastcall FUN_0045e770(int param_1)",false,false,true,"pseudocode/0045e770.c"
"0x0045e800","FUN_0045e800",538,1,"undefined __thiscall FUN_0045e800(float param_1)",false,false,true,"pseudocode/0045e800.c"
"0x0045ea20","FUN_0045ea20",156,1,"undefined __fastcall FUN_0045ea20(int param_1)",false,false,true,"pseudocode/0045ea20.c"
"0x0045eac0","FUN_0045eac0",76,1,"undefined __thiscall FUN_0045eac0(float * param_1)",false,false,true,"pseudocode/0045eac0.c"
"0x0045eb10","FUN_0045eb10",252,1,"undefined4 __thiscall FUN_0045eb10(undefined4 * param_1, undefined4 param_2)",false,false,true,"pseudocode/0045eb10.c"
"0x0045ec10","FUN_0045ec10",88,1,"undefined __thiscall FUN_0045ec10(undefined4 param_1)",false,false,true,"pseudocode/0045ec10.c"
"0x0045ec70","FUN_0045ec70",47,1,"undefined __cdecl FUN_0045ec70(undefined4 param_1, undefined4 * param_2, undefined4 param_3)",false,false,true,"pseudocode/0045ec70.c"
"0x0045eca0","FUN_0045eca0",19,1,"int __fastcall FUN_0045eca0(int param_1)",false,false,true,"pseudocode/0045eca0.c"
"0x0045ecc0","FUN_0045ecc0",42,1,"undefined4 * __thiscall FUN_0045ecc0(undefined4 param_1)",false,false,true,"pseudocode/0045ecc0.c"
"0x0045ecf0","FUN_0045ecf0",99,1,"void * __thiscall FUN_0045ecf0(undefined4 param_1)",false,false,true,"pseudocode/0045ecf0.c"
"0x0045ed60","FUN_0045ed60",46,1,"void * __thiscall FUN_0045ed60(undefined4 param_1)",false,false,true,"pseudocode/0045ed60.c"
"0x0045ed90","FUN_0045ed90",90,1,"void * __thiscall FUN_0045ed90(void * param_1, undefined4 param_2)",false,false,true,"pseudocode/0045ed90.c"
"0x0045edf0","FUN_0045edf0",30,1,"void * __cdecl FUN_0045edf0(void * param_1, void * param_2)",false,false,true,"pseudocode/0045edf0.c"
"0x0045ee10","FUN_0045ee10",30,1,"void * __cdecl FUN_0045ee10(void * param_1, void * param_2)",false,false,true,"pseudocode/0045ee10.c"
"0x0045ee30","FUN_0045ee30",23,1,"undefined __stdcall FUN_0045ee30(void)",false,false,true,"pseudocode/0045ee30.c"
"0x0045ee50","FUN_0045ee50",61,1,"void * __cdecl FUN_0045ee50(void * param_1, undefined4 param_2, undefined4 param_3)",false,false,true,"pseudocode/0045ee50.c"
"0x0045ee90","FUN_0045ee90",30,1,"void * __cdecl FUN_0045ee90(void * param_1, void * param_2)",false,false,true,"pseudocode/0045ee90.c"
"0x0045eeb0","FUN_0045eeb0",30,1,"void * __cdecl FUN_0045eeb0(void * param_1, void * param_2)",false,false,true,"pseudocode/0045eeb0.c"
"0x0045eed0","FUN_0045eed0",23,1,"undefined __stdcall FUN_0045eed0(void)",false,false,true,"pseudocode/0045eed0.c"
"0x0045eef0","FUN_0045eef0",30,1,"void * __cdecl FUN_0045eef0(void * param_1, void * param_2)",false,false,true,"pseudocode/0045eef0.c"
"0x0045ef10","FUN_0045ef10",30,1,"void * __cdecl FUN_0045ef10(void * param_1, void * param_2)",false,false,true,"pseudocode/0045ef10.c"
"0x0045ef30","FUN_0045ef30",23,1,"undefined __stdcall FUN_0045ef30(void)",false,false,true,"pseudocode/0045ef30.c"
"0x0045ef50","FUN_0045ef50",17,1,"undefined __stdcall FUN_0045ef50(void)",false,false,true,"pseudocode/0045ef50.c"
"0x0045ef70","FUN_0045ef70",30,1,"void * __cdecl FUN_0045ef70(void * param_1, void * param_2)",false,false,true,"pseudocode/0045ef70.c"
"0x0045ef90","FUN_0045ef90",30,1,"void * __cdecl FUN_0045ef90(void * param_1, void * param_2)",false,false,true,"pseudocode/0045ef90.c"
"0x0045efb0","FUN_0045efb0",23,1,"undefined __stdcall FUN_0045efb0(void)",false,false,true,"pseudocode/0045efb0.c"
"0x0045efd0","FUN_0045efd0",17,1,"undefined __stdcall FUN_0045efd0(void)",false,false,true,"pseudocode/0045efd0.c"
"0x0045eff0","FUN_0045eff0",29,1,"void * __cdecl FUN_0045eff0(void * param_1, undefined4 param_2)",false,false,true,"pseudocode/0045eff0.c"
"0x0045f010","make_pair<>",59,1,"void * __cdecl make_pair<>(void * param_1, undefined4 param_2, undefined4 param_3)",false,false,true,"pseudocode/0045f010.c"
"0x0045f050","FUN_0045f050",79,1,"void * __cdecl FUN_0045f050(void * param_1, undefined4 param_2, undefined4 param_3)",false,false,true,"pseudocode/0045f050.c"
"0x0045f0a0","FUN_0045f0a0",156,1,"undefined4 * __stdcall FUN_0045f0a0(void)",false,false,true,"pseudocode/0045f0a0.c"
"0x0045f140","_Min_value<int>",45,1,"int * __cdecl _Min_value<int>(int * param_1, int * param_2)",false,false,true,"pseudocode/0045f140.c"
"0x0045f170","FUN_0045f170",30,1,"int * __thiscall FUN_0045f170(int param_1, int param_2)",false,false,true,"pseudocode/0045f170.c"
"0x0045f190","FUN_0045f190",30,1,"int * __thiscall FUN_0045f190(int param_1, int param_2)",false,false,true,"pseudocode/0045f190.c"
"0x0045f1b0","FUN_0045f1b0",33,1,"void * __thiscall FUN_0045f1b0(int param_1, int param_2)",false,false,true,"pseudocode/0045f1b0.c"
"0x0045f1e0","FUN_0045f1e0",33,1,"void * __thiscall FUN_0045f1e0(int param_1, int param_2)",false,false,true,"pseudocode/0045f1e0.c"
"0x0045f210","FUN_0045f210",75,1,"undefined4 __fastcall FUN_0045f210(undefined4 param_1)",false,false,true,"pseudocode/0045f210.c"
"0x0045f260","FUN_0045f260",75,1,"undefined4 __fastcall FUN_0045f260(undefined4 param_1)",false,false,true,"pseudocode/0045f260.c"
"0x0045f2b0","FUN_0045f2b0",78,1,"undefined4 __fastcall FUN_0045f2b0(undefined4 param_1)",false,false,true,"pseudocode/0045f2b0.c"
"0x0045f310","FUN_0045f310",44,1,"undefined4 * __thiscall FUN_0045f310(undefined4 param_1, undefined4 param_2)",false,false,true,"pseudocode/0045f310.c"
"0x0045f340","FUN_0045f340",113,1,"undefined4 * __thiscall FUN_0045f340(void * param_1)",false,false,true,"pseudocode/0045f340.c"
"0x0045f3c0","FUN_0045f3c0",60,1,"int __fastcall FUN_0045f3c0(int param_1)",false,false,true,"pseudocode/0045f3c0.c"
"0x0045f400","FUN_0045f400",23,1,"int __thiscall FUN_0045f400(int param_1)",false,false,true,"pseudocode/0045f400.c"
"0x0045f420","FUN_0045f420",19,1,"undefined __fastcall FUN_0045f420(undefined4 * param_1)",false,false,true,"pseudocode/0045f420.c"
"0x0045f440","FUN_0045f440",27,1,"int * __fastcall FUN_0045f440(int * param_1)",false,false,true,"pseudocode/0045f440.c"
"0x0045f460","FUN_0045f460",27,1,"int * __fastcall FUN_0045f460(int * param_1)",false,false,true,"pseudocode/0045f460.c"
"0x0045f480","FUN_0045f480",22,1,"int * __fastcall FUN_0045f480(int * param_1)",false,false,true,"pseudocode/0045f480.c"
"0x0045f4a0","FUN_0045f4a0",22,1,"int * __fastcall FUN_0045f4a0(int * param_1)",false,false,true,"pseudocode/0045f4a0.c"
"0x0045f4c0","FUN_0045f4c0",48,1,"undefined4 * __thiscall FUN_0045f4c0(undefined4 * param_1, int param_2)",false,false,true,"pseudocode/0045f4c0.c"
"0x0045f4f0","FUN_0045f4f0",48,1,"undefined4 * __thiscall FUN_0045f4f0(undefined4 * param_1, int param_2)",false,false,true,"pseudocode/0045f4f0.c"
"0x0045f520","FUN_0045f520",32,1,"int * __thiscall FUN_0045f520(int param_1)",false,false,true,"pseudocode/0045f520.c"
"0x0045f540","FUN_0045f540",32,1,"int * __thiscall FUN_0045f540(int param_1)",false,false,true,"pseudocode/0045f540.c"
"0x0045f560","FUN_0045f560",28,1,"void * __thiscall FUN_0045f560(int param_1)",false,false,true,"pseudocode/0045f560.c"
"0x0045f580","FUN_0045f580",28,1,"void * __thiscall FUN_0045f580(int param_1)",false,false,true,"pseudocode/0045f580.c"
"0x0045f5a0","FUN_0045f5a0",49,1,"undefined4 * __thiscall FUN_0045f5a0(uint param_1)",false,false,true,"pseudocode/0045f5a0.c"
"0x0045f5e0","FUN_0045f5e0",140,1,"undefined4 __fastcall FUN_0045f5e0(int param_1)",false,false,true,"pseudocode/0045f5e0.c"
"0x0045f670","FUN_0045f670",827,1,"undefined __thiscall FUN_0045f670(float param_1)",false,false,true,"pseudocode/0045f670.c"
"0x0045f9b0","FUN_0045f9b0",233,1,"undefined __fastcall FUN_0045f9b0(int param_1)",false,false,true,"pseudocode/0045f9b0.c"
"0x0045faa0","FUN_0045faa0",104,1,"undefined __thiscall FUN_0045faa0(float * param_1)",false,false,true,"pseudocode/0045faa0.c"
"0x0045fb10","FUN_0045fb10",76,1,"undefined __thiscall FUN_0045fb10(float * param_1)",false,false,true,"pseudocode/0045fb10.c"
"0x0045fb60","FUN_0045fb60",296,1,"undefined4 __thiscall FUN_0045fb60(undefined4 * param_1, undefined4 param_2)",false,false,true,"pseudocode/0045fb60.c"
"0x0045fc90","FUN_0045fc90",120,1,"undefined __thiscall FUN_0045fc90(undefined4 param_1)",false,false,true,"pseudocode/0045fc90.c"
"0x0045fd10","FUN_0045fd10",47,1,"undefined __cdecl FUN_0045fd10(undefined4 param_1, undefined4 * param_2, undefined4 param_3)",false,false,true,"pseudocode/0045fd10.c"
"0x0045fd40","FUN_0045fd40",19,1,"int __fastcall FUN_0045fd40(int param_1)",false,false,true,"pseudocode/0045fd40.c"
"0x0045fd60","begin",30,1,"void * __thiscall begin(void * param_1)",false,false,true,"pseudocode/0045fd60.c"
"0x0045fd80","begin",30,1,"void * __thiscall begin(void * param_1)",false,false,true,"pseudocode/0045fd80.c"
"0x0045fda0","FUN_0045fda0",93,1,"undefined4 * __stdcall FUN_0045fda0(undefined4 * param_1)",false,false,true,"pseudocode/0045fda0.c"
"0x0045fe00","FUN_0045fe00",93,1,"undefined4 * __stdcall FUN_0045fe00(undefined4 * param_1)",false,false,true,"pseudocode/0045fe00.c"
"0x0045fe60","FUN_0045fe60",34,1,"void * __thiscall FUN_0045fe60(void * param_1)",false,false,true,"pseudocode/0045fe60.c"
"0x0045fe90","FUN_0045fe90",34,1,"void * __thiscall FUN_0045fe90(void * param_1)",false,false,true,"pseudocode/0045fe90.c"
"0x0045fec0","FUN_0045fec0",30,1,"void * __thiscall FUN_0045fec0(void * param_1)",false,false,true,"pseudocode/0045fec0.c"
"0x0045fee0","FUN_0045fee0",30,1,"void * __thiscall FUN_0045fee0(void * param_1)",false,false,true,"pseudocode/0045fee0.c"
"0x0045ff00","FUN_0045ff00",32,1,"void * __thiscall FUN_0045ff00(void * param_1)",false,false,true,"pseudocode/0045ff00.c"
"0x0045ff20","FUN_0045ff20",32,1,"void * __thiscall FUN_0045ff20(void * param_1)",false,false,true,"pseudocode/0045ff20.c"
"0x0045ff40","FUN_0045ff40",34,1,"void * __thiscall FUN_0045ff40(void * param_1)",false,false,true,"pseudocode/0045ff40.c"
"0x0045ff70","FUN_0045ff70",34,1,"void * __thiscall FUN_0045ff70(void * param_1)",false,false,true,"pseudocode/0045ff70.c"
"0x0045ffa0","FUN_0045ffa0",31,1,"undefined __thiscall FUN_0045ffa0(uint * param_1)",false,false,true,"pseudocode/0045ffa0.c"
"0x0045ffc0","FUN_0045ffc0",31,1,"undefined __thiscall FUN_0045ffc0(undefined4 * param_1)",false,false,true,"pseudocode/0045ffc0.c"
"0x0045ffe0","FUN_0045ffe0",16,1,"undefined4 __stdcall FUN_0045ffe0(void)",false,false,true,"pseudocode/0045ffe0.c"
"0x0045fff0","FUN_0045fff0",16,1,"undefined4 __stdcall FUN_0045fff0(void)",false,false,true,"pseudocode/0045fff0.c"
"0x00460000","FUN_00460000",25,1,"undefined __stdcall FUN_00460000(void)",false,false,true,"pseudocode/00460000.c"
"0x00460020","FUN_00460020",25,1,"undefined __stdcall FUN_00460020(void)",false,false,true,"pseudocode/00460020.c"
"0x00460040","FUN_00460040",156,1,"undefined4 * __stdcall FUN_00460040(void)",false,false,true,"pseudocode/00460040.c"
"0x004600e0","FUN_004600e0",75,1,"undefined4 __fastcall FUN_004600e0(undefined4 param_1)",false,false,true,"pseudocode/004600e0.c"
"0x00460130","FUN_00460130",75,1,"undefined4 __fastcall FUN_00460130(undefined4 param_1)",false,false,true,"pseudocode/00460130.c"
"0x00460180","FUN_00460180",117,1,"undefined4 * __thiscall FUN_00460180(void * param_1)",false,false,true,"pseudocode/00460180.c"
"0x00460200","FUN_00460200",49,1,"undefined4 * __thiscall FUN_00460200(uint param_1)",false,false,true,"pseudocode/00460200.c"
"0x00460240","FUN_00460240",810,1,"undefined4 __fastcall FUN_00460240(int param_1)",false,false,true,"pseudocode/00460240.c"
"0x00460570","FUN_00460570",165,1,"undefined __fastcall FUN_00460570(int param_1)",false,false,true,"pseudocode/00460570.c"
"0x00460620","FUN_00460620",477,1,"undefined4 __thiscall FUN_00460620(undefined4 * param_1, undefined4 param_2)",false,false,true,"pseudocode/00460620.c"
"0x00460800","FUN_00460800",47,1,"undefined __cdecl FUN_00460800(undefined4 param_1, undefined4 * param_2, undefined4 param_3)",false,false,true,"pseudocode/00460800.c"
"0x00460830","FUN_00460830",26,1,"undefined __cdecl FUN_00460830(int param_1)",false,false,true,"pseudocode/00460830.c"
"0x00460850","FUN_00460850",19,1,"int __fastcall FUN_00460850(int param_1)",false,false,true,"pseudocode/00460850.c"
"0x00460870","FUN_00460870",156,1,"undefined4 * __stdcall FUN_00460870(void)",false,false,true,"pseudocode/00460870.c"
"0x00460910","FUN_00460910",141,1,"undefined4 * __thiscall FUN_00460910(void * param_1)",false,false,true,"pseudocode/00460910.c"
"0x004609a0","FUN_004609a0",49,1,"undefined4 * __thiscall FUN_004609a0(uint param_1)",false,false,true,"pseudocode/004609a0.c"
"0x004609e0","FUN_004609e0",369,1,"undefined4 __fastcall FUN_004609e0(int param_1)",false,false,true,"pseudocode/004609e0.c"
"0x00460b60","FUN_00460b60",964,1,"undefined4 __thiscall FUN_00460b60(undefined4 * param_1, undefined4 param_2)",false,false,true,"pseudocode/00460b60.c"
"0x00460f30","FUN_00460f30",47,1,"undefined __cdecl FUN_00460f30(undefined4 param_1, undefined4 * param_2, undefined4 param_3)",false,false,true,"pseudocode/00460f30.c"
"0x00460f60","FUN_00460f60",150,1,"undefined4 * __stdcall FUN_00460f60(void)",false,false,true,"pseudocode/00460f60.c"
"0x00461000","FUN_00461000",103,1,"undefined4 * __thiscall FUN_00461000(void * param_1)",false,false,true,"pseudocode/00461000.c"
"0x00461070","FUN_00461070",46,1,"bool __thiscall FUN_00461070(int param_1)",false,false,true,"pseudocode/00461070.c"
"0x004610a0","FUN_004610a0",46,1,"undefined4 * __thiscall FUN_004610a0(uint param_1)",false,false,true,"pseudocode/004610a0.c"
"0x004610d0","FUN_004610d0",111,1,"undefined4 __fastcall FUN_004610d0(int param_1)",false,false,true,"pseudocode/004610d0.c"
"0x00461140","FUN_00461140",462,1,"undefined __fastcall FUN_00461140(int param_1)",false,false,true,"pseudocode/00461140.c"
"0x00461310","FUN_00461310",133,1,"undefined4 __thiscall FUN_00461310(undefined4 * param_1)",false,false,true,"pseudocode/00461310.c"
"0x004613a0","FUN_004613a0",47,1,"undefined __cdecl FUN_004613a0(undefined4 param_1, undefined4 * param_2)",false,false,true,"pseudocode/004613a0.c"
"0x004613d0","FUN_004613d0",208,1,"undefined4 __thiscall FUN_004613d0(int param_1)",false,false,true,"pseudocode/004613d0.c"
"0x004614a0","FUN_004614a0",51,1,"undefined __thiscall FUN_004614a0(undefined4 param_1, undefined4 param_2, undefined4 * param_3, undefined4 * param_4)",false,false,true,"pseudocode/004614a0.c"
"0x004614e0","FUN_004614e0",40,1,"undefined __thiscall FUN_004614e0(undefined1 param_1)",false,false,true,"pseudocode/004614e0.c"
"0x00461510","FUN_00461510",18,1,"void * __cdecl FUN_00461510(void * param_1)",false,false,true,"pseudocode/00461510.c"
"0x00461530","FUN_00461530",156,1,"undefined4 * __stdcall FUN_00461530(void)",false,false,true,"pseudocode/00461530.c"
"0x004615d0","FUN_004615d0",18,1,"void * __cdecl FUN_004615d0(void * param_1)",false,false,true,"pseudocode/004615d0.c"
"0x004615f0","FUN_004615f0",75,1,"undefined4 __fastcall FUN_004615f0(undefined4 param_1)",false,false,true,"pseudocode/004615f0.c"
"0x00461640","FUN_00461640",75,1,"undefined4 __fastcall FUN_00461640(undefined4 param_1)",false,false,true,"pseudocode/00461640.c"
"0x00461690","FUN_00461690",75,1,"undefined4 __fastcall FUN_00461690(undefined4 param_1)",false,false,true,"pseudocode/00461690.c"
"0x004616e0","FUN_004616e0",75,1,"undefined4 __fastcall FUN_004616e0(undefined4 param_1)",false,false,true,"pseudocode/004616e0.c"
"0x00461730","FUN_00461730",270,1,"undefined4 * __thiscall FUN_00461730(void * param_1)",false,false,true,"pseudocode/00461730.c"
"0x00461840","FUN_00461840",31,1,"undefined1 * __fastcall FUN_00461840(undefined1 * param_1)",false,false,true,"pseudocode/00461840.c"
"0x00461860","FUN_00461860",27,1,"int * __fastcall FUN_00461860(int * param_1)",false,false,true,"pseudocode/00461860.c"
"0x00461880","FUN_00461880",49,1,"undefined4 * __thiscall FUN_00461880(uint param_1)",false,false,true,"pseudocode/00461880.c"
"0x004618c0","FUN_004618c0",691,1,"undefined4 __fastcall FUN_004618c0(int param_1)",false,false,true,"pseudocode/004618c0.c"
"0x00461b80","FUN_00461b80",4238,1,"undefined __fastcall FUN_00461b80(int param_1)",false,false,true,"pseudocode/00461b80.c"
"0x00462c10","FUN_00462c10",112,1,"undefined4 __fastcall FUN_00462c10(int param_1)",false,false,true,"pseudocode/00462c10.c"
"0x00462c80","FUN_00462c80",1528,1,"undefined __stdcall FUN_00462c80(undefined4 * param_1)",false,false,true,"pseudocode/00462c80.c"
"0x00463280","FUN_00463280",47,1,"undefined __cdecl FUN_00463280(undefined4 param_1, undefined4 * param_2)",false,false,true,"pseudocode/00463280.c"
"0x004632b0","FUN_004632b0",82,1,"undefined __thiscall FUN_004632b0(byte * param_1)",false,false,true,"pseudocode/004632b0.c"
"0x00463310","FUN_00463310",2932,1,"undefined __thiscall FUN_00463310(int param_1)",false,false,true,"pseudocode/00463310.c"
"0x00463ee0","FUN_00463ee0",17,1,"int __fastcall FUN_00463ee0(int param_1)",false,false,true,"pseudocode/00463ee0.c"
"0x00463f00","FUN_00463f00",17,1,"int __fastcall FUN_00463f00(int param_1)",false,false,true,"pseudocode/00463f00.c"
"0x00463f20","FUN_00463f20",134,1,"undefined __fastcall FUN_00463f20(int param_1)",false,false,true,"pseudocode/00463f20.c"
"0x00463fb0","FUN_00463fb0",26,1,"undefined __fastcall FUN_00463fb0(int param_1)",false,false,true,"pseudocode/00463fb0.c"
"0x00463fe0","FUN_00463fe0",159,1,"undefined __fastcall FUN_00463fe0(int param_1)",false,false,true,"pseudocode/00463fe0.c"
"0x00464080","FUN_00464080",26,1,"undefined __cdecl FUN_00464080(int param_1)",false,false,true,"pseudocode/00464080.c"
"0x004640a0","FUN_004640a0",25,1,"undefined __fastcall FUN_004640a0(int param_1)",false,false,true,"pseudocode/004640a0.c"
"0x004640c0","FUN_004640c0",20,1,"undefined4 __fastcall FUN_004640c0(int param_1)",false,false,true,"pseudocode/004640c0.c"
"0x004640e0","FUN_004640e0",19,1,"int __fastcall FUN_004640e0(int param_1)",false,false,true,"pseudocode/004640e0.c"
"0x00464100","FUN_00464100",208,1,"undefined __fastcall FUN_00464100(int param_1)",false,false,true,"pseudocode/00464100.c"
"0x004641d0","FUN_004641d0",75,1,"undefined __thiscall FUN_004641d0(undefined4 param_1)",false,false,true,"pseudocode/004641d0.c"
"0x00464230","FUN_00464230",26,1,"undefined __cdecl FUN_00464230(int param_1)",false,false,true,"pseudocode/00464230.c"
"0x00464250","FUN_00464250",17,1,"undefined4 __fastcall FUN_00464250(int param_1)",false,false,true,"pseudocode/00464250.c"
"0x00464270","FUN_00464270",68,1,"undefined1 __fastcall FUN_00464270(int param_1)",false,false,true,"pseudocode/00464270.c"
"0x004642c0","FUN_004642c0",18,1,"undefined1 __fastcall FUN_004642c0(int param_1)",false,false,true,"pseudocode/004642c0.c"
"0x004642e0","FUN_004642e0",68,1,"undefined1 __fastcall FUN_004642e0(int param_1)",false,false,true,"pseudocode/004642e0.c"
"0x00464330","FUN_00464330",18,1,"undefined1 __fastcall FUN_00464330(int param_1)",false,false,true,"pseudocode/00464330.c"
"0x00464350","FUN_00464350",56,1,"undefined4 __fastcall FUN_00464350(int param_1)",false,false,true,"pseudocode/00464350.c"
"0x00464390","FUN_00464390",22,1,"uint __fastcall FUN_00464390(int param_1)",false,false,true,"pseudocode/00464390.c"
"0x004643b0","FUN_004643b0",68,1,"undefined1 __fastcall FUN_004643b0(int param_1)",false,false,true,"pseudocode/004643b0.c"
"0x00464400","FUN_00464400",18,1,"undefined1 __fastcall FUN_00464400(int param_1)",false,false,true,"pseudocode/00464400.c"
"0x00464420","FUN_00464420",75,1,"undefined __thiscall FUN_00464420(undefined4 param_1)",false,false,true,"pseudocode/00464420.c"
"0x00464480","FUN_00464480",68,1,"undefined1 __fastcall FUN_00464480(int param_1)",false,false,true,"pseudocode/00464480.c"
"0x004644d0","FUN_004644d0",18,1,"undefined1 __fastcall FUN_004644d0(int param_1)",false,false,true,"pseudocode/004644d0.c"
"0x004644f0","FUN_004644f0",22,1,"undefined __fastcall FUN_004644f0(void * param_1)",false,false,true,"pseudocode/004644f0.c"
"0x00464510","FUN_00464510",29,1,"undefined __thiscall FUN_00464510(int param_1)",false,false,true,"pseudocode/00464510.c"
"0x00464530","FUN_00464530",21,1,"undefined __fastcall FUN_00464530(int param_1)",false,false,true,"pseudocode/00464530.c"
"0x00464550","FUN_00464550",44,1,"undefined __thiscall FUN_00464550(byte param_1)",false,false,true,"pseudocode/00464550.c"
"0x00464580","FUN_00464580",91,1,"undefined __thiscall FUN_00464580(undefined4 param_1, undefined4 param_2, byte param_3)",false,false,true,"pseudocode/00464580.c"
"0x004645e0","FUN_004645e0",26,1,"undefined __thiscall FUN_004645e0(undefined4 * param_1)",false,false,true,"pseudocode/004645e0.c"
"0x00464600","FUN_00464600",57,1,"undefined4 * __stdcall FUN_00464600(undefined4 * param_1, uint * param_2, int param_3, float * param_4, undefined4 * param_5)",false,false,true,"pseudocode/00464600.c"
"0x00464640","FUN_00464640",156,1,"undefined4 * __stdcall FUN_00464640(void)",false,false,true,"pseudocode/00464640.c"
"0x004646e0","FUN_004646e0",175,1,"undefined4 * __thiscall FUN_004646e0(void * param_1)",false,false,true,"pseudocode/004646e0.c"
"0x00464790","FUN_00464790",100,1,"undefined __fastcall FUN_00464790(undefined4 * param_1)",false,false,true,"pseudocode/00464790.c"
"0x00464800","FUN_00464800",49,1,"undefined4 * __thiscall FUN_00464800(uint param_1)",false,false,true,"pseudocode/00464800.c"
"0x00464840","FUN_00464840",159,1,"undefined4 __fastcall FUN_00464840(int param_1)",false,false,true,"pseudocode/00464840.c"
"0x004648e0","FUN_004648e0",3816,1,"undefined __fastcall FUN_004648e0(int param_1)",false,false,true,"pseudocode/004648e0.c"
"0x004657d0","FUN_004657d0",400,1,"undefined __fastcall FUN_004657d0(int param_1)",false,false,true,"pseudocode/004657d0.c"
"0x00465960","FUN_00465960",57,1,"undefined __cdecl FUN_00465960(void * param_1)",false,false,true,"pseudocode/00465960.c"
"0x004659a0","FUN_004659a0",743,1,"undefined __thiscall FUN_004659a0(undefined4 param_1)",false,false,true,"pseudocode/004659a0.c"
"0x00465cb0","FUN_00465cb0",156,1,"undefined4 * __stdcall FUN_00465cb0(void)",false,false,true,"pseudocode/00465cb0.c"
"0x00465d50","FUN_00465d50",75,1,"undefined4 __fastcall FUN_00465d50(undefined4 param_1)",false,false,true,"pseudocode/00465d50.c"
"0x00465da0","FUN_00465da0",75,1,"undefined4 __fastcall FUN_00465da0(undefined4 param_1)",false,false,true,"pseudocode/00465da0.c"
"0x00465df0","FUN_00465df0",91,1,"undefined4 * __thiscall FUN_00465df0(void * param_1)",false,false,true,"pseudocode/00465df0.c"
"0x00465e50","FUN_00465e50",49,1,"undefined4 * __thiscall FUN_00465e50(uint param_1)",false,false,true,"pseudocode/00465e50.c"
"0x00465e90","FUN_00465e90",520,1,"undefined4 __fastcall FUN_00465e90(int param_1)",false,false,true,"pseudocode/00465e90.c"
"0x004660a0","FUN_004660a0",157,1,"undefined __fastcall FUN_004660a0(int param_1)",false,false,true,"pseudocode/004660a0.c"
"0x00466140","FUN_00466140",301,1,"undefined4 __thiscall FUN_00466140(undefined4 * param_1)",false,false,true,"pseudocode/00466140.c"
"0x00466270","FUN_00466270",47,1,"undefined __cdecl FUN_00466270(undefined4 param_1, undefined4 * param_2)",false,false,true,"pseudocode/00466270.c"
"0x004662a0","FUN_004662a0",156,1,"undefined4 * __stdcall FUN_004662a0(void)",false,false,true,"pseudocode/004662a0.c"
"0x00466340","FUN_00466340",75,1,"undefined4 __fastcall FUN_00466340(undefined4 param_1)",false,false,true,"pseudocode/00466340.c"
"0x00466390","FUN_00466390",75,1,"undefined4 __fastcall FUN_00466390(undefined4 param_1)",false,false,true,"pseudocode/00466390.c"
"0x004663e0","FUN_004663e0",91,1,"undefined4 * __thiscall FUN_004663e0(void * param_1)",false,false,true,"pseudocode/004663e0.c"
"0x00466440","FUN_00466440",49,1,"undefined4 * __thiscall FUN_00466440(uint param_1)",false,false,true,"pseudocode/00466440.c"
"0x00466480","FUN_00466480",520,1,"undefined4 __fastcall FUN_00466480(int param_1)",false,false,true,"pseudocode/00466480.c"
"0x00466690","FUN_00466690",157,1,"undefined __fastcall FUN_00466690(int param_1)",false,false,true,"pseudocode/00466690.c"
"0x00466730","FUN_00466730",303,1,"undefined4 __thiscall FUN_00466730(undefined4 * param_1)",false,false,true,"pseudocode/00466730.c"
"0x00466860","FUN_00466860",47,1,"undefined __cdecl FUN_00466860(undefined4 param_1, undefined4 * param_2)",false,false,true,"pseudocode/00466860.c"
"0x00466890","FUN_00466890",156,1,"undefined4 * __stdcall FUN_00466890(void)",false,false,true,"pseudocode/00466890.c"
"0x00466930","FUN_00466930",78,1,"undefined4 __fastcall FUN_00466930(undefined4 param_1)",false,false,true,"pseudocode/00466930.c"
"0x00466990","FUN_00466990",63,1,"undefined4 * __thiscall FUN_00466990(void * param_1)",false,false,true,"pseudocode/00466990.c"
"0x004669d0","FUN_004669d0",37,1,"int __fastcall FUN_004669d0(int param_1)",false,false,true,"pseudocode/004669d0.c"
"0x00466a00","FUN_00466a00",22,1,"int __thiscall FUN_00466a00(int param_1)",false,false,true,"pseudocode/00466a00.c"
"0x00466a20","FUN_00466a20",47,1,"float * __thiscall FUN_00466a20(float param_1)",false,false,true,"pseudocode/00466a20.c"
"0x00466a50","FUN_00466a50",49,1,"undefined4 * __thiscall FUN_00466a50(uint param_1)",false,false,true,"pseudocode/00466a50.c"
"0x00466a90","FUN_00466a90",72,1,"bool __fastcall FUN_00466a90(int param_1)",false,false,true,"pseudocode/00466a90.c"
"0x00466ae0","FUN_00466ae0",304,1,"undefined __fastcall FUN_00466ae0(int param_1)",false,false,true,"pseudocode/00466ae0.c"
"0x00466c10","FUN_00466c10",83,1,"undefined __thiscall FUN_00466c10(float * param_1, int param_2, int param_3)",false,false,true,"pseudocode/00466c10.c"
"0x00466c70","FUN_00466c70",429,1,"undefined __thiscall FUN_00466c70(undefined4 * param_1)",false,false,true,"pseudocode/00466c70.c"
"0x00466e20","FUN_00466e20",343,1,"undefined __thiscall FUN_00466e20(float param_1, float param_2, float param_3)",false,false,true,"pseudocode/00466e20.c"
"0x00466f80","FUN_00466f80",47,1,"undefined __cdecl FUN_00466f80(undefined4 param_1, undefined4 * param_2)",false,false,true,"pseudocode/00466f80.c"
"0x00466fb0","FUN_00466fb0",17,1,"int __fastcall FUN_00466fb0(int param_1)",false,false,true,"pseudocode/00466fb0.c"
"0x00466fd0","FUN_00466fd0",19,1,"int __fastcall FUN_00466fd0(int param_1)",false,false,true,"pseudocode/00466fd0.c"
"0x00466ff0","FUN_00466ff0",16,1,"undefined4 __stdcall FUN_00466ff0(void)",false,false,true,"pseudocode/00466ff0.c"
"0x00467000","FUN_00467000",111,1,"ulonglong __stdcall FUN_00467000(void)",false,false,true,"pseudocode/00467000.c"
"0x00467070","FUN_00467070",13,1,"undefined __cdecl FUN_00467070(undefined4 * param_1)",false,false,true,"pseudocode/00467070.c"
"0x00467080","FUN_00467080",95,1,"undefined4 * __cdecl FUN_00467080(int param_1, int param_2, undefined4 * param_3)",false,false,true,"pseudocode/00467080.c"
"0x004670e0","FUN_004670e0",29,1,"undefined __cdecl FUN_004670e0(void * param_1, undefined4 param_2)",false,false,true,"pseudocode/004670e0.c"
"0x00467100","FUN_00467100",156,1,"undefined4 * __stdcall FUN_00467100(void)",false,false,true,"pseudocode/00467100.c"
"0x004671a0","FUN_004671a0",129,1,"undefined __cdecl FUN_004671a0(undefined4 param_1, int param_2, undefined4 * param_3)",false,false,true,"pseudocode/004671a0.c"
"0x00467230","FUN_00467230",172,1,"undefined4 * __cdecl FUN_00467230(undefined4 * param_1, char * param_2, char * param_3, int param_4)",false,false,true,"pseudocode/00467230.c"
"0x004672e0","FUN_004672e0",146,1,"undefined4 * __thiscall FUN_004672e0(void * param_1)",false,false,true,"pseudocode/004672e0.c"
"0x00467380","FUN_00467380",36,1,"float10 __thiscall FUN_00467380(int param_1, float param_2)",false,false,true,"pseudocode/00467380.c"
"0x004673b0","FUN_004673b0",61,1,"void * __thiscall FUN_004673b0(void * param_1, float param_2)",false,false,true,"pseudocode/004673b0.c"
"0x004673f0","FUN_004673f0",49,1,"undefined4 * __thiscall FUN_004673f0(uint param_1)",false,false,true,"pseudocode/004673f0.c"
"0x00467820","FUN_00467820",146,1,"undefined __fastcall FUN_00467820(int param_1)",false,false,true,"pseudocode/00467820.c"
"0x004678c0","FUN_004678c0",197,1,"undefined __cdecl FUN_004678c0(undefined4 * param_1, float * param_2, float param_3)",false,false,true,"pseudocode/004678c0.c"
"0x00467990","FUN_00467990",645,1,"undefined4 __thiscall FUN_00467990(undefined4 * param_1, undefined4 param_2)",false,false,true,"pseudocode/00467990.c"
"0x00467c20","FUN_00467c20",47,1,"undefined __cdecl FUN_00467c20(undefined4 param_1, undefined4 * param_2, undefined4 param_3)",false,false,true,"pseudocode/00467c20.c"
"0x00467c50","FUN_00467c50",30,1,"void * __thiscall FUN_00467c50(void * param_1)",false,false,true,"pseudocode/00467c50.c"
"0x00467c70","FUN_00467c70",31,1,"undefined __thiscall FUN_00467c70(undefined4 * param_1)",false,false,true,"pseudocode/00467c70.c"
"0x00467c90","_Compressed_pair<><>",33,1,"_Compressed_pair<struct_std::default_delete<class_std::_Facet_base>,class_std::_Facet_base*,1> * __fastcall _Compressed_pair<><>(_Compressed_pair<struct_std::default_delete<class_std::_Facet_base>,class_std::_Facet_base*,1> * param_1)",false,false,true,"pseudocode/00467c90.c"
"0x00467cc0","FUN_00467cc0",55,1,"undefined4 * __thiscall FUN_00467cc0(undefined4 param_1, undefined4 param_2)",false,false,true,"pseudocode/00467cc0.c"
"0x00467d00","FUN_00467d00",45,1,"_Compressed_pair<struct_std::default_delete<class_std::_Facet_base>,class_std::_Facet_base*,1> * __thiscall FUN_00467d00(undefined4 param_1)",false,false,true,"pseudocode/00467d00.c"
"0x00467d30","FUN_00467d30",66,1,"_Compressed_pair<struct_std::default_delete<class_std::_Facet_base>,class_std::_Facet_base*,1> * __thiscall FUN_00467d30(undefined4 param_1)",false,false,true,"pseudocode/00467d30.c"
"0x00467d80","FUN_00467d80",158,1,"undefined4 * __thiscall FUN_00467d80(undefined4 param_1, undefined4 param_2)",false,false,true,"pseudocode/00467d80.c"
"0x00467e20","FUN_00467e20",102,1,"void * __thiscall FUN_00467e20(undefined4 param_1)",false,false,true,"pseudocode/00467e20.c"
"0x00467e90","FUN_00467e90",66,1,"_Compressed_pair<struct_std::default_delete<class_std::_Facet_base>,class_std::_Facet_base*,1> * __thiscall FUN_00467e90(undefined4 param_1)",false,false,true,"pseudocode/00467e90.c"
"0x00467ee0","FUN_00467ee0",102,1,"void * __thiscall FUN_00467ee0(undefined4 param_1)",false,false,true,"pseudocode/00467ee0.c"
"0x00467f50","FUN_00467f50",72,1,"char * * __fastcall FUN_00467f50(char * * param_1)",false,false,true,"pseudocode/00467f50.c"
"0x00467fa0","FUN_00467fa0",47,1,"undefined4 * __thiscall FUN_00467fa0(undefined4 param_1, undefined4 param_2)",false,false,true,"pseudocode/00467fa0.c"
"0x00467fd0","FUN_00467fd0",17,1,"undefined __cdecl FUN_00467fd0(void * param_1, int param_2)",false,false,true,"pseudocode/00467fd0.c"
"0x00467ff0","FUN_00467ff0",30,1,"void * __cdecl FUN_00467ff0(void * param_1, void * param_2)",false,false,true,"pseudocode/00467ff0.c"
"0x00468010","FUN_00468010",19,1,"float10 __cdecl FUN_00468010(float * param_1)",false,false,true,"pseudocode/00468010.c"
"0x00468030","FUN_00468030",333,1,"undefined __thiscall FUN_00468030(uint * param_1, uint param_2)",false,false,true,"pseudocode/00468030.c"
"0x00468180","FUN_00468180",276,1,"undefined __thiscall FUN_00468180(uint * param_1, uint param_2)",false,false,true,"pseudocode/00468180.c"
"0x004682a0","FUN_004682a0",60,1,"undefined1 __cdecl FUN_004682a0(char * param_1)",false,false,true,"pseudocode/004682a0.c"
"0x004682e0","FUN_004682e0",151,1,"undefined __thiscall FUN_004682e0(int param_1, undefined4 param_2)",false,false,true,"pseudocode/004682e0.c"
"0x00468380","FUN_00468380",45,1,"undefined __cdecl FUN_00468380(undefined4 param_1, byte param_2, size_t param_3)",false,false,true,"pseudocode/00468380.c"
"0x004683b0","FUN_004683b0",155,1,"char * __cdecl FUN_004683b0(char * param_1, char * param_2, char * param_3)",false,false,true,"pseudocode/004683b0.c"
"0x00468450","FUN_00468450",23,1,"undefined __stdcall FUN_00468450(void)",false,false,true,"pseudocode/00468450.c"
"0x00468470","FUN_00468470",624,1,"undefined __cdecl FUN_00468470(uint * param_1, uint * param_2, float param_3, undefined4 param_4, size_t param_5)",false,false,true,"pseudocode/00468470.c"
"0x00468700","FUN_00468700",157,1,"undefined8 __cdecl FUN_00468700(char * param_1, char * param_2, float param_3, size_t param_4)",false,false,true,"pseudocode/00468700.c"
"0x004687b0","FUN_004687b0",1250,1,"undefined __cdecl FUN_004687b0(uint * param_1, uint * param_2, float param_3, int param_4)",false,false,true,"pseudocode/004687b0.c"
"0x00468ca0","FUN_00468ca0",667,1,"undefined8 __cdecl FUN_00468ca0(char * param_1, char * param_2, undefined4 param_3, size_t param_4)",false,false,true,"pseudocode/00468ca0.c"
"0x00468f40","FUN_00468f40",144,1,"undefined8 __cdecl FUN_00468f40(uint * param_1, uint * param_2, float param_3, size_t param_4)",false,false,true,"pseudocode/00468f40.c"
"0x00468fe0","FUN_00468fe0",70,1,"undefined __cdecl FUN_00468fe0(undefined4 param_1, undefined4 * param_2)",false,false,true,"pseudocode/00468fe0.c"
"0x00469030","FUN_00469030",50,1,"undefined __cdecl FUN_00469030(undefined4 param_1, char * * param_2)",false,false,true,"pseudocode/00469030.c"
"0x00469070","FUN_00469070",93,1,"undefined __cdecl FUN_00469070(undefined4 param_1, char * * param_2)",false,false,true,"pseudocode/00469070.c"
"0x004690e0","FUN_004690e0",13,1,"undefined __cdecl FUN_004690e0(undefined4 * param_1)",false,false,true,"pseudocode/004690e0.c"
"0x004690f0","FUN_004690f0",598,1,"undefined __cdecl FUN_004690f0(char * param_1, char * param_2, uint param_3, uint param_4)",false,false,true,"pseudocode/004690f0.c"
"0x00469390","_Reset<>",90,1,"undefined __thiscall _Reset<>(undefined4 param_1)",false,false,true,"pseudocode/00469390.c"
"0x004693f0","_Reset<>",90,1,"undefined __thiscall _Reset<>(undefined4 param_1)",false,false,true,"pseudocode/004693f0.c"
"0x00469450","FUN_00469450",148,1,"undefined __cdecl FUN_00469450(uint param_1, uint param_2, int param_3)",false,false,true,"pseudocode/00469450.c"
"0x004694f0","FUN_004694f0",322,1,"ulonglong __cdecl FUN_004694f0(int param_1, uint param_2, undefined1 * param_3)",false,false,true,"pseudocode/004694f0.c"
"0x00469640","FUN_00469640",220,1,"undefined __cdecl FUN_00469640(uint param_1, char * param_2)",false,false,true,"pseudocode/00469640.c"
"0x00469720","FUN_00469720",2202,1,"void * __cdecl FUN_00469720(void * param_1, char * param_2, char * param_3, undefined8 param_4, size_t param_5)",false,false,true,"pseudocode/00469720.c"
"0x00469fc0","FUN_00469fc0",104,1,"undefined4 __stdcall FUN_00469fc0(void)",false,false,true,"pseudocode/00469fc0.c"
"0x0046a030","FUN_0046a030",30,1,"undefined __cdecl FUN_0046a030(undefined4 param_1, undefined4 param_2, undefined4 param_3)",false,false,true,"pseudocode/0046a030.c"
"0x0046a050","FUN_0046a050",54,1,"undefined __cdecl FUN_0046a050(undefined4 param_1, undefined4 param_2)",false,false,true,"pseudocode/0046a050.c"
"0x0046a090","FUN_0046a090",103,1,"undefined __stdcall FUN_0046a090(int * param_1)",false,false,true,"pseudocode/0046a090.c"
"0x0046a100","FUN_0046a100",97,1,"undefined __stdcall FUN_0046a100(void * param_1)",false,false,true,"pseudocode/0046a100.c"
"0x0046a170","FUN_0046a170",73,1,"undefined4 * __stdcall FUN_0046a170(void)",false,false,true,"pseudocode/0046a170.c"
"0x0046a1c0","FUN_0046a1c0",73,1,"undefined4 * __stdcall FUN_0046a1c0(void)",false,false,true,"pseudocode/0046a1c0.c"
"0x0046a210","FUN_0046a210",16,1,"undefined __cdecl FUN_0046a210(void * param_1)",false,false,true,"pseudocode/0046a210.c"
"0x0046a220","FUN_0046a220",11,1,"int __cdecl FUN_0046a220(int param_1)",false,false,true,"pseudocode/0046a220.c"
"0x0046a230","FUN_0046a230",187,1,"undefined __cdecl FUN_0046a230(undefined4 param_1, size_t param_2, byte * param_3)",false,false,true,"pseudocode/0046a230.c"
"0x0046a2f0","FUN_0046a2f0",187,1,"undefined __cdecl FUN_0046a2f0(undefined4 param_1, size_t param_2, byte * param_3)",false,false,true,"pseudocode/0046a2f0.c"
"0x0046a3b0","FUN_0046a3b0",98,1,"char * __cdecl FUN_0046a3b0(char * param_1, undefined4 param_2, char * param_3)",false,false,true,"pseudocode/0046a3b0.c"
"0x0046a420","FUN_0046a420",139,1,"undefined __stdcall FUN_0046a420(void)",false,false,true,"pseudocode/0046a420.c"
"0x0046a4b0","FUN_0046a4b0",14,1,"undefined __stdcall FUN_0046a4b0(void)",false,false,true,"pseudocode/0046a4b0.c"
"0x0046a4c0","FUN_0046a4c0",14,1,"undefined __stdcall FUN_0046a4c0(void)",false,false,true,"pseudocode/0046a4c0.c"
"0x0046a4d0","FUN_0046a4d0",122,1,"undefined __stdcall FUN_0046a4d0(void)",false,false,true,"pseudocode/0046a4d0.c"
"0x0046a550","FUN_0046a550",30,1,"undefined __cdecl FUN_0046a550(wchar_t * param_1, wchar_t * param_2, va_list param_3)",false,false,true,"pseudocode/0046a550.c"
"0x0046a570","FUN_0046a570",48,1,"undefined4 * __thiscall FUN_0046a570(undefined4 * param_1, undefined4 * param_2, undefined4 * param_3)",false,false,true,"pseudocode/0046a570.c"
"0x0046a5a0","FUN_0046a5a0",53,1,"undefined4 * __thiscall FUN_0046a5a0(undefined4 * param_1)",false,false,true,"pseudocode/0046a5a0.c"
"0x0046a5e0","FUN_0046a5e0",50,1,"undefined4 * __thiscall FUN_0046a5e0(undefined4 * param_1, _Compressed_pair<struct_std::default_delete<class_std::_Facet_base>,class_std::_Facet_base*,1> * param_2)",false,false,true,"pseudocode/0046a5e0.c"
"0x0046a620","FUN_0046a620",53,1,"undefined4 * __thiscall FUN_0046a620(undefined4 * param_1)",false,false,true,"pseudocode/0046a620.c"
"0x0046a660","FUN_0046a660",31,1,"int * __thiscall FUN_0046a660(int param_1, int param_2)",false,false,true,"pseudocode/0046a660.c"
"0x0046a680","FUN_0046a680",33,1,"void * __thiscall FUN_0046a680(int param_1, int param_2)",false,false,true,"pseudocode/0046a680.c"
"0x0046a6b0","FUN_0046a6b0",81,1,"undefined4 __fastcall FUN_0046a6b0(undefined4 param_1)",false,false,true,"pseudocode/0046a6b0.c"
"0x0046a710","FUN_0046a710",108,1,"void * __thiscall FUN_0046a710(_Compressed_pair<struct_std::default_delete<class_std::_Facet_base>,class_std::_Facet_base*,1> * param_1)",false,false,true,"pseudocode/0046a710.c"
"0x0046a780","FUN_0046a780",167,1,"void * __stdcall FUN_0046a780(_Compressed_pair<struct_std::default_delete<class_std::_Facet_base>,class_std::_Facet_base*,1> * param_1)",false,false,true,"pseudocode/0046a780.c"
"0x0046a830","FUN_0046a830",128,1,"undefined4 * __thiscall FUN_0046a830(uint * param_1)",false,false,true,"pseudocode/0046a830.c"
"0x0046a8b0","FUN_0046a8b0",45,1,"_Compressed_pair<struct_std::default_delete<class_std::_Facet_base>,class_std::_Facet_base*,1> * __fastcall FUN_0046a8b0(_Compressed_pair<struct_std::default_delete<class_std::_Facet_base>,class_std::_Facet_base*,1> * param_1)",false,false,true,"pseudocode/0046a8b0.c"
"0x0046a8e0","FUN_0046a8e0",687,1,"undefined4 * __fastcall FUN_0046a8e0(undefined4 * param_1)",false,false,true,"pseudocode/0046a8e0.c"
"0x0046aba0","FUN_0046aba0",219,1,"void * __fastcall FUN_0046aba0(void * param_1)",false,false,true,"pseudocode/0046aba0.c"
"0x0046ac80","FUN_0046ac80",349,1,"undefined4 * __fastcall FUN_0046ac80(undefined4 * param_1)",false,false,true,"pseudocode/0046ac80.c"
"0x0046ade0","FUN_0046ade0",23,1,"undefined __fastcall FUN_0046ade0(int param_1)",false,false,true,"pseudocode/0046ade0.c"
"0x0046ae00","FUN_0046ae00",48,1,"undefined __fastcall FUN_0046ae00(int param_1)",false,false,true,"pseudocode/0046ae00.c"
"0x0046ae30","~input_processor<>",23,1,"undefined __fastcall ~input_processor<>(int param_1)",false,false,true,"pseudocode/0046ae30.c"
"0x0046ae50","FUN_0046ae50",118,1,"undefined __fastcall FUN_0046ae50(undefined4 * param_1)",false,false,true,"pseudocode/0046ae50.c"
"0x0046aed0","FUN_0046aed0",20,1,"undefined __fastcall FUN_0046aed0(_Compressed_pair<struct_std::default_delete<class_std::_Facet_base>,class_std::_Facet_base*,1> * param_1)",false,false,true,"pseudocode/0046aed0.c"
"0x0046aef0","FUN_0046aef0",466,1,"undefined __fastcall FUN_0046aef0(undefined4 * param_1)",false,false,true,"pseudocode/0046aef0.c"
"0x0046b0d0","FUN_0046b0d0",88,1,"undefined __fastcall FUN_0046b0d0(int param_1)",false,false,true,"pseudocode/0046b0d0.c"
"0x0046b130","FUN_0046b130",117,1,"_Compressed_pair<struct_std::default_delete<class_std::_Facet_base>,class_std::_Facet_base*,1> * __thiscall FUN_0046b130(_Compressed_pair<struct_std::default_delete<class_std::_Facet_base>,class_std::_Facet_base*,1> * param_1)",false,false,true,"pseudocode/0046b130.c"
"0x0046b1b0","FUN_0046b1b0",44,1,"bool __thiscall FUN_0046b1b0(int param_1)",false,false,true,"pseudocode/0046b1b0.c"
"0x0046b1e0","FUN_0046b1e0",37,1,"bool __cdecl FUN_0046b1e0(int param_1)",false,false,true,"pseudocode/0046b1e0.c"
"0x0046b210","FUN_0046b210",23,1,"int __thiscall FUN_0046b210(int param_1)",false,false,true,"pseudocode/0046b210.c"
"0x0046b230","FUN_0046b230",21,1,"undefined __fastcall FUN_0046b230(undefined4 param_1)",false,false,true,"pseudocode/0046b230.c"
"0x0046b250","FUN_0046b250",19,1,"undefined __fastcall FUN_0046b250(undefined4 * param_1)",false,false,true,"pseudocode/0046b250.c"
"0x0046b270","FUN_0046b270",30,1,"int * __fastcall FUN_0046b270(int * param_1)",false,false,true,"pseudocode/0046b270.c"
"0x0046b290","FUN_0046b290",22,1,"int * __fastcall FUN_0046b290(int * param_1)",false,false,true,"pseudocode/0046b290.c"
"0x0046b2b0","FUN_0046b2b0",37,1,"int * __fastcall FUN_0046b2b0(int * param_1)",false,false,true,"pseudocode/0046b2b0.c"
"0x0046b2e0","FUN_0046b2e0",76,1,"undefined __fastcall FUN_0046b2e0(undefined4 * param_1)",false,false,true,"pseudocode/0046b2e0.c"
"0x0046b330","FUN_0046b330",45,1,"bool __thiscall FUN_0046b330(int param_1)",false,false,true,"pseudocode/0046b330.c"
"0x0046b360","FUN_0046b360",45,1,"bool __thiscall FUN_0046b360(uint param_1)",false,false,true,"pseudocode/0046b360.c"
"0x0046b390","FUN_0046b390",334,1,"undefined __stdcall FUN_0046b390(void)",false,false,true,"pseudocode/0046b390.c"
"0x0046b4e0","`scalar_deleting_destructor'",46,1,"void * __thiscall `scalar_deleting_destructor'(uint param_1)",false,false,true,"pseudocode/0046b4e0.c"
"0x0046b510","FUN_0046b510",49,1,"undefined4 * __thiscall FUN_0046b510(uint param_1)",false,false,true,"pseudocode/0046b510.c"
"0x0046b550","FUN_0046b550",49,1,"LPVOID __thiscall FUN_0046b550(uint param_1)",false,false,true,"pseudocode/0046b550.c"
"0x0046b590","FUN_0046b590",332,1,"undefined __cdecl FUN_0046b590(float * param_1, int param_2, void * param_3, uint param_4, int param_5)",false,false,true,"pseudocode/0046b590.c"
"0x0046b6e0","FUN_0046b6e0",259,1,"undefined __fastcall FUN_0046b6e0(int param_1)",false,false,true,"pseudocode/0046b6e0.c"
"0x0046b7f0","FUN_0046b7f0",424,1,"undefined __fastcall FUN_0046b7f0(int param_1)",false,false,true,"pseudocode/0046b7f0.c"
"0x0046b9a0","FUN_0046b9a0",117,1,"undefined4 __fastcall FUN_0046b9a0(void * param_1)",false,false,true,"pseudocode/0046b9a0.c"
"0x0046ba20","FUN_0046ba20",365,1,"undefined __thiscall FUN_0046ba20(int param_1)",false,false,true,"pseudocode/0046ba20.c"
"0x0046bb90","FUN_0046bb90",1264,1,"undefined __thiscall FUN_0046bb90(int param_1)",false,false,true,"pseudocode/0046bb90.c"
"0x0046c080","FUN_0046c080",387,1,"undefined4 __fastcall FUN_0046c080(int param_1)",false,false,true,"pseudocode/0046c080.c"
"0x0046c210","FUN_0046c210",1823,1,"undefined __cdecl FUN_0046c210(void * param_1, float * param_2)",false,false,true,"pseudocode/0046c210.c"
"0x0046c930","FUN_0046c930",90,1,"undefined __fastcall FUN_0046c930(int param_1)",false,false,true,"pseudocode/0046c930.c"
"0x0046c990","FUN_0046c990",170,1,"undefined __cdecl FUN_0046c990(void * param_1, undefined4 * param_2, wchar_t * param_3)",false,false,true,"pseudocode/0046c990.c"
"0x0046ca40","FUN_0046ca40",467,1,"undefined __thiscall FUN_0046ca40(undefined4 * param_1)",false,false,true,"pseudocode/0046ca40.c"
"0x0046cc30","FUN_0046cc30",72,1,"undefined __thiscall FUN_0046cc30(undefined4 * param_1, undefined1 param_2)",false,false,true,"pseudocode/0046cc30.c"
"0x0046cc80","FUN_0046cc80",190,1,"undefined __thiscall FUN_0046cc80(undefined4 * param_1, uint param_2)",false,false,true,"pseudocode/0046cc80.c"
"0x0046cd40","FUN_0046cd40",64,1,"undefined __thiscall FUN_0046cd40(undefined4 * param_1, uint param_2, int param_3, char param_4)",false,false,true,"pseudocode/0046cd40.c"
"0x0046cd80","FUN_0046cd80",124,1,"undefined __thiscall FUN_0046cd80(undefined4 * param_1, uint param_2)",false,false,true,"pseudocode/0046cd80.c"
"0x0046ce00","FUN_0046ce00",135,1,"undefined __thiscall FUN_0046ce00(undefined4 * param_1, float param_2, undefined4 param_3, undefined4 param_4, size_t param_5)",false,false,true,"pseudocode/0046ce00.c"
"0x0046ce90","FUN_0046ce90",104,1,"undefined __thiscall FUN_0046ce90(undefined4 * param_1)",false,false,true,"pseudocode/0046ce90.c"
"0x0046cf00","FUN_0046cf00",147,1,"undefined __thiscall FUN_0046cf00(undefined4 * param_1, undefined4 param_2, undefined4 param_3, uint param_4)",false,false,true,"pseudocode/0046cf00.c"
"0x0046cfa0","FUN_0046cfa0",124,1,"undefined __thiscall FUN_0046cfa0(undefined4 * param_1, undefined4 param_2, undefined4 param_3, uint param_4)",false,false,true,"pseudocode/0046cfa0.c"
"0x0046d020","FUN_0046d020",103,1,"undefined __thiscall FUN_0046d020(undefined4 * param_1, uint param_2, int param_3, int param_4)",false,false,true,"pseudocode/0046d020.c"
"0x0046d090","FUN_0046d090",220,1,"undefined __thiscall FUN_0046d090(undefined4 param_1, undefined4 param_2)",false,false,true,"pseudocode/0046d090.c"
"0x0046d170","FUN_0046d170",396,1,"undefined __thiscall FUN_0046d170(float * param_1, void * param_2)",false,false,true,"pseudocode/0046d170.c"
"0x0046d300","FUN_0046d300",5637,2,"undefined __thiscall FUN_0046d300(byte * param_1)",false,false,true,"pseudocode/0046d300.c"
"0x0046e9e0","FUN_0046e9e0",136,1,"undefined __fastcall FUN_0046e9e0(_Compressed_pair<struct_std::default_delete<class_std::_Facet_base>,class_std::_Facet_base*,1> * param_1)",false,false,true,"pseudocode/0046e9e0.c"
"0x0046ea70","FUN_0046ea70",47,1,"undefined __fastcall FUN_0046ea70(int param_1)",false,false,true,"pseudocode/0046ea70.c"
"0x0046eaa0","Check_offset",30,1,"undefined __thiscall Check_offset(uint param_1)",false,false,true,"pseudocode/0046eaa0.c"
"0x0046eac0","_Clamp_suffix_size",45,1,"uint __thiscall _Clamp_suffix_size(uint param_1, uint param_2)",false,false,true,"pseudocode/0046eac0.c"
"0x0046eaf0","FUN_0046eaf0",33,1,"undefined8 __cdecl FUN_0046eaf0(undefined8 * param_1)",false,false,true,"pseudocode/0046eaf0.c"
"0x0046eb20","Copy",47,1,"undefined __thiscall Copy(undefined4 param_1)",false,false,true,"pseudocode/0046eb20.c"
"0x0046eb50","FUN_0046eb50",47,1,"undefined __thiscall FUN_0046eb50(undefined4 param_1)",false,false,true,"pseudocode/0046eb50.c"
"0x0046eb80","FUN_0046eb80",46,1,"undefined __thiscall FUN_0046eb80(char param_1)",false,false,true,"pseudocode/0046eb80.c"
"0x0046ebb0","FUN_0046ebb0",26,1,"undefined __stdcall FUN_0046ebb0(void)",false,false,true,"pseudocode/0046ebb0.c"
"0x0046ebd0","FUN_0046ebd0",26,1,"undefined __stdcall FUN_0046ebd0(void)",false,false,true,"pseudocode/0046ebd0.c"
"0x0046ebf0","FUN_0046ebf0",85,1,"undefined __thiscall FUN_0046ebf0(int param_1)",false,false,true,"pseudocode/0046ebf0.c"
"0x0046ec50","FUN_0046ec50",41,1,"void * __thiscall FUN_0046ec50(void * param_1, undefined4 param_2)",false,false,true,"pseudocode/0046ec50.c"
"0x0046ec80","Move",104,1,"undefined __thiscall Move(undefined4 param_1)",false,false,true,"pseudocode/0046ec80.c"
"0x0046ecf0","Move",104,1,"undefined __thiscall Move(undefined4 param_1)",false,false,true,"pseudocode/0046ecf0.c"
"0x0046ed60","FUN_0046ed60",40,1,"undefined __stdcall FUN_0046ed60(void)",false,false,true,"pseudocode/0046ed60.c"
"0x0046ed90","FUN_0046ed90",329,1,"undefined __thiscall FUN_0046ed90(int param_1)",false,false,true,"pseudocode/0046ed90.c"
"0x0046eee0","FUN_0046eee0",16,1,"undefined * * __stdcall FUN_0046eee0(void)",false,false,true,"pseudocode/0046eee0.c"
"0x0046eef0","FUN_0046eef0",16,1,"undefined * * __stdcall FUN_0046eef0(void)",false,false,true,"pseudocode/0046eef0.c"
"0x0046ef00","FUN_0046ef00",74,1,"undefined __fastcall FUN_0046ef00(_Compressed_pair<struct_std::default_delete<class_std::_Facet_base>,class_std::_Facet_base*,1> * param_1)",false,false,true,"pseudocode/0046ef00.c"
"0x0046ef50","FUN_0046ef50",25,1,"undefined __fastcall FUN_0046ef50(undefined4 * param_1)",false,false,true,"pseudocode/0046ef50.c"
"0x0046ef70","Xran",16,1,"undefined __stdcall Xran(void)",false,false,true,"pseudocode/0046ef70.c"
"0x0046ef80","FUN_0046ef80",376,1,"undefined __cdecl FUN_0046ef80(int param_1, uint param_2, char * param_3)",false,false,true,"pseudocode/0046ef80.c"
"0x0046f100","FUN_0046f100",2615,1,"undefined8 __cdecl FUN_0046f100(uint * param_1, uint * param_2, undefined4 param_3, undefined4 param_4, size_t param_5)",false,false,true,"pseudocode/0046f100.c"
"0x0046fb40","FUN_0046fb40",132,1,"undefined4 __cdecl FUN_0046fb40(uint param_1)",false,false,true,"pseudocode/0046fb40.c"
"0x0046fbd0","FUN_0046fbd0",45,1,"ulonglong __cdecl FUN_0046fbd0(undefined4 param_1, uint param_2)",false,false,true,"pseudocode/0046fbd0.c"
"0x0046fc00","FUN_0046fc00",38,1,"ulonglong __cdecl FUN_0046fc00(uint param_1, uint param_2)",false,false,true,"pseudocode/0046fc00.c"
"0x0046fc30","FUN_0046fc30",62,1,"undefined __stdcall FUN_0046fc30(void)",false,false,true,"pseudocode/0046fc30.c"
"0x0046fc70","FUN_0046fc70",14,1,"uint __cdecl FUN_0046fc70(int param_1)",false,false,true,"pseudocode/0046fc70.c"
"0x0046fc80","FUN_0046fc80",32,1,"uint __cdecl FUN_0046fc80(int param_1)",false,false,true,"pseudocode/0046fc80.c"
"0x0046fca0","FUN_0046fca0",15,1,"uint __cdecl FUN_0046fca0(int param_1)",false,false,true,"pseudocode/0046fca0.c"
"0x0046fcb0","FUN_0046fcb0",36,1,"int __cdecl FUN_0046fcb0(int param_1, uint param_2)",false,false,true,"pseudocode/0046fcb0.c"
"0x0046fce0","FUN_0046fce0",585,2,"undefined __cdecl FUN_0046fce0(uint param_1, uint param_2, uint * param_3, int param_4)",false,false,true,"pseudocode/0046fce0.c"
"0x0046ff30","FUN_0046ff30",71,1,"bool __cdecl FUN_0046ff30(uint param_1, uint param_2, byte param_3)",false,false,true,"pseudocode/0046ff30.c"
"0x0046ff80","FUN_0046ff80",49,1,"bool __cdecl FUN_0046ff80(uint param_1, uint param_2, uint param_3)",false,false,true,"pseudocode/0046ff80.c"
"0x0046ffc0","FUN_0046ffc0",14,1,"int __cdecl FUN_0046ffc0(int param_1)",false,false,true,"pseudocode/0046ffc0.c"
"0x0046ffd0","FUN_0046ffd0",81,1,"int __cdecl FUN_0046ffd0(uint param_1, uint param_2)",false,false,true,"pseudocode/0046ffd0.c"
"0x00470030","FUN_00470030",271,1,"uint __cdecl FUN_00470030(uint param_1, uint param_2, uint param_3, uint param_4, int * param_5)",false,false,true,"pseudocode/00470030.c"
"0x00470140","FUN_00470140",64,1,"undefined __cdecl FUN_00470140(uint param_1, uint param_2, uint param_3, uint param_4)",false,false,true,"pseudocode/00470140.c"
"0x00470180","FUN_00470180",153,1,"undefined __fastcall FUN_00470180(int param_1)",false,false,true,"pseudocode/00470180.c"
"0x00470220","allocate",34,1,"undefined __stdcall allocate(uint param_1)",false,false,true,"pseudocode/00470220.c"
"0x00470250","begin",30,1,"void * __thiscall begin(void * param_1)",false,false,true,"pseudocode/00470250.c"
"0x00470270","FUN_00470270",59,1,"void * __thiscall FUN_00470270(void * param_1)",false,false,true,"pseudocode/00470270.c"
"0x004702b0","FUN_004702b0",66,1,"void * __thiscall FUN_004702b0(void * param_1)",false,false,true,"pseudocode/004702b0.c"
"0x00470300","FUN_00470300",13,1,"undefined __cdecl FUN_00470300(int param_1)",false,false,true,"pseudocode/00470300.c"
"0x00470310","FUN_00470310",72,1,"uint __thiscall FUN_00470310(uint * param_1, uint param_2, uint param_3)",false,false,true,"pseudocode/00470310.c"
"0x00470360","FUN_00470360",53,1,"undefined __cdecl FUN_00470360(undefined4 param_1, LPVOID param_2, int param_3)",false,false,true,"pseudocode/00470360.c"
"0x004703a0","FUN_004703a0",30,1,"undefined __stdcall FUN_004703a0(LPVOID param_1, int param_2)",false,false,true,"pseudocode/004703a0.c"
"0x004703c0","FUN_004703c0",214,1,"int __cdecl FUN_004703c0(char * param_1, uint param_2, int param_3, char param_4)",false,false,true,"pseudocode/004703c0.c"
"0x004704a0","FUN_004704a0",13,1,"undefined __cdecl FUN_004704a0(void * param_1)",false,false,true,"pseudocode/004704a0.c"
"0x004704b0","FUN_004704b0",50,1,"undefined4 __cdecl FUN_004704b0(void * param_1)",false,false,true,"pseudocode/004704b0.c"
"0x004704f0","FUN_004704f0",27,1,"undefined __cdecl FUN_004704f0(void * param_1)",false,false,true,"pseudocode/004704f0.c"
"0x00470510","FUN_00470510",27,1,"undefined __cdecl FUN_00470510(void * param_1)",false,false,true,"pseudocode/00470510.c"
"0x00470530","FUN_00470530",15,1,"undefined __cdecl FUN_00470530(void * param_1)",false,false,true,"pseudocode/00470530.c"
"0x00470540","FUN_00470540",16,1,"undefined4 __stdcall FUN_00470540(undefined4 param_1)",false,false,true,"pseudocode/00470540.c"
"0x00470550","FUN_00470550",67,1,"void * __thiscall FUN_00470550(void * param_1)",false,false,true,"pseudocode/00470550.c"
"0x004705a0","FUN_004705a0",90,1,"void * __thiscall FUN_004705a0(void * param_1, int * param_2)",false,false,true,"pseudocode/004705a0.c"
"0x00470600","FUN_00470600",21,1,"int __fastcall FUN_00470600(undefined4 * param_1)",false,false,true,"pseudocode/00470600.c"
"0x00470620","FUN_00470620",78,1,"int __fastcall FUN_00470620(int param_1)",false,false,true,"pseudocode/00470620.c"
"0x00470670","FUN_00470670",16,1,"undefined4 __stdcall FUN_00470670(void)",false,false,true,"pseudocode/00470670.c"
"0x00470680","FUN_00470680",600,1,"undefined __thiscall FUN_00470680(void * param_1, int param_2, int param_3)",false,false,true,"pseudocode/00470680.c"
"0x004708e0","FUN_004708e0",56,1,"undefined __thiscall FUN_004708e0(void * param_1, int param_2)",false,false,true,"pseudocode/004708e0.c"
"0x00470920","FUN_00470920",72,1,"undefined1 __cdecl FUN_00470920(int param_1, int param_2, int param_3, int param_4, int param_5, int param_6, int param_7, int param_8)",false,false,true,"pseudocode/00470920.c"
"0x00470970","FUN_00470970",81,1,"undefined __fastcall FUN_00470970(undefined4 param_1)",false,false,true,"pseudocode/00470970.c"
"0x004709d0","FUN_004709d0",10,1,"undefined4 __stdcall FUN_004709d0(void)",false,false,true,"pseudocode/004709d0.c"
"0x004709e0","FUN_004709e0",59,1,"uint __fastcall FUN_004709e0(_Compressed_pair<struct_std::default_delete<class_std::_Facet_base>,class_std::_Facet_base*,1> * param_1)",false,false,true,"pseudocode/004709e0.c"
"0x00470a20","FUN_00470a20",32,1,"undefined __thiscall FUN_00470a20(undefined4 param_1)",false,false,true,"pseudocode/00470a20.c"
"0x00470a40","FUN_00470a40",20,1,"undefined4 * __cdecl FUN_00470a40(undefined4 * param_1)",false,false,true,"pseudocode/00470a40.c"
"0x00470a60","FUN_00470a60",31,1,"undefined4 * __stdcall FUN_00470a60(undefined4 * param_1)",false,false,true,"pseudocode/00470a60.c"
"0x00470a80","FUN_00470a80",37,1,"undefined __thiscall FUN_00470a80(undefined4 param_1, undefined4 param_2)",false,false,true,"pseudocode/00470a80.c"
"0x00470ab0","FUN_00470ab0",25,1,"undefined __thiscall FUN_00470ab0(undefined4 param_1)",false,false,true,"pseudocode/00470ab0.c"
"0x00470ad0","FUN_00470ad0",25,1,"undefined __thiscall FUN_00470ad0(undefined4 param_1)",false,false,true,"pseudocode/00470ad0.c"
"0x00470af0","FUN_00470af0",38,1,"undefined __thiscall FUN_00470af0(undefined4 * param_1)",false,false,true,"pseudocode/00470af0.c"
"0x00470b20","FUN_00470b20",26,1,"undefined __thiscall FUN_00470b20(undefined4 param_1)",false,false,true,"pseudocode/00470b20.c"
"0x00470b40","FUN_00470b40",26,1,"undefined __thiscall FUN_00470b40(undefined4 param_1)",false,false,true,"pseudocode/00470b40.c"
"0x00470b60","FUN_00470b60",25,1,"undefined __thiscall FUN_00470b60(undefined1 param_1)",false,false,true,"pseudocode/00470b60.c"
"0x00470b80","FUN_00470b80",709,1,"undefined __thiscall FUN_00470b80(int param_1, int param_2, int param_3, int param_4)",false,false,true,"pseudocode/00470b80.c"
"0x00470e50","FUN_00470e50",60,1,"undefined __thiscall FUN_00470e50(undefined4 param_1, undefined4 param_2)",false,false,true,"pseudocode/00470e50.c"
"0x00470e90","FUN_00470e90",60,1,"undefined __thiscall FUN_00470e90(undefined4 param_1, undefined4 param_2)",false,false,true,"pseudocode/00470e90.c"
"0x00470ed0","FUN_00470ed0",379,1,"undefined __thiscall FUN_00470ed0(int param_1)",false,false,true,"pseudocode/00470ed0.c"
"0x00471050","FUN_00471050",16,1,"undefined4 __stdcall FUN_00471050(void)",false,false,true,"pseudocode/00471050.c"
"0x00471060","FUN_00471060",86,2,"undefined4 * __stdcall FUN_00471060(void)",false,false,true,"pseudocode/00471060.c"
"0x004710c0","FUN_004710c0",46,1,"undefined8 __cdecl FUN_004710c0(char * param_1, char * param_2, uint param_3, uint param_4)",false,false,true,"pseudocode/004710c0.c"
"0x004710f0","FUN_004710f0",57,1,"undefined8 __cdecl FUN_004710f0(uint * param_1, uint * param_2, float param_3, undefined4 param_4, size_t param_5)",false,false,true,"pseudocode/004710f0.c"
"0x00471130","FUN_00471130",47,1,"bool __stdcall FUN_00471130(int * param_1, int * param_2)",false,false,true,"pseudocode/00471130.c"
"0x00471160","FUN_00471160",11,1,"int __cdecl FUN_00471160(int param_1, int param_2)",false,false,true,"pseudocode/00471160.c"
"0x00471170","_Find_unchecked<>",38,1,"undefined __cdecl _Find_unchecked<>(int * param_1, int * param_2, int * param_3)",false,false,true,"pseudocode/00471170.c"
"0x004711a0","FUN_004711a0",105,1,"int * __cdecl FUN_004711a0(int * param_1, int * param_2, int * param_3)",false,false,true,"pseudocode/004711a0.c"
"0x00471210","FUN_00471210",103,1,"undefined __stdcall FUN_00471210(int * param_1)",false,false,true,"pseudocode/00471210.c"
"0x00471280","FUN_00471280",73,1,"undefined4 * __stdcall FUN_00471280(void)",false,false,true,"pseudocode/00471280.c"
"0x004712d0","FUN_004712d0",213,1,"int * __stdcall FUN_004712d0(void)",false,false,true,"pseudocode/004712d0.c"
"0x004713b0","__ExceptionPtrDestroy",16,1,"void __cdecl __ExceptionPtrDestroy(void * param_1)",false,false,true,"pseudocode/004713b0.c"
"0x004713c0","FUN_004713c0",79,1,"uint * __fastcall FUN_004713c0(uint * param_1)",false,false,true,"pseudocode/004713c0.c"
"0x00471410","FUN_00471410",106,1,"undefined4 * __fastcall FUN_00471410(undefined4 * param_1)",false,false,true,"pseudocode/00471410.c"
"0x00471480","FUN_00471480",307,1,"undefined4 * __fastcall FUN_00471480(undefined4 * param_1)",false,false,true,"pseudocode/00471480.c"
"0x004715c0","FUN_004715c0",447,1,"undefined4 * __fastcall FUN_004715c0(undefined4 * param_1)",false,false,true,"pseudocode/004715c0.c"
"0x00471790","FUN_00471790",319,1,"undefined4 * __fastcall FUN_00471790(undefined4 * param_1)",false,false,true,"pseudocode/00471790.c"
"0x004718d0","FUN_004718d0",112,1,"undefined4 * __thiscall FUN_004718d0(undefined4 param_1, undefined4 param_2, undefined4 param_3, undefined4 param_4, undefined4 param_5, undefined4 param_6)",false,false,true,"pseudocode/004718d0.c"
"0x00471940","FUN_00471940",64,1,"undefined4 * __fastcall FUN_00471940(undefined4 * param_1)",false,false,true,"pseudocode/00471940.c"
"0x00471980","FUN_00471980",691,1,"undefined __fastcall FUN_00471980(undefined4 * param_1)",false,false,true,"pseudocode/00471980.c"
"0x00471c40","FUN_00471c40",80,1,"undefined __fastcall FUN_00471c40(int param_1)",false,false,true,"pseudocode/00471c40.c"
"0x00471ca0","FUN_00471ca0",266,1,"undefined __fastcall FUN_00471ca0(int * param_1)",false,false,true,"pseudocode/00471ca0.c"
"0x00471db0","FUN_00471db0",172,1,"void * __thiscall FUN_00471db0(void * param_1, float param_2)",false,false,true,"pseudocode/00471db0.c"
"0x00471e60","FUN_00471e60",226,1,"void * __thiscall FUN_00471e60(void * param_1, float * param_2)",false,false,true,"pseudocode/00471e60.c"
"0x00471f50","FUN_00471f50",226,1,"void * __thiscall FUN_00471f50(void * param_1, float * param_2)",false,false,true,"pseudocode/00471f50.c"
"0x00472040","FUN_00472040",25,1,"int __thiscall FUN_00472040(int param_1)",false,false,true,"pseudocode/00472040.c"
"0x00472060","FUN_00472060",47,1,"float * __thiscall FUN_00472060(float param_1)",false,false,true,"pseudocode/00472060.c"
"0x00472090","FUN_00472090",49,1,"undefined4 * __thiscall FUN_00472090(uint param_1)",false,false,true,"pseudocode/00472090.c"
"0x004720d0","`scalar_deleting_destructor'",46,1,"void * __thiscall `scalar_deleting_destructor'(uint param_1)",false,false,true,"pseudocode/004720d0.c"
"0x00472100","FUN_00472100",473,1,"undefined __fastcall FUN_00472100(int param_1)",false,false,true,"pseudocode/00472100.c"
"0x004722e0","FUN_004722e0",1375,1,"undefined __fastcall FUN_004722e0(int param_1)",false,false,true,"pseudocode/004722e0.c"
"0x00472840","FUN_00472840",452,1,"undefined4 * __cdecl FUN_00472840(undefined4 * param_1)",false,false,true,"pseudocode/00472840.c"
"0x00472a10","FUN_00472a10",32,1,"undefined __fastcall FUN_00472a10(int param_1)",false,false,true,"pseudocode/00472a10.c"
"0x00472a30","FUN_00472a30",732,1,"undefined4 __fastcall FUN_00472a30(void * param_1)",false,false,true,"pseudocode/00472a30.c"
"0x00472d10","FUN_00472d10",1063,1,"undefined __fastcall FUN_00472d10(void * param_1)",false,false,true,"pseudocode/00472d10.c"
"0x00473140","FUN_00473140",24,1,"undefined __fastcall FUN_00473140(int param_1)",false,false,true,"pseudocode/00473140.c"
"0x00473160","FUN_00473160",661,1,"undefined4 __thiscall FUN_00473160(int param_1, int param_2)",false,false,true,"pseudocode/00473160.c"
"0x00473400","FUN_00473400",137,1,"undefined __fastcall FUN_00473400(int param_1)",false,false,true,"pseudocode/00473400.c"
"0x00473490","FUN_00473490",250,1,"undefined __fastcall FUN_00473490(int param_1)",false,false,true,"pseudocode/00473490.c"
"0x00473590","FUN_00473590",1070,3,"float * __thiscall FUN_00473590(float * param_1)",false,false,true,"pseudocode/00473590.c"
"0x004739d0","FUN_004739d0",13,1,"undefined __cdecl FUN_004739d0(int param_1)",false,false,true,"pseudocode/004739d0.c"
"0x004739e0","FUN_004739e0",305,1,"undefined4 __fastcall FUN_004739e0(int param_1)",false,false,true,"pseudocode/004739e0.c"
"0x00473b20","FUN_00473b20",3153,1,"undefined __stdcall FUN_00473b20(float * param_1, float param_2, void * param_3)",false,false,true,"pseudocode/00473b20.c"
"0x00474780","FUN_00474780",212,1,"undefined __thiscall FUN_00474780(int param_1)",false,false,true,"pseudocode/00474780.c"
"0x00474860","FUN_00474860",13,1,"undefined __cdecl FUN_00474860(void * param_1)",false,false,true,"pseudocode/00474860.c"
"0x00474870","FUN_00474870",13,1,"undefined __cdecl FUN_00474870(void * param_1)",false,false,true,"pseudocode/00474870.c"
"0x00474880","FUN_00474880",1109,3,"undefined __thiscall FUN_00474880(int param_1)",false,false,true,"pseudocode/00474880.c"
"0x00474ce0","FUN_00474ce0",92,1,"undefined __fastcall FUN_00474ce0(int param_1)",false,false,true,"pseudocode/00474ce0.c"
"0x00474d40","FUN_00474d40",17,1,"float10 __fastcall FUN_00474d40(int param_1)",false,false,true,"pseudocode/00474d40.c"
"0x00474d60","FUN_00474d60",25,1,"undefined __fastcall FUN_00474d60(int param_1)",false,false,true,"pseudocode/00474d60.c"
"0x00474d80","FUN_00474d80",73,1,"undefined4 __fastcall FUN_00474d80(int param_1)",false,false,true,"pseudocode/00474d80.c"
"0x00474dd0","FUN_00474dd0",42,1,"bool __fastcall FUN_00474dd0(int param_1)",false,false,true,"pseudocode/00474dd0.c"
"0x00474e00","FUN_00474e00",20,1,"uint __fastcall FUN_00474e00(int param_1)",false,false,true,"pseudocode/00474e00.c"
"0x00474e20","FUN_00474e20",20,1,"undefined4 __fastcall FUN_00474e20(int param_1)",false,false,true,"pseudocode/00474e20.c"
"0x00474e40","FUN_00474e40",36,1,"undefined4 __thiscall FUN_00474e40(int param_1)",false,false,true,"pseudocode/00474e40.c"
"0x00474e70","FUN_00474e70",555,1,"undefined4 __thiscall FUN_00474e70(int param_1)",false,false,true,"pseudocode/00474e70.c"
"0x004750a0","FUN_004750a0",119,1,"undefined __fastcall FUN_004750a0(CMFCPropertyPage * param_1)",false,false,true,"pseudocode/004750a0.c"
"0x00475120","FUN_00475120",37,1,"undefined __fastcall FUN_00475120(int param_1)",false,false,true,"pseudocode/00475120.c"
"0x00475150","FUN_00475150",17,1,"undefined __fastcall FUN_00475150(undefined1 * param_1)",false,false,true,"pseudocode/00475150.c"
"0x00475170","CommonInit",63,1,"void __thiscall CommonInit(void)",false,false,true,"pseudocode/00475170.c"
"0x004751b0","FUN_004751b0",8557,3,"undefined __fastcall FUN_004751b0(undefined4 * param_1)",false,false,true,"pseudocode/004751b0.c"
"0x004773c0","FUN_004773c0",133,1,"undefined __thiscall FUN_004773c0(int param_1)",false,false,true,"pseudocode/004773c0.c"
"0x00477450","FUN_00477450",34,1,"undefined __thiscall FUN_00477450(undefined4 param_1)",false,false,true,"pseudocode/00477450.c"
"0x00477480","FUN_00477480",160,1,"undefined __thiscall FUN_00477480(undefined4 param_1)",false,false,true,"pseudocode/00477480.c"
"0x00477520","FUN_00477520",285,1,"undefined __thiscall FUN_00477520(int param_1)",false,false,true,"pseudocode/00477520.c"
"0x00477640","FUN_00477640",38,1,"undefined __thiscall FUN_00477640(undefined4 param_1)",false,false,true,"pseudocode/00477640.c"
"0x00477670","FUN_00477670",33,1,"undefined __thiscall FUN_00477670(undefined4 * param_1)",false,false,true,"pseudocode/00477670.c"
"0x004776a0","FUN_004776a0",25,1,"undefined __thiscall FUN_004776a0(undefined4 param_1)",false,false,true,"pseudocode/004776a0.c"
"0x004776c0","FUN_004776c0",130,1,"undefined __thiscall FUN_004776c0(undefined4 param_1, undefined4 param_2, undefined4 * param_3)",false,false,true,"pseudocode/004776c0.c"
"0x00477750","FUN_00477750",25,1,"undefined __thiscall FUN_00477750(undefined4 param_1)",false,false,true,"pseudocode/00477750.c"
"0x00477770","FUN_00477770",25,1,"undefined __thiscall FUN_00477770(undefined1 param_1)",false,false,true,"pseudocode/00477770.c"
"0x00477790","FUN_00477790",45,1,"undefined __thiscall FUN_00477790(uint param_1)",false,false,true,"pseudocode/00477790.c"
"0x004777c0","FUN_004777c0",47,1,"undefined __thiscall FUN_004777c0(undefined4 param_1)",false,false,true,"pseudocode/004777c0.c"
"0x004777f0","FUN_004777f0",47,1,"undefined __thiscall FUN_004777f0(undefined4 param_1)",false,false,true,"pseudocode/004777f0.c"
"0x00477820","FUN_00477820",30,1,"undefined __thiscall FUN_00477820(undefined4 * param_1)",false,false,true,"pseudocode/00477820.c"
"0x00477840","FUN_00477840",28,1,"undefined4 __thiscall FUN_00477840(undefined4 param_1)",false,false,true,"pseudocode/00477840.c"
"0x00477860","FUN_00477860",28,1,"undefined __fastcall FUN_00477860(int param_1)",false,false,true,"pseudocode/00477860.c"
"0x00477880","FUN_00477880",94,2,"undefined4 * __cdecl FUN_00477880(int param_1, int param_2)",false,false,true,"pseudocode/00477880.c"
"0x004778e0","FUN_004778e0",48,1,"undefined __fastcall FUN_004778e0(int param_1)",false,false,true,"pseudocode/004778e0.c"
"0x00477910","FUN_00477910",68,1,"undefined __fastcall FUN_00477910(int param_1)",false,false,true,"pseudocode/00477910.c"
"0x00477960","FUN_00477960",67,1,"undefined4 * __stdcall FUN_00477960(void)",false,false,true,"pseudocode/00477960.c"
"0x004779b0","FUN_004779b0",167,1,"undefined4 * __fastcall FUN_004779b0(undefined4 * param_1)",false,false,true,"pseudocode/004779b0.c"
"0x00477a60","FUN_00477a60",118,1,"undefined __fastcall FUN_00477a60(undefined4 * param_1)",false,false,true,"pseudocode/00477a60.c"
"0x00477ae0","FUN_00477ae0",149,1,"undefined __fastcall FUN_00477ae0(undefined4 * param_1)",false,false,true,"pseudocode/00477ae0.c"
"0x00477b80","FUN_00477b80",38,1,"undefined4 * __thiscall FUN_00477b80(undefined4 * param_1)",false,false,true,"pseudocode/00477b80.c"
"0x00477bb0","FUN_00477bb0",49,1,"undefined4 * __thiscall FUN_00477bb0(uint param_1)",false,false,true,"pseudocode/00477bb0.c"
"0x00477bf0","FUN_00477bf0",46,1,"undefined4 * __thiscall FUN_00477bf0(uint param_1)",false,false,true,"pseudocode/00477bf0.c"
"0x00477c20","FUN_00477c20",130,1,"undefined4 __fastcall FUN_00477c20(int param_1)",false,false,true,"pseudocode/00477c20.c"
"0x00477cb0","FUN_00477cb0",45,1,"undefined4 __fastcall FUN_00477cb0(int param_1)",false,false,true,"pseudocode/00477cb0.c"
"0x00477ce0","FUN_00477ce0",15,1,"undefined4 __stdcall FUN_00477ce0(void)",false,false,true,"pseudocode/00477ce0.c"
"0x00477cf0","FUN_00477cf0",64,1,"undefined4 __thiscall FUN_00477cf0(undefined4 param_1, undefined4 param_2)",false,false,true,"pseudocode/00477cf0.c"
"0x00477d30","FUN_00477d30",139,1,"undefined4 __thiscall FUN_00477d30(undefined4 param_1)",false,false,true,"pseudocode/00477d30.c"
"0x00477dc0","FUN_00477dc0",100,1,"undefined4 __thiscall FUN_00477dc0(undefined4 param_1)",false,false,true,"pseudocode/00477dc0.c"
"0x00477e30","FUN_00477e30",199,1,"undefined4 __fastcall FUN_00477e30(int param_1)",false,false,true,"pseudocode/00477e30.c"
"0x00477f00","FUN_00477f00",56,1,"undefined4 __fastcall FUN_00477f00(int param_1)",false,false,true,"pseudocode/00477f00.c"
"0x00477f40","FUN_00477f40",28,1,"undefined __thiscall FUN_00477f40(int param_1)",false,false,true,"pseudocode/00477f40.c"
"0x00477f60","FUN_00477f60",75,1,"undefined __thiscall FUN_00477f60(int param_1)",false,false,true,"pseudocode/00477f60.c"
"0x00477fb0","FUN_00477fb0",13,1,"undefined __cdecl FUN_00477fb0(int param_1)",false,false,true,"pseudocode/00477fb0.c"
"0x00477fc0","FUN_00477fc0",13,1,"undefined __cdecl FUN_00477fc0(int param_1)",false,false,true,"pseudocode/00477fc0.c"
"0x00477fd0","FUN_00477fd0",27,1,"undefined __cdecl FUN_00477fd0(int param_1)",false,false,true,"pseudocode/00477fd0.c"
"0x00477ff0","FUN_00477ff0",73,1,"undefined4 __fastcall FUN_00477ff0(int param_1)",false,false,true,"pseudocode/00477ff0.c"
"0x00478040","FUN_00478040",26,1,"undefined __cdecl FUN_00478040(int param_1)",false,false,true,"pseudocode/00478040.c"
"0x00478060","FUN_00478060",26,1,"undefined __cdecl FUN_00478060(int param_1)",false,false,true,"pseudocode/00478060.c"
"0x00478080","FUN_00478080",20,1,"undefined4 __fastcall FUN_00478080(int param_1)",false,false,true,"pseudocode/00478080.c"
"0x004780a0","FUN_004780a0",131,1,"undefined1 __fastcall FUN_004780a0(int param_1)",false,false,true,"pseudocode/004780a0.c"
"0x00478130","FUN_00478130",42,1,"bool __fastcall FUN_00478130(int param_1)",false,false,true,"pseudocode/00478130.c"
"0x00478160","FUN_00478160",44,1,"bool __fastcall FUN_00478160(int param_1)",false,false,true,"pseudocode/00478160.c"
"0x00478190","FUN_00478190",200,1,"undefined __fastcall FUN_00478190(int param_1)",false,false,true,"pseudocode/00478190.c"
"0x00478260","FUN_00478260",45,1,"undefined __thiscall FUN_00478260(uint param_1)",false,false,true,"pseudocode/00478260.c"
"0x00478290","FUN_00478290",54,1,"undefined __thiscall FUN_00478290(undefined4 param_1)",false,false,true,"pseudocode/00478290.c"
"0x004782d0","FUN_004782d0",45,1,"undefined __thiscall FUN_004782d0(undefined4 param_1)",false,false,true,"pseudocode/004782d0.c"
"0x00478300","FUN_00478300",121,2,"undefined4 * __cdecl FUN_00478300(int param_1)",false,false,true,"pseudocode/00478300.c"
"0x00478380","FUN_00478380",20,1,"undefined __cdecl FUN_00478380(void * param_1)",false,false,true,"pseudocode/00478380.c"
"0x004783a0","FUN_004783a0",135,1,"undefined4 * __stdcall FUN_004783a0(void)",false,false,true,"pseudocode/004783a0.c"
"0x00478430","FUN_00478430",162,1,"undefined4 * __fastcall FUN_00478430(undefined4 * param_1)",false,false,true,"pseudocode/00478430.c"
"0x004784e0","FUN_004784e0",74,1,"undefined4 * __fastcall FUN_004784e0(undefined4 * param_1)",false,false,true,"pseudocode/004784e0.c"
"0x00478530","FUN_00478530",142,1,"undefined4 * __fastcall FUN_00478530(undefined4 * param_1)",false,false,true,"pseudocode/00478530.c"
"0x004785c0","FUN_004785c0",20,1,"undefined __fastcall FUN_004785c0(undefined4 * param_1)",false,false,true,"pseudocode/004785c0.c"
"0x004785e0","FUN_004785e0",46,1,"bool __thiscall FUN_004785e0(int param_1)",false,false,true,"pseudocode/004785e0.c"
"0x00478610","FUN_00478610",39,1,"undefined4 __stdcall FUN_00478610(void * param_1)",false,false,true,"pseudocode/00478610.c"
"0x00478640","FUN_00478640",49,1,"undefined4 * __thiscall FUN_00478640(uint param_1)",false,false,true,"pseudocode/00478640.c"
"0x00478680","FUN_00478680",1385,2,"undefined __fastcall FUN_00478680(int param_1)",false,false,true,"pseudocode/00478680.c"
"0x00478bf0","FUN_00478bf0",16,1,"undefined4 __stdcall FUN_00478bf0(void)",false,false,true,"pseudocode/00478bf0.c"
"0x00478c00","FUN_00478c00",500,1,"undefined __stdcall FUN_00478c00(void)",false,false,true,"pseudocode/00478c00.c"
"0x00478e00","FUN_00478e00",61,1,"undefined4 __thiscall FUN_00478e00(int param_1)",false,false,true,"pseudocode/00478e00.c"
"0x00478e40","FUN_00478e40",53,1,"undefined4 __fastcall FUN_00478e40(undefined4 * param_1)",false,false,true,"pseudocode/00478e40.c"
"0x00478e80","FUN_00478e80",26,1,"undefined __cdecl FUN_00478e80(int param_1)",false,false,true,"pseudocode/00478e80.c"
"0x00478ea0","FUN_00478ea0",26,1,"undefined __cdecl FUN_00478ea0(int param_1)",false,false,true,"pseudocode/00478ea0.c"
"0x00478ec0","FUN_00478ec0",26,1,"undefined __cdecl FUN_00478ec0(int param_1)",false,false,true,"pseudocode/00478ec0.c"
"0x00478ee0","FUN_00478ee0",26,1,"undefined __cdecl FUN_00478ee0(int param_1)",false,false,true,"pseudocode/00478ee0.c"
"0x00478f00","FUN_00478f00",103,1,"undefined4 * __thiscall FUN_00478f00(undefined4 * param_1)",false,false,true,"pseudocode/00478f00.c"
"0x00478f70","FUN_00478f70",163,1,"undefined __thiscall FUN_00478f70(void * param_1)",false,false,true,"pseudocode/00478f70.c"
"0x00479020","FUN_00479020",19,1,"int __fastcall FUN_00479020(int param_1)",false,false,true,"pseudocode/00479020.c"
"0x00479040","FUN_00479040",22,1,"undefined __fastcall FUN_00479040(void * param_1)",false,false,true,"pseudocode/00479040.c"
"0x00479060","FUN_00479060",32,1,"undefined __thiscall FUN_00479060(int param_1)",false,false,true,"pseudocode/00479060.c"
"0x00479080","FUN_00479080",29,1,"undefined __thiscall FUN_00479080(undefined4 param_1)",false,false,true,"pseudocode/00479080.c"
"0x004790a0","FUN_004790a0",26,1,"undefined __fastcall FUN_004790a0(int param_1)",false,false,true,"pseudocode/004790a0.c"
"0x004790c0","FUN_004790c0",26,1,"undefined __fastcall FUN_004790c0(int param_1)",false,false,true,"pseudocode/004790c0.c"
"0x004790e0","FUN_004790e0",61,1,"undefined4 * __stdcall FUN_004790e0(undefined4 * param_1, uint * param_2, int param_3, float * param_4, undefined4 param_5, int param_6, undefined4 * param_7)",false,false,true,"pseudocode/004790e0.c"
"0x00479120","FUN_00479120",21,1,"undefined __stdcall FUN_00479120(void)",false,false,true,"pseudocode/00479120.c"
"0x00479140","FUN_00479140",135,1,"undefined4 * __stdcall FUN_00479140(void)",false,false,true,"pseudocode/00479140.c"
"0x004791d0","FUN_004791d0",166,1,"undefined4 * __fastcall FUN_004791d0(undefined4 * param_1)",false,false,true,"pseudocode/004791d0.c"
"0x00479280","FUN_00479280",102,1,"undefined4 * __fastcall FUN_00479280(undefined4 * param_1)",false,false,true,"pseudocode/00479280.c"
"0x004792f0","FUN_004792f0",36,1,"undefined4 __fastcall FUN_004792f0(undefined4 param_1)",false,false,true,"pseudocode/004792f0.c"
"0x00479320","FUN_00479320",49,1,"undefined4 * __thiscall FUN_00479320(uint param_1)",false,false,true,"pseudocode/00479320.c"
"0x00479360","FUN_00479360",1279,1,"undefined __stdcall FUN_00479360(void)",false,false,true,"pseudocode/00479360.c"
"0x00479860","FUN_00479860",1456,1,"undefined __fastcall FUN_00479860(int param_1)",false,false,true,"pseudocode/00479860.c"
"0x00479e10","FUN_00479e10",371,1,"undefined __fastcall FUN_00479e10(undefined4 * param_1)",false,false,true,"pseudocode/00479e10.c"
"0x00479f90","FUN_00479f90",55,1,"undefined __fastcall FUN_00479f90(int param_1)",false,false,true,"pseudocode/00479f90.c"
"0x00479fd0","FUN_00479fd0",192,1,"undefined4 __stdcall FUN_00479fd0(void)",false,false,true,"pseudocode/00479fd0.c"
"0x0047a090","FUN_0047a090",277,1,"undefined __thiscall FUN_0047a090(undefined4 param_1, undefined4 * param_2, undefined4 param_3)",false,false,true,"pseudocode/0047a090.c"
"0x0047a1b0","FUN_0047a1b0",53,1,"undefined4 __fastcall FUN_0047a1b0(undefined4 * param_1)",false,false,true,"pseudocode/0047a1b0.c"
"0x0047a1f0","FUN_0047a1f0",28,1,"undefined __fastcall FUN_0047a1f0(float * param_1)",false,false,true,"pseudocode/0047a1f0.c"
"0x0047a210","FUN_0047a210",34,1,"undefined __thiscall FUN_0047a210(float param_1)",false,false,true,"pseudocode/0047a210.c"
"0x0047a240","FUN_0047a240",78,1,"undefined __thiscall FUN_0047a240(float param_1)",false,false,true,"pseudocode/0047a240.c"
"0x0047a2a0","FUN_0047a2a0",25,1,"undefined __cdecl FUN_0047a2a0(float * param_1)",false,false,true,"pseudocode/0047a2a0.c"
"0x0047a2c0","FUN_0047a2c0",25,1,"undefined __fastcall FUN_0047a2c0(int param_1)",false,false,true,"pseudocode/0047a2c0.c"
"0x0047a2e0","FUN_0047a2e0",55,1,"undefined __cdecl FUN_0047a2e0(float * param_1, float * param_2)",false,false,true,"pseudocode/0047a2e0.c"
"0x0047a320","FUN_0047a320",17,1,"float10 __fastcall FUN_0047a320(int param_1)",false,false,true,"pseudocode/0047a320.c"
"0x0047a340","FUN_0047a340",45,1,"bool __fastcall FUN_0047a340(undefined4 * param_1)",false,false,true,"pseudocode/0047a340.c"
"0x0047a370","FUN_0047a370",97,1,"undefined4 __fastcall FUN_0047a370(int param_1)",false,false,true,"pseudocode/0047a370.c"
"0x0047a3e0","FUN_0047a3e0",25,1,"undefined __fastcall FUN_0047a3e0(int param_1)",false,false,true,"pseudocode/0047a3e0.c"
"0x0047a400","FUN_0047a400",156,1,"undefined4 __thiscall FUN_0047a400(float param_1, float param_2, float param_3, float param_4)",false,false,true,"pseudocode/0047a400.c"
"0x0047a4a0","FUN_0047a4a0",26,1,"undefined __fastcall FUN_0047a4a0(int param_1)",false,false,true,"pseudocode/0047a4a0.c"
"0x0047a4c0","FUN_0047a4c0",29,1,"undefined __fastcall FUN_0047a4c0(int param_1)",false,false,true,"pseudocode/0047a4c0.c"
"0x0047a4e0","FUN_0047a4e0",25,1,"undefined __thiscall FUN_0047a4e0(undefined4 param_1)",false,false,true,"pseudocode/0047a4e0.c"
"0x0047a500","FUN_0047a500",26,1,"undefined __fastcall FUN_0047a500(int param_1)",false,false,true,"pseudocode/0047a500.c"
"0x0047a520","FUN_0047a520",26,1,"undefined __thiscall FUN_0047a520(undefined4 param_1)",false,false,true,"pseudocode/0047a520.c"
"0x0047a540","FUN_0047a540",26,1,"undefined __thiscall FUN_0047a540(undefined4 param_1)",false,false,true,"pseudocode/0047a540.c"
"0x0047a560","FUN_0047a560",78,1,"undefined __thiscall FUN_0047a560(float param_1)",false,false,true,"pseudocode/0047a560.c"
"0x0047a5c0","FUN_0047a5c0",26,1,"undefined __thiscall FUN_0047a5c0(undefined4 param_1)",false,false,true,"pseudocode/0047a5c0.c"
"0x0047a5e0","FUN_0047a5e0",38,1,"undefined __thiscall FUN_0047a5e0(undefined4 * param_1)",false,false,true,"pseudocode/0047a5e0.c"
"0x0047a610","FUN_0047a610",21,1,"undefined __stdcall FUN_0047a610(void)",false,false,true,"pseudocode/0047a610.c"
"0x0047a630","FUN_0047a630",35,1,"float10 __cdecl FUN_0047a630(float param_1)",false,false,true,"pseudocode/0047a630.c"
"0x0047a660","FUN_0047a660",173,1,"_Ref_count_base * __thiscall FUN_0047a660(undefined4 param_1)",false,false,true,"pseudocode/0047a660.c"
"0x0047a710","FUN_0047a710",78,1,"void * __thiscall FUN_0047a710(undefined4 param_1)",false,false,true,"pseudocode/0047a710.c"
"0x0047a770","FUN_0047a770",28,1,"undefined4 __thiscall FUN_0047a770(undefined4 param_1)",false,false,true,"pseudocode/0047a770.c"
"0x0047a790","FUN_0047a790",56,1,"undefined __fastcall FUN_0047a790(undefined4 * param_1)",false,false,true,"pseudocode/0047a790.c"
"0x0047a7d0","FUN_0047a7d0",65,1,"undefined4 * __thiscall FUN_0047a7d0(undefined4 param_1)",false,false,true,"pseudocode/0047a7d0.c"
"0x0047a820","FUN_0047a820",30,1,"void * __cdecl FUN_0047a820(void * param_1, void * param_2)",false,false,true,"pseudocode/0047a820.c"
"0x0047a840","FUN_0047a840",19,1,"undefined __cdecl FUN_0047a840(void * param_1, uint * param_2)",false,false,true,"pseudocode/0047a840.c"
"0x0047a860","FUN_0047a860",26,1,"undefined __cdecl FUN_0047a860(undefined4 param_1)",false,false,true,"pseudocode/0047a860.c"
"0x0047a880","FUN_0047a880",65,1,"undefined __cdecl FUN_0047a880(undefined4 param_1, undefined4 param_2)",false,false,true,"pseudocode/0047a880.c"
"0x0047a8d0","FUN_0047a8d0",470,1,"undefined __thiscall FUN_0047a8d0(undefined4 * param_1, uint param_2)",false,false,true,"pseudocode/0047a8d0.c"
"0x0047aab0","FUN_0047aab0",124,1,"undefined __cdecl FUN_0047aab0(undefined4 param_1, undefined4 param_2)",false,false,true,"pseudocode/0047aab0.c"
"0x0047ab30","FUN_0047ab30",43,1,"undefined __thiscall FUN_0047ab30(undefined4 * param_1)",false,false,true,"pseudocode/0047ab30.c"
"0x0047ab60","FUN_0047ab60",73,1,"undefined __cdecl FUN_0047ab60(undefined4 param_1, int param_2)",false,false,true,"pseudocode/0047ab60.c"
"0x0047abb0","FUN_0047abb0",96,1,"undefined4 * __cdecl FUN_0047abb0(undefined4 * param_1, int param_2, undefined4 * param_3)",false,false,true,"pseudocode/0047abb0.c"
"0x0047ac10","_Deallocate_plain<class_std::allocator<struct_std::_Container_proxy>_>",67,1,"void __cdecl _Deallocate_plain<class_std::allocator<struct_std::_Container_proxy>_>(allocator<struct_std::_Container_proxy> * param_1, _Container_proxy * param_2)",false,false,true,"pseudocode/0047ac10.c"
"0x0047ac60","FUN_0047ac60",71,1,"undefined __fastcall FUN_0047ac60(int param_1)",false,false,true,"pseudocode/0047ac60.c"
"0x0047acb0","FUN_0047acb0",92,1,"undefined __thiscall FUN_0047acb0(undefined4 param_1)",false,false,true,"pseudocode/0047acb0.c"
"0x0047ad10","FUN_0047ad10",92,1,"undefined __thiscall FUN_0047ad10(undefined4 param_1)",false,false,true,"pseudocode/0047ad10.c"
"0x0047ad70","FUN_0047ad70",40,1,"int __cdecl FUN_0047ad70(uint param_1)",false,false,true,"pseudocode/0047ad70.c"
"0x0047ada0","_Move_construct_from<struct__EXCEPTION_RECORD_const_>",54,1,"void __thiscall _Move_construct_from<struct__EXCEPTION_RECORD_const_>(_Ptr_base<struct__EXCEPTION_RECORD_const_> * param_1)",false,false,true,"pseudocode/0047ada0.c"
"0x0047ade0","FUN_0047ade0",251,1,"undefined __thiscall FUN_0047ade0(uint param_1)",false,false,true,"pseudocode/0047ade0.c"
"0x0047aee0","FUN_0047aee0",331,1,"undefined __thiscall FUN_0047aee0(uint param_1)",false,false,true,"pseudocode/0047aee0.c"
"0x0047b030","FUN_0047b030",30,1,"undefined __thiscall FUN_0047b030(undefined4 param_1, undefined4 param_2)",false,false,true,"pseudocode/0047b030.c"
"0x0047b050","FUN_0047b050",196,1,"undefined __cdecl FUN_0047b050(undefined4 param_1, int param_2, undefined4 param_3, undefined4 param_4)",false,false,true,"pseudocode/0047b050.c"
"0x0047b120","FUN_0047b120",200,1,"undefined __cdecl FUN_0047b120(undefined4 param_1, undefined4 param_2, undefined4 param_3, undefined4 param_4)",false,false,true,"pseudocode/0047b120.c"
"0x0047b1f0","FUN_0047b1f0",155,1,"undefined __cdecl FUN_0047b1f0(undefined4 param_1, int param_2, undefined4 param_3)",false,false,true,"pseudocode/0047b1f0.c"
"0x0047b290","FUN_0047b290",223,1,"undefined __cdecl FUN_0047b290(_Ptr_base<struct__EXCEPTION_RECORD_const_> * param_1, undefined4 param_2)",false,false,true,"pseudocode/0047b290.c"
"0x0047b370","FUN_0047b370",78,1,"undefined __cdecl FUN_0047b370(undefined4 param_1, undefined4 param_2)",false,false,true,"pseudocode/0047b370.c"
"0x0047b3c0","FUN_0047b3c0",78,1,"undefined __cdecl FUN_0047b3c0(undefined4 param_1, undefined4 param_2)",false,false,true,"pseudocode/0047b3c0.c"
"0x0047b410","FUN_0047b410",17,1,"undefined __cdecl FUN_0047b410(undefined4 param_1, undefined4 param_2)",false,false,true,"pseudocode/0047b410.c"
"0x0047b430","FUN_0047b430",18,1,"undefined __stdcall FUN_0047b430(void)",false,false,true,"pseudocode/0047b430.c"
"0x0047b450","FUN_0047b450",65,1,"undefined __stdcall FUN_0047b450(void)",false,false,true,"pseudocode/0047b450.c"
"0x0047b4a0","FUN_0047b4a0",31,1,"undefined __cdecl FUN_0047b4a0(undefined4 param_1, undefined4 param_2, undefined4 param_3)",false,false,true,"pseudocode/0047b4a0.c"
"0x0047b4c0","FUN_0047b4c0",78,1,"undefined __stdcall FUN_0047b4c0(undefined4 param_1, undefined4 param_2)",false,false,true,"pseudocode/0047b4c0.c"
"0x0047b510","FUN_0047b510",31,1,"undefined __cdecl FUN_0047b510(undefined4 param_1, undefined4 param_2, undefined4 param_3)",false,false,true,"pseudocode/0047b510.c"
"0x0047b530","FUN_0047b530",78,1,"undefined __stdcall FUN_0047b530(undefined4 param_1, undefined4 param_2)",false,false,true,"pseudocode/0047b530.c"
"0x0047b580","FUN_0047b580",33,1,"undefined __cdecl FUN_0047b580(undefined4 param_1)",false,false,true,"pseudocode/0047b580.c"
"0x0047b5b0","FUN_0047b5b0",54,1,"undefined __cdecl FUN_0047b5b0(undefined4 param_1, undefined4 param_2)",false,false,true,"pseudocode/0047b5b0.c"
"0x0047b5f0","FUN_0047b5f0",73,1,"undefined4 * __stdcall FUN_0047b5f0(void)",false,false,true,"pseudocode/0047b5f0.c"
"0x0047b640","FUN_0047b640",17,1,"undefined __cdecl FUN_0047b640(undefined4 param_1, void * param_2)",false,false,true,"pseudocode/0047b640.c"
"0x0047b660","__ExceptionPtrDestroy",16,1,"void __cdecl __ExceptionPtrDestroy(void * param_1)",false,false,true,"pseudocode/0047b660.c"
"0x0047b670","FUN_0047b670",29,1,"void * __cdecl FUN_0047b670(void * param_1, undefined4 param_2)",false,false,true,"pseudocode/0047b670.c"
"0x0047b690","FUN_0047b690",13,1,"undefined __cdecl FUN_0047b690(undefined4 * param_1)",false,false,true,"pseudocode/0047b690.c"
"0x0047b6a0","FUN_0047b6a0",17,1,"undefined __cdecl FUN_0047b6a0(void * param_1, undefined4 param_2)",false,false,true,"pseudocode/0047b6a0.c"
"0x0047b6c0","FUN_0047b6c0",33,1,"void * __cdecl FUN_0047b6c0(void * param_1, undefined4 param_2, undefined4 param_3)",false,false,true,"pseudocode/0047b6c0.c"
"0x0047b6f0","FUN_0047b6f0",31,1,"int * __thiscall FUN_0047b6f0(int param_1, int param_2)",false,false,true,"pseudocode/0047b6f0.c"
"0x0047b710","FUN_0047b710",33,1,"void * __thiscall FUN_0047b710(int param_1, int param_2)",false,false,true,"pseudocode/0047b710.c"
"0x0047b740","FUN_0047b740",75,1,"undefined4 __fastcall FUN_0047b740(undefined4 param_1)",false,false,true,"pseudocode/0047b740.c"
"0x0047b790","FUN_0047b790",44,1,"void * __fastcall FUN_0047b790(void * param_1)",false,false,true,"pseudocode/0047b790.c"
"0x0047b7c0","FUN_0047b7c0",78,1,"undefined4 __fastcall FUN_0047b7c0(undefined4 param_1)",false,false,true,"pseudocode/0047b7c0.c"
"0x0047b820","shared_ptr<struct__EXCEPTION_RECORD_const_>",46,1,"undefined __thiscall shared_ptr<struct__EXCEPTION_RECORD_const_>(shared_ptr<struct__EXCEPTION_RECORD_const_> * param_1)",false,false,true,"pseudocode/0047b820.c"
"0x0047b850","FUN_0047b850",37,1,"_Ptr_base<struct__EXCEPTION_RECORD_const_> * __thiscall FUN_0047b850(undefined4 * param_1)",false,false,true,"pseudocode/0047b850.c"
"0x0047b880","FUN_0047b880",23,1,"_Ptr_base<struct__EXCEPTION_RECORD_const_> * __fastcall FUN_0047b880(_Ptr_base<struct__EXCEPTION_RECORD_const_> * param_1)",false,false,true,"pseudocode/0047b880.c"
"0x0047b8a0","FUN_0047b8a0",386,1,"undefined4 * __fastcall FUN_0047b8a0(undefined4 * param_1)",false,false,true,"pseudocode/0047b8a0.c"
"0x0047ba30","FUN_0047ba30",106,1,"undefined4 * __fastcall FUN_0047ba30(undefined4 * param_1)",false,false,true,"pseudocode/0047ba30.c"
"0x0047baa0","FUN_0047baa0",141,1,"undefined4 * __fastcall FUN_0047baa0(undefined4 * param_1)",false,false,true,"pseudocode/0047baa0.c"
"0x0047bb30","FUN_0047bb30",95,1,"undefined4 * __fastcall FUN_0047bb30(undefined4 * param_1)",false,false,true,"pseudocode/0047bb30.c"
"0x0047bb90","FUN_0047bb90",255,1,"undefined4 * __fastcall FUN_0047bb90(undefined4 * param_1)",false,false,true,"pseudocode/0047bb90.c"
"0x0047bca0","FUN_0047bca0",127,1,"undefined4 * __fastcall FUN_0047bca0(undefined4 * param_1)",false,false,true,"pseudocode/0047bca0.c"
"0x0047bd20","FUN_0047bd20",106,1,"undefined4 * __fastcall FUN_0047bd20(undefined4 * param_1)",false,false,true,"pseudocode/0047bd20.c"
"0x0047bd90","FUN_0047bd90",106,1,"undefined4 * __fastcall FUN_0047bd90(undefined4 * param_1)",false,false,true,"pseudocode/0047bd90.c"
"0x0047be00","FUN_0047be00",556,1,"void * __fastcall FUN_0047be00(void * param_1)",false,false,true,"pseudocode/0047be00.c"
"0x0047c030","FUN_0047c030",246,1,"undefined4 * __fastcall FUN_0047c030(undefined4 * param_1)",false,false,true,"pseudocode/0047c030.c"
"0x0047c130","FUN_0047c130",180,1,"undefined4 * __fastcall FUN_0047c130(undefined4 * param_1)",false,false,true,"pseudocode/0047c130.c"
"0x0047c1f0","_Ref_count_base",34,1,"undefined __thiscall _Ref_count_base(void)",false,false,true,"pseudocode/0047c1f0.c"
"0x0047c220","FUN_0047c220",90,1,"undefined __fastcall FUN_0047c220(int param_1)",false,false,true,"pseudocode/0047c220.c"
"0x0047c280","FUN_0047c280",29,1,"undefined __fastcall FUN_0047c280(undefined4 * param_1)",false,false,true,"pseudocode/0047c280.c"
"0x0047c2a0","FUN_0047c2a0",78,1,"undefined __fastcall FUN_0047c2a0(undefined4 param_1)",false,false,true,"pseudocode/0047c2a0.c"
"0x0047c300","FUN_0047c300",20,1,"undefined __fastcall FUN_0047c300(int param_1)",false,false,true,"pseudocode/0047c300.c"
"0x0047c320","FUN_0047c320",20,1,"undefined __fastcall FUN_0047c320(_Compressed_pair<struct_std::default_delete<class_std::_Facet_base>,class_std::_Facet_base*,1> * param_1)",false,false,true,"pseudocode/0047c320.c"
"0x0047c340","FUN_0047c340",258,1,"undefined __fastcall FUN_0047c340(undefined4 * param_1)",false,false,true,"pseudocode/0047c340.c"
"0x0047c450","~<>",23,1,"undefined __fastcall ~<>(int param_1)",false,false,true,"pseudocode/0047c450.c"
"0x0047c470","FUN_0047c470",26,1,"undefined __fastcall FUN_0047c470(int param_1)",false,false,true,"pseudocode/0047c470.c"
"0x0047c490","FUN_0047c490",23,1,"undefined __fastcall FUN_0047c490(int param_1)",false,false,true,"pseudocode/0047c490.c"
"0x0047c4b0","FUN_0047c4b0",23,1,"undefined __fastcall FUN_0047c4b0(int param_1)",false,false,true,"pseudocode/0047c4b0.c"
"0x0047c4d0","FUN_0047c4d0",81,1,"undefined __fastcall FUN_0047c4d0(undefined4 * param_1)",false,false,true,"pseudocode/0047c4d0.c"
"0x0047c530","FUN_0047c530",63,1,"undefined4 * __stdcall FUN_0047c530(undefined4 param_1)",false,false,true,"pseudocode/0047c530.c"
"0x0047c570","FUN_0047c570",121,1,"_Compressed_pair<struct_std::default_delete<class_std::_Facet_base>,class_std::_Facet_base*,1> * __thiscall FUN_0047c570(_Compressed_pair<struct_std::default_delete<class_std::_Facet_base>,class_std::_Facet_base*,1> * param_1)",false,false,true,"pseudocode/0047c570.c"
"0x0047c5f0","FUN_0047c5f0",33,1,"undefined __thiscall FUN_0047c5f0(float param_1)",false,false,true,"pseudocode/0047c5f0.c"
"0x0047c620","FUN_0047c620",46,1,"bool __thiscall FUN_0047c620(int param_1)",false,false,true,"pseudocode/0047c620.c"
"0x0047c650","FUN_0047c650",45,1,"bool __thiscall FUN_0047c650(int param_1)",false,false,true,"pseudocode/0047c650.c"
"0x0047c680","FUN_0047c680",22,1,"int __thiscall FUN_0047c680(int param_1)",false,false,true,"pseudocode/0047c680.c"
"0x0047c6a0","FUN_0047c6a0",23,1,"int __thiscall FUN_0047c6a0(int param_1)",false,false,true,"pseudocode/0047c6a0.c"
"0x0047c6c0","FUN_0047c6c0",33,1,"int __thiscall FUN_0047c6c0(int param_1)",false,false,true,"pseudocode/0047c6c0.c"
"0x0047c6f0","FUN_0047c6f0",30,1,"int * __fastcall FUN_0047c6f0(int * param_1)",false,false,true,"pseudocode/0047c6f0.c"
"0x0047c710","FUN_0047c710",22,1,"int * __fastcall FUN_0047c710(int * param_1)",false,false,true,"pseudocode/0047c710.c"
"0x0047c730","FUN_0047c730",37,1,"int * __fastcall FUN_0047c730(int * param_1)",false,false,true,"pseudocode/0047c730.c"
"0x0047c760","FUN_0047c760",46,1,"undefined4 * __thiscall FUN_0047c760(uint param_1)",false,false,true,"pseudocode/0047c760.c"
"0x0047c790","FUN_0047c790",49,1,"undefined4 * __thiscall FUN_0047c790(uint param_1)",false,false,true,"pseudocode/0047c790.c"
"0x0047c7d0","`scalar_deleting_destructor'",46,1,"void * __thiscall `scalar_deleting_destructor'(uint param_1)",false,false,true,"pseudocode/0047c7d0.c"
"0x0047c800","FUN_0047c800",224,2,"bool __fastcall FUN_0047c800(int param_1)",false,false,true,"pseudocode/0047c800.c"
"0x0047c8f0","FUN_0047c8f0",662,1,"undefined __thiscall FUN_0047c8f0(int param_1)",false,false,true,"pseudocode/0047c8f0.c"
"0x0047cb90","FUN_0047cb90",242,1,"undefined __thiscall FUN_0047cb90(int param_1)",false,false,true,"pseudocode/0047cb90.c"
"0x0047cc90","FUN_0047cc90",707,1,"undefined __stdcall FUN_0047cc90(float * param_1, float * param_2, float param_3, int param_4, uint param_5)",false,false,true,"pseudocode/0047cc90.c"
"0x0047cf60","FUN_0047cf60",401,1,"undefined __thiscall FUN_0047cf60(float * param_1, float param_2, int param_3, int param_4, uint param_5)",false,false,true,"pseudocode/0047cf60.c"
"0x0047d100","FUN_0047d100",320,1,"undefined __thiscall FUN_0047d100(float * param_1, float param_2, int param_3)",false,false,true,"pseudocode/0047d100.c"
"0x0047d240","FUN_0047d240",388,1,"undefined __thiscall FUN_0047d240(float * param_1, float param_2)",false,false,true,"pseudocode/0047d240.c"
"0x0047d3d0","FUN_0047d3d0",419,1,"undefined __thiscall FUN_0047d3d0(float * param_1, int param_2)",false,false,true,"pseudocode/0047d3d0.c"
"0x0047d580","FUN_0047d580",119,2,"int __cdecl FUN_0047d580(int param_1, int param_2)",false,false,true,"pseudocode/0047d580.c"
"0x0047d600","FUN_0047d600",863,1,"undefined __fastcall FUN_0047d600(int param_1)",false,false,true,"pseudocode/0047d600.c"
"0x0047d960","FUN_0047d960",211,1,"undefined4 __fastcall FUN_0047d960(void * param_1)",false,false,true,"pseudocode/0047d960.c"
"0x0047da40","FUN_0047da40",291,1,"undefined __fastcall FUN_0047da40(void * param_1)",false,false,true,"pseudocode/0047da40.c"
"0x0047db70","FUN_0047db70",273,1,"undefined4 __thiscall FUN_0047db70(int param_1)",false,false,true,"pseudocode/0047db70.c"
"0x0047dc90","FUN_0047dc90",81,1,"undefined4 __fastcall FUN_0047dc90(void * param_1)",false,false,true,"pseudocode/0047dc90.c"
"0x0047dcf0","FUN_0047dcf0",12133,3,"undefined __fastcall FUN_0047dcf0(void * param_1)",false,false,true,"pseudocode/0047dcf0.c"
"0x00480d30","FUN_00480d30",50,1,"float10 __cdecl FUN_00480d30(float * param_1, float * param_2)",false,false,true,"pseudocode/00480d30.c"
"0x00480d70","FUN_00480d70",50,1,"float10 __cdecl FUN_00480d70(float * param_1, float * param_2)",false,false,true,"pseudocode/00480d70.c"
"0x00480db0","FUN_00480db0",488,2,"undefined __fastcall FUN_00480db0(int param_1)",false,false,true,"pseudocode/00480db0.c"
"0x00480fa0","FUN_00480fa0",602,1,"undefined __stdcall FUN_00480fa0(int param_1)",false,false,true,"pseudocode/00480fa0.c"
"0x00481200","FUN_00481200",1404,1,"undefined __fastcall FUN_00481200(int param_1)",false,false,true,"pseudocode/00481200.c"
"0x00481780","FUN_00481780",337,2,"undefined4 __thiscall FUN_00481780(int * param_1)",false,false,true,"pseudocode/00481780.c"
"0x004818e0","FUN_004818e0",3735,1,"undefined __thiscall FUN_004818e0(int * param_1, undefined4 param_2, undefined4 param_3, uint param_4, uint param_5, float param_6)",false,false,true,"pseudocode/004818e0.c"
"0x004827e0","FUN_004827e0",632,2,"undefined __fastcall FUN_004827e0(int param_1)",false,false,true,"pseudocode/004827e0.c"
"0x00482a60","FUN_00482a60",832,1,"undefined4 __fastcall FUN_00482a60(int param_1)",false,false,true,"pseudocode/00482a60.c"
"0x00482da0","FUN_00482da0",281,1,"undefined4 __fastcall FUN_00482da0(int param_1)",false,false,true,"pseudocode/00482da0.c"
"0x00482ec0","FUN_00482ec0",329,1,"undefined4 __fastcall FUN_00482ec0(int param_1)",false,false,true,"pseudocode/00482ec0.c"
"0x00483010","FUN_00483010",319,1,"undefined4 __fastcall FUN_00483010(int param_1)",false,false,true,"pseudocode/00483010.c"
"0x00483150","FUN_00483150",277,1,"undefined4 __fastcall FUN_00483150(int param_1)",false,false,true,"pseudocode/00483150.c"
"0x00483270","FUN_00483270",764,5,"undefined4 __fastcall FUN_00483270(int param_1)",false,false,true,"pseudocode/00483270.c"
"0x00483580","FUN_00483580",898,1,"undefined4 __fastcall FUN_00483580(int param_1)",false,false,true,"pseudocode/00483580.c"
"0x00483920","FUN_00483920",419,2,"bool __fastcall FUN_00483920(int param_1)",false,false,true,"pseudocode/00483920.c"
"0x00483ad0","FUN_00483ad0",592,1,"undefined __stdcall FUN_00483ad0(void)",false,false,true,"pseudocode/00483ad0.c"
"0x00483d20","FUN_00483d20",468,2,"undefined4 __fastcall FUN_00483d20(int param_1)",false,false,true,"pseudocode/00483d20.c"
"0x00483f00","FUN_00483f00",466,2,"undefined4 __fastcall FUN_00483f00(int param_1)",false,false,true,"pseudocode/00483f00.c"
"0x004840e0","FUN_004840e0",267,1,"bool __fastcall FUN_004840e0(int param_1)",false,false,true,"pseudocode/004840e0.c"
"0x004841f0","FUN_004841f0",103,1,"undefined __thiscall FUN_004841f0(float param_1)",false,false,true,"pseudocode/004841f0.c"
"0x00484260","FUN_00484260",131,1,"undefined __fastcall FUN_00484260(int param_1)",false,false,true,"pseudocode/00484260.c"
"0x004842f0","FUN_004842f0",47,1,"undefined __fastcall FUN_004842f0(int param_1)",false,false,true,"pseudocode/004842f0.c"
"0x00484320","FUN_00484320",100,1,"undefined __thiscall FUN_00484320(uint param_1)",false,false,true,"pseudocode/00484320.c"
"0x00484390","FUN_00484390",84,1,"uint __thiscall FUN_00484390(uint param_1)",false,false,true,"pseudocode/00484390.c"
"0x004843f0","FUN_004843f0",166,1,"undefined __thiscall FUN_004843f0(int param_1, int param_2, int param_3)",false,false,true,"pseudocode/004843f0.c"
"0x004844a0","FUN_004844a0",200,1,"undefined __thiscall FUN_004844a0(uint param_1)",false,false,true,"pseudocode/004844a0.c"
"0x00484570","Decref",32,1,"undefined __fastcall Decref(int param_1)",false,false,true,"pseudocode/00484570.c"
"0x00484590","Decref",48,1,"undefined __fastcall Decref(int * param_1)",false,false,true,"pseudocode/00484590.c"
"0x004845c0","Decwref",41,1,"undefined __fastcall Decwref(int * param_1)",false,false,true,"pseudocode/004845c0.c"
"0x004845f0","FUN_004845f0",123,1,"undefined __fastcall FUN_004845f0(_Container_proxy * param_1)",false,false,true,"pseudocode/004845f0.c"
"0x00484670","FUN_00484670",103,1,"undefined __fastcall FUN_00484670(int param_1)",false,false,true,"pseudocode/00484670.c"
"0x004846e0","Decref",32,1,"undefined __fastcall Decref(int param_1)",false,false,true,"pseudocode/004846e0.c"
"0x00484700","FUN_00484700",20,1,"undefined __fastcall FUN_00484700(int param_1)",false,false,true,"pseudocode/00484700.c"
"0x00484720","FUN_00484720",39,1,"undefined __fastcall FUN_00484720(int param_1)",false,false,true,"pseudocode/00484720.c"
"0x00484750","Swap",51,1,"undefined __thiscall Swap(undefined4 * param_1)",false,false,true,"pseudocode/00484750.c"
"0x00484790","FUN_00484790",158,1,"undefined __fastcall FUN_00484790(_Compressed_pair<struct_std::default_delete<class_std::_Facet_base>,class_std::_Facet_base*,1> * param_1)",false,false,true,"pseudocode/00484790.c"
"0x00484830","FUN_00484830",19,1,"int __fastcall FUN_00484830(int param_1)",false,false,true,"pseudocode/00484830.c"
"0x00484850","FUN_00484850",87,1,"undefined __thiscall FUN_00484850(int param_1)",false,false,true,"pseudocode/00484850.c"
"0x004848b0","FUN_004848b0",138,1,"undefined __stdcall FUN_004848b0(int param_1)",false,false,true,"pseudocode/004848b0.c"
"0x00484940","FUN_00484940",58,1,"undefined4 __thiscall FUN_00484940(uint param_1)",false,false,true,"pseudocode/00484940.c"
"0x00484980","FUN_00484980",34,1,"int __thiscall FUN_00484980(uint param_1)",false,false,true,"pseudocode/00484980.c"
"0x004849b0","begin",30,1,"void * __thiscall begin(void * param_1)",false,false,true,"pseudocode/004849b0.c"
"0x004849d0","FUN_004849d0",65,1,"undefined4 __cdecl FUN_004849d0(int param_1)",false,false,true,"pseudocode/004849d0.c"
"0x00484a20","FUN_00484a20",2018,1,"undefined __thiscall FUN_00484a20(int param_1)",false,false,true,"pseudocode/00484a20.c"
"0x00485210","FUN_00485210",41,1,"int __fastcall FUN_00485210(int param_1)",false,false,true,"pseudocode/00485210.c"
"0x00485240","FUN_00485240",77,1,"undefined __stdcall FUN_00485240(LPVOID param_1)",false,false,true,"pseudocode/00485240.c"
"0x00485290","FUN_00485290",22,1,"undefined __cdecl FUN_00485290(undefined4 param_1, LPVOID param_2)",false,false,true,"pseudocode/00485290.c"
"0x004852b0","FUN_004852b0",85,1,"undefined __thiscall FUN_004852b0(undefined4 param_1, int param_2)",false,false,true,"pseudocode/004852b0.c"
"0x00485310","FUN_00485310",44,1,"undefined4 __cdecl FUN_00485310(void * param_1)",false,false,true,"pseudocode/00485310.c"
"0x00485340","FUN_00485340",27,1,"undefined __cdecl FUN_00485340(int param_1)",false,false,true,"pseudocode/00485340.c"
"0x00485360","FUN_00485360",34,1,"undefined __thiscall FUN_00485360(undefined4 * param_1)",false,false,true,"pseudocode/00485360.c"
"0x00485390","FUN_00485390",136,1,"undefined4 __cdecl FUN_00485390(float * param_1, float param_2, float param_3)",false,false,true,"pseudocode/00485390.c"
"0x00485420","FUN_00485420",176,1,"undefined4 __cdecl FUN_00485420(float * param_1, float param_2, float param_3, float param_4, float param_5)",false,false,true,"pseudocode/00485420.c"
"0x004854d0","FUN_004854d0",176,1,"undefined4 __cdecl FUN_004854d0(float * param_1, float param_2, float param_3)",false,false,true,"pseudocode/004854d0.c"
"0x00485580","FUN_00485580",181,1,"undefined4 __cdecl FUN_00485580(float * param_1, float param_2, float param_3)",false,false,true,"pseudocode/00485580.c"
"0x00485640","FUN_00485640",18,1,"int __fastcall FUN_00485640(int param_1)",false,false,true,"pseudocode/00485640.c"
"0x00485660","FUN_00485660",43,1,"undefined __thiscall FUN_00485660(uint param_1)",false,false,true,"pseudocode/00485660.c"
"0x00485690","FUN_00485690",48,1,"undefined4 * __thiscall FUN_00485690(undefined4 * param_1, int param_2)",false,false,true,"pseudocode/00485690.c"
"0x004856c0","FUN_004856c0",18,1,"undefined4 __cdecl FUN_004856c0(int param_1)",false,false,true,"pseudocode/004856c0.c"
"0x004856e0","FUN_004856e0",17,1,"undefined * __cdecl FUN_004856e0(int param_1)",false,false,true,"pseudocode/004856e0.c"
"0x00485700","FUN_00485700",18,1,"float10 __cdecl FUN_00485700(int param_1)",false,false,true,"pseudocode/00485700.c"
"0x00485720","FUN_00485720",18,1,"int __fastcall FUN_00485720(int param_1)",false,false,true,"pseudocode/00485720.c"
"0x00485740","FUN_00485740",434,1,"float10 __cdecl FUN_00485740(int param_1, float param_2, float * param_3, float param_4, float param_5)",false,false,true,"pseudocode/00485740.c"
"0x00485900","FUN_00485900",19,1,"int __fastcall FUN_00485900(int param_1)",false,false,true,"pseudocode/00485900.c"
"0x00485920","FUN_00485920",73,1,"undefined4 __fastcall FUN_00485920(int param_1)",false,false,true,"pseudocode/00485920.c"
"0x00485970","FUN_00485970",19,1,"int __fastcall FUN_00485970(int param_1)",false,false,true,"pseudocode/00485970.c"
"0x00485990","FUN_00485990",17,1,"int __fastcall FUN_00485990(int param_1)",false,false,true,"pseudocode/00485990.c"
"0x004859b0","FUN_004859b0",20,1,"undefined4 __fastcall FUN_004859b0(int param_1)",false,false,true,"pseudocode/004859b0.c"
"0x004859d0","FUN_004859d0",17,1,"undefined4 __fastcall FUN_004859d0(int param_1)",false,false,true,"pseudocode/004859d0.c"
"0x004859f0","FUN_004859f0",19,1,"undefined __fastcall FUN_004859f0(int param_1)",false,false,true,"pseudocode/004859f0.c"
"0x00485a10","FUN_00485a10",44,1,"bool __fastcall FUN_00485a10(undefined4 * param_1)",false,false,true,"pseudocode/00485a10.c"
"0x00485a40","FUN_00485a40",21,1,"undefined1 __fastcall FUN_00485a40(int param_1)",false,false,true,"pseudocode/00485a40.c"
"0x00485a60","FUN_00485a60",122,1,"undefined __cdecl FUN_00485a60(void * param_1, float * param_2, float param_3)",false,false,true,"pseudocode/00485a60.c"
"0x00485ae0","FUN_00485ae0",26,1,"uint __fastcall FUN_00485ae0(int param_1)",false,false,true,"pseudocode/00485ae0.c"
"0x00485b00","FUN_00485b00",19,1,"uint __stdcall FUN_00485b00(void)",false,false,true,"pseudocode/00485b00.c"
"0x00485b20","FUN_00485b20",59,1,"uint __fastcall FUN_00485b20(_Compressed_pair<struct_std::default_delete<class_std::_Facet_base>,class_std::_Facet_base*,1> * param_1)",false,false,true,"pseudocode/00485b20.c"
"0x00485b60","FUN_00485b60",1844,2,"undefined4 __fastcall FUN_00485b60(void * param_1)",false,false,true,"pseudocode/00485b60.c"
"0x004862b0","FUN_004862b0",53,1,"undefined __stdcall FUN_004862b0(void)",false,false,true,"pseudocode/004862b0.c"
"0x004862f0","FUN_004862f0",32,1,"undefined __thiscall FUN_004862f0(uint param_1)",false,false,true,"pseudocode/004862f0.c"
"0x00486310","FUN_00486310",22,1,"undefined __fastcall FUN_00486310(void * param_1)",false,false,true,"pseudocode/00486310.c"
"0x00486330","FUN_00486330",22,1,"undefined __fastcall FUN_00486330(void * param_1)",false,false,true,"pseudocode/00486330.c"
"0x00486350","FUN_00486350",22,1,"undefined __fastcall FUN_00486350(void * param_1)",false,false,true,"pseudocode/00486350.c"
"0x00486370","FUN_00486370",22,1,"undefined __fastcall FUN_00486370(void * param_1)",false,false,true,"pseudocode/00486370.c"
"0x00486390","FUN_00486390",43,1,"undefined __thiscall FUN_00486390(int param_1, undefined4 param_2)",false,false,true,"pseudocode/00486390.c"
"0x004863c0","FUN_004863c0",45,1,"undefined __thiscall FUN_004863c0(byte param_1)",false,false,true,"pseudocode/004863c0.c"
"0x004863f0","FUN_004863f0",55,1,"undefined __thiscall FUN_004863f0(int param_1, char param_2)",false,false,true,"pseudocode/004863f0.c"
"0x00486430","FUN_00486430",78,1,"undefined __thiscall FUN_00486430(undefined4 param_1)",false,false,true,"pseudocode/00486430.c"
"0x00486480","FUN_00486480",39,1,"undefined __thiscall FUN_00486480(undefined4 param_1, undefined4 param_2)",false,false,true,"pseudocode/00486480.c"
"0x004864b0","FUN_004864b0",62,1,"undefined __thiscall FUN_004864b0(undefined1 param_1, undefined1 param_2, undefined1 param_3, undefined1 param_4)",false,false,true,"pseudocode/004864b0.c"
"0x004864f0","FUN_004864f0",60,1,"undefined __thiscall FUN_004864f0(undefined4 param_1, undefined4 param_2)",false,false,true,"pseudocode/004864f0.c"
"0x00486530","FUN_00486530",54,1,"undefined __thiscall FUN_00486530(undefined4 param_1)",false,false,true,"pseudocode/00486530.c"
"0x00486570","FUN_00486570",54,1,"undefined __thiscall FUN_00486570(undefined4 param_1)",false,false,true,"pseudocode/00486570.c"
"0x004865b0","FUN_004865b0",22,1,"undefined __thiscall FUN_004865b0(undefined1 param_1)",false,false,true,"pseudocode/004865b0.c"
"0x004865d0","FUN_004865d0",21,1,"undefined __fastcall FUN_004865d0(int param_1)",false,false,true,"pseudocode/004865d0.c"
"0x004865f0","FUN_004865f0",16,1,"undefined4 __stdcall FUN_004865f0(void)",false,false,true,"pseudocode/004865f0.c"
"0x00486600","FUN_00486600",41,1,"int __fastcall FUN_00486600(int param_1)",false,false,true,"pseudocode/00486600.c"
"0x00486630","FUN_00486630",90,2,"undefined4 * __cdecl FUN_00486630(int param_1)",false,false,true,"pseudocode/00486630.c"
"0x00486690","swap",26,1,"undefined __thiscall swap(undefined4 * param_1)",false,false,true,"pseudocode/00486690.c"
"0x004866b0","FID_conflict:_Func_impl_no_alloc<class_`protected:_void___thiscall_Concurrency::target_block<class_Concurrency::multi_link_registry<class_Concurrency::ISource<unsigned_int>_>,class_Concurrency::ordered_message_processor<unsigned_int>_>::initialize_target(class_Concurrency::Scheduler*,class_Concurrency::ScheduleGroup*)'::`2'::<lambda_1>,void,class_Concurrency::message<unsigned_int>*><class_`protected:_void___thiscall_Concurrency::target_block<class_Concurrency::multi_link_registry<class_Concurrency::ISource<unsigned_int>_>,class_Concurrency::ordered_message_processor<unsigned_int>_>::initialize_target(class_Concurrency::Scheduler*,class_Concurrency::ScheduleGroup*)'::`2'::<lambda_1>,0>",53,1,"_Compressed_pair<struct_std::default_delete<class_std::_Facet_base>,class_std::_Facet_base*,1> * __thiscall FID_conflict:_Func_impl_no_alloc<class_`protected:_void___thiscall_Concurrency::target_block<class_Concurrency::multi_link_registry<class_Concurrency::ISource<unsigned_int>_>,class_Concurrency::ordered_message_processor<unsigned_int>_>::initialize_target(class_Concurrency::Scheduler*,class_Concurrency::ScheduleGroup*)'::`2'::<lambda_1>,void,class_Concurrency::message<unsigned_int>*><class_`protected:_void___thiscall_Concurrency::target_block<class_Concurrency::multi_link_registry<class_Concurrency::ISource<unsigned_int>_>,class_Concurrency::ordered_message_processor<unsigned_int>_>::initialize_target(class_Concurrency::Scheduler*,class_Concurrency::ScheduleGroup*)'::`2'::<lambda_1>,0>(undefined4 param_1)",false,false,true,"pseudocode/004866b0.c"
"0x004866f0","FUN_004866f0",66,1,"_Compressed_pair<struct_std::default_delete<class_std::_Facet_base>,class_std::_Facet_base*,1> * __thiscall FUN_004866f0(undefined4 param_1)",false,false,true,"pseudocode/004866f0.c"
"0x00486740","FUN_00486740",102,1,"void * __thiscall FUN_00486740(undefined4 param_1)",false,false,true,"pseudocode/00486740.c"
"0x004867b0","FUN_004867b0",66,1,"_Compressed_pair<struct_std::default_delete<class_std::_Facet_base>,class_std::_Facet_base*,1> * __thiscall FUN_004867b0(undefined4 param_1)",false,false,true,"pseudocode/004867b0.c"
"0x00486800","FUN_00486800",102,1,"void * __thiscall FUN_00486800(undefined4 param_1)",false,false,true,"pseudocode/00486800.c"
"0x00486870","FUN_00486870",174,1,"undefined __cdecl FUN_00486870(undefined4 param_1)",false,false,true,"pseudocode/00486870.c"
"0x00486920","FUN_00486920",174,1,"undefined __cdecl FUN_00486920(undefined4 param_1)",false,false,true,"pseudocode/00486920.c"
"0x004869d0","_Reset<>",90,1,"undefined __thiscall _Reset<>(undefined4 param_1)",false,false,true,"pseudocode/004869d0.c"
"0x00486a30","FUN_00486a30",65,1,"undefined __thiscall FUN_00486a30(undefined4 param_1)",false,false,true,"pseudocode/00486a30.c"
"0x00486a80","FUN_00486a80",73,1,"undefined4 * __stdcall FUN_00486a80(void)",false,false,true,"pseudocode/00486a80.c"
"0x00486ad0","FUN_00486ad0",14,1,"undefined __cdecl FUN_00486ad0(int * param_1)",false,false,true,"pseudocode/00486ad0.c"
"0x00486ae0","FUN_00486ae0",14,1,"undefined __cdecl FUN_00486ae0(undefined4 * param_1)",false,false,true,"pseudocode/00486ae0.c"
"0x00486af0","FUN_00486af0",64,1,"undefined4 * __thiscall FUN_00486af0(undefined4 * param_1)",false,false,true,"pseudocode/00486af0.c"
"0x00486b30","FUN_00486b30",64,1,"undefined4 * __thiscall FUN_00486b30(undefined4 * param_1)",false,false,true,"pseudocode/00486b30.c"
"0x00486b70","FUN_00486b70",56,1,"undefined4 * __thiscall FUN_00486b70(undefined4 param_1, _Compressed_pair<struct_std::default_delete<class_std::_Facet_base>,class_std::_Facet_base*,1> * param_2, undefined4 param_3)",false,false,true,"pseudocode/00486b70.c"
"0x00486bb0","FUN_00486bb0",348,1,"undefined4 * __fastcall FUN_00486bb0(undefined4 * param_1)",false,false,true,"pseudocode/00486bb0.c"
"0x00486d20","FUN_00486d20",180,1,"undefined __fastcall FUN_00486d20(undefined4 * param_1)",false,false,true,"pseudocode/00486d20.c"
"0x00486de0","FUN_00486de0",35,1,"undefined __fastcall FUN_00486de0(int * param_1)",false,false,true,"pseudocode/00486de0.c"
"0x00486e10","FUN_00486e10",23,1,"int __thiscall FUN_00486e10(int param_1)",false,false,true,"pseudocode/00486e10.c"
"0x00486e30","FUN_00486e30",20,1,"int __thiscall FUN_00486e30(int param_1)",false,false,true,"pseudocode/00486e30.c"
"0x00486e50","FUN_00486e50",34,1,"undefined __fastcall FUN_00486e50(int * param_1)",false,false,true,"pseudocode/00486e50.c"
"0x00486e80","FUN_00486e80",111,1,"undefined __fastcall FUN_00486e80(undefined4 * param_1)",false,false,true,"pseudocode/00486e80.c"
"0x00486ef0","FUN_00486ef0",46,1,"LPVOID __thiscall FUN_00486ef0(uint param_1)",false,false,true,"pseudocode/00486ef0.c"
"0x00486f20","FUN_00486f20",49,1,"undefined4 * __thiscall FUN_00486f20(uint param_1)",false,false,true,"pseudocode/00486f20.c"
"0x00486f60","FUN_00486f60",875,1,"undefined4 __fastcall FUN_00486f60(int param_1)",false,false,true,"pseudocode/00486f60.c"
"0x004872d0","FUN_004872d0",645,1,"undefined __fastcall FUN_004872d0(void * param_1)",false,false,true,"pseudocode/004872d0.c"
"0x00487560","FUN_00487560",37,1,"undefined __stdcall FUN_00487560(void)",false,false,true,"pseudocode/00487560.c"
"0x00487590","FUN_00487590",797,1,"undefined __fastcall FUN_00487590(int param_1)",false,false,true,"pseudocode/00487590.c"
"0x004878b0","FUN_004878b0",602,1,"undefined __fastcall FUN_004878b0(int param_1)",false,false,true,"pseudocode/004878b0.c"
"0x00487b10","FUN_00487b10",121,1,"undefined4 __thiscall FUN_00487b10(int param_1)",false,false,true,"pseudocode/00487b10.c"
"0x00487b90","FUN_00487b90",32,1,"undefined __fastcall FUN_00487b90(int param_1)",false,false,true,"pseudocode/00487b90.c"
"0x00487bb0","FUN_00487bb0",123,1,"undefined __fastcall FUN_00487bb0(int param_1)",false,false,true,"pseudocode/00487bb0.c"
"0x00487c30","FUN_00487c30",1896,1,"undefined __thiscall FUN_00487c30(int param_1, uint * param_2, undefined4 param_3, int param_4)",false,false,true,"pseudocode/00487c30.c"
"0x004883a0","FUN_004883a0",32,1,"undefined __fastcall FUN_004883a0(int param_1)",false,false,true,"pseudocode/004883a0.c"
"0x004883c0","Copy",47,1,"undefined __thiscall Copy(undefined4 param_1)",false,false,true,"pseudocode/004883c0.c"
"0x004883f0","FUN_004883f0",28,1,"undefined __fastcall FUN_004883f0(int param_1)",false,false,true,"pseudocode/004883f0.c"
"0x00488410","FUN_00488410",46,1,"undefined __thiscall FUN_00488410(char param_1)",false,false,true,"pseudocode/00488410.c"
"0x00488440","FUN_00488440",26,1,"undefined __fastcall FUN_00488440(int param_1)",false,false,true,"pseudocode/00488440.c"
"0x00488460","FUN_00488460",26,1,"undefined __fastcall FUN_00488460(int param_1)",false,false,true,"pseudocode/00488460.c"
"0x00488480","Move",104,1,"undefined __thiscall Move(undefined4 param_1)",false,false,true,"pseudocode/00488480.c"
"0x004884f0","FUN_004884f0",16,1,"undefined * * __stdcall FUN_004884f0(void)",false,false,true,"pseudocode/004884f0.c"
"0x00488500","FUN_00488500",16,1,"undefined * * __stdcall FUN_00488500(void)",false,false,true,"pseudocode/00488500.c"
"0x00488510","FUN_00488510",61,1,"undefined __thiscall FUN_00488510(int param_1)",false,false,true,"pseudocode/00488510.c"
"0x00488550","FUN_00488550",55,1,"undefined __thiscall FUN_00488550(uint param_1)",false,false,true,"pseudocode/00488550.c"
"0x00488590","FUN_00488590",61,1,"undefined __thiscall FUN_00488590(int param_1)",false,false,true,"pseudocode/00488590.c"
"0x004885d0","FUN_004885d0",13,1,"undefined __cdecl FUN_004885d0(int param_1)",false,false,true,"pseudocode/004885d0.c"
"0x004885e0","FUN_004885e0",148,1,"bool __fastcall FUN_004885e0(int param_1)",false,false,true,"pseudocode/004885e0.c"
"0x00488680","FUN_00488680",13,1,"undefined __cdecl FUN_00488680(int param_1)",false,false,true,"pseudocode/00488680.c"
"0x00488690","FUN_00488690",27,1,"undefined __cdecl FUN_00488690(int param_1)",false,false,true,"pseudocode/00488690.c"
"0x004886b0","FUN_004886b0",70,1,"int __cdecl FUN_004886b0(int param_1)",false,false,true,"pseudocode/004886b0.c"
"0x00488700","FUN_00488700",19,1,"int __fastcall FUN_00488700(int param_1)",false,false,true,"pseudocode/00488700.c"
"0x00488720","FUN_00488720",23,1,"int __thiscall FUN_00488720(int param_1)",false,false,true,"pseudocode/00488720.c"
"0x00488740","FUN_00488740",38,1,"undefined4 __thiscall FUN_00488740(int param_1)",false,false,true,"pseudocode/00488740.c"
"0x00488770","FUN_00488770",41,1,"undefined4 __thiscall FUN_00488770(int param_1)",false,false,true,"pseudocode/00488770.c"
"0x004887a0","FUN_004887a0",44,1,"bool __fastcall FUN_004887a0(int param_1)",false,false,true,"pseudocode/004887a0.c"
"0x004887d0","FUN_004887d0",35,1,"bool __fastcall FUN_004887d0(int param_1)",false,false,true,"pseudocode/004887d0.c"
"0x00488800","FUN_00488800",41,1,"bool __fastcall FUN_00488800(int param_1)",false,false,true,"pseudocode/00488800.c"
"0x00488830","FUN_00488830",20,1,"undefined4 __fastcall FUN_00488830(int param_1)",false,false,true,"pseudocode/00488830.c"
"0x00488850","FUN_00488850",42,1,"bool __fastcall FUN_00488850(int param_1)",false,false,true,"pseudocode/00488850.c"
"0x00488880","FUN_00488880",23,1,"uint __fastcall FUN_00488880(int param_1)",false,false,true,"pseudocode/00488880.c"
"0x004888a0","FUN_004888a0",23,1,"uint __fastcall FUN_004888a0(int param_1)",false,false,true,"pseudocode/004888a0.c"
"0x004888c0","FUN_004888c0",29,1,"undefined __fastcall FUN_004888c0(int param_1)",false,false,true,"pseudocode/004888c0.c"
"0x004888e0","FUN_004888e0",22,1,"undefined __fastcall FUN_004888e0(void * param_1)",false,false,true,"pseudocode/004888e0.c"
"0x00488900","FUN_00488900",22,1,"undefined __fastcall FUN_00488900(void * param_1)",false,false,true,"pseudocode/00488900.c"
"0x00488920","FUN_00488920",22,1,"undefined __fastcall FUN_00488920(void * param_1)",false,false,true,"pseudocode/00488920.c"
"0x00488940","FUN_00488940",25,1,"undefined __thiscall FUN_00488940(undefined1 param_1)",false,false,true,"pseudocode/00488940.c"
"0x00488960","FUN_00488960",42,1,"undefined __thiscall FUN_00488960(uint param_1)",false,false,true,"pseudocode/00488960.c"
"0x00488990","FUN_00488990",105,1,"undefined __thiscall FUN_00488990(int param_1, int param_2)",false,false,true,"pseudocode/00488990.c"
"0x00488a00","FUN_00488a00",25,1,"undefined __thiscall FUN_00488a00(undefined4 param_1)",false,false,true,"pseudocode/00488a00.c"
"0x00488a20","FUN_00488a20",54,1,"undefined __thiscall FUN_00488a20(undefined4 param_1)",false,false,true,"pseudocode/00488a20.c"
"0x00488a60","FUN_00488a60",71,1,"undefined __fastcall FUN_00488a60(int param_1)",false,false,true,"pseudocode/00488a60.c"
"0x00488ab0","FUN_00488ab0",71,1,"undefined __fastcall FUN_00488ab0(int param_1)",false,false,true,"pseudocode/00488ab0.c"
"0x00488b00","FUN_00488b00",25,1,"undefined __thiscall FUN_00488b00(undefined4 param_1)",false,false,true,"pseudocode/00488b00.c"
"0x00488b20","FUN_00488b20",90,2,"undefined4 * __cdecl FUN_00488b20(int param_1)",false,false,true,"pseudocode/00488b20.c"
"0x00488b80","FUN_00488b80",758,1,"undefined __fastcall FUN_00488b80(int param_1)",false,false,true,"pseudocode/00488b80.c"
"0x00488e80","FUN_00488e80",291,1,"undefined __fastcall FUN_00488e80(int param_1)",false,false,true,"pseudocode/00488e80.c"
"0x00488fb0","FUN_00488fb0",192,1,"_Ref_count_base * __thiscall FUN_00488fb0(undefined4 param_1, undefined4 param_2)",false,false,true,"pseudocode/00488fb0.c"
"0x00489070","FUN_00489070",47,1,"undefined4 * __thiscall FUN_00489070(undefined4 param_1, undefined4 param_2)",false,false,true,"pseudocode/00489070.c"
"0x004890a0","FUN_004890a0",40,1,"bool __cdecl FUN_004890a0(undefined4 * param_1)",false,false,true,"pseudocode/004890a0.c"
"0x004890d0","FUN_004890d0",59,1,"undefined __fastcall FUN_004890d0(undefined4 * param_1)",false,false,true,"pseudocode/004890d0.c"
"0x00489110","FUN_00489110",56,1,"undefined __fastcall FUN_00489110(undefined4 * param_1)",false,false,true,"pseudocode/00489110.c"
"0x00489150","FUN_00489150",62,1,"undefined __fastcall FUN_00489150(undefined4 * param_1)",false,false,true,"pseudocode/00489150.c"
"0x00489190","FUN_00489190",23,1,"undefined __cdecl FUN_00489190(int param_1)",false,false,true,"pseudocode/00489190.c"
"0x004891b0","FUN_004891b0",219,1,"undefined __cdecl FUN_004891b0(void * param_1, void * param_2)",false,false,true,"pseudocode/004891b0.c"
"0x00489290","destroy",25,1,"undefined __stdcall destroy(undefined4 param_1)",false,false,true,"pseudocode/00489290.c"
"0x004892b0","FUN_004892b0",56,1,"undefined4 * __thiscall FUN_004892b0(undefined4 param_1)",false,false,true,"pseudocode/004892b0.c"
"0x004892f0","FUN_004892f0",80,1,"undefined4 * __thiscall FUN_004892f0(undefined4 param_1)",false,false,true,"pseudocode/004892f0.c"
"0x00489340","FUN_00489340",68,1,"undefined4 * __thiscall FUN_00489340(undefined4 param_1)",false,false,true,"pseudocode/00489340.c"
"0x00489390","FUN_00489390",19,1,"undefined __cdecl FUN_00489390(void * param_1, uint * param_2)",false,false,true,"pseudocode/00489390.c"
"0x004893b0","FUN_004893b0",19,1,"undefined __cdecl FUN_004893b0(void * param_1, uint * param_2)",false,false,true,"pseudocode/004893b0.c"
"0x004893d0","FUN_004893d0",19,1,"undefined __cdecl FUN_004893d0(void * param_1, uint * param_2)",false,false,true,"pseudocode/004893d0.c"
"0x004893f0","FUN_004893f0",309,1,"undefined __thiscall FUN_004893f0(int param_1)",false,false,true,"pseudocode/004893f0.c"
"0x00489530","FUN_00489530",65,1,"undefined __cdecl FUN_00489530(undefined4 param_1, undefined4 param_2)",false,false,true,"pseudocode/00489530.c"
"0x00489580","FUN_00489580",26,1,"undefined __cdecl FUN_00489580(undefined4 param_1)",false,false,true,"pseudocode/00489580.c"
"0x004895a0","FUN_004895a0",65,1,"undefined __cdecl FUN_004895a0(undefined4 param_1, undefined4 param_2)",false,false,true,"pseudocode/004895a0.c"
"0x004895f0","FUN_004895f0",26,1,"undefined __cdecl FUN_004895f0(undefined4 param_1)",false,false,true,"pseudocode/004895f0.c"
"0x00489610","FUN_00489610",26,1,"undefined __cdecl FUN_00489610(undefined4 param_1)",false,false,true,"pseudocode/00489610.c"
"0x00489630","FUN_00489630",65,1,"undefined __cdecl FUN_00489630(undefined4 param_1, undefined4 param_2)",false,false,true,"pseudocode/00489630.c"
"0x00489680","FUN_00489680",162,1,"undefined __cdecl FUN_00489680(undefined4 param_1, undefined4 param_2, undefined4 param_3)",false,false,true,"pseudocode/00489680.c"
"0x00489730","FUN_00489730",253,1,"undefined __thiscall FUN_00489730(uint param_1, undefined4 param_2, undefined4 param_3)",false,false,true,"pseudocode/00489730.c"
"0x00489830","FUN_00489830",113,1,"undefined __stdcall FUN_00489830(void)",false,false,true,"pseudocode/00489830.c"
"0x004898b0","FUN_004898b0",71,1,"undefined __fastcall FUN_004898b0(int param_1)",false,false,true,"pseudocode/004898b0.c"
"0x00489900","FUN_00489900",74,1,"undefined __fastcall FUN_00489900(int param_1)",false,false,true,"pseudocode/00489900.c"
"0x00489950","FUN_00489950",92,1,"undefined __thiscall FUN_00489950(undefined4 param_1)",false,false,true,"pseudocode/00489950.c"
"0x004899b0","FUN_004899b0",92,1,"undefined __thiscall FUN_004899b0(undefined4 param_1)",false,false,true,"pseudocode/004899b0.c"
"0x00489a10","FUN_00489a10",94,1,"undefined __thiscall FUN_00489a10(undefined4 param_1)",false,false,true,"pseudocode/00489a10.c"
"0x00489a70","FUN_00489a70",67,1,"int __cdecl FUN_00489a70(int param_1, int param_2)",false,false,true,"pseudocode/00489a70.c"
"0x00489ac0","FUN_00489ac0",104,1,"undefined __cdecl FUN_00489ac0(void * param_1, char * * param_2)",false,false,true,"pseudocode/00489ac0.c"
"0x00489b30","_Get_size_of_n<8>",42,1,"uint __cdecl _Get_size_of_n<8>(uint param_1)",false,false,true,"pseudocode/00489b30.c"
"0x00489b60","FUN_00489b60",40,1,"int __cdecl FUN_00489b60(uint param_1)",false,false,true,"pseudocode/00489b60.c"
"0x00489b90","FUN_00489b90",43,1,"int __cdecl FUN_00489b90(uint param_1)",false,false,true,"pseudocode/00489b90.c"
"0x00489bc0","FUN_00489bc0",40,1,"int __cdecl FUN_00489bc0(uint param_1)",false,false,true,"pseudocode/00489bc0.c"
"0x00489bf0","FUN_00489bf0",20,1,"void * __cdecl FUN_00489bf0(void * param_1, void * param_2)",false,false,true,"pseudocode/00489bf0.c"
"0x00489c10","FUN_00489c10",100,1,"undefined4 * __cdecl FUN_00489c10(int param_1, int param_2, undefined4 * param_3)",false,false,true,"pseudocode/00489c10.c"
"0x00489c80","FUN_00489c80",18,1,"undefined1 __cdecl FUN_00489c80(undefined1 * param_1)",false,false,true,"pseudocode/00489c80.c"
"0x00489ca0","FUN_00489ca0",15,1,"undefined4 __cdecl FUN_00489ca0(undefined4 param_1)",false,false,true,"pseudocode/00489ca0.c"
"0x00489cb0","FUN_00489cb0",240,1,"undefined __thiscall FUN_00489cb0(uint * param_1)",false,false,true,"pseudocode/00489cb0.c"
"0x00489da0","FUN_00489da0",243,1,"undefined __thiscall FUN_00489da0(int param_1)",false,false,true,"pseudocode/00489da0.c"
"0x00489ea0","FUN_00489ea0",251,1,"undefined __thiscall FUN_00489ea0(uint param_1)",false,false,true,"pseudocode/00489ea0.c"
"0x00489fa0","FUN_00489fa0",254,1,"undefined __thiscall FUN_00489fa0(uint param_1)",false,false,true,"pseudocode/00489fa0.c"
"0x0048a0a0","FUN_0048a0a0",331,1,"undefined __thiscall FUN_0048a0a0(uint param_1)",false,false,true,"pseudocode/0048a0a0.c"
"0x0048a1f0","FUN_0048a1f0",334,1,"undefined __thiscall FUN_0048a1f0(uint param_1)",false,false,true,"pseudocode/0048a1f0.c"
"0x0048a340","FUN_0048a340",38,1,"undefined __cdecl FUN_0048a340(void * param_1, undefined4 param_2)",false,false,true,"pseudocode/0048a340.c"
"0x0048a370","FUN_0048a370",213,1,"undefined __cdecl FUN_0048a370(undefined4 param_1, undefined4 param_2, undefined4 param_3, undefined4 param_4)",false,false,true,"pseudocode/0048a370.c"
"0x0048a450","FUN_0048a450",200,1,"undefined __cdecl FUN_0048a450(undefined4 param_1, undefined4 param_2, undefined4 param_3, undefined4 param_4)",false,false,true,"pseudocode/0048a450.c"
"0x0048a520","FUN_0048a520",200,1,"undefined __cdecl FUN_0048a520(undefined4 param_1, undefined4 param_2, undefined4 param_3, undefined4 param_4)",false,false,true,"pseudocode/0048a520.c"
"0x0048a5f0","FUN_0048a5f0",203,1,"undefined __cdecl FUN_0048a5f0(undefined4 param_1, undefined4 param_2, undefined4 param_3, undefined4 param_4)",false,false,true,"pseudocode/0048a5f0.c"
"0x0048a6c0","FUN_0048a6c0",155,1,"undefined __cdecl FUN_0048a6c0(undefined4 param_1, int param_2, undefined4 param_3)",false,false,true,"pseudocode/0048a6c0.c"
"0x0048a760","FUN_0048a760",155,1,"undefined __cdecl FUN_0048a760(undefined4 param_1, int param_2, undefined4 param_3)",false,false,true,"pseudocode/0048a760.c"
"0x0048a800","FUN_0048a800",17,1,"undefined __cdecl FUN_0048a800(undefined4 * param_1)",false,false,true,"pseudocode/0048a800.c"
"0x0048a820","FUN_0048a820",126,1,"undefined __cdecl FUN_0048a820(void * param_1, int param_2)",false,false,true,"pseudocode/0048a820.c"
"0x0048a8a0","FUN_0048a8a0",236,1,"undefined __cdecl FUN_0048a8a0(_Ptr_base<struct__EXCEPTION_RECORD_const_> * param_1, undefined4 param_2, undefined4 param_3)",false,false,true,"pseudocode/0048a8a0.c"
"0x0048a990","FUN_0048a990",107,1,"uint __stdcall FUN_0048a990(void)",false,false,true,"pseudocode/0048a990.c"
"0x0048aa00","FUN_0048aa00",78,1,"undefined __cdecl FUN_0048aa00(undefined4 param_1, undefined4 param_2)",false,false,true,"pseudocode/0048aa00.c"
"0x0048aa50","FUN_0048aa50",78,1,"undefined __cdecl FUN_0048aa50(undefined4 param_1, undefined4 param_2)",false,false,true,"pseudocode/0048aa50.c"
"0x0048aaa0","FUN_0048aaa0",78,1,"undefined __cdecl FUN_0048aaa0(undefined4 param_1, undefined4 param_2)",false,false,true,"pseudocode/0048aaa0.c"
"0x0048aaf0","FUN_0048aaf0",78,1,"undefined __cdecl FUN_0048aaf0(undefined4 param_1, undefined4 param_2)",false,false,true,"pseudocode/0048aaf0.c"
"0x0048ab40","FUN_0048ab40",78,1,"undefined __cdecl FUN_0048ab40(undefined4 param_1, undefined4 param_2)",false,false,true,"pseudocode/0048ab40.c"
"0x0048ab90","FUN_0048ab90",78,1,"undefined __cdecl FUN_0048ab90(undefined4 param_1, undefined4 param_2)",false,false,true,"pseudocode/0048ab90.c"
"0x0048abe0","FUN_0048abe0",31,1,"undefined __cdecl FUN_0048abe0(undefined4 param_1, undefined4 param_2, undefined4 param_3)",false,false,true,"pseudocode/0048abe0.c"
"0x0048ac00","FUN_0048ac00",78,1,"undefined __stdcall FUN_0048ac00(undefined4 param_1, undefined4 param_2)",false,false,true,"pseudocode/0048ac00.c"
"0x0048ac50","FUN_0048ac50",18,1,"undefined __stdcall FUN_0048ac50(void)",false,false,true,"pseudocode/0048ac50.c"
"0x0048ac70","FUN_0048ac70",65,1,"undefined __stdcall FUN_0048ac70(void)",false,false,true,"pseudocode/0048ac70.c"
"0x0048acc0","FUN_0048acc0",31,1,"undefined __cdecl FUN_0048acc0(undefined4 param_1, undefined4 param_2, undefined4 param_3)",false,false,true,"pseudocode/0048acc0.c"
"0x0048ace0","FUN_0048ace0",78,1,"undefined __stdcall FUN_0048ace0(undefined4 param_1, undefined4 param_2)",false,false,true,"pseudocode/0048ace0.c"
"0x0048ad30","FUN_0048ad30",30,1,"undefined __cdecl FUN_0048ad30(undefined4 param_1, undefined4 param_2, undefined4 param_3)",false,false,true,"pseudocode/0048ad30.c"
"0x0048ad50","FUN_0048ad50",18,1,"undefined __stdcall FUN_0048ad50(void)",false,false,true,"pseudocode/0048ad50.c"
"0x0048ad70","FUN_0048ad70",65,1,"undefined __stdcall FUN_0048ad70(void)",false,false,true,"pseudocode/0048ad70.c"
"0x0048adc0","FUN_0048adc0",18,1,"undefined __stdcall FUN_0048adc0(void)",false,false,true,"pseudocode/0048adc0.c"
"0x0048ade0","FUN_0048ade0",65,1,"undefined __stdcall FUN_0048ade0(void)",false,false,true,"pseudocode/0048ade0.c"
"0x0048ae30","FUN_0048ae30",31,1,"undefined __cdecl FUN_0048ae30(undefined4 param_1, undefined4 param_2, undefined4 param_3)",false,false,true,"pseudocode/0048ae30.c"
"0x0048ae50","FUN_0048ae50",78,1,"undefined __stdcall FUN_0048ae50(undefined4 param_1, undefined4 param_2)",false,false,true,"pseudocode/0048ae50.c"
"0x0048aea0","FUN_0048aea0",54,1,"undefined __cdecl FUN_0048aea0(undefined4 param_1, undefined4 param_2)",false,false,true,"pseudocode/0048aea0.c"
"0x0048aee0","FUN_0048aee0",73,1,"undefined __cdecl FUN_0048aee0(undefined4 param_1, undefined4 param_2, undefined4 param_3)",false,false,true,"pseudocode/0048aee0.c"
"0x0048af30","FUN_0048af30",97,1,"undefined __stdcall FUN_0048af30(void * param_1)",false,false,true,"pseudocode/0048af30.c"
"0x0048afa0","FUN_0048afa0",97,1,"undefined __stdcall FUN_0048afa0(void * param_1)",false,false,true,"pseudocode/0048afa0.c"
"0x0048b010","FUN_0048b010",82,1,"undefined4 * __stdcall FUN_0048b010(void)",false,false,true,"pseudocode/0048b010.c"
"0x0048b070","FUN_0048b070",17,1,"undefined __cdecl FUN_0048b070(undefined4 param_1, void * param_2)",false,false,true,"pseudocode/0048b070.c"
"0x0048b090","__ExceptionPtrDestroy",16,1,"void __cdecl __ExceptionPtrDestroy(void * param_1)",false,false,true,"pseudocode/0048b090.c"
"0x0048b0a0","__ExceptionPtrDestroy",16,1,"void __cdecl __ExceptionPtrDestroy(void * param_1)",false,false,true,"pseudocode/0048b0a0.c"
"0x0048b0b0","__ExceptionPtrDestroy",16,1,"void __cdecl __ExceptionPtrDestroy(void * param_1)",false,false,true,"pseudocode/0048b0b0.c"
"0x0048b0c0","FUN_0048b0c0",149,1,"undefined __stdcall FUN_0048b0c0(void)",false,false,true,"pseudocode/0048b0c0.c"
"0x0048b160","FUN_0048b160",20,1,"undefined __cdecl FUN_0048b160(int param_1)",false,false,true,"pseudocode/0048b160.c"
"0x0048b180","FUN_0048b180",17,1,"undefined __cdecl FUN_0048b180(undefined4 param_1)",false,false,true,"pseudocode/0048b180.c"
"0x0048b1a0","_Dest_val<>",17,1,"undefined __cdecl _Dest_val<>(undefined4 param_1, undefined4 param_2)",false,false,true,"pseudocode/0048b1a0.c"
"0x0048b1c0","FUN_0048b1c0",19,1,"undefined __stdcall FUN_0048b1c0(void)",false,false,true,"pseudocode/0048b1c0.c"
"0x0048b1e0","FUN_0048b1e0",17,1,"undefined __cdecl FUN_0048b1e0(void * param_1, undefined4 param_2)",false,false,true,"pseudocode/0048b1e0.c"
"0x0048b200","FUN_0048b200",13,1,"undefined __cdecl FUN_0048b200(undefined4 * param_1)",false,false,true,"pseudocode/0048b200.c"
"0x0048b210","FUN_0048b210",17,1,"undefined __cdecl FUN_0048b210(void * param_1, undefined4 param_2)",false,false,true,"pseudocode/0048b210.c"
"0x0048b230","FUN_0048b230",13,1,"undefined __cdecl FUN_0048b230(undefined4 * param_1)",false,false,true,"pseudocode/0048b230.c"
"0x0048b240","FUN_0048b240",13,1,"undefined __cdecl FUN_0048b240(undefined4 * param_1)",false,false,true,"pseudocode/0048b240.c"
"0x0048b250","FUN_0048b250",17,1,"undefined __cdecl FUN_0048b250(void * param_1, undefined4 param_2)",false,false,true,"pseudocode/0048b250.c"
"0x0048b270","FUN_0048b270",123,1,"undefined4 * __fastcall FUN_0048b270(undefined4 * param_1)",false,false,true,"pseudocode/0048b270.c"
"0x0048b2f0","FUN_0048b2f0",127,1,"void * __stdcall FUN_0048b2f0(_Compressed_pair<struct_std::default_delete<class_std::_Facet_base>,class_std::_Facet_base*,1> * param_1)",false,false,true,"pseudocode/0048b2f0.c"
"0x0048b370","FUN_0048b370",88,1,"undefined4 * __fastcall FUN_0048b370(undefined4 * param_1)",false,false,true,"pseudocode/0048b370.c"
"0x0048b3d0","FUN_0048b3d0",43,1,"undefined4 * __fastcall FUN_0048b3d0(undefined4 * param_1)",false,false,true,"pseudocode/0048b3d0.c"
"0x0048b400","FUN_0048b400",248,1,"undefined4 * __thiscall FUN_0048b400(undefined4 * param_1)",false,false,true,"pseudocode/0048b400.c"
"0x0048b500","FUN_0048b500",66,1,"_Ptr_base<struct__EXCEPTION_RECORD_const_> * __fastcall FUN_0048b500(_Ptr_base<struct__EXCEPTION_RECORD_const_> * param_1)",false,false,true,"pseudocode/0048b500.c"
"0x0048b550","FUN_0048b550",90,1,"undefined4 * __fastcall FUN_0048b550(undefined4 * param_1)",false,false,true,"pseudocode/0048b550.c"
"0x0048b5b0","FUN_0048b5b0",149,1,"undefined4 * __fastcall FUN_0048b5b0(undefined4 * param_1)",false,false,true,"pseudocode/0048b5b0.c"
"0x0048b650","FUN_0048b650",198,1,"undefined4 * __fastcall FUN_0048b650(undefined4 * param_1)",false,false,true,"pseudocode/0048b650.c"
"0x0048b720","FUN_0048b720",34,1,"undefined1 * __fastcall FUN_0048b720(undefined1 * param_1)",false,false,true,"pseudocode/0048b720.c"
"0x0048b750","FUN_0048b750",48,1,"undefined __fastcall FUN_0048b750(undefined4 * param_1)",false,false,true,"pseudocode/0048b750.c"
"0x0048b780","FUN_0048b780",130,1,"undefined __fastcall FUN_0048b780(undefined4 * param_1)",false,false,true,"pseudocode/0048b780.c"
"0x0048b810","FUN_0048b810",30,1,"undefined __fastcall FUN_0048b810(int * param_1)",false,false,true,"pseudocode/0048b810.c"
"0x0048b830","FUN_0048b830",20,1,"undefined __fastcall FUN_0048b830(_Compressed_pair<struct_std::default_delete<class_std::_Facet_base>,class_std::_Facet_base*,1> * param_1)",false,false,true,"pseudocode/0048b830.c"
"0x0048b850","FUN_0048b850",20,1,"undefined __fastcall FUN_0048b850(_Compressed_pair<struct_std::default_delete<class_std::_Facet_base>,class_std::_Facet_base*,1> * param_1)",false,false,true,"pseudocode/0048b850.c"
"0x0048b870","FUN_0048b870",20,1,"undefined __fastcall FUN_0048b870(int param_1)",false,false,true,"pseudocode/0048b870.c"
"0x0048b890","FUN_0048b890",23,1,"undefined __fastcall FUN_0048b890(int param_1)",false,false,true,"pseudocode/0048b890.c"
"0x0048b8b0","FUN_0048b8b0",23,1,"undefined __fastcall FUN_0048b8b0(int param_1)",false,false,true,"pseudocode/0048b8b0.c"
"0x0048b8d0","FUN_0048b8d0",34,1,"undefined __fastcall FUN_0048b8d0(int param_1)",false,false,true,"pseudocode/0048b8d0.c"
"0x0048b900","FUN_0048b900",20,1,"undefined __fastcall FUN_0048b900(_Compressed_pair<struct_std::default_delete<class_std::_Facet_base>,class_std::_Facet_base*,1> * param_1)",false,false,true,"pseudocode/0048b900.c"
"0x0048b920","FUN_0048b920",81,1,"undefined __fastcall FUN_0048b920(undefined4 * param_1)",false,false,true,"pseudocode/0048b920.c"
"0x0048b980","FUN_0048b980",81,1,"undefined __fastcall FUN_0048b980(undefined4 * param_1)",false,false,true,"pseudocode/0048b980.c"
"0x0048b9e0","FUN_0048b9e0",53,1,"undefined __fastcall FUN_0048b9e0(undefined4 * param_1)",false,false,true,"pseudocode/0048b9e0.c"
"0x0048ba20","FUN_0048ba20",54,1,"undefined4 * __stdcall FUN_0048ba20(undefined4 * param_1)",false,false,true,"pseudocode/0048ba20.c"
"0x0048ba60","FUN_0048ba60",157,1,"_Compressed_pair<struct_std::default_delete<class_std::_Facet_base>,class_std::_Facet_base*,1> * __thiscall FUN_0048ba60(_Compressed_pair<struct_std::default_delete<class_std::_Facet_base>,class_std::_Facet_base*,1> * param_1)",false,false,true,"pseudocode/0048ba60.c"
"0x0048bb00","FUN_0048bb00",241,1,"undefined4 * __thiscall FUN_0048bb00(undefined4 * param_1)",false,false,true,"pseudocode/0048bb00.c"
"0x0048bc00","FUN_0048bc00",119,1,"int __thiscall FUN_0048bc00(undefined4 * param_1)",false,false,true,"pseudocode/0048bc00.c"
"0x0048bc80","FUN_0048bc80",25,1,"undefined __cdecl FUN_0048bc80(undefined4 * param_1, undefined4 * param_2)",false,false,true,"pseudocode/0048bc80.c"
"0x0048bca0","FUN_0048bca0",55,1,"undefined1 __cdecl FUN_0048bca0(void * param_1, void * param_2)",false,false,true,"pseudocode/0048bca0.c"
"0x0048bce0","FUN_0048bce0",33,1,"int __thiscall FUN_0048bce0(int param_1)",false,false,true,"pseudocode/0048bce0.c"
"0x0048bd10","FUN_0048bd10",36,1,"int __thiscall FUN_0048bd10(int param_1)",false,false,true,"pseudocode/0048bd10.c"
"0x0048bd40","FUN_0048bd40",36,1,"int __thiscall FUN_0048bd40(int param_1)",false,false,true,"pseudocode/0048bd40.c"
"0x0048bd70","FUN_0048bd70",38,1,"undefined4 * __thiscall FUN_0048bd70(undefined4 * param_1)",false,false,true,"pseudocode/0048bd70.c"
"0x0048bda0","FUN_0048bda0",19,1,"int __fastcall FUN_0048bda0(int * param_1)",false,false,true,"pseudocode/0048bda0.c"
"0x0048bdc0","FUN_0048bdc0",19,1,"undefined __fastcall FUN_0048bdc0(int * param_1)",false,false,true,"pseudocode/0048bdc0.c"
"0x0048bde0","FUN_0048bde0",26,1,"undefined4 * __fastcall FUN_0048bde0(undefined4 * param_1)",false,false,true,"pseudocode/0048bde0.c"
"0x0048be00","FUN_0048be00",22,1,"undefined4 * __fastcall FUN_0048be00(undefined4 * param_1)",false,false,true,"pseudocode/0048be00.c"
"0x0048be20","FUN_0048be20",47,1,"bool __stdcall FUN_0048be20(void)",false,false,true,"pseudocode/0048be20.c"
"0x0048be50","FUN_0048be50",41,1,"bool __stdcall FUN_0048be50(int param_1)",false,false,true,"pseudocode/0048be50.c"
"0x0048be80","FUN_0048be80",46,1,"undefined4 * __thiscall FUN_0048be80(uint param_1)",false,false,true,"pseudocode/0048be80.c"
"0x0048beb0","`scalar_deleting_destructor'",46,1,"void * __thiscall `scalar_deleting_destructor'(uint param_1)",false,false,true,"pseudocode/0048beb0.c"
"0x0048bee0","FUN_0048bee0",46,1,"LPVOID __thiscall FUN_0048bee0(uint param_1)",false,false,true,"pseudocode/0048bee0.c"
"0x0048bf10","FUN_0048bf10",239,1,"undefined __thiscall FUN_0048bf10(float * param_1, char param_2)",false,false,true,"pseudocode/0048bf10.c"
"0x0048c010","FUN_0048c010",196,2,"undefined FUN_0048c010()",false,false,false,""
"0x004969e0","FUN_004969e0",25,1,"undefined __fastcall FUN_004969e0(undefined4 param_1)",false,false,true,"pseudocode/004969e0.c"
"0x00496a00","FUN_00496a00",398,1,"undefined4 __fastcall FUN_00496a00(void * param_1)",false,false,true,"pseudocode/00496a00.c"
"0x00496b90","FUN_00496b90",967,1,"undefined __fastcall FUN_00496b90(void * param_1)",false,false,true,"pseudocode/00496b90.c"
"0x00496fb0","FUN_00496fb0",653,1,"undefined __fastcall FUN_00496fb0(void * param_1)",false,false,true,"pseudocode/00496fb0.c"
"0x00497240","FUN_00497240",35,1,"undefined __fastcall FUN_00497240(int param_1)",false,false,true,"pseudocode/00497240.c"
"0x00497270","FUN_00497270",72,1,"undefined __fastcall FUN_00497270(int param_1)",false,false,true,"pseudocode/00497270.c"
"0x004972c0","FUN_004972c0",147,1,"undefined __fastcall FUN_004972c0(int param_1)",false,false,true,"pseudocode/004972c0.c"
"0x00497360","FUN_00497360",61,1,"undefined __fastcall FUN_00497360(_Compressed_pair<struct_std::default_delete<class_std::_Facet_base>,class_std::_Facet_base*,1> * param_1)",false,false,true,"pseudocode/00497360.c"
"0x004973a0","FUN_004973a0",25,1,"uint __thiscall FUN_004973a0(uint param_1)",false,false,true,"pseudocode/004973a0.c"
"0x004973c0","FUN_004973c0",93,1,"undefined __fastcall FUN_004973c0(int param_1)",false,false,true,"pseudocode/004973c0.c"
"0x00497420","FUN_00497420",38,1,"undefined __fastcall FUN_00497420(int param_1)",false,false,true,"pseudocode/00497420.c"
"0x00497450","FUN_00497450",26,1,"undefined __fastcall FUN_00497450(int param_1)",false,false,true,"pseudocode/00497450.c"
"0x00497470","FUN_00497470",94,1,"undefined __fastcall FUN_00497470(int param_1)",false,false,true,"pseudocode/00497470.c"
"0x004974d0","FUN_004974d0",108,1,"uint __thiscall FUN_004974d0(int param_1, undefined4 param_2, int param_3)",false,false,true,"pseudocode/004974d0.c"
"0x00497540","FUN_00497540",26,1,"undefined __fastcall FUN_00497540(int param_1)",false,false,true,"pseudocode/00497540.c"
"0x00497560","FUN_00497560",47,1,"undefined __fastcall FUN_00497560(undefined4 * param_1)",false,false,true,"pseudocode/00497560.c"
"0x00497590","FUN_00497590",75,1,"undefined4 * __thiscall FUN_00497590(undefined4 * param_1)",false,false,true,"pseudocode/00497590.c"
"0x004975e0","FUN_004975e0",23,1,"undefined __fastcall FUN_004975e0(undefined4 param_1)",false,false,true,"pseudocode/004975e0.c"
"0x00497600","FUN_00497600",45,1,"undefined __thiscall FUN_00497600(uint param_1)",false,false,true,"pseudocode/00497600.c"
"0x00497630","FUN_00497630",84,1,"uint __thiscall FUN_00497630(uint param_1)",false,false,true,"pseudocode/00497630.c"
"0x00497690","FUN_00497690",84,1,"uint __thiscall FUN_00497690(uint param_1)",false,false,true,"pseudocode/00497690.c"
"0x004976f0","FUN_004976f0",165,1,"undefined __thiscall FUN_004976f0(int param_1, int param_2, int param_3)",false,false,true,"pseudocode/004976f0.c"
"0x004977a0","FUN_004977a0",166,1,"undefined __thiscall FUN_004977a0(int param_1, int param_2, int param_3)",false,false,true,"pseudocode/004977a0.c"
"0x00497850","FUN_00497850",172,1,"undefined __thiscall FUN_00497850(int param_1, int param_2, int param_3)",false,false,true,"pseudocode/00497850.c"
"0x00497900","FUN_00497900",344,1,"undefined __thiscall FUN_00497900(int param_1)",false,false,true,"pseudocode/00497900.c"
"0x00497a60","FID_conflict:_Assign_rv",88,1,"undefined __thiscall FID_conflict:_Assign_rv(undefined4 * param_1)",false,false,true,"pseudocode/00497a60.c"
"0x00497ac0","FUN_00497ac0",153,1,"undefined __fastcall FUN_00497ac0(_Compressed_pair<struct_std::default_delete<class_std::_Facet_base>,class_std::_Facet_base*,1> * param_1)",false,false,true,"pseudocode/00497ac0.c"
"0x00497b60","FUN_00497b60",158,1,"undefined __fastcall FUN_00497b60(_Compressed_pair<struct_std::default_delete<class_std::_Facet_base>,class_std::_Facet_base*,1> * param_1)",false,false,true,"pseudocode/00497b60.c"
"0x00497c00","FUN_00497c00",17,1,"int __fastcall FUN_00497c00(int param_1)",false,false,true,"pseudocode/00497c00.c"
"0x00497c20","FUN_00497c20",53,1,"void * __thiscall FUN_00497c20(void * param_1)",false,false,true,"pseudocode/00497c20.c"
"0x00497c60","FUN_00497c60",87,1,"undefined __thiscall FUN_00497c60(int param_1)",false,false,true,"pseudocode/00497c60.c"
"0x00497cc0","FUN_00497cc0",87,1,"undefined __thiscall FUN_00497cc0(int param_1)",false,false,true,"pseudocode/00497cc0.c"
"0x00497d20","FUN_00497d20",79,1,"uint __thiscall FUN_00497d20(undefined4 param_1)",false,false,true,"pseudocode/00497d20.c"
"0x00497d70","FUN_00497d70",58,1,"undefined4 __thiscall FUN_00497d70(uint param_1)",false,false,true,"pseudocode/00497d70.c"
"0x00497db0","FUN_00497db0",58,1,"undefined4 __thiscall FUN_00497db0(uint param_1)",false,false,true,"pseudocode/00497db0.c"
"0x00497df0","FUN_00497df0",58,1,"undefined4 __thiscall FUN_00497df0(uint param_1)",false,false,true,"pseudocode/00497df0.c"
"0x00497e30","FUN_00497e30",58,1,"undefined4 __thiscall FUN_00497e30(uint param_1)",false,false,true,"pseudocode/00497e30.c"
"0x00497e70","FUN_00497e70",61,1,"void * __thiscall FUN_00497e70(void * param_1)",false,false,true,"pseudocode/00497e70.c"
"0x00497eb0","FUN_00497eb0",36,1,"int __fastcall FUN_00497eb0(int param_1)",false,false,true,"pseudocode/00497eb0.c"
"0x00497ee0","FUN_00497ee0",41,1,"int __fastcall FUN_00497ee0(int param_1)",false,false,true,"pseudocode/00497ee0.c"
"0x00497f10","FUN_00497f10",41,1,"int __fastcall FUN_00497f10(int param_1)",false,false,true,"pseudocode/00497f10.c"
"0x00497f40","FUN_00497f40",116,1,"undefined __fastcall FUN_00497f40(_Compressed_pair<struct_std::default_delete<class_std::_Facet_base>,class_std::_Facet_base*,1> * param_1)",false,false,true,"pseudocode/00497f40.c"
"0x00497fc0","FUN_00497fc0",87,1,"undefined __thiscall FUN_00497fc0(undefined4 param_1, int param_2)",false,false,true,"pseudocode/00497fc0.c"
"0x00498020","FUN_00498020",85,1,"undefined __thiscall FUN_00498020(undefined4 param_1, int param_2)",false,false,true,"pseudocode/00498020.c"
"0x00498080","FUN_00498080",85,1,"undefined __thiscall FUN_00498080(undefined4 param_1, int param_2)",false,false,true,"pseudocode/00498080.c"
"0x004980e0","FUN_004980e0",88,1,"undefined __thiscall FUN_004980e0(undefined4 param_1, int param_2)",false,false,true,"pseudocode/004980e0.c"
"0x00498140","FUN_00498140",85,1,"undefined __thiscall FUN_00498140(undefined4 param_1, int param_2)",false,false,true,"pseudocode/00498140.c"
"0x004981a0","FUN_004981a0",30,1,"void * __thiscall FUN_004981a0(void * param_1)",false,false,true,"pseudocode/004981a0.c"
"0x004981c0","FUN_004981c0",42,1,"void * __thiscall FUN_004981c0(void * param_1)",false,false,true,"pseudocode/004981c0.c"
"0x004981f0","FUN_004981f0",31,1,"undefined __thiscall FUN_004981f0(uint * param_1)",false,false,true,"pseudocode/004981f0.c"
"0x00498210","FUN_00498210",818,1,"default_delete<class_std::_Facet_base> * __thiscall FUN_00498210(undefined4 param_1)",false,false,true,"pseudocode/00498210.c"
"0x00498600","FUN_00498600",663,1,"undefined4 * __thiscall FUN_00498600(undefined4 param_1)",false,false,true,"pseudocode/00498600.c"
"0x00498950","FUN_00498950",21,1,"int __fastcall FUN_00498950(int param_1)",false,false,true,"pseudocode/00498950.c"
"0x00498970","FUN_00498970",92,1,"undefined __fastcall FUN_00498970(int param_1)",false,false,true,"pseudocode/00498970.c"
"0x004989d0","FUN_004989d0",19,1,"undefined __fastcall FUN_004989d0(int param_1)",false,false,true,"pseudocode/004989d0.c"
"0x004989f0","FUN_004989f0",19,1,"int __fastcall FUN_004989f0(int param_1)",false,false,true,"pseudocode/004989f0.c"
"0x00498a10","FUN_00498a10",64,1,"undefined __fastcall FUN_00498a10(int param_1)",false,false,true,"pseudocode/00498a10.c"
"0x00498a60","FUN_00498a60",17,1,"float10 __fastcall FUN_00498a60(int param_1)",false,false,true,"pseudocode/00498a60.c"
"0x00498a80","FUN_00498a80",251,1,"undefined __thiscall FUN_00498a80(int param_1)",false,false,true,"pseudocode/00498a80.c"
"0x00498b80","FUN_00498b80",396,1,"undefined __thiscall FUN_00498b80(void * param_1, int param_2)",false,false,true,"pseudocode/00498b80.c"
"0x00498d10","FUN_00498d10",305,1,"undefined __thiscall FUN_00498d10(void * param_1, int param_2)",false,false,true,"pseudocode/00498d10.c"
"0x00498e50","FUN_00498e50",17,1,"undefined4 __fastcall FUN_00498e50(int param_1)",false,false,true,"pseudocode/00498e50.c"
"0x00498e70","FUN_00498e70",196,1,"undefined4 __fastcall FUN_00498e70(int param_1)",false,false,true,"pseudocode/00498e70.c"
"0x00498f40","FUN_00498f40",15,1,"undefined __stdcall FUN_00498f40(void)",false,false,true,"pseudocode/00498f40.c"
"0x00498f50","FUN_00498f50",19,1,"int __fastcall FUN_00498f50(int param_1)",false,false,true,"pseudocode/00498f50.c"
"0x00498f70","base",26,1,"undefined4 * __thiscall base(undefined4 * param_1)",false,false,true,"pseudocode/00498f70.c"
"0x00498f90","FUN_00498f90",30,1,"undefined4 * __thiscall FUN_00498f90(undefined4 * param_1)",false,false,true,"pseudocode/00498f90.c"
"0x00498fb0","FUN_00498fb0",26,1,"undefined4 __thiscall FUN_00498fb0(int param_1)",false,false,true,"pseudocode/00498fb0.c"
"0x00498fd0","FUN_00498fd0",26,1,"undefined __cdecl FUN_00498fd0(int param_1)",false,false,true,"pseudocode/00498fd0.c"
"0x00498ff0","FUN_00498ff0",230,1,"undefined __thiscall FUN_00498ff0(int param_1)",false,false,true,"pseudocode/00498ff0.c"
"0x004990e0","FUN_004990e0",16,1,"undefined4 __stdcall FUN_004990e0(void)",false,false,true,"pseudocode/004990e0.c"
"0x004990f0","FUN_004990f0",17,1,"undefined4 __fastcall FUN_004990f0(int param_1)",false,false,true,"pseudocode/004990f0.c"
"0x00499110","FUN_00499110",25,1,"undefined __fastcall FUN_00499110(int param_1)",false,false,true,"pseudocode/00499110.c"
"0x00499130","FUN_00499130",219,1,"undefined __fastcall FUN_00499130(int param_1)",false,false,true,"pseudocode/00499130.c"
"0x00499210","FUN_00499210",219,1,"undefined __fastcall FUN_00499210(int param_1)",false,false,true,"pseudocode/00499210.c"
"0x004992f0","FUN_004992f0",17,1,"undefined4 __fastcall FUN_004992f0(int param_1)",false,false,true,"pseudocode/004992f0.c"
"0x00499310","FUN_00499310",22,1,"undefined __fastcall FUN_00499310(int param_1)",false,false,true,"pseudocode/00499310.c"
"0x00499330","FUN_00499330",25,1,"undefined __fastcall FUN_00499330(int param_1)",false,false,true,"pseudocode/00499330.c"
"0x00499350","FUN_00499350",25,1,"undefined __fastcall FUN_00499350(int param_1)",false,false,true,"pseudocode/00499350.c"
"0x00499370","FUN_00499370",17,1,"int __fastcall FUN_00499370(int param_1)",false,false,true,"pseudocode/00499370.c"
"0x00499390","FUN_00499390",17,1,"float10 __fastcall FUN_00499390(int param_1)",false,false,true,"pseudocode/00499390.c"
"0x004993b0","FUN_004993b0",64,1,"undefined4 __fastcall FUN_004993b0(int param_1)",false,false,true,"pseudocode/004993b0.c"
"0x004993f0","FUN_004993f0",17,1,"float10 __fastcall FUN_004993f0(int param_1)",false,false,true,"pseudocode/004993f0.c"
"0x00499410","FUN_00499410",17,1,"float10 __fastcall FUN_00499410(int param_1)",false,false,true,"pseudocode/00499410.c"
"0x00499430","FUN_00499430",44,1,"undefined __thiscall FUN_00499430(uint param_1)",false,false,true,"pseudocode/00499430.c"
"0x00499460","FUN_00499460",25,1,"undefined __fastcall FUN_00499460(int param_1)",false,false,true,"pseudocode/00499460.c"
"0x00499480","FUN_00499480",73,1,"undefined4 __fastcall FUN_00499480(int param_1)",false,false,true,"pseudocode/00499480.c"
"0x004994d0","FUN_004994d0",73,1,"undefined4 __fastcall FUN_004994d0(int param_1)",false,false,true,"pseudocode/004994d0.c"
"0x00499520","FUN_00499520",64,1,"undefined4 __fastcall FUN_00499520(int param_1)",false,false,true,"pseudocode/00499520.c"
"0x00499560","FUN_00499560",20,1,"undefined4 __fastcall FUN_00499560(int param_1)",false,false,true,"pseudocode/00499560.c"
"0x00499580","FUN_00499580",73,1,"undefined4 __fastcall FUN_00499580(int param_1)",false,false,true,"pseudocode/00499580.c"
"0x004995d0","FUN_004995d0",5102,1,"float10 __thiscall FUN_004995d0(int param_1, undefined4 param_2)",false,false,true,"pseudocode/004995d0.c"
"0x0049abc0","FUN_0049abc0",4152,2,"uint __thiscall FUN_0049abc0(undefined4 param_1)",false,false,true,"pseudocode/0049abc0.c"
"0x0049be00","FUN_0049be00",17,1,"float10 __fastcall FUN_0049be00(int param_1)",false,false,true,"pseudocode/0049be00.c"
"0x0049be20","FUN_0049be20",123,1,"bool __fastcall FUN_0049be20(int param_1)",false,false,true,"pseudocode/0049be20.c"
"0x0049bea0","FUN_0049bea0",46,1,"bool __fastcall FUN_0049bea0(int param_1)",false,false,true,"pseudocode/0049bea0.c"
"0x0049bed0","FUN_0049bed0",45,1,"bool __fastcall FUN_0049bed0(undefined4 * param_1)",false,false,true,"pseudocode/0049bed0.c"
"0x0049bf00","FUN_0049bf00",244,1,"undefined __thiscall FUN_0049bf00(int param_1)",false,false,true,"pseudocode/0049bf00.c"
"0x0049c000","FUN_0049c000",10,1,"undefined4 __stdcall FUN_0049c000(void)",false,false,true,"pseudocode/0049c000.c"
"0x0049c010","FUN_0049c010",50,1,"bool __fastcall FUN_0049c010(int param_1)",false,false,true,"pseudocode/0049c010.c"
"0x0049c050","FUN_0049c050",109,1,"undefined1 __fastcall FUN_0049c050(int param_1)",false,false,true,"pseudocode/0049c050.c"
"0x0049c0c0","FUN_0049c0c0",26,1,"uint __fastcall FUN_0049c0c0(int param_1)",false,false,true,"pseudocode/0049c0c0.c"
"0x0049c0e0","FUN_0049c0e0",36,1,"undefined __thiscall FUN_0049c0e0(undefined4 param_1)",false,false,true,"pseudocode/0049c0e0.c"
"0x0049c110","FUN_0049c110",13,1,"uint __stdcall FUN_0049c110(void)",false,false,true,"pseudocode/0049c110.c"
"0x0049c120","FUN_0049c120",19,1,"uint __stdcall FUN_0049c120(void)",false,false,true,"pseudocode/0049c120.c"
"0x0049c140","FUN_0049c140",19,1,"uint __stdcall FUN_0049c140(void)",false,false,true,"pseudocode/0049c140.c"
"0x0049c160","FUN_0049c160",59,1,"uint __fastcall FUN_0049c160(_Compressed_pair<struct_std::default_delete<class_std::_Facet_base>,class_std::_Facet_base*,1> * param_1)",false,false,true,"pseudocode/0049c160.c"
"0x0049c1a0","FUN_0049c1a0",59,1,"uint __fastcall FUN_0049c1a0(_Compressed_pair<struct_std::default_delete<class_std::_Facet_base>,class_std::_Facet_base*,1> * param_1)",false,false,true,"pseudocode/0049c1a0.c"
"0x0049c1e0","FUN_0049c1e0",59,1,"uint __fastcall FUN_0049c1e0(_Compressed_pair<struct_std::default_delete<class_std::_Facet_base>,class_std::_Facet_base*,1> * param_1)",false,false,true,"pseudocode/0049c1e0.c"
"0x0049c220","FUN_0049c220",58,1,"undefined __thiscall FUN_0049c220(uint param_1)",false,false,true,"pseudocode/0049c220.c"
"0x0049c260","FUN_0049c260",21,1,"undefined __fastcall FUN_0049c260(int param_1)",false,false,true,"pseudocode/0049c260.c"
"0x0049c280","FUN_0049c280",26,1,"undefined __thiscall FUN_0049c280(int param_1)",false,false,true,"pseudocode/0049c280.c"
"0x0049c2a0","FUN_0049c2a0",32,1,"undefined __thiscall FUN_0049c2a0(uint param_1)",false,false,true,"pseudocode/0049c2a0.c"
"0x0049c2c0","FUN_0049c2c0",32,1,"undefined __thiscall FUN_0049c2c0(uint param_1)",false,false,true,"pseudocode/0049c2c0.c"
"0x0049c2e0","FUN_0049c2e0",85,1,"undefined __thiscall FUN_0049c2e0(uint param_1, void * param_2)",false,false,true,"pseudocode/0049c2e0.c"
"0x0049c340","FUN_0049c340",23,1,"undefined __thiscall FUN_0049c340(int param_1)",false,false,true,"pseudocode/0049c340.c"
"0x0049c360","FUN_0049c360",36,1,"undefined __thiscall FUN_0049c360(uint param_1)",false,false,true,"pseudocode/0049c360.c"
"0x0049c390","FUN_0049c390",42,1,"undefined __thiscall FUN_0049c390(uint param_1)",false,false,true,"pseudocode/0049c390.c"
"0x0049c3c0","FUN_0049c3c0",38,1,"undefined __thiscall FUN_0049c3c0(undefined4 * param_1)",false,false,true,"pseudocode/0049c3c0.c"
"0x0049c3f0","FUN_0049c3f0",30,1,"undefined __thiscall FUN_0049c3f0(undefined4 * param_1)",false,false,true,"pseudocode/0049c3f0.c"
"0x0049c410","FUN_0049c410",86,1,"undefined __thiscall FUN_0049c410(float param_1)",false,false,true,"pseudocode/0049c410.c"
"0x0049c470","FUN_0049c470",29,1,"undefined __fastcall FUN_0049c470(int param_1)",false,false,true,"pseudocode/0049c470.c"
"0x0049c490","FUN_0049c490",25,1,"undefined __thiscall FUN_0049c490(undefined4 param_1)",false,false,true,"pseudocode/0049c490.c"
"0x0049c4b0","FUN_0049c4b0",42,1,"undefined __thiscall FUN_0049c4b0(uint param_1)",false,false,true,"pseudocode/0049c4b0.c"
"0x0049c4e0","FUN_0049c4e0",22,1,"undefined __thiscall FUN_0049c4e0(undefined4 param_1)",false,false,true,"pseudocode/0049c4e0.c"
"0x0049c500","FUN_0049c500",25,1,"undefined __thiscall FUN_0049c500(undefined4 param_1)",false,false,true,"pseudocode/0049c500.c"
"0x0049c520","FUN_0049c520",134,1,"undefined __thiscall FUN_0049c520(undefined4 param_1, undefined4 param_2, byte param_3)",false,false,true,"pseudocode/0049c520.c"
"0x0049c5b0","FUN_0049c5b0",45,1,"undefined __thiscall FUN_0049c5b0(undefined4 param_1, undefined4 param_2, undefined4 * param_3)",false,false,true,"pseudocode/0049c5b0.c"
"0x0049c5e0","FUN_0049c5e0",155,1,"undefined __thiscall FUN_0049c5e0(undefined4 param_1, undefined4 param_2, byte * param_3)",false,false,true,"pseudocode/0049c5e0.c"
"0x0049c680","FUN_0049c680",104,1,"undefined __thiscall FUN_0049c680(undefined4 param_1, undefined4 param_2, undefined4 param_3, undefined4 param_4)",false,false,true,"pseudocode/0049c680.c"
"0x0049c6f0","FUN_0049c6f0",42,1,"undefined __thiscall FUN_0049c6f0(undefined4 param_1)",false,false,true,"pseudocode/0049c6f0.c"
"0x0049c720","FUN_0049c720",25,1,"undefined __thiscall FUN_0049c720(undefined4 param_1)",false,false,true,"pseudocode/0049c720.c"
"0x0049c740","FUN_0049c740",26,1,"undefined __thiscall FUN_0049c740(undefined4 param_1)",false,false,true,"pseudocode/0049c740.c"
"0x0049c760","FUN_0049c760",21,1,"undefined __fastcall FUN_0049c760(int param_1)",false,false,true,"pseudocode/0049c760.c"
"0x0049c780","FUN_0049c780",44,1,"undefined __thiscall FUN_0049c780(int param_1, undefined4 param_2)",false,false,true,"pseudocode/0049c780.c"
"0x0049c7b0","FUN_0049c7b0",44,1,"undefined __thiscall FUN_0049c7b0(int param_1, undefined4 param_2)",false,false,true,"pseudocode/0049c7b0.c"
"0x0049c7e0","FUN_0049c7e0",26,1,"undefined __thiscall FUN_0049c7e0(undefined4 param_1)",false,false,true,"pseudocode/0049c7e0.c"
"0x0049c800","FUN_0049c800",40,1,"undefined __thiscall FUN_0049c800(undefined4 * param_1)",false,false,true,"pseudocode/0049c800.c"
"0x0049c830","FUN_0049c830",45,1,"undefined __thiscall FUN_0049c830(undefined4 param_1, undefined4 param_2)",false,false,true,"pseudocode/0049c830.c"
"0x0049c860","FUN_0049c860",50,1,"undefined __thiscall FUN_0049c860(undefined1 param_1, undefined1 param_2, undefined1 param_3)",false,false,true,"pseudocode/0049c860.c"
"0x0049c8a0","FUN_0049c8a0",25,1,"undefined __thiscall FUN_0049c8a0(undefined1 param_1)",false,false,true,"pseudocode/0049c8a0.c"
"0x0049c8c0","FUN_0049c8c0",26,1,"undefined __thiscall FUN_0049c8c0(undefined4 param_1)",false,false,true,"pseudocode/0049c8c0.c"
"0x0049c8e0","FUN_0049c8e0",29,1,"undefined __thiscall FUN_0049c8e0(undefined4 param_1)",false,false,true,"pseudocode/0049c8e0.c"
"0x0049c900","FUN_0049c900",26,1,"undefined __thiscall FUN_0049c900(undefined4 param_1)",false,false,true,"pseudocode/0049c900.c"
"0x0049c920","FUN_0049c920",30,1,"undefined __thiscall FUN_0049c920(undefined4 * param_1)",false,false,true,"pseudocode/0049c920.c"
"0x0049c940","FUN_0049c940",36,1,"undefined __thiscall FUN_0049c940(undefined4 param_1)",false,false,true,"pseudocode/0049c940.c"
"0x0049c970","FUN_0049c970",78,1,"undefined __thiscall FUN_0049c970(undefined4 param_1)",false,false,true,"pseudocode/0049c970.c"
"0x0049c9c0","FUN_0049c9c0",65,1,"undefined __thiscall FUN_0049c9c0(int param_1, int param_2, undefined4 param_3, undefined4 param_4)",false,false,true,"pseudocode/0049c9c0.c"
"0x0049ca10","FUN_0049ca10",42,1,"undefined __thiscall FUN_0049ca10(uint param_1)",false,false,true,"pseudocode/0049ca10.c"
"0x0049ca40","FUN_0049ca40",40,1,"undefined4 __thiscall FUN_0049ca40(undefined4 param_1)",false,false,true,"pseudocode/0049ca40.c"
"0x0049ca70","FUN_0049ca70",44,1,"undefined4 __thiscall FUN_0049ca70(int param_1, undefined4 param_2)",false,false,true,"pseudocode/0049ca70.c"
"0x0049caa0","FUN_0049caa0",26,1,"undefined __thiscall FUN_0049caa0(undefined4 param_1)",false,false,true,"pseudocode/0049caa0.c"
"0x0049cac0","FUN_0049cac0",26,1,"undefined __thiscall FUN_0049cac0(undefined4 param_1)",false,false,true,"pseudocode/0049cac0.c"
"0x0049cae0","FUN_0049cae0",39,1,"undefined __thiscall FUN_0049cae0(float param_1)",false,false,true,"pseudocode/0049cae0.c"
"0x0049cb10","FUN_0049cb10",26,1,"undefined __thiscall FUN_0049cb10(undefined4 param_1)",false,false,true,"pseudocode/0049cb10.c"
"0x0049cb30","FUN_0049cb30",41,1,"int __fastcall FUN_0049cb30(int param_1)",false,false,true,"pseudocode/0049cb30.c"
"0x0049cb60","FUN_0049cb60",41,1,"int __fastcall FUN_0049cb60(int param_1)",false,false,true,"pseudocode/0049cb60.c"
"0x0049cb90","FUN_0049cb90",25,1,"undefined __fastcall FUN_0049cb90(int param_1)",false,false,true,"pseudocode/0049cb90.c"
"0x0049cbb0","FUN_0049cbb0",61,1,"undefined4 * __stdcall FUN_0049cbb0(undefined4 * param_1, uint * param_2, int param_3, float * param_4, undefined4 param_5, int param_6, undefined4 * param_7)",false,false,true,"pseudocode/0049cbb0.c"
"0x0049cbf0","FUN_0049cbf0",57,1,"undefined4 * __stdcall FUN_0049cbf0(undefined4 * param_1, uint * param_2, int param_3, int param_4, undefined4 * param_5)",false,false,true,"pseudocode/0049cbf0.c"
"0x0049cc30","FUN_0049cc30",38,1,"undefined __thiscall FUN_0049cc30(float param_1)",false,false,true,"pseudocode/0049cc30.c"
"0x0049cc60","length",48,1,"int __thiscall length(void)",false,false,true,"pseudocode/0049cc60.c"
"0x0049cc90","FUN_0049cc90",73,1,"undefined4 * __stdcall FUN_0049cc90(void)",false,false,true,"pseudocode/0049cc90.c"
"0x0049cce0","FUN_0049cce0",130,1,"undefined __cdecl FUN_0049cce0(undefined4 param_1, int param_2, undefined4 * param_3)",false,false,true,"pseudocode/0049cce0.c"
"0x0049cd70","FUN_0049cd70",78,1,"undefined4 __fastcall FUN_0049cd70(undefined4 param_1)",false,false,true,"pseudocode/0049cd70.c"
"0x0049cdd0","FUN_0049cdd0",78,1,"undefined4 __fastcall FUN_0049cdd0(undefined4 param_1)",false,false,true,"pseudocode/0049cdd0.c"
"0x0049ce30","FUN_0049ce30",65,1,"undefined4 * __fastcall FUN_0049ce30(undefined4 * param_1)",false,false,true,"pseudocode/0049ce30.c"
"0x0049ce80","FUN_0049ce80",211,1,"undefined4 * __fastcall FUN_0049ce80(undefined4 * param_1)",false,false,true,"pseudocode/0049ce80.c"
"0x0049cf60","FUN_0049cf60",23,1,"undefined4 * __fastcall FUN_0049cf60(undefined4 * param_1)",false,false,true,"pseudocode/0049cf60.c"
"0x0049cf80","FUN_0049cf80",878,1,"int * __thiscall FUN_0049cf80(int param_1, int param_2, int param_3, undefined4 param_4)",false,false,true,"pseudocode/0049cf80.c"
"0x0049d2f0","FUN_0049d2f0",190,1,"undefined __fastcall FUN_0049d2f0(undefined4 * param_1)",false,false,true,"pseudocode/0049d2f0.c"
"0x0049d3c0","FUN_0049d3c0",49,1,"undefined4 * __thiscall FUN_0049d3c0(uint param_1)",false,false,true,"pseudocode/0049d3c0.c"
"0x0049d400","FUN_0049d400",158,1,"undefined __stdcall FUN_0049d400(void)",false,false,true,"pseudocode/0049d400.c"
"0x0049d4a0","FUN_0049d4a0",271,1,"undefined4 __fastcall FUN_0049d4a0(int param_1)",false,false,true,"pseudocode/0049d4a0.c"
"0x0049d5b0","FUN_0049d5b0",480,1,"undefined __thiscall FUN_0049d5b0(undefined4 param_1, float param_2, float param_3, float param_4)",false,false,true,"pseudocode/0049d5b0.c"
"0x0049d790","FUN_0049d790",183,1,"undefined4 __thiscall FUN_0049d790(int param_1)",false,false,true,"pseudocode/0049d790.c"
"0x0049d850","FUN_0049d850",503,1,"undefined __thiscall FUN_0049d850(float param_1, float param_2, float param_3, float param_4)",false,false,true,"pseudocode/0049d850.c"
"0x0049da50","FUN_0049da50",20,1,"undefined __fastcall FUN_0049da50(undefined4 * param_1)",false,false,true,"pseudocode/0049da50.c"
"0x0049da70","FUN_0049da70",250,1,"undefined4 __fastcall FUN_0049da70(int param_1)",false,false,true,"pseudocode/0049da70.c"
"0x0049db70","FUN_0049db70",227,1,"undefined4 * __stdcall FUN_0049db70(undefined4 * param_1, int param_2, undefined4 param_3, int param_4)",false,false,true,"pseudocode/0049db70.c"
"0x0049dc60","FUN_0049dc60",143,1,"int * __thiscall FUN_0049dc60(int param_1, int param_2, uint * param_3, int param_4)",false,false,true,"pseudocode/0049dc60.c"
"0x0049dcf0","FUN_0049dcf0",202,1,"undefined4 * __stdcall FUN_0049dcf0(undefined4 * param_1, int param_2, undefined4 param_3, int param_4)",false,false,true,"pseudocode/0049dcf0.c"
"0x0049ddc0","FUN_0049ddc0",194,1,"undefined __fastcall FUN_0049ddc0(int * param_1)",false,false,true,"pseudocode/0049ddc0.c"
"0x0049de90","FUN_0049de90",13,1,"undefined __cdecl FUN_0049de90(int param_1)",false,false,true,"pseudocode/0049de90.c"
"0x0049dea0","FUN_0049dea0",13,1,"undefined __stdcall FUN_0049dea0(void)",false,false,true,"pseudocode/0049dea0.c"
"0x0049deb0","FUN_0049deb0",27,1,"undefined __cdecl FUN_0049deb0(int param_1)",false,false,true,"pseudocode/0049deb0.c"
"0x0049ded0","FUN_0049ded0",34,1,"undefined __thiscall FUN_0049ded0(undefined4 * param_1)",false,false,true,"pseudocode/0049ded0.c"
"0x0049df00","FUN_0049df00",23,1,"undefined4 __thiscall FUN_0049df00(int param_1)",false,false,true,"pseudocode/0049df00.c"
"0x0049df20","FUN_0049df20",23,1,"undefined4 __thiscall FUN_0049df20(int param_1)",false,false,true,"pseudocode/0049df20.c"
"0x0049df40","FUN_0049df40",107,1,"undefined __cdecl FUN_0049df40(float param_1, float param_2, undefined4 param_3, float * param_4, float * param_5)",false,false,true,"pseudocode/0049df40.c"
"0x0049dfb0","FUN_0049dfb0",20,1,"undefined4 __fastcall FUN_0049dfb0(int param_1)",false,false,true,"pseudocode/0049dfb0.c"
"0x0049dfd0","FUN_0049dfd0",20,1,"undefined4 __fastcall FUN_0049dfd0(int param_1)",false,false,true,"pseudocode/0049dfd0.c"
"0x0049dff0","FUN_0049dff0",20,1,"undefined4 __fastcall FUN_0049dff0(int param_1)",false,false,true,"pseudocode/0049dff0.c"
"0x0049e010","FUN_0049e010",54,1,"undefined __thiscall FUN_0049e010(undefined4 param_1)",false,false,true,"pseudocode/0049e010.c"
"0x0049e050","FUN_0049e050",45,1,"undefined __thiscall FUN_0049e050(undefined4 param_1)",false,false,true,"pseudocode/0049e050.c"
"0x0049e080","FUN_0049e080",55,1,"undefined4 * __stdcall FUN_0049e080(undefined4 * param_1, uint * param_2, int param_3, undefined4 * param_4)",false,false,true,"pseudocode/0049e080.c"
"0x0049e0c0","FUN_0049e0c0",90,2,"undefined4 * __cdecl FUN_0049e0c0(int param_1)",false,false,true,"pseudocode/0049e0c0.c"
"0x0049e120","FID_conflict:_Func_impl_no_alloc<class_`protected:_void___thiscall_Concurrency::target_block<class_Concurrency::multi_link_registry<class_Concurrency::ISource<unsigned_int>_>,class_Concurrency::ordered_message_processor<unsigned_int>_>::initialize_target(class_Concurrency::Scheduler*,class_Concurrency::ScheduleGroup*)'::`2'::<lambda_1>,void,class_Concurrency::message<unsigned_int>*><class_`protected:_void___thiscall_Concurrency::target_block<class_Concurrency::multi_link_registry<class_Concurrency::ISource<unsigned_int>_>,class_Concurrency::ordered_message_processor<unsigned_int>_>::initialize_target(class_Concurrency::Scheduler*,class_Concurrency::ScheduleGroup*)'::`2'::<lambda_1>,0>",53,1,"_Compressed_pair<struct_std::default_delete<class_std::_Facet_base>,class_std::_Facet_base*,1> * __thiscall FID_conflict:_Func_impl_no_alloc<class_`protected:_void___thiscall_Concurrency::target_block<class_Concurrency::multi_link_registry<class_Concurrency::ISource<unsigned_int>_>,class_Concurrency::ordered_message_processor<unsigned_int>_>::initialize_target(class_Concurrency::Scheduler*,class_Concurrency::ScheduleGroup*)'::`2'::<lambda_1>,void,class_Concurrency::message<unsigned_int>*><class_`protected:_void___thiscall_Concurrency::target_block<class_Concurrency::multi_link_registry<class_Concurrency::ISource<unsigned_int>_>,class_Concurrency::ordered_message_processor<unsigned_int>_>::initialize_target(class_Concurrency::Scheduler*,class_Concurrency::ScheduleGroup*)'::`2'::<lambda_1>,0>(undefined4 param_1)",false,false,true,"pseudocode/0049e120.c"
"0x0049e160","FID_conflict:_Func_impl_no_alloc<class_`protected:_void___thiscall_Concurrency::target_block<class_Concurrency::multi_link_registry<class_Concurrency::ISource<unsigned_int>_>,class_Concurrency::ordered_message_processor<unsigned_int>_>::initialize_target(class_Concurrency::Scheduler*,class_Concurrency::ScheduleGroup*)'::`2'::<lambda_1>,void,class_Concurrency::message<unsigned_int>*><class_`protected:_void___thiscall_Concurrency::target_block<class_Concurrency::multi_link_registry<class_Concurrency::ISource<unsigned_int>_>,class_Concurrency::ordered_message_processor<unsigned_int>_>::initialize_target(class_Concurrency::Scheduler*,class_Concurrency::ScheduleGroup*)'::`2'::<lambda_1>,0>",53,1,"_Compressed_pair<struct_std::default_delete<class_std::_Facet_base>,class_std::_Facet_base*,1> * __thiscall FID_conflict:_Func_impl_no_alloc<class_`protected:_void___thiscall_Concurrency::target_block<class_Concurrency::multi_link_registry<class_Concurrency::ISource<unsigned_int>_>,class_Concurrency::ordered_message_processor<unsigned_int>_>::initialize_target(class_Concurrency::Scheduler*,class_Concurrency::ScheduleGroup*)'::`2'::<lambda_1>,void,class_Concurrency::message<unsigned_int>*><class_`protected:_void___thiscall_Concurrency::target_block<class_Concurrency::multi_link_registry<class_Concurrency::ISource<unsigned_int>_>,class_Concurrency::ordered_message_processor<unsigned_int>_>::initialize_target(class_Concurrency::Scheduler*,class_Concurrency::ScheduleGroup*)'::`2'::<lambda_1>,0>(undefined4 param_1)",false,false,true,"pseudocode/0049e160.c"
"0x0049e1a0","FUN_0049e1a0",66,1,"_Compressed_pair<struct_std::default_delete<class_std::_Facet_base>,class_std::_Facet_base*,1> * __thiscall FUN_0049e1a0(undefined4 param_1)",false,false,true,"pseudocode/0049e1a0.c"
"0x0049e1f0","FUN_0049e1f0",66,1,"_Compressed_pair<struct_std::default_delete<class_std::_Facet_base>,class_std::_Facet_base*,1> * __thiscall FUN_0049e1f0(undefined4 param_1)",false,false,true,"pseudocode/0049e1f0.c"
"0x0049e240","FUN_0049e240",102,1,"void * __thiscall FUN_0049e240(undefined4 param_1)",false,false,true,"pseudocode/0049e240.c"
"0x0049e2b0","FUN_0049e2b0",102,1,"void * __thiscall FUN_0049e2b0(undefined4 param_1)",false,false,true,"pseudocode/0049e2b0.c"
"0x0049e320","FUN_0049e320",66,1,"_Compressed_pair<struct_std::default_delete<class_std::_Facet_base>,class_std::_Facet_base*,1> * __thiscall FUN_0049e320(undefined4 param_1)",false,false,true,"pseudocode/0049e320.c"
"0x0049e370","FUN_0049e370",102,1,"void * __thiscall FUN_0049e370(undefined4 param_1)",false,false,true,"pseudocode/0049e370.c"
"0x0049e3e0","FUN_0049e3e0",66,1,"_Compressed_pair<struct_std::default_delete<class_std::_Facet_base>,class_std::_Facet_base*,1> * __thiscall FUN_0049e3e0(undefined4 param_1)",false,false,true,"pseudocode/0049e3e0.c"
"0x0049e430","FUN_0049e430",102,1,"void * __thiscall FUN_0049e430(undefined4 param_1)",false,false,true,"pseudocode/0049e430.c"
"0x0049e4a0","FUN_0049e4a0",174,1,"undefined __cdecl FUN_0049e4a0(undefined4 param_1)",false,false,true,"pseudocode/0049e4a0.c"
"0x0049e550","FUN_0049e550",174,1,"undefined __cdecl FUN_0049e550(undefined4 param_1)",false,false,true,"pseudocode/0049e550.c"
"0x0049e600","FUN_0049e600",174,1,"undefined __cdecl FUN_0049e600(undefined4 param_1)",false,false,true,"pseudocode/0049e600.c"
"0x0049e6b0","FUN_0049e6b0",174,1,"undefined __cdecl FUN_0049e6b0(undefined4 param_1)",false,false,true,"pseudocode/0049e6b0.c"
"0x0049e760","_Reset<>",90,1,"undefined __thiscall _Reset<>(undefined4 param_1)",false,false,true,"pseudocode/0049e760.c"
"0x0049e7c0","_Reset<>",90,1,"undefined __thiscall _Reset<>(undefined4 param_1)",false,false,true,"pseudocode/0049e7c0.c"
"0x0049e820","FUN_0049e820",65,1,"undefined __thiscall FUN_0049e820(undefined4 param_1)",false,false,true,"pseudocode/0049e820.c"
"0x0049e870","FUN_0049e870",65,1,"undefined __thiscall FUN_0049e870(undefined4 param_1)",false,false,true,"pseudocode/0049e870.c"
"0x0049e8c0","FUN_0049e8c0",97,1,"undefined __stdcall FUN_0049e8c0(void * param_1)",false,false,true,"pseudocode/0049e8c0.c"
"0x0049e930","FUN_0049e930",67,1,"undefined4 * __stdcall FUN_0049e930(void)",false,false,true,"pseudocode/0049e930.c"
"0x0049e980","FUN_0049e980",177,1,"undefined4 * __stdcall FUN_0049e980(void)",false,false,true,"pseudocode/0049e980.c"
"0x0049ea40","FUN_0049ea40",16,1,"undefined __cdecl FUN_0049ea40(void * param_1)",false,false,true,"pseudocode/0049ea40.c"
"0x0049ea50","FUN_0049ea50",14,1,"undefined __cdecl FUN_0049ea50(undefined4 * param_1)",false,false,true,"pseudocode/0049ea50.c"
"0x0049ea60","FUN_0049ea60",14,1,"undefined __cdecl FUN_0049ea60(int * param_1)",false,false,true,"pseudocode/0049ea60.c"
"0x0049ea70","FUN_0049ea70",14,1,"undefined __cdecl FUN_0049ea70(int * param_1)",false,false,true,"pseudocode/0049ea70.c"
"0x0049ea80","FUN_0049ea80",88,1,"undefined4 * __thiscall FUN_0049ea80(undefined4 * param_1)",false,false,true,"pseudocode/0049ea80.c"
"0x0049eae0","FUN_0049eae0",88,1,"undefined4 * __thiscall FUN_0049eae0(undefined4 * param_1)",false,false,true,"pseudocode/0049eae0.c"
"0x0049eb40","FUN_0049eb40",78,1,"undefined4 * __thiscall FUN_0049eb40(undefined4 param_1, _Compressed_pair<struct_std::default_delete<class_std::_Facet_base>,class_std::_Facet_base*,1> * param_2, undefined4 * param_3, undefined4 * param_4, undefined4 param_5)",false,false,true,"pseudocode/0049eb40.c"
"0x0049eb90","FUN_0049eb90",75,1,"undefined4 __fastcall FUN_0049eb90(undefined4 param_1)",false,false,true,"pseudocode/0049eb90.c"
"0x0049ebe0","FUN_0049ebe0",75,1,"undefined4 __fastcall FUN_0049ebe0(undefined4 param_1)",false,false,true,"pseudocode/0049ebe0.c"
"0x0049ec30","FUN_0049ec30",146,1,"undefined4 * __fastcall FUN_0049ec30(undefined4 * param_1)",false,false,true,"pseudocode/0049ec30.c"
"0x0049ecd0","FUN_0049ecd0",696,1,"undefined4 * __thiscall FUN_0049ecd0(undefined4 param_1, undefined4 param_2)",false,false,true,"pseudocode/0049ecd0.c"
"0x0049ef90","FUN_0049ef90",278,1,"undefined __fastcall FUN_0049ef90(undefined4 * param_1)",false,false,true,"pseudocode/0049ef90.c"
"0x0049f0b0","FUN_0049f0b0",219,1,"undefined __fastcall FUN_0049f0b0(int param_1)",false,false,true,"pseudocode/0049f0b0.c"
"0x0049f190","FUN_0049f190",35,1,"undefined __fastcall FUN_0049f190(int * param_1)",false,false,true,"pseudocode/0049f190.c"
"0x0049f1c0","FUN_0049f1c0",27,1,"int __thiscall FUN_0049f1c0(int param_1)",false,false,true,"pseudocode/0049f1c0.c"
"0x0049f1e0","FUN_0049f1e0",22,1,"undefined __fastcall FUN_0049f1e0(undefined4 * param_1)",false,false,true,"pseudocode/0049f1e0.c"
"0x0049f200","FUN_0049f200",149,1,"undefined __fastcall FUN_0049f200(int * param_1)",false,false,true,"pseudocode/0049f200.c"
"0x0049f2a0","FUN_0049f2a0",140,1,"undefined __fastcall FUN_0049f2a0(int * param_1)",false,false,true,"pseudocode/0049f2a0.c"
"0x0049f330","FUN_0049f330",46,1,"LPVOID __thiscall FUN_0049f330(uint param_1)",false,false,true,"pseudocode/0049f330.c"
"0x0049f360","FUN_0049f360",46,1,"undefined4 * __thiscall FUN_0049f360(uint param_1)",false,false,true,"pseudocode/0049f360.c"
"0x0049f390","FUN_0049f390",49,1,"LPVOID __thiscall FUN_0049f390(uint param_1)",false,false,true,"pseudocode/0049f390.c"
"0x0049f3d0","FUN_0049f3d0",4107,1,"undefined __fastcall FUN_0049f3d0(uint * param_1)",false,false,true,"pseudocode/0049f3d0.c"
"0x004a0440","FUN_004a0440",324,2,"undefined4 __fastcall FUN_004a0440(int param_1)",false,false,true,"pseudocode/004a0440.c"
"0x004a0590","FUN_004a0590",53,1,"bool __fastcall FUN_004a0590(uint * param_1)",false,false,true,"pseudocode/004a0590.c"
"0x004a05d0","FUN_004a05d0",42,1,"undefined __fastcall FUN_004a05d0(int param_1)",false,false,true,"pseudocode/004a05d0.c"
"0x004a0600","FUN_004a0600",876,1,"undefined4 __fastcall FUN_004a0600(int param_1)",false,false,true,"pseudocode/004a0600.c"
"0x004a0970","FUN_004a0970",22,1,"undefined __fastcall FUN_004a0970(int param_1)",false,false,true,"pseudocode/004a0970.c"
"0x004a0990","FUN_004a0990",110,1,"undefined4 __fastcall FUN_004a0990(int param_1)",false,false,true,"pseudocode/004a0990.c"
"0x004a0a00","FUN_004a0a00",18,1,"undefined4 __stdcall FUN_004a0a00(void)",false,false,true,"pseudocode/004a0a00.c"
"0x004a0a20","FUN_004a0a20",79,1,"undefined4 __thiscall FUN_004a0a20(int param_1)",false,false,true,"pseudocode/004a0a20.c"
"0x004a0a70","FUN_004a0a70",34,1,"undefined __fastcall FUN_004a0a70(int param_1)",false,false,true,"pseudocode/004a0a70.c"
"0x004a0aa0","FUN_004a0aa0",174,1,"undefined __stdcall FUN_004a0aa0(float param_1, float param_2)",false,false,true,"pseudocode/004a0aa0.c"
"0x004a0b50","Copy",47,1,"undefined __thiscall Copy(undefined4 param_1)",false,false,true,"pseudocode/004a0b50.c"
"0x004a0b80","Copy",47,1,"undefined __thiscall Copy(undefined4 param_1)",false,false,true,"pseudocode/004a0b80.c"
"0x004a0bb0","FUN_004a0bb0",28,1,"undefined __fastcall FUN_004a0bb0(int param_1)",false,false,true,"pseudocode/004a0bb0.c"
"0x004a0bd0","FUN_004a0bd0",28,1,"undefined __fastcall FUN_004a0bd0(int param_1)",false,false,true,"pseudocode/004a0bd0.c"
"0x004a0bf0","FUN_004a0bf0",46,1,"undefined __thiscall FUN_004a0bf0(char param_1)",false,false,true,"pseudocode/004a0bf0.c"
"0x004a0c20","FUN_004a0c20",26,1,"undefined __fastcall FUN_004a0c20(int param_1)",false,false,true,"pseudocode/004a0c20.c"
"0x004a0c40","FUN_004a0c40",26,1,"undefined __fastcall FUN_004a0c40(int param_1)",false,false,true,"pseudocode/004a0c40.c"
"0x004a0c60","FUN_004a0c60",26,1,"undefined __fastcall FUN_004a0c60(int param_1)",false,false,true,"pseudocode/004a0c60.c"
"0x004a0c80","Move",104,1,"undefined __thiscall Move(undefined4 param_1)",false,false,true,"pseudocode/004a0c80.c"
"0x004a0cf0","Move",104,1,"undefined __thiscall Move(undefined4 param_1)",false,false,true,"pseudocode/004a0cf0.c"
"0x004a0d60","FUN_004a0d60",16,1,"undefined * * __stdcall FUN_004a0d60(void)",false,false,true,"pseudocode/004a0d60.c"
"0x004a0d70","FUN_004a0d70",16,1,"undefined * * __stdcall FUN_004a0d70(void)",false,false,true,"pseudocode/004a0d70.c"
"0x004a0d80","FUN_004a0d80",16,1,"undefined * * __stdcall FUN_004a0d80(void)",false,false,true,"pseudocode/004a0d80.c"
"0x004a0d90","FUN_004a0d90",16,1,"undefined * * __stdcall FUN_004a0d90(void)",false,false,true,"pseudocode/004a0d90.c"
"0x004a0da0","FUN_004a0da0",17,1,"int __fastcall FUN_004a0da0(int param_1)",false,false,true,"pseudocode/004a0da0.c"
"0x004a0dc0","FUN_004a0dc0",31,1,"int __thiscall FUN_004a0dc0(uint param_1)",false,false,true,"pseudocode/004a0dc0.c"
"0x004a0de0","FUN_004a0de0",13,1,"undefined __cdecl FUN_004a0de0(int param_1)",false,false,true,"pseudocode/004a0de0.c"
"0x004a0df0","FUN_004a0df0",157,1,"undefined __thiscall FUN_004a0df0(uint param_1)",false,false,true,"pseudocode/004a0df0.c"
"0x004a0e90","FUN_004a0e90",20,1,"uint __fastcall FUN_004a0e90(int param_1)",false,false,true,"pseudocode/004a0e90.c"
"0x004a0eb0","FUN_004a0eb0",22,1,"uint __fastcall FUN_004a0eb0(int param_1)",false,false,true,"pseudocode/004a0eb0.c"
"0x004a0ed0","FUN_004a0ed0",23,1,"uint __fastcall FUN_004a0ed0(int param_1)",false,false,true,"pseudocode/004a0ed0.c"
"0x004a0ef0","FUN_004a0ef0",22,1,"uint __fastcall FUN_004a0ef0(int param_1)",false,false,true,"pseudocode/004a0ef0.c"
"0x004a0f10","FUN_004a0f10",23,1,"uint __fastcall FUN_004a0f10(int param_1)",false,false,true,"pseudocode/004a0f10.c"
"0x004a0f30","FUN_004a0f30",95,1,"undefined4 __thiscall FUN_004a0f30(int param_1)",false,false,true,"pseudocode/004a0f30.c"
"0x004a0f90","FUN_004a0f90",22,1,"undefined __fastcall FUN_004a0f90(void * param_1)",false,false,true,"pseudocode/004a0f90.c"
"0x004a0fb0","FUN_004a0fb0",57,1,"undefined __thiscall FUN_004a0fb0(undefined4 param_1)",false,false,true,"pseudocode/004a0fb0.c"
"0x004a0ff0","FUN_004a0ff0",26,1,"undefined __fastcall FUN_004a0ff0(int param_1)",false,false,true,"pseudocode/004a0ff0.c"
"0x004a1010","FUN_004a1010",86,2,"undefined4 * __stdcall FUN_004a1010(void)",false,false,true,"pseudocode/004a1010.c"
"0x004a1070","FUN_004a1070",21,1,"undefined __cdecl FUN_004a1070(uint * param_1, char param_2)",false,false,true,"pseudocode/004a1070.c"
"0x004a1090","FUN_004a1090",55,1,"undefined4 __fastcall FUN_004a1090(undefined4 param_1)",false,false,true,"pseudocode/004a1090.c"
"0x004a10d0","FUN_004a10d0",43,1,"undefined4 * __fastcall FUN_004a10d0(undefined4 * param_1)",false,false,true,"pseudocode/004a10d0.c"
"0x004a1100","FUN_004a1100",70,1,"undefined4 * __thiscall FUN_004a1100(undefined4 param_1, undefined4 param_2)",false,false,true,"pseudocode/004a1100.c"
"0x004a1150","FUN_004a1150",150,1,"void * __thiscall FUN_004a1150(undefined4 param_1, undefined4 param_2, undefined4 param_3)",false,false,true,"pseudocode/004a1150.c"
"0x004a11f0","FUN_004a11f0",158,1,"undefined4 * __thiscall FUN_004a11f0(undefined4 param_1, undefined4 param_2)",false,false,true,"pseudocode/004a11f0.c"
"0x004a1290","FUN_004a1290",114,1,"void * __thiscall FUN_004a1290(undefined4 param_1, undefined4 param_2, undefined4 param_3, undefined4 param_4)",false,false,true,"pseudocode/004a1290.c"
"0x004a1310","FUN_004a1310",88,1,"void * __thiscall FUN_004a1310(undefined4 param_1, undefined4 param_2, undefined4 param_3)",false,false,true,"pseudocode/004a1310.c"
"0x004a1370","FUN_004a1370",88,1,"void * __thiscall FUN_004a1370(undefined4 param_1, undefined4 param_2, undefined4 param_3)",false,false,true,"pseudocode/004a1370.c"
"0x004a13d0","FUN_004a13d0",60,1,"void * __thiscall FUN_004a13d0(undefined4 param_1, undefined4 param_2)",false,false,true,"pseudocode/004a13d0.c"
"0x004a1410","FUN_004a1410",125,1,"void * __thiscall FUN_004a1410(undefined4 param_1, undefined4 param_2)",false,false,true,"pseudocode/004a1410.c"
"0x004a14a0","FUN_004a14a0",46,1,"void * __thiscall FUN_004a14a0(undefined4 param_1)",false,false,true,"pseudocode/004a14a0.c"
"0x004a14d0","FUN_004a14d0",120,1,"undefined4 * __stdcall FUN_004a14d0(undefined4 param_1, undefined4 param_2)",false,false,true,"pseudocode/004a14d0.c"
"0x004a1550","FUN_004a1550",46,1,"void * __thiscall FUN_004a1550(undefined4 param_1)",false,false,true,"pseudocode/004a1550.c"
"0x004a1580","FUN_004a1580",21,1,"undefined __cdecl FUN_004a1580(undefined4 param_1, undefined4 param_2, uint * param_3, uint param_4)",false,false,true,"pseudocode/004a1580.c"
"0x004a15a0","FUN_004a15a0",62,1,"undefined __fastcall FUN_004a15a0(undefined4 * param_1)",false,false,true,"pseudocode/004a15a0.c"
"0x004a15e0","FUN_004a15e0",68,1,"undefined4 * __thiscall FUN_004a15e0(undefined4 param_1)",false,false,true,"pseudocode/004a15e0.c"
"0x004a1630","FUN_004a1630",127,1,"undefined __thiscall FUN_004a1630(undefined4 param_1, undefined4 param_2, undefined4 param_3)",false,false,true,"pseudocode/004a1630.c"
"0x004a16b0","FUN_004a16b0",86,1,"undefined __thiscall FUN_004a16b0(undefined4 param_1, undefined4 param_2)",false,false,true,"pseudocode/004a16b0.c"
"0x004a1710","FUN_004a1710",19,1,"undefined __cdecl FUN_004a1710(void * param_1, uint * param_2)",false,false,true,"pseudocode/004a1710.c"
"0x004a1730","FUN_004a1730",19,1,"undefined __cdecl FUN_004a1730(void * param_1, uint * param_2)",false,false,true,"pseudocode/004a1730.c"
"0x004a1750","FUN_004a1750",121,1,"undefined __cdecl FUN_004a1750(undefined4 param_1, undefined4 param_2)",false,false,true,"pseudocode/004a1750.c"
"0x004a17d0","FUN_004a17d0",26,1,"undefined __cdecl FUN_004a17d0(undefined4 param_1)",false,false,true,"pseudocode/004a17d0.c"
"0x004a17f0","FUN_004a17f0",65,1,"undefined __cdecl FUN_004a17f0(undefined4 param_1, undefined4 param_2)",false,false,true,"pseudocode/004a17f0.c"
"0x004a1840","FUN_004a1840",93,1,"undefined __cdecl FUN_004a1840(undefined4 param_1, undefined4 param_2)",false,false,true,"pseudocode/004a1840.c"
"0x004a18a0","FUN_004a18a0",95,1,"undefined __cdecl FUN_004a18a0(int param_1, int param_2, undefined4 param_3)",false,false,true,"pseudocode/004a18a0.c"
"0x004a1910","FUN_004a1910",151,1,"undefined __thiscall FUN_004a1910(int param_1, undefined4 param_2)",false,false,true,"pseudocode/004a1910.c"
"0x004a19b0","FUN_004a19b0",74,1,"undefined __fastcall FUN_004a19b0(int param_1)",false,false,true,"pseudocode/004a19b0.c"
"0x004a1a00","FUN_004a1a00",94,1,"undefined __thiscall FUN_004a1a00(undefined4 param_1)",false,false,true,"pseudocode/004a1a00.c"
"0x004a1a60","FUN_004a1a60",92,1,"undefined __thiscall FUN_004a1a60(undefined4 param_1)",false,false,true,"pseudocode/004a1a60.c"
"0x004a1ac0","FUN_004a1ac0",140,1,"int __thiscall FUN_004a1ac0(undefined4 param_1)",false,false,true,"pseudocode/004a1ac0.c"
"0x004a1b50","FUN_004a1b50",108,1,"undefined __thiscall FUN_004a1b50(undefined4 param_1)",false,false,true,"pseudocode/004a1b50.c"
"0x004a1bc0","FUN_004a1bc0",498,1,"undefined __thiscall FUN_004a1bc0(int param_1, undefined4 param_2)",false,false,true,"pseudocode/004a1bc0.c"
"0x004a1dc0","FUN_004a1dc0",70,1,"undefined __cdecl FUN_004a1dc0(void * param_1, undefined4 * param_2)",false,false,true,"pseudocode/004a1dc0.c"
"0x004a1e10","FUN_004a1e10",94,1,"undefined __cdecl FUN_004a1e10(void * param_1, char * * param_2)",false,false,true,"pseudocode/004a1e10.c"
"0x004a1e80","FUN_004a1e80",93,1,"undefined __cdecl FUN_004a1e80(void * param_1, char * * param_2)",false,false,true,"pseudocode/004a1e80.c"
"0x004a1ef0","FUN_004a1ef0",40,1,"int __cdecl FUN_004a1ef0(uint param_1)",false,false,true,"pseudocode/004a1ef0.c"
"0x004a1f20","FUN_004a1f20",40,1,"int __cdecl FUN_004a1f20(uint param_1)",false,false,true,"pseudocode/004a1f20.c"
"0x004a1f50","FUN_004a1f50",43,1,"int __cdecl FUN_004a1f50(uint param_1)",false,false,true,"pseudocode/004a1f50.c"
"0x004a1f80","FUN_004a1f80",254,1,"undefined __thiscall FUN_004a1f80(uint param_1)",false,false,true,"pseudocode/004a1f80.c"
"0x004a2080","FUN_004a2080",334,1,"undefined __thiscall FUN_004a2080(uint param_1)",false,false,true,"pseudocode/004a2080.c"
"0x004a21d0","FUN_004a21d0",11,1,"undefined4 __cdecl FUN_004a21d0(int param_1)",false,false,true,"pseudocode/004a21d0.c"
"0x004a21e0","FUN_004a21e0",203,1,"undefined __cdecl FUN_004a21e0(undefined4 param_1, undefined4 param_2, undefined4 param_3, undefined4 param_4)",false,false,true,"pseudocode/004a21e0.c"
"0x004a22b0","FUN_004a22b0",200,1,"undefined __cdecl FUN_004a22b0(undefined4 param_1, undefined4 param_2, undefined4 param_3, undefined4 param_4)",false,false,true,"pseudocode/004a22b0.c"
"0x004a2380","FUN_004a2380",155,1,"undefined __cdecl FUN_004a2380(undefined4 param_1, int param_2, undefined4 param_3)",false,false,true,"pseudocode/004a2380.c"
"0x004a2420","FUN_004a2420",78,1,"undefined __cdecl FUN_004a2420(undefined4 param_1, undefined4 param_2)",false,false,true,"pseudocode/004a2420.c"
"0x004a2470","FUN_004a2470",78,1,"undefined __cdecl FUN_004a2470(undefined4 param_1, undefined4 param_2)",false,false,true,"pseudocode/004a2470.c"
"0x004a24c0","FUN_004a24c0",78,1,"undefined __cdecl FUN_004a24c0(undefined4 param_1, undefined4 param_2)",false,false,true,"pseudocode/004a24c0.c"
"0x004a2510","FUN_004a2510",78,1,"undefined __cdecl FUN_004a2510(undefined4 param_1, undefined4 param_2)",false,false,true,"pseudocode/004a2510.c"
"0x004a2560","FUN_004a2560",31,1,"undefined __cdecl FUN_004a2560(undefined4 param_1, undefined4 param_2, undefined4 param_3)",false,false,true,"pseudocode/004a2560.c"
"0x004a2580","FUN_004a2580",78,1,"undefined __stdcall FUN_004a2580(undefined4 param_1, undefined4 param_2)",false,false,true,"pseudocode/004a2580.c"
"0x004a25d0","FUN_004a25d0",18,1,"undefined __stdcall FUN_004a25d0(void)",false,false,true,"pseudocode/004a25d0.c"
"0x004a25f0","FUN_004a25f0",65,1,"undefined __stdcall FUN_004a25f0(void)",false,false,true,"pseudocode/004a25f0.c"
"0x004a2640","FUN_004a2640",31,1,"undefined __cdecl FUN_004a2640(undefined4 param_1, undefined4 param_2, undefined4 param_3)",false,false,true,"pseudocode/004a2640.c"
"0x004a2660","FUN_004a2660",78,1,"undefined __stdcall FUN_004a2660(undefined4 param_1, undefined4 param_2)",false,false,true,"pseudocode/004a2660.c"
"0x004a26b0","FUN_004a26b0",31,1,"undefined __cdecl FUN_004a26b0(undefined4 param_1, undefined4 param_2, undefined4 param_3)",false,false,true,"pseudocode/004a26b0.c"
"0x004a26d0","FUN_004a26d0",78,1,"undefined __stdcall FUN_004a26d0(undefined4 param_1, undefined4 param_2)",false,false,true,"pseudocode/004a26d0.c"
"0x004a2720","FUN_004a2720",103,1,"undefined __stdcall FUN_004a2720(int * param_1)",false,false,true,"pseudocode/004a2720.c"
"0x004a2790","FUN_004a2790",97,1,"undefined __stdcall FUN_004a2790(int * param_1)",false,false,true,"pseudocode/004a2790.c"
"0x004a2800","FUN_004a2800",97,1,"undefined __stdcall FUN_004a2800(void * param_1)",false,false,true,"pseudocode/004a2800.c"
"0x004a2870","FUN_004a2870",73,1,"undefined4 * __stdcall FUN_004a2870(void)",false,false,true,"pseudocode/004a2870.c"
"0x004a28c0","FUN_004a28c0",73,1,"undefined4 * __stdcall FUN_004a28c0(void)",false,false,true,"pseudocode/004a28c0.c"
"0x004a2910","FUN_004a2910",73,1,"undefined4 * __stdcall FUN_004a2910(void)",false,false,true,"pseudocode/004a2910.c"
"0x004a2960","FUN_004a2960",17,1,"undefined __cdecl FUN_004a2960(undefined4 param_1, void * param_2)",false,false,true,"pseudocode/004a2960.c"
"0x004a2980","FUN_004a2980",17,1,"undefined __cdecl FUN_004a2980(undefined4 param_1, void * param_2)",false,false,true,"pseudocode/004a2980.c"
"0x004a29a0","__ExceptionPtrDestroy",16,1,"void __cdecl __ExceptionPtrDestroy(void * param_1)",false,false,true,"pseudocode/004a29a0.c"
"0x004a29b0","__ExceptionPtrDestroy",16,1,"void __cdecl __ExceptionPtrDestroy(void * param_1)",false,false,true,"pseudocode/004a29b0.c"
"0x004a29c0","FUN_004a29c0",28,1,"undefined __cdecl FUN_004a29c0(int * param_1)",false,false,true,"pseudocode/004a29c0.c"
"0x004a29e0","FUN_004a29e0",64,1,"int __thiscall FUN_004a29e0(undefined4 param_1)",false,false,true,"pseudocode/004a29e0.c"
"0x004a2a20","FUN_004a2a20",42,1,"undefined4 __thiscall FUN_004a2a20(undefined4 param_1)",false,false,true,"pseudocode/004a2a20.c"
"0x004a2a50","make_pair<>",59,1,"void * __cdecl make_pair<>(void * param_1, undefined4 param_2, undefined4 param_3)",false,false,true,"pseudocode/004a2a50.c"
"0x004a2a90","FUN_004a2a90",11,1,"int __cdecl FUN_004a2a90(int param_1)",false,false,true,"pseudocode/004a2a90.c"
"0x004a2aa0","FUN_004a2aa0",11,1,"int __cdecl FUN_004a2aa0(int param_1)",false,false,true,"pseudocode/004a2aa0.c"
"0x004a2ab0","FUN_004a2ab0",25,1,"undefined __cdecl FUN_004a2ab0(void * param_1, undefined4 param_2, undefined4 param_3, undefined4 param_4)",false,false,true,"pseudocode/004a2ab0.c"
"0x004a2ad0","FUN_004a2ad0",13,1,"undefined __cdecl FUN_004a2ad0(undefined4 * param_1)",false,false,true,"pseudocode/004a2ad0.c"
"0x004a2ae0","FUN_004a2ae0",17,1,"undefined __cdecl FUN_004a2ae0(void * param_1, undefined4 param_2)",false,false,true,"pseudocode/004a2ae0.c"
"0x004a2b00","FUN_004a2b00",21,1,"undefined __cdecl FUN_004a2b00(void * param_1, undefined4 param_2, undefined4 param_3)",false,false,true,"pseudocode/004a2b00.c"
"0x004a2b20","FUN_004a2b20",78,1,"void * __cdecl FUN_004a2b20(void * param_1, undefined4 param_2, undefined4 param_3, undefined4 param_4)",false,false,true,"pseudocode/004a2b20.c"
"0x004a2b70","FUN_004a2b70",162,1,"void * __cdecl FUN_004a2b70(void * param_1, undefined4 param_2, undefined4 param_3)",false,false,true,"pseudocode/004a2b70.c"
"0x004a2c20","FUN_004a2c20",37,1,"void * __cdecl FUN_004a2c20(void * param_1, undefined4 param_2, undefined4 param_3)",false,false,true,"pseudocode/004a2c20.c"
"0x004a2c50","FUN_004a2c50",224,1,"_Compressed_pair<struct_std::default_delete<class_std::_Facet_base>,class_std::_Facet_base*,1> * __thiscall FUN_004a2c50(_Compressed_pair<struct_std::default_delete<class_std::_Facet_base>,class_std::_Facet_base*,1> * param_1, undefined4 param_2)",false,false,true,"pseudocode/004a2c50.c"
"0x004a2d30","FUN_004a2d30",87,1,"undefined4 * __fastcall FUN_004a2d30(undefined4 * param_1)",false,false,true,"pseudocode/004a2d30.c"
"0x004a2d90","function<>",25,1,"void * __fastcall function<>(void * param_1)",false,false,true,"pseudocode/004a2d90.c"
"0x004a2db0","FUN_004a2db0",45,1,"_Compressed_pair<struct_std::default_delete<class_std::_Facet_base>,class_std::_Facet_base*,1> * __fastcall FUN_004a2db0(_Compressed_pair<struct_std::default_delete<class_std::_Facet_base>,class_std::_Facet_base*,1> * param_1)",false,false,true,"pseudocode/004a2db0.c"
"0x004a2de0","FUN_004a2de0",38,1,"undefined4 * __thiscall FUN_004a2de0(undefined4 * param_1)",false,false,true,"pseudocode/004a2de0.c"
"0x004a2e10","FUN_004a2e10",40,1,"void * __thiscall FUN_004a2e10(undefined4 * param_1)",false,false,true,"pseudocode/004a2e10.c"
"0x004a2e40","FUN_004a2e40",57,1,"undefined4 * __fastcall FUN_004a2e40(undefined4 * param_1)",false,false,true,"pseudocode/004a2e40.c"
"0x004a2e80","FUN_004a2e80",312,1,"undefined4 * __fastcall FUN_004a2e80(undefined4 * param_1)",false,false,true,"pseudocode/004a2e80.c"
"0x004a2fc0","FUN_004a2fc0",148,1,"undefined4 * __fastcall FUN_004a2fc0(undefined4 * param_1)",false,false,true,"pseudocode/004a2fc0.c"
"0x004a3060","FUN_004a3060",765,1,"undefined4 * __fastcall FUN_004a3060(undefined4 * param_1)",false,false,true,"pseudocode/004a3060.c"
"0x004a3360","FUN_004a3360",83,1,"undefined4 * __fastcall FUN_004a3360(undefined4 * param_1)",false,false,true,"pseudocode/004a3360.c"
"0x004a33c0","FUN_004a33c0",210,1,"undefined4 * __fastcall FUN_004a33c0(undefined4 * param_1)",false,false,true,"pseudocode/004a33c0.c"
"0x004a34a0","FUN_004a34a0",136,1,"undefined4 * __fastcall FUN_004a34a0(undefined4 * param_1)",false,false,true,"pseudocode/004a34a0.c"
"0x004a3530","FUN_004a3530",71,1,"undefined4 * __fastcall FUN_004a3530(undefined4 * param_1)",false,false,true,"pseudocode/004a3530.c"
"0x004a3580","FUN_004a3580",104,1,"undefined4 * __fastcall FUN_004a3580(undefined4 * param_1)",false,false,true,"pseudocode/004a3580.c"
"0x004a35f0","FUN_004a35f0",86,1,"undefined4 * __fastcall FUN_004a35f0(undefined4 * param_1)",false,false,true,"pseudocode/004a35f0.c"
"0x004a3650","FUN_004a3650",119,1,"undefined4 * __fastcall FUN_004a3650(undefined4 * param_1)",false,false,true,"pseudocode/004a3650.c"
"0x004a36d0","_String_val<>",42,1,"undefined4 * __fastcall _String_val<>(undefined4 * param_1)",false,false,true,"pseudocode/004a36d0.c"
"0x004a3700","FUN_004a3700",48,1,"undefined __fastcall FUN_004a3700(undefined4 * param_1)",false,false,true,"pseudocode/004a3700.c"
"0x004a3730","FUN_004a3730",118,1,"undefined __fastcall FUN_004a3730(undefined4 * param_1)",false,false,true,"pseudocode/004a3730.c"
"0x004a37b0","FUN_004a37b0",39,1,"undefined __fastcall FUN_004a37b0(int * param_1)",false,false,true,"pseudocode/004a37b0.c"
"0x004a37e0","FUN_004a37e0",20,1,"undefined __fastcall FUN_004a37e0(_Compressed_pair<struct_std::default_delete<class_std::_Facet_base>,class_std::_Facet_base*,1> * param_1)",false,false,true,"pseudocode/004a37e0.c"
"0x004a3800","FUN_004a3800",20,1,"undefined __fastcall FUN_004a3800(_Compressed_pair<struct_std::default_delete<class_std::_Facet_base>,class_std::_Facet_base*,1> * param_1)",false,false,true,"pseudocode/004a3800.c"
"0x004a3820","FUN_004a3820",20,1,"undefined __fastcall FUN_004a3820(_Compressed_pair<struct_std::default_delete<class_std::_Facet_base>,class_std::_Facet_base*,1> * param_1)",false,false,true,"pseudocode/004a3820.c"
"0x004a3840","FUN_004a3840",20,1,"undefined __fastcall FUN_004a3840(_Compressed_pair<struct_std::default_delete<class_std::_Facet_base>,class_std::_Facet_base*,1> * param_1)",false,false,true,"pseudocode/004a3840.c"
"0x004a3860","FUN_004a3860",20,1,"undefined __fastcall FUN_004a3860(_Compressed_pair<struct_std::default_delete<class_std::_Facet_base>,class_std::_Facet_base*,1> * param_1)",false,false,true,"pseudocode/004a3860.c"
"0x004a3880","FUN_004a3880",20,1,"undefined __fastcall FUN_004a3880(_Compressed_pair<struct_std::default_delete<class_std::_Facet_base>,class_std::_Facet_base*,1> * param_1)",false,false,true,"pseudocode/004a3880.c"
"0x004a38a0","FUN_004a38a0",79,1,"undefined __fastcall FUN_004a38a0(undefined4 * param_1)",false,false,true,"pseudocode/004a38a0.c"
"0x004a3900","FUN_004a3900",20,1,"undefined __fastcall FUN_004a3900(undefined4 * param_1)",false,false,true,"pseudocode/004a3900.c"
"0x004a3920","FUN_004a3920",399,1,"undefined __fastcall FUN_004a3920(undefined4 * param_1)",false,false,true,"pseudocode/004a3920.c"
"0x004a3ac0","FUN_004a3ac0",65,1,"undefined __fastcall FUN_004a3ac0(int param_1)",false,false,true,"pseudocode/004a3ac0.c"
"0x004a3b10","FUN_004a3b10",456,1,"undefined __fastcall FUN_004a3b10(undefined4 * param_1)",false,false,true,"pseudocode/004a3b10.c"
"0x004a3ce0","FUN_004a3ce0",83,1,"undefined __fastcall FUN_004a3ce0(undefined4 * param_1)",false,false,true,"pseudocode/004a3ce0.c"
"0x004a3d40","FUN_004a3d40",49,1,"undefined __fastcall FUN_004a3d40(undefined4 * param_1)",false,false,true,"pseudocode/004a3d40.c"
"0x004a3d80","FUN_004a3d80",81,1,"undefined __fastcall FUN_004a3d80(undefined4 * param_1)",false,false,true,"pseudocode/004a3d80.c"
"0x004a3de0","FUN_004a3de0",81,1,"undefined __fastcall FUN_004a3de0(undefined4 * param_1)",false,false,true,"pseudocode/004a3de0.c"
"0x004a3e40","FUN_004a3e40",24,1,"void * __fastcall FUN_004a3e40(void * param_1)",false,false,true,"pseudocode/004a3e40.c"
"0x004a3e60","FUN_004a3e60",57,1,"void * __thiscall FUN_004a3e60(void * param_1)",false,false,true,"pseudocode/004a3e60.c"
"0x004a3ea0","FUN_004a3ea0",19,1,"int __fastcall FUN_004a3ea0(int * param_1)",false,false,true,"pseudocode/004a3ea0.c"
"0x004a3ec0","FUN_004a3ec0",19,1,"undefined __fastcall FUN_004a3ec0(int * param_1)",false,false,true,"pseudocode/004a3ec0.c"
"0x004a3ee0","FUN_004a3ee0",22,1,"int __thiscall FUN_004a3ee0(int param_1)",false,false,true,"pseudocode/004a3ee0.c"
"0x004a3f00","FUN_004a3f00",23,1,"int __thiscall FUN_004a3f00(int param_1)",false,false,true,"pseudocode/004a3f00.c"
"0x004a3f20","FUN_004a3f20",83,1,"undefined __fastcall FUN_004a3f20(int param_1)",false,false,true,"pseudocode/004a3f20.c"
"0x004a3f80","FUN_004a3f80",121,2,"int __thiscall FUN_004a3f80(int param_1)",false,false,true,"pseudocode/004a3f80.c"
"0x004a4000","FUN_004a4000",46,1,"_Compressed_pair<struct_std::default_delete<class_std::_Facet_base>,class_std::_Facet_base*,1> * __thiscall FUN_004a4000(uint param_1)",false,false,true,"pseudocode/004a4000.c"
"0x004a4030","FUN_004a4030",46,1,"LPVOID __thiscall FUN_004a4030(uint param_1)",false,false,true,"pseudocode/004a4030.c"
"0x004a4060","FUN_004a4060",49,1,"undefined4 * __thiscall FUN_004a4060(uint param_1)",false,false,true,"pseudocode/004a4060.c"
"0x004a40a0","FUN_004a40a0",49,1,"undefined4 * __thiscall FUN_004a40a0(uint param_1)",false,false,true,"pseudocode/004a40a0.c"
"0x004a40e0","FUN_004a40e0",49,1,"undefined4 * __thiscall FUN_004a40e0(uint param_1)",false,false,true,"pseudocode/004a40e0.c"
"0x004a4120","FUN_004a4120",46,1,"undefined4 * __thiscall FUN_004a4120(uint param_1)",false,false,true,"pseudocode/004a4120.c"
"0x004a4150","FUN_004a4150",49,1,"undefined4 * __thiscall FUN_004a4150(uint param_1)",false,false,true,"pseudocode/004a4150.c"
"0x004a4190","FUN_004a4190",1649,1,"undefined __fastcall FUN_004a4190(int param_1)",false,false,true,"pseudocode/004a4190.c"
"0x004a4810","FUN_004a4810",521,1,"undefined __thiscall FUN_004a4810(int param_1)",false,false,true,"pseudocode/004a4810.c"
"0x004a4a20","FUN_004a4a20",501,1,"undefined __fastcall FUN_004a4a20(int param_1)",false,false,true,"pseudocode/004a4a20.c"
"0x004a4c20","FUN_004a4c20",514,1,"undefined __fastcall FUN_004a4c20(int param_1)",false,false,true,"pseudocode/004a4c20.c"
"0x004a4e30","FUN_004a4e30",526,1,"undefined __fastcall FUN_004a4e30(int param_1)",false,false,true,"pseudocode/004a4e30.c"
"0x004a5040","FUN_004a5040",734,1,"undefined __fastcall FUN_004a5040(int param_1)",false,false,true,"pseudocode/004a5040.c"
"0x004a5320","FUN_004a5320",35,1,"undefined __fastcall FUN_004a5320(int param_1)",false,false,true,"pseudocode/004a5320.c"
"0x004a5350","FUN_004a5350",630,1,"undefined __stdcall FUN_004a5350(float * param_1)",false,false,true,"pseudocode/004a5350.c"
"0x004a55d0","FUN_004a55d0",100,1,"undefined __thiscall FUN_004a55d0(int param_1)",false,false,true,"pseudocode/004a55d0.c"
"0x004a5640","FUN_004a5640",1371,1,"undefined __fastcall FUN_004a5640(void * param_1)",false,false,true,"pseudocode/004a5640.c"
"0x004a5ba0","FUN_004a5ba0",51,1,"undefined4 __fastcall FUN_004a5ba0(int param_1)",false,false,true,"pseudocode/004a5ba0.c"
"0x004a5be0","FUN_004a5be0",516,1,"undefined4 __thiscall FUN_004a5be0(int * param_1)",false,false,true,"pseudocode/004a5be0.c"
"0x004a5df0","FUN_004a5df0",4673,1,"undefined __fastcall FUN_004a5df0(int param_1)",false,false,true,"pseudocode/004a5df0.c"
"0x004a7040","FUN_004a7040",61,1,"undefined4 __fastcall FUN_004a7040(int param_1)",false,false,true,"pseudocode/004a7040.c"
"0x004a7080","FUN_004a7080",238,1,"undefined4 __thiscall FUN_004a7080(int param_1, undefined4 param_2)",false,false,true,"pseudocode/004a7080.c"
"0x004a7170","FUN_004a7170",416,1,"undefined4 __fastcall FUN_004a7170(int param_1)",false,false,true,"pseudocode/004a7170.c"
"0x004a7310","FUN_004a7310",65,1,"undefined __fastcall FUN_004a7310(undefined4 * param_1)",false,false,true,"pseudocode/004a7310.c"
"0x004a7360","FUN_004a7360",108,1,"undefined __fastcall FUN_004a7360(void * param_1)",false,false,true,"pseudocode/004a7360.c"
"0x004a73d0","FUN_004a73d0",27,1,"undefined __fastcall FUN_004a73d0(void * param_1)",false,false,true,"pseudocode/004a73d0.c"
"0x004a73f0","FUN_004a73f0",222,1,"undefined __thiscall FUN_004a73f0(undefined4 param_1, char * param_2)",false,false,true,"pseudocode/004a73f0.c"
"0x004a74d0","FUN_004a74d0",556,1,"undefined __thiscall FUN_004a74d0(char * * param_1)",false,false,true,"pseudocode/004a74d0.c"
"0x004a7700","FUN_004a7700",7,1,"undefined4 __stdcall FUN_004a7700(void)",false,false,true,"pseudocode/004a7700.c"
"0x004a7710","FUN_004a7710",1675,1,"undefined __fastcall FUN_004a7710(int param_1)",false,false,true,"pseudocode/004a7710.c"
"0x004a7da0","FUN_004a7da0",844,1,"undefined __fastcall FUN_004a7da0(int param_1)",false,false,true,"pseudocode/004a7da0.c"
"0x004a80f0","FUN_004a80f0",362,1,"undefined __stdcall FUN_004a80f0(void)",false,false,true,"pseudocode/004a80f0.c"
"0x004a8260","FUN_004a8260",1258,1,"undefined __fastcall FUN_004a8260(int param_1)",false,false,true,"pseudocode/004a8260.c"
"0x004a8760","FUN_004a8760",443,2,"undefined4 __fastcall FUN_004a8760(int param_1)",false,false,true,"pseudocode/004a8760.c"
"0x004a8920","FUN_004a8920",155,1,"undefined4 * __thiscall FUN_004a8920(char * param_1, undefined4 * param_2, int param_3)",false,false,true,"pseudocode/004a8920.c"
"0x004a89c0","FUN_004a89c0",780,1,"undefined4 __thiscall FUN_004a89c0(undefined4 * param_1)",false,false,true,"pseudocode/004a89c0.c"
"0x004a8d70","FUN_004a8d70",2424,4,"undefined4 * __thiscall FUN_004a8d70(undefined4 * param_1, undefined4 * param_2)",false,false,true,"pseudocode/004a8d70.c"
"0x004a9700","FUN_004a9700",40,1,"undefined __stdcall FUN_004a9700(void)",false,false,true,"pseudocode/004a9700.c"
"0x004a9730","FUN_004a9730",140,1,"undefined __fastcall FUN_004a9730(_Compressed_pair<struct_std::default_delete<class_std::_Facet_base>,class_std::_Facet_base*,1> * param_1)",false,false,true,"pseudocode/004a9730.c"
"0x004a97c0","FUN_004a97c0",47,1,"undefined __fastcall FUN_004a97c0(undefined4 * param_1)",false,false,true,"pseudocode/004a97c0.c"
"0x004a97f0","FUN_004a97f0",84,1,"uint __thiscall FUN_004a97f0(uint param_1)",false,false,true,"pseudocode/004a97f0.c"
"0x004a9850","FUN_004a9850",84,1,"uint __thiscall FUN_004a9850(uint param_1)",false,false,true,"pseudocode/004a9850.c"
"0x004a98b0","FUN_004a98b0",172,1,"undefined __thiscall FUN_004a98b0(int param_1, int param_2, int param_3)",false,false,true,"pseudocode/004a98b0.c"
"0x004a9960","FUN_004a9960",166,1,"undefined __thiscall FUN_004a9960(int param_1, int param_2, int param_3)",false,false,true,"pseudocode/004a9960.c"
"0x004a9a10","FUN_004a9a10",42,1,"undefined __thiscall FUN_004a9a10(uint * param_1, uint param_2)",false,false,true,"pseudocode/004a9a10.c"
"0x004a9a40","FUN_004a9a40",77,1,"undefined __fastcall FUN_004a9a40(_Compressed_pair<struct_std::default_delete<class_std::_Facet_base>,class_std::_Facet_base*,1> * param_1)",false,false,true,"pseudocode/004a9a40.c"
"0x004a9a90","FUN_004a9a90",158,1,"undefined __fastcall FUN_004a9a90(_Compressed_pair<struct_std::default_delete<class_std::_Facet_base>,class_std::_Facet_base*,1> * param_1)",false,false,true,"pseudocode/004a9a90.c"
"0x004a9b30","FUN_004a9b30",158,1,"undefined __fastcall FUN_004a9b30(_Compressed_pair<struct_std::default_delete<class_std::_Facet_base>,class_std::_Facet_base*,1> * param_1)",false,false,true,"pseudocode/004a9b30.c"
"0x004a9bd0","FUN_004a9bd0",158,1,"undefined __fastcall FUN_004a9bd0(_Compressed_pair<struct_std::default_delete<class_std::_Facet_base>,class_std::_Facet_base*,1> * param_1)",false,false,true,"pseudocode/004a9bd0.c"
"0x004a9c70","FUN_004a9c70",158,1,"undefined __fastcall FUN_004a9c70(_Compressed_pair<struct_std::default_delete<class_std::_Facet_base>,class_std::_Facet_base*,1> * param_1)",false,false,true,"pseudocode/004a9c70.c"
"0x004a9d10","FUN_004a9d10",35,1,"void * __thiscall FUN_004a9d10(void * param_1)",false,false,true,"pseudocode/004a9d10.c"
"0x004a9d40","FUN_004a9d40",33,1,"void * __thiscall FUN_004a9d40(void * param_1)",false,false,true,"pseudocode/004a9d40.c"
"0x004a9d70","FUN_004a9d70",16,1,"undefined __stdcall FUN_004a9d70(void)",false,false,true,"pseudocode/004a9d70.c"
"0x004a9d80","FUN_004a9d80",83,1,"undefined __thiscall FUN_004a9d80(int param_1)",false,false,true,"pseudocode/004a9d80.c"
"0x004a9de0","FUN_004a9de0",95,1,"undefined __thiscall FUN_004a9de0(undefined4 param_1, int param_2)",false,false,true,"pseudocode/004a9de0.c"
"0x004a9e60","FUN_004a9e60",83,1,"undefined __thiscall FUN_004a9e60(int param_1)",false,false,true,"pseudocode/004a9e60.c"
"0x004a9ec0","FUN_004a9ec0",83,1,"undefined __thiscall FUN_004a9ec0(int param_1)",false,false,true,"pseudocode/004a9ec0.c"
"0x004a9f20","FUN_004a9f20",83,1,"undefined __thiscall FUN_004a9f20(int param_1)",false,false,true,"pseudocode/004a9f20.c"
"0x004a9f80","FUN_004a9f80",45,1,"undefined __thiscall FUN_004a9f80(float * param_1, int param_2, int param_3)",false,false,true,"pseudocode/004a9f80.c"
"0x004a9fb0","FUN_004a9fb0",75,1,"undefined __thiscall FUN_004a9fb0(int param_1)",false,false,true,"pseudocode/004a9fb0.c"
"0x004aa000","FUN_004aa000",75,1,"undefined __thiscall FUN_004aa000(int param_1, int param_2)",false,false,true,"pseudocode/004aa000.c"
"0x004aa050","FUN_004aa050",28,1,"undefined __thiscall FUN_004aa050(int param_1)",false,false,true,"pseudocode/004aa050.c"
"0x004aa070","FUN_004aa070",58,1,"undefined4 __thiscall FUN_004aa070(uint param_1)",false,false,true,"pseudocode/004aa070.c"
"0x004aa0b0","FUN_004aa0b0",58,1,"undefined4 __thiscall FUN_004aa0b0(uint param_1)",false,false,true,"pseudocode/004aa0b0.c"
"0x004aa0f0","FUN_004aa0f0",58,1,"undefined4 __thiscall FUN_004aa0f0(uint param_1)",false,false,true,"pseudocode/004aa0f0.c"
"0x004aa130","FUN_004aa130",34,1,"int __thiscall FUN_004aa130(uint param_1)",false,false,true,"pseudocode/004aa130.c"
"0x004aa160","FUN_004aa160",66,1,"int __thiscall FUN_004aa160(uint param_1)",false,false,true,"pseudocode/004aa160.c"
"0x004aa1b0","FUN_004aa1b0",146,1,"undefined4 __cdecl FUN_004aa1b0(int param_1)",false,false,true,"pseudocode/004aa1b0.c"
"0x004aa250","FUN_004aa250",427,1,"int * __fastcall FUN_004aa250(int param_1)",false,false,true,"pseudocode/004aa250.c"
"0x004aa400","FUN_004aa400",573,1,"int * __fastcall FUN_004aa400(int param_1)",false,false,true,"pseudocode/004aa400.c"
"0x004aa640","FUN_004aa640",41,1,"int __fastcall FUN_004aa640(int param_1)",false,false,true,"pseudocode/004aa640.c"
"0x004aa670","FUN_004aa670",41,1,"int __fastcall FUN_004aa670(int param_1)",false,false,true,"pseudocode/004aa670.c"
"0x004aa6a0","FUN_004aa6a0",93,1,"undefined __fastcall FUN_004aa6a0(_Compressed_pair<struct_std::default_delete<class_std::_Facet_base>,class_std::_Facet_base*,1> * param_1)",false,false,true,"pseudocode/004aa6a0.c"
"0x004aa700","FUN_004aa700",100,1,"undefined __fastcall FUN_004aa700(_Compressed_pair<struct_std::default_delete<class_std::_Facet_base>,class_std::_Facet_base*,1> * param_1)",false,false,true,"pseudocode/004aa700.c"
"0x004aa770","FUN_004aa770",116,1,"undefined __fastcall FUN_004aa770(_Compressed_pair<struct_std::default_delete<class_std::_Facet_base>,class_std::_Facet_base*,1> * param_1)",false,false,true,"pseudocode/004aa770.c"
"0x004aa7f0","FUN_004aa7f0",22,1,"undefined __cdecl FUN_004aa7f0(void * param_1, undefined4 param_2, int param_3)",false,false,true,"pseudocode/004aa7f0.c"
"0x004aa810","FUN_004aa810",85,1,"undefined __thiscall FUN_004aa810(undefined4 param_1, int param_2)",false,false,true,"pseudocode/004aa810.c"
"0x004aa870","FUN_004aa870",88,1,"undefined __thiscall FUN_004aa870(undefined4 param_1, int param_2)",false,false,true,"pseudocode/004aa870.c"
"0x004aa8d0","FUN_004aa8d0",85,1,"undefined __thiscall FUN_004aa8d0(undefined4 param_1, int param_2)",false,false,true,"pseudocode/004aa8d0.c"
"0x004aa930","FUN_004aa930",13,1,"undefined __cdecl FUN_004aa930(int param_1)",false,false,true,"pseudocode/004aa930.c"
"0x004aa940","FUN_004aa940",27,1,"undefined __cdecl FUN_004aa940(int param_1)",false,false,true,"pseudocode/004aa940.c"
"0x004aa960","FUN_004aa960",31,1,"undefined __thiscall FUN_004aa960(undefined4 * param_1)",false,false,true,"pseudocode/004aa960.c"
"0x004aa980","FUN_004aa980",36,1,"undefined __thiscall FUN_004aa980(int param_1)",false,false,true,"pseudocode/004aa980.c"
"0x004aa9b0","FUN_004aa9b0",36,1,"undefined __thiscall FUN_004aa9b0(int param_1)",false,false,true,"pseudocode/004aa9b0.c"
"0x004aa9e0","FUN_004aa9e0",36,1,"undefined __thiscall FUN_004aa9e0(int param_1)",false,false,true,"pseudocode/004aa9e0.c"
"0x004aaa10","FUN_004aaa10",36,1,"undefined __thiscall FUN_004aaa10(int param_1)",false,false,true,"pseudocode/004aaa10.c"
"0x004aaa40","FUN_004aaa40",20,1,"float10 __fastcall FUN_004aaa40(int param_1)",false,false,true,"pseudocode/004aaa40.c"
"0x004aaa60","FUN_004aaa60",19,1,"int __fastcall FUN_004aaa60(int param_1)",false,false,true,"pseudocode/004aaa60.c"
"0x004aaa80","FUN_004aaa80",51,1,"undefined __cdecl FUN_004aaa80(float * param_1, float * param_2, float * param_3, float param_4, float * param_5, float param_6)",false,false,true,"pseudocode/004aaa80.c"
"0x004aaac0","FUN_004aaac0",73,1,"undefined4 __fastcall FUN_004aaac0(int * param_1)",false,false,true,"pseudocode/004aaac0.c"
"0x004aab10","FUN_004aab10",89,1,"undefined __thiscall FUN_004aab10(int param_1)",false,false,true,"pseudocode/004aab10.c"
"0x004aab70","FUN_004aab70",83,1,"undefined __fastcall FUN_004aab70(int param_1)",false,false,true,"pseudocode/004aab70.c"
"0x004aabd0","FUN_004aabd0",19,1,"int __fastcall FUN_004aabd0(int param_1)",false,false,true,"pseudocode/004aabd0.c"
"0x004aabf0","FUN_004aabf0",16,1,"undefined4 __stdcall FUN_004aabf0(void)",false,false,true,"pseudocode/004aabf0.c"
"0x004aac00","FUN_004aac00",386,1,"undefined __thiscall FUN_004aac00(undefined4 * param_1, float * param_2, float param_3)",false,false,true,"pseudocode/004aac00.c"
"0x004aad90","FUN_004aad90",32,1,"undefined __fastcall FUN_004aad90(int param_1)",false,false,true,"pseudocode/004aad90.c"
"0x004aadb0","FUN_004aadb0",61,1,"undefined * __fastcall FUN_004aadb0(int * param_1)",false,false,true,"pseudocode/004aadb0.c"
"0x004aadf0","FUN_004aadf0",20,1,"undefined4 __fastcall FUN_004aadf0(int param_1)",false,false,true,"pseudocode/004aadf0.c"
"0x004aae10","FUN_004aae10",151,1,"undefined4 __thiscall FUN_004aae10(uint param_1)",false,false,true,"pseudocode/004aae10.c"
"0x004aaeb0","FUN_004aaeb0",145,1,"int __thiscall FUN_004aaeb0(undefined4 param_1, undefined4 param_2)",false,false,true,"pseudocode/004aaeb0.c"
"0x004aaf50","FUN_004aaf50",73,1,"undefined4 __fastcall FUN_004aaf50(int param_1)",false,false,true,"pseudocode/004aaf50.c"
"0x004aafa0","FUN_004aafa0",16,1,"undefined4 __stdcall FUN_004aafa0(void)",false,false,true,"pseudocode/004aafa0.c"
"0x004aafb0","FUN_004aafb0",36,1,"undefined __thiscall FUN_004aafb0(int param_1)",false,false,true,"pseudocode/004aafb0.c"
"0x004aafe0","FUN_004aafe0",47,1,"undefined __thiscall FUN_004aafe0(byte param_1, float param_2)",false,false,true,"pseudocode/004aafe0.c"
"0x004ab010","FUN_004ab010",36,1,"undefined __thiscall FUN_004ab010(int param_1)",false,false,true,"pseudocode/004ab010.c"
"0x004ab040","FUN_004ab040",47,1,"undefined __thiscall FUN_004ab040(byte param_1, float param_2)",false,false,true,"pseudocode/004ab040.c"
"0x004ab070","FUN_004ab070",15,1,"float10 __stdcall FUN_004ab070(void)",false,false,true,"pseudocode/004ab070.c"
"0x004ab080","FUN_004ab080",36,1,"undefined __thiscall FUN_004ab080(float param_1)",false,false,true,"pseudocode/004ab080.c"
"0x004ab0b0","FUN_004ab0b0",40,1,"undefined __thiscall FUN_004ab0b0(byte param_1, float param_2)",false,false,true,"pseudocode/004ab0b0.c"
"0x004ab0e0","FUN_004ab0e0",36,1,"undefined __thiscall FUN_004ab0e0(float param_1)",false,false,true,"pseudocode/004ab0e0.c"
"0x004ab110","FUN_004ab110",40,1,"undefined __thiscall FUN_004ab110(byte param_1, float param_2)",false,false,true,"pseudocode/004ab110.c"
"0x004ab140","FUN_004ab140",98,1,"int __fastcall FUN_004ab140(int param_1)",false,false,true,"pseudocode/004ab140.c"
"0x004ab1b0","FUN_004ab1b0",138,1,"undefined __fastcall FUN_004ab1b0(undefined4 * param_1)",false,false,true,"pseudocode/004ab1b0.c"
"0x004ab240","FUN_004ab240",40,1,"bool __fastcall FUN_004ab240(int * param_1)",false,false,true,"pseudocode/004ab240.c"
"0x004ab270","FUN_004ab270",26,1,"uint __fastcall FUN_004ab270(int param_1)",false,false,true,"pseudocode/004ab270.c"
"0x004ab290","FUN_004ab290",22,1,"uint __fastcall FUN_004ab290(int param_1)",false,false,true,"pseudocode/004ab290.c"
"0x004ab2b0","FUN_004ab2b0",46,1,"bool __fastcall FUN_004ab2b0(int param_1)",false,false,true,"pseudocode/004ab2b0.c"
"0x004ab2e0","FUN_004ab2e0",26,1,"uint __fastcall FUN_004ab2e0(int param_1)",false,false,true,"pseudocode/004ab2e0.c"
"0x004ab300","FUN_004ab300",26,1,"uint __fastcall FUN_004ab300(int param_1)",false,false,true,"pseudocode/004ab300.c"
"0x004ab320","FUN_004ab320",23,1,"uint __fastcall FUN_004ab320(int param_1)",false,false,true,"pseudocode/004ab320.c"
"0x004ab340","FUN_004ab340",62,1,"undefined1 __fastcall FUN_004ab340(int param_1)",false,false,true,"pseudocode/004ab340.c"
"0x004ab380","FUN_004ab380",26,1,"uint __fastcall FUN_004ab380(int param_1)",false,false,true,"pseudocode/004ab380.c"
"0x004ab3a0","FUN_004ab3a0",19,1,"uint __stdcall FUN_004ab3a0(void)",false,false,true,"pseudocode/004ab3a0.c"
"0x004ab3c0","FUN_004ab3c0",19,1,"uint __stdcall FUN_004ab3c0(void)",false,false,true,"pseudocode/004ab3c0.c"
"0x004ab3e0","FUN_004ab3e0",19,1,"uint __stdcall FUN_004ab3e0(void)",false,false,true,"pseudocode/004ab3e0.c"
"0x004ab400","FUN_004ab400",59,1,"uint __fastcall FUN_004ab400(_Compressed_pair<struct_std::default_delete<class_std::_Facet_base>,class_std::_Facet_base*,1> * param_1)",false,false,true,"pseudocode/004ab400.c"
"0x004ab440","FUN_004ab440",59,1,"uint __fastcall FUN_004ab440(_Compressed_pair<struct_std::default_delete<class_std::_Facet_base>,class_std::_Facet_base*,1> * param_1)",false,false,true,"pseudocode/004ab440.c"
"0x004ab480","FUN_004ab480",59,1,"uint __fastcall FUN_004ab480(_Compressed_pair<struct_std::default_delete<class_std::_Facet_base>,class_std::_Facet_base*,1> * param_1)",false,false,true,"pseudocode/004ab480.c"
"0x004ab4c0","FUN_004ab4c0",168,1,"undefined4 __fastcall FUN_004ab4c0(int param_1)",false,false,true,"pseudocode/004ab4c0.c"
"0x004ab570","FUN_004ab570",32,1,"undefined __thiscall FUN_004ab570(uint param_1)",false,false,true,"pseudocode/004ab570.c"
"0x004ab590","FUN_004ab590",29,1,"undefined __thiscall FUN_004ab590(undefined4 param_1)",false,false,true,"pseudocode/004ab590.c"
"0x004ab5b0","FUN_004ab5b0",81,1,"undefined __thiscall FUN_004ab5b0(int param_1, undefined4 param_2)",false,false,true,"pseudocode/004ab5b0.c"
"0x004ab610","FUN_004ab610",25,1,"undefined __thiscall FUN_004ab610(undefined4 param_1)",false,false,true,"pseudocode/004ab610.c"
"0x004ab630","FUN_004ab630",22,1,"undefined __thiscall FUN_004ab630(undefined4 param_1)",false,false,true,"pseudocode/004ab630.c"
"0x004ab650","FUN_004ab650",301,1,"undefined __thiscall FUN_004ab650(int param_1, int param_2, undefined4 param_3, int param_4)",false,false,true,"pseudocode/004ab650.c"
"0x004ab780","FUN_004ab780",154,1,"undefined __thiscall FUN_004ab780(uint param_1, int param_2)",false,false,true,"pseudocode/004ab780.c"
"0x004ab820","FUN_004ab820",39,1,"undefined __thiscall FUN_004ab820(float param_1)",false,false,true,"pseudocode/004ab820.c"
"0x004ab850","FUN_004ab850",39,1,"undefined __thiscall FUN_004ab850(uint param_1)",false,false,true,"pseudocode/004ab850.c"
"0x004ab880","FUN_004ab880",46,1,"undefined4 __thiscall FUN_004ab880(uint param_1, undefined4 param_2)",false,false,true,"pseudocode/004ab880.c"
"0x004ab8b0","FUN_004ab8b0",54,1,"undefined __thiscall FUN_004ab8b0(undefined4 param_1)",false,false,true,"pseudocode/004ab8b0.c"
"0x004ab8f0","FUN_004ab8f0",54,1,"undefined __thiscall FUN_004ab8f0(undefined4 param_1)",false,false,true,"pseudocode/004ab8f0.c"
"0x004ab930","FUN_004ab930",54,1,"undefined __thiscall FUN_004ab930(undefined4 param_1)",false,false,true,"pseudocode/004ab930.c"
"0x004ab970","FUN_004ab970",81,1,"undefined __thiscall FUN_004ab970(undefined4 param_1)",false,false,true,"pseudocode/004ab970.c"
"0x004ab9d0","FUN_004ab9d0",29,1,"undefined __fastcall FUN_004ab9d0(int param_1)",false,false,true,"pseudocode/004ab9d0.c"
"0x004ab9f0","FUN_004ab9f0",16,1,"undefined4 __stdcall FUN_004ab9f0(void)",false,false,true,"pseudocode/004ab9f0.c"
"0x004aba00","FUN_004aba00",41,1,"int __fastcall FUN_004aba00(int param_1)",false,false,true,"pseudocode/004aba00.c"
"0x004aba30","FUN_004aba30",61,1,"undefined4 * __stdcall FUN_004aba30(undefined4 * param_1, uint * param_2, int param_3, float * param_4, undefined4 param_5, int param_6, undefined4 * param_7)",false,false,true,"pseudocode/004aba30.c"
"0x004aba70","FUN_004aba70",94,2,"undefined4 * __cdecl FUN_004aba70(int param_1, undefined4 param_2)",false,false,true,"pseudocode/004aba70.c"
"0x004abad0","FUN_004abad0",73,1,"undefined4 * __stdcall FUN_004abad0(void)",false,false,true,"pseudocode/004abad0.c"
"0x004abb20","FUN_004abb20",62,1,"void * __cdecl FUN_004abb20(void * param_1, undefined8 * param_2)",false,false,true,"pseudocode/004abb20.c"
"0x004abb60","FUN_004abb60",26,1,"void * __fastcall FUN_004abb60(void * param_1)",false,false,true,"pseudocode/004abb60.c"
"0x004abb80","FUN_004abb80",260,1,"undefined4 * __fastcall FUN_004abb80(undefined4 * param_1)",false,false,true,"pseudocode/004abb80.c"
"0x004abc90","FUN_004abc90",112,1,"undefined __fastcall FUN_004abc90(undefined4 * param_1)",false,false,true,"pseudocode/004abc90.c"
"0x004abd10","FUN_004abd10",49,1,"undefined4 * __thiscall FUN_004abd10(uint param_1)",false,false,true,"pseudocode/004abd10.c"
"0x004abd50","FUN_004abd50",437,1,"undefined4 __fastcall FUN_004abd50(int param_1)",false,false,true,"pseudocode/004abd50.c"
"0x004abf30","FUN_004abf30",333,1,"undefined __fastcall FUN_004abf30(int param_1)",false,false,true,"pseudocode/004abf30.c"
"0x004ac080","FUN_004ac080",38,1,"undefined4 __fastcall FUN_004ac080(int param_1)",false,false,true,"pseudocode/004ac080.c"
"0x004ac0b0","FUN_004ac0b0",13,1,"undefined __cdecl FUN_004ac0b0(int param_1)",false,false,true,"pseudocode/004ac0b0.c"
"0x004ac0c0","FUN_004ac0c0",20,1,"undefined4 __fastcall FUN_004ac0c0(int param_1)",false,false,true,"pseudocode/004ac0c0.c"
"0x004ac0e0","FUN_004ac0e0",113,1,"int __stdcall FUN_004ac0e0(void)",false,false,true,"pseudocode/004ac0e0.c"
"0x004ac160","FUN_004ac160",13,1,"undefined1 __stdcall FUN_004ac160(void)",false,false,true,"pseudocode/004ac160.c"
"0x004ac170","FUN_004ac170",46,1,"void * __cdecl FUN_004ac170(void * param_1)",false,false,true,"pseudocode/004ac170.c"
"0x004ac1a0","FUN_004ac1a0",86,2,"undefined4 * __stdcall FUN_004ac1a0(void)",false,false,true,"pseudocode/004ac1a0.c"
"0x004ac200","FUN_004ac200",42,1,"undefined8 __cdecl FUN_004ac200(COleCurrency * param_1)",false,false,true,"pseudocode/004ac200.c"
"0x004ac230","FUN_004ac230",37,1,"void * __cdecl FUN_004ac230(void * param_1)",false,false,true,"pseudocode/004ac230.c"
"0x004ac260","FUN_004ac260",9,1,"undefined8 __stdcall FUN_004ac260(void)",false,false,true,"pseudocode/004ac260.c"
"0x004ac270","FUN_004ac270",21,1,"undefined __cdecl FUN_004ac270(tm * param_1, uint * param_2)",false,false,true,"pseudocode/004ac270.c"
"0x004ac290","FUN_004ac290",20,1,"undefined __cdecl FUN_004ac290(void * param_1)",false,false,true,"pseudocode/004ac290.c"
"0x004ac2b0","_Compressed_pair<><>",33,1,"_Compressed_pair<struct_std::default_delete<class_std::_Facet_base>,class_std::_Facet_base*,1> * __fastcall _Compressed_pair<><>(_Compressed_pair<struct_std::default_delete<class_std::_Facet_base>,class_std::_Facet_base*,1> * param_1)",false,false,true,"pseudocode/004ac2b0.c"
"0x004ac2e0","FUN_004ac2e0",59,1,"_Compressed_pair<struct_std::default_delete<class_std::_Facet_base>,class_std::_Facet_base*,1> * __thiscall FUN_004ac2e0(undefined4 param_1)",false,false,true,"pseudocode/004ac2e0.c"
"0x004ac320","FUN_004ac320",59,1,"_Compressed_pair<struct_std::default_delete<class_std::_Facet_base>,class_std::_Facet_base*,1> * __thiscall FUN_004ac320(undefined4 param_1)",false,false,true,"pseudocode/004ac320.c"
"0x004ac360","FUN_004ac360",59,1,"_Compressed_pair<struct_std::default_delete<class_std::_Facet_base>,class_std::_Facet_base*,1> * __thiscall FUN_004ac360(undefined4 param_1)",false,false,true,"pseudocode/004ac360.c"
"0x004ac3a0","FUN_004ac3a0",59,1,"_Compressed_pair<struct_std::default_delete<class_std::_Facet_base>,class_std::_Facet_base*,1> * __thiscall FUN_004ac3a0(undefined4 param_1)",false,false,true,"pseudocode/004ac3a0.c"
"0x004ac3e0","FUN_004ac3e0",59,1,"_Compressed_pair<struct_std::default_delete<class_std::_Facet_base>,class_std::_Facet_base*,1> * __thiscall FUN_004ac3e0(undefined4 param_1)",false,false,true,"pseudocode/004ac3e0.c"
"0x004ac420","FID_conflict:_Func_impl_no_alloc<class_`protected:_void___thiscall_Concurrency::target_block<class_Concurrency::multi_link_registry<class_Concurrency::ISource<unsigned_int>_>,class_Concurrency::ordered_message_processor<unsigned_int>_>::initialize_target(class_Concurrency::Scheduler*,class_Concurrency::ScheduleGroup*)'::`2'::<lambda_1>,void,class_Concurrency::message<unsigned_int>*><class_`protected:_void___thiscall_Concurrency::target_block<class_Concurrency::multi_link_registry<class_Concurrency::ISource<unsigned_int>_>,class_Concurrency::ordered_message_processor<unsigned_int>_>::initialize_target(class_Concurrency::Scheduler*,class_Concurrency::ScheduleGroup*)'::`2'::<lambda_1>,0>",53,1,"_Compressed_pair<struct_std::default_delete<class_std::_Facet_base>,class_std::_Facet_base*,1> * __thiscall FID_conflict:_Func_impl_no_alloc<class_`protected:_void___thiscall_Concurrency::target_block<class_Concurrency::multi_link_registry<class_Concurrency::ISource<unsigned_int>_>,class_Concurrency::ordered_message_processor<unsigned_int>_>::initialize_target(class_Concurrency::Scheduler*,class_Concurrency::ScheduleGroup*)'::`2'::<lambda_1>,void,class_Concurrency::message<unsigned_int>*><class_`protected:_void___thiscall_Concurrency::target_block<class_Concurrency::multi_link_registry<class_Concurrency::ISource<unsigned_int>_>,class_Concurrency::ordered_message_processor<unsigned_int>_>::initialize_target(class_Concurrency::Scheduler*,class_Concurrency::ScheduleGroup*)'::`2'::<lambda_1>,0>(undefined4 param_1)",false,false,true,"pseudocode/004ac420.c"
"0x004ac460","FUN_004ac460",45,1,"_Compressed_pair<struct_std::default_delete<class_std::_Facet_base>,class_std::_Facet_base*,1> * __thiscall FUN_004ac460(undefined4 param_1)",false,false,true,"pseudocode/004ac460.c"
"0x004ac490","FUN_004ac490",45,1,"_Compressed_pair<struct_std::default_delete<class_std::_Facet_base>,class_std::_Facet_base*,1> * __thiscall FUN_004ac490(undefined4 param_1)",false,false,true,"pseudocode/004ac490.c"
"0x004ac4c0","FUN_004ac4c0",45,1,"_Compressed_pair<struct_std::default_delete<class_std::_Facet_base>,class_std::_Facet_base*,1> * __thiscall FUN_004ac4c0(undefined4 param_1)",false,false,true,"pseudocode/004ac4c0.c"
"0x004ac4f0","FUN_004ac4f0",45,1,"_Compressed_pair<struct_std::default_delete<class_std::_Facet_base>,class_std::_Facet_base*,1> * __thiscall FUN_004ac4f0(undefined4 param_1)",false,false,true,"pseudocode/004ac4f0.c"
"0x004ac520","FUN_004ac520",45,1,"_Compressed_pair<struct_std::default_delete<class_std::_Facet_base>,class_std::_Facet_base*,1> * __thiscall FUN_004ac520(undefined4 param_1)",false,false,true,"pseudocode/004ac520.c"
"0x004ac550","FID_conflict:_Func_impl_no_alloc<class_`protected:_void___thiscall_Concurrency::target_block<class_Concurrency::multi_link_registry<class_Concurrency::ISource<unsigned_int>_>,class_Concurrency::ordered_message_processor<unsigned_int>_>::initialize_target(class_Concurrency::Scheduler*,class_Concurrency::ScheduleGroup*)'::`2'::<lambda_1>,void,class_Concurrency::message<unsigned_int>*><class_`protected:_void___thiscall_Concurrency::target_block<class_Concurrency::multi_link_registry<class_Concurrency::ISource<unsigned_int>_>,class_Concurrency::ordered_message_processor<unsigned_int>_>::initialize_target(class_Concurrency::Scheduler*,class_Concurrency::ScheduleGroup*)'::`2'::<lambda_1>,0>",53,1,"_Compressed_pair<struct_std::default_delete<class_std::_Facet_base>,class_std::_Facet_base*,1> * __thiscall FID_conflict:_Func_impl_no_alloc<class_`protected:_void___thiscall_Concurrency::target_block<class_Concurrency::multi_link_registry<class_Concurrency::ISource<unsigned_int>_>,class_Concurrency::ordered_message_processor<unsigned_int>_>::initialize_target(class_Concurrency::Scheduler*,class_Concurrency::ScheduleGroup*)'::`2'::<lambda_1>,void,class_Concurrency::message<unsigned_int>*><class_`protected:_void___thiscall_Concurrency::target_block<class_Concurrency::multi_link_registry<class_Concurrency::ISource<unsigned_int>_>,class_Concurrency::ordered_message_processor<unsigned_int>_>::initialize_target(class_Concurrency::Scheduler*,class_Concurrency::ScheduleGroup*)'::`2'::<lambda_1>,0>(undefined4 param_1)",false,false,true,"pseudocode/004ac550.c"
"0x004ac590","FID_conflict:_Func_impl_no_alloc<class_`protected:_void___thiscall_Concurrency::target_block<class_Concurrency::multi_link_registry<class_Concurrency::ISource<unsigned_int>_>,class_Concurrency::ordered_message_processor<unsigned_int>_>::initialize_target(class_Concurrency::Scheduler*,class_Concurrency::ScheduleGroup*)'::`2'::<lambda_1>,void,class_Concurrency::message<unsigned_int>*><class_`protected:_void___thiscall_Concurrency::target_block<class_Concurrency::multi_link_registry<class_Concurrency::ISource<unsigned_int>_>,class_Concurrency::ordered_message_processor<unsigned_int>_>::initialize_target(class_Concurrency::Scheduler*,class_Concurrency::ScheduleGroup*)'::`2'::<lambda_1>,0>",53,1,"_Compressed_pair<struct_std::default_delete<class_std::_Facet_base>,class_std::_Facet_base*,1> * __thiscall FID_conflict:_Func_impl_no_alloc<class_`protected:_void___thiscall_Concurrency::target_block<class_Concurrency::multi_link_registry<class_Concurrency::ISource<unsigned_int>_>,class_Concurrency::ordered_message_processor<unsigned_int>_>::initialize_target(class_Concurrency::Scheduler*,class_Concurrency::ScheduleGroup*)'::`2'::<lambda_1>,void,class_Concurrency::message<unsigned_int>*><class_`protected:_void___thiscall_Concurrency::target_block<class_Concurrency::multi_link_registry<class_Concurrency::ISource<unsigned_int>_>,class_Concurrency::ordered_message_processor<unsigned_int>_>::initialize_target(class_Concurrency::Scheduler*,class_Concurrency::ScheduleGroup*)'::`2'::<lambda_1>,0>(undefined4 param_1)",false,false,true,"pseudocode/004ac590.c"
"0x004ac5d0","FID_conflict:_Func_impl_no_alloc<class_`protected:_void___thiscall_Concurrency::target_block<class_Concurrency::multi_link_registry<class_Concurrency::ISource<unsigned_int>_>,class_Concurrency::ordered_message_processor<unsigned_int>_>::initialize_target(class_Concurrency::Scheduler*,class_Concurrency::ScheduleGroup*)'::`2'::<lambda_1>,void,class_Concurrency::message<unsigned_int>*><class_`protected:_void___thiscall_Concurrency::target_block<class_Concurrency::multi_link_registry<class_Concurrency::ISource<unsigned_int>_>,class_Concurrency::ordered_message_processor<unsigned_int>_>::initialize_target(class_Concurrency::Scheduler*,class_Concurrency::ScheduleGroup*)'::`2'::<lambda_1>,0>",53,1,"_Compressed_pair<struct_std::default_delete<class_std::_Facet_base>,class_std::_Facet_base*,1> * __thiscall FID_conflict:_Func_impl_no_alloc<class_`protected:_void___thiscall_Concurrency::target_block<class_Concurrency::multi_link_registry<class_Concurrency::ISource<unsigned_int>_>,class_Concurrency::ordered_message_processor<unsigned_int>_>::initialize_target(class_Concurrency::Scheduler*,class_Concurrency::ScheduleGroup*)'::`2'::<lambda_1>,void,class_Concurrency::message<unsigned_int>*><class_`protected:_void___thiscall_Concurrency::target_block<class_Concurrency::multi_link_registry<class_Concurrency::ISource<unsigned_int>_>,class_Concurrency::ordered_message_processor<unsigned_int>_>::initialize_target(class_Concurrency::Scheduler*,class_Concurrency::ScheduleGroup*)'::`2'::<lambda_1>,0>(undefined4 param_1)",false,false,true,"pseudocode/004ac5d0.c"
"0x004ac610","FID_conflict:_Func_impl_no_alloc<class_`protected:_void___thiscall_Concurrency::target_block<class_Concurrency::multi_link_registry<class_Concurrency::ISource<unsigned_int>_>,class_Concurrency::ordered_message_processor<unsigned_int>_>::initialize_target(class_Concurrency::Scheduler*,class_Concurrency::ScheduleGroup*)'::`2'::<lambda_1>,void,class_Concurrency::message<unsigned_int>*><class_`protected:_void___thiscall_Concurrency::target_block<class_Concurrency::multi_link_registry<class_Concurrency::ISource<unsigned_int>_>,class_Concurrency::ordered_message_processor<unsigned_int>_>::initialize_target(class_Concurrency::Scheduler*,class_Concurrency::ScheduleGroup*)'::`2'::<lambda_1>,0>",53,1,"_Compressed_pair<struct_std::default_delete<class_std::_Facet_base>,class_std::_Facet_base*,1> * __thiscall FID_conflict:_Func_impl_no_alloc<class_`protected:_void___thiscall_Concurrency::target_block<class_Concurrency::multi_link_registry<class_Concurrency::ISource<unsigned_int>_>,class_Concurrency::ordered_message_processor<unsigned_int>_>::initialize_target(class_Concurrency::Scheduler*,class_Concurrency::ScheduleGroup*)'::`2'::<lambda_1>,void,class_Concurrency::message<unsigned_int>*><class_`protected:_void___thiscall_Concurrency::target_block<class_Concurrency::multi_link_registry<class_Concurrency::ISource<unsigned_int>_>,class_Concurrency::ordered_message_processor<unsigned_int>_>::initialize_target(class_Concurrency::Scheduler*,class_Concurrency::ScheduleGroup*)'::`2'::<lambda_1>,0>(undefined4 param_1)",false,false,true,"pseudocode/004ac610.c"
"0x004ac650","FID_conflict:_Func_impl_no_alloc<class_`protected:_void___thiscall_Concurrency::target_block<class_Concurrency::multi_link_registry<class_Concurrency::ISource<unsigned_int>_>,class_Concurrency::ordered_message_processor<unsigned_int>_>::initialize_target(class_Concurrency::Scheduler*,class_Concurrency::ScheduleGroup*)'::`2'::<lambda_1>,void,class_Concurrency::message<unsigned_int>*><class_`protected:_void___thiscall_Concurrency::target_block<class_Concurrency::multi_link_registry<class_Concurrency::ISource<unsigned_int>_>,class_Concurrency::ordered_message_processor<unsigned_int>_>::initialize_target(class_Concurrency::Scheduler*,class_Concurrency::ScheduleGroup*)'::`2'::<lambda_1>,0>",53,1,"_Compressed_pair<struct_std::default_delete<class_std::_Facet_base>,class_std::_Facet_base*,1> * __thiscall FID_conflict:_Func_impl_no_alloc<class_`protected:_void___thiscall_Concurrency::target_block<class_Concurrency::multi_link_registry<class_Concurrency::ISource<unsigned_int>_>,class_Concurrency::ordered_message_processor<unsigned_int>_>::initialize_target(class_Concurrency::Scheduler*,class_Concurrency::ScheduleGroup*)'::`2'::<lambda_1>,void,class_Concurrency::message<unsigned_int>*><class_`protected:_void___thiscall_Concurrency::target_block<class_Concurrency::multi_link_registry<class_Concurrency::ISource<unsigned_int>_>,class_Concurrency::ordered_message_processor<unsigned_int>_>::initialize_target(class_Concurrency::Scheduler*,class_Concurrency::ScheduleGroup*)'::`2'::<lambda_1>,0>(undefined4 param_1)",false,false,true,"pseudocode/004ac650.c"
"0x004ac690","FUN_004ac690",45,1,"_Compressed_pair<struct_std::default_delete<class_std::_Facet_base>,class_std::_Facet_base*,1> * __thiscall FUN_004ac690(undefined4 param_1)",false,false,true,"pseudocode/004ac690.c"
"0x004ac6c0","FUN_004ac6c0",45,1,"_Compressed_pair<struct_std::default_delete<class_std::_Facet_base>,class_std::_Facet_base*,1> * __thiscall FUN_004ac6c0(undefined4 param_1)",false,false,true,"pseudocode/004ac6c0.c"
"0x004ac6f0","FUN_004ac6f0",45,1,"_Compressed_pair<struct_std::default_delete<class_std::_Facet_base>,class_std::_Facet_base*,1> * __thiscall FUN_004ac6f0(undefined4 param_1)",false,false,true,"pseudocode/004ac6f0.c"
"0x004ac720","FUN_004ac720",59,1,"_Compressed_pair<struct_std::default_delete<class_std::_Facet_base>,class_std::_Facet_base*,1> * __thiscall FUN_004ac720(undefined4 param_1)",false,false,true,"pseudocode/004ac720.c"
"0x004ac760","FUN_004ac760",59,1,"_Compressed_pair<struct_std::default_delete<class_std::_Facet_base>,class_std::_Facet_base*,1> * __thiscall FUN_004ac760(undefined4 param_1)",false,false,true,"pseudocode/004ac760.c"
"0x004ac7a0","FUN_004ac7a0",66,1,"_Compressed_pair<struct_std::default_delete<class_std::_Facet_base>,class_std::_Facet_base*,1> * __thiscall FUN_004ac7a0(undefined4 param_1)",false,false,true,"pseudocode/004ac7a0.c"
"0x004ac7f0","FUN_004ac7f0",66,1,"_Compressed_pair<struct_std::default_delete<class_std::_Facet_base>,class_std::_Facet_base*,1> * __thiscall FUN_004ac7f0(undefined4 param_1)",false,false,true,"pseudocode/004ac7f0.c"
"0x004ac840","FUN_004ac840",66,1,"_Compressed_pair<struct_std::default_delete<class_std::_Facet_base>,class_std::_Facet_base*,1> * __thiscall FUN_004ac840(undefined4 param_1)",false,false,true,"pseudocode/004ac840.c"
"0x004ac890","FUN_004ac890",66,1,"_Compressed_pair<struct_std::default_delete<class_std::_Facet_base>,class_std::_Facet_base*,1> * __thiscall FUN_004ac890(undefined4 param_1)",false,false,true,"pseudocode/004ac890.c"
"0x004ac8e0","FUN_004ac8e0",59,1,"_Compressed_pair<struct_std::default_delete<class_std::_Facet_base>,class_std::_Facet_base*,1> * __thiscall FUN_004ac8e0(undefined4 param_1)",false,false,true,"pseudocode/004ac8e0.c"
"0x004ac920","FUN_004ac920",59,1,"_Compressed_pair<struct_std::default_delete<class_std::_Facet_base>,class_std::_Facet_base*,1> * __thiscall FUN_004ac920(undefined4 param_1)",false,false,true,"pseudocode/004ac920.c"
"0x004ac960","FUN_004ac960",59,1,"_Compressed_pair<struct_std::default_delete<class_std::_Facet_base>,class_std::_Facet_base*,1> * __thiscall FUN_004ac960(undefined4 param_1)",false,false,true,"pseudocode/004ac960.c"
"0x004ac9a0","FUN_004ac9a0",102,1,"void * __thiscall FUN_004ac9a0(undefined4 param_1)",false,false,true,"pseudocode/004ac9a0.c"
"0x004aca10","FUN_004aca10",102,1,"void * __thiscall FUN_004aca10(undefined4 param_1)",false,false,true,"pseudocode/004aca10.c"
"0x004aca80","FUN_004aca80",102,1,"void * __thiscall FUN_004aca80(undefined4 param_1)",false,false,true,"pseudocode/004aca80.c"
"0x004acaf0","FUN_004acaf0",102,1,"void * __thiscall FUN_004acaf0(undefined4 param_1)",false,false,true,"pseudocode/004acaf0.c"
"0x004acb60","FUN_004acb60",102,1,"void * __thiscall FUN_004acb60(undefined4 param_1)",false,false,true,"pseudocode/004acb60.c"
"0x004acbd0","FUN_004acbd0",102,1,"void * __thiscall FUN_004acbd0(undefined4 param_1)",false,false,true,"pseudocode/004acbd0.c"
"0x004acc40","FUN_004acc40",102,1,"void * __thiscall FUN_004acc40(undefined4 param_1)",false,false,true,"pseudocode/004acc40.c"
"0x004accb0","FUN_004accb0",102,1,"void * __thiscall FUN_004accb0(undefined4 param_1)",false,false,true,"pseudocode/004accb0.c"
"0x004acd20","FUN_004acd20",102,1,"void * __thiscall FUN_004acd20(undefined4 param_1)",false,false,true,"pseudocode/004acd20.c"
"0x004acd90","FUN_004acd90",102,1,"void * __thiscall FUN_004acd90(undefined4 param_1)",false,false,true,"pseudocode/004acd90.c"
"0x004ace00","FUN_004ace00",102,1,"void * __thiscall FUN_004ace00(undefined4 param_1)",false,false,true,"pseudocode/004ace00.c"
"0x004ace70","FUN_004ace70",102,1,"void * __thiscall FUN_004ace70(undefined4 param_1)",false,false,true,"pseudocode/004ace70.c"
"0x004acee0","FUN_004acee0",102,1,"void * __thiscall FUN_004acee0(undefined4 param_1)",false,false,true,"pseudocode/004acee0.c"
"0x004acf50","FUN_004acf50",102,1,"void * __thiscall FUN_004acf50(undefined4 param_1)",false,false,true,"pseudocode/004acf50.c"
"0x004acfc0","FUN_004acfc0",102,1,"void * __thiscall FUN_004acfc0(undefined4 param_1)",false,false,true,"pseudocode/004acfc0.c"
"0x004ad030","FUN_004ad030",102,1,"void * __thiscall FUN_004ad030(undefined4 param_1)",false,false,true,"pseudocode/004ad030.c"
"0x004ad0a0","FUN_004ad0a0",102,1,"void * __thiscall FUN_004ad0a0(undefined4 param_1)",false,false,true,"pseudocode/004ad0a0.c"
"0x004ad110","FUN_004ad110",102,1,"void * __thiscall FUN_004ad110(undefined4 param_1)",false,false,true,"pseudocode/004ad110.c"
"0x004ad180","FUN_004ad180",102,1,"void * __thiscall FUN_004ad180(undefined4 param_1)",false,false,true,"pseudocode/004ad180.c"
"0x004ad1f0","FUN_004ad1f0",102,1,"void * __thiscall FUN_004ad1f0(undefined4 param_1)",false,false,true,"pseudocode/004ad1f0.c"
"0x004ad260","FUN_004ad260",102,1,"void * __thiscall FUN_004ad260(undefined4 param_1)",false,false,true,"pseudocode/004ad260.c"
"0x004ad2d0","FUN_004ad2d0",66,1,"_Compressed_pair<struct_std::default_delete<class_std::_Facet_base>,class_std::_Facet_base*,1> * __thiscall FUN_004ad2d0(undefined4 param_1)",false,false,true,"pseudocode/004ad2d0.c"
"0x004ad320","FUN_004ad320",102,1,"void * __thiscall FUN_004ad320(undefined4 param_1)",false,false,true,"pseudocode/004ad320.c"
"0x004ad390","FUN_004ad390",66,1,"_Compressed_pair<struct_std::default_delete<class_std::_Facet_base>,class_std::_Facet_base*,1> * __thiscall FUN_004ad390(undefined4 param_1)",false,false,true,"pseudocode/004ad390.c"
"0x004ad3e0","FUN_004ad3e0",102,1,"void * __thiscall FUN_004ad3e0(undefined4 param_1)",false,false,true,"pseudocode/004ad3e0.c"
"0x004ad450","FUN_004ad450",66,1,"_Compressed_pair<struct_std::default_delete<class_std::_Facet_base>,class_std::_Facet_base*,1> * __thiscall FUN_004ad450(undefined4 param_1)",false,false,true,"pseudocode/004ad450.c"
"0x004ad4a0","FUN_004ad4a0",102,1,"void * __thiscall FUN_004ad4a0(undefined4 param_1)",false,false,true,"pseudocode/004ad4a0.c"
"0x004ad510","FUN_004ad510",66,1,"_Compressed_pair<struct_std::default_delete<class_std::_Facet_base>,class_std::_Facet_base*,1> * __thiscall FUN_004ad510(undefined4 param_1)",false,false,true,"pseudocode/004ad510.c"
"0x004ad560","FUN_004ad560",102,1,"void * __thiscall FUN_004ad560(undefined4 param_1)",false,false,true,"pseudocode/004ad560.c"
"0x004ad5d0","FUN_004ad5d0",102,1,"void * __thiscall FUN_004ad5d0(undefined4 param_1)",false,false,true,"pseudocode/004ad5d0.c"
"0x004ad640","FUN_004ad640",102,1,"void * __thiscall FUN_004ad640(undefined4 param_1)",false,false,true,"pseudocode/004ad640.c"
"0x004ad6b0","FUN_004ad6b0",102,1,"void * __thiscall FUN_004ad6b0(undefined4 param_1)",false,false,true,"pseudocode/004ad6b0.c"
"0x004ad720","_Alloc_proxy<class_std::allocator<struct_std::_Container_proxy>_>",75,1,"void __thiscall _Alloc_proxy<class_std::allocator<struct_std::_Container_proxy>_>(allocator<struct_std::_Container_proxy> * param_1)",false,false,true,"pseudocode/004ad720.c"
"0x004ad770","FUN_004ad770",126,1,"undefined __cdecl FUN_004ad770(undefined4 param_1, undefined4 param_2)",false,false,true,"pseudocode/004ad770.c"
"0x004ad7f0","FUN_004ad7f0",23,1,"undefined __cdecl FUN_004ad7f0(undefined4 param_1, LPVOID param_2)",false,false,true,"pseudocode/004ad7f0.c"
"0x004ad810","FUN_004ad810",21,1,"undefined __cdecl FUN_004ad810(undefined4 param_1, LPVOID param_2)",false,false,true,"pseudocode/004ad810.c"
"0x004ad830","FUN_004ad830",174,1,"undefined __cdecl FUN_004ad830(undefined4 param_1)",false,false,true,"pseudocode/004ad830.c"
"0x004ad8e0","FUN_004ad8e0",174,1,"undefined __cdecl FUN_004ad8e0(undefined4 param_1)",false,false,true,"pseudocode/004ad8e0.c"
"0x004ad990","FUN_004ad990",174,1,"undefined __cdecl FUN_004ad990(undefined4 param_1)",false,false,true,"pseudocode/004ad990.c"
"0x004ada40","FUN_004ada40",174,1,"undefined __cdecl FUN_004ada40(undefined4 param_1)",false,false,true,"pseudocode/004ada40.c"
"0x004adaf0","FUN_004adaf0",174,1,"undefined __cdecl FUN_004adaf0(undefined4 param_1)",false,false,true,"pseudocode/004adaf0.c"
"0x004adba0","FUN_004adba0",174,1,"undefined __cdecl FUN_004adba0(undefined4 param_1)",false,false,true,"pseudocode/004adba0.c"
"0x004adc50","FUN_004adc50",174,1,"undefined __cdecl FUN_004adc50(undefined4 param_1)",false,false,true,"pseudocode/004adc50.c"
"0x004add00","FUN_004add00",174,1,"undefined __cdecl FUN_004add00(undefined4 param_1)",false,false,true,"pseudocode/004add00.c"
"0x004addb0","_Reset<>",90,1,"undefined __thiscall _Reset<>(undefined4 param_1)",false,false,true,"pseudocode/004addb0.c"
"0x004ade10","_Reset<>",90,1,"undefined __thiscall _Reset<>(undefined4 param_1)",false,false,true,"pseudocode/004ade10.c"
"0x004ade70","_Reset<>",90,1,"undefined __thiscall _Reset<>(undefined4 param_1)",false,false,true,"pseudocode/004ade70.c"
"0x004aded0","_Reset<>",90,1,"undefined __thiscall _Reset<>(undefined4 param_1)",false,false,true,"pseudocode/004aded0.c"
"0x004adf30","_Reset<>",90,1,"undefined __thiscall _Reset<>(undefined4 param_1)",false,false,true,"pseudocode/004adf30.c"
"0x004adf90","_Reset<>",90,1,"undefined __thiscall _Reset<>(undefined4 param_1)",false,false,true,"pseudocode/004adf90.c"
"0x004adff0","_Reset<>",90,1,"undefined __thiscall _Reset<>(undefined4 param_1)",false,false,true,"pseudocode/004adff0.c"
"0x004ae050","_Reset<>",90,1,"undefined __thiscall _Reset<>(undefined4 param_1)",false,false,true,"pseudocode/004ae050.c"
"0x004ae0b0","_Reset<>",90,1,"undefined __thiscall _Reset<>(undefined4 param_1)",false,false,true,"pseudocode/004ae0b0.c"
"0x004ae110","_Reset<>",90,1,"undefined __thiscall _Reset<>(undefined4 param_1)",false,false,true,"pseudocode/004ae110.c"
"0x004ae170","_Reset<>",90,1,"undefined __thiscall _Reset<>(undefined4 param_1)",false,false,true,"pseudocode/004ae170.c"
"0x004ae1d0","_Reset<>",90,1,"undefined __thiscall _Reset<>(undefined4 param_1)",false,false,true,"pseudocode/004ae1d0.c"
"0x004ae230","_Reset<>",90,1,"undefined __thiscall _Reset<>(undefined4 param_1)",false,false,true,"pseudocode/004ae230.c"
"0x004ae290","_Reset<>",90,1,"undefined __thiscall _Reset<>(undefined4 param_1)",false,false,true,"pseudocode/004ae290.c"
"0x004ae2f0","_Reset<>",90,1,"undefined __thiscall _Reset<>(undefined4 param_1)",false,false,true,"pseudocode/004ae2f0.c"
"0x004ae350","_Reset<>",90,1,"undefined __thiscall _Reset<>(undefined4 param_1)",false,false,true,"pseudocode/004ae350.c"
"0x004ae3b0","_Reset<>",90,1,"undefined __thiscall _Reset<>(undefined4 param_1)",false,false,true,"pseudocode/004ae3b0.c"
"0x004ae410","_Reset<>",90,1,"undefined __thiscall _Reset<>(undefined4 param_1)",false,false,true,"pseudocode/004ae410.c"
"0x004ae470","_Reset<>",90,1,"undefined __thiscall _Reset<>(undefined4 param_1)",false,false,true,"pseudocode/004ae470.c"
"0x004ae4d0","_Reset<>",90,1,"undefined __thiscall _Reset<>(undefined4 param_1)",false,false,true,"pseudocode/004ae4d0.c"
"0x004ae530","_Reset<>",90,1,"undefined __thiscall _Reset<>(undefined4 param_1)",false,false,true,"pseudocode/004ae530.c"
"0x004ae590","FUN_004ae590",65,1,"undefined __thiscall FUN_004ae590(undefined4 param_1)",false,false,true,"pseudocode/004ae590.c"
"0x004ae5e0","FUN_004ae5e0",65,1,"undefined __thiscall FUN_004ae5e0(undefined4 param_1)",false,false,true,"pseudocode/004ae5e0.c"
"0x004ae630","FUN_004ae630",65,1,"undefined __thiscall FUN_004ae630(undefined4 param_1)",false,false,true,"pseudocode/004ae630.c"
"0x004ae680","FUN_004ae680",65,1,"undefined __thiscall FUN_004ae680(undefined4 param_1)",false,false,true,"pseudocode/004ae680.c"
"0x004ae6d0","_Reset<>",90,1,"undefined __thiscall _Reset<>(undefined4 param_1)",false,false,true,"pseudocode/004ae6d0.c"
"0x004ae730","_Reset<>",90,1,"undefined __thiscall _Reset<>(undefined4 param_1)",false,false,true,"pseudocode/004ae730.c"
"0x004ae790","_Reset<>",90,1,"undefined __thiscall _Reset<>(undefined4 param_1)",false,false,true,"pseudocode/004ae790.c"
"0x004ae7f0","FUN_004ae7f0",56,1,"undefined __cdecl FUN_004ae7f0(undefined4 param_1, undefined4 param_2)",false,false,true,"pseudocode/004ae7f0.c"
"0x004ae830","FUN_004ae830",97,1,"undefined __stdcall FUN_004ae830(void * param_1)",false,false,true,"pseudocode/004ae830.c"
"0x004ae8a0","FUN_004ae8a0",135,1,"undefined4 * __stdcall FUN_004ae8a0(void)",false,false,true,"pseudocode/004ae8a0.c"
"0x004ae930","FUN_004ae930",156,1,"undefined4 * __stdcall FUN_004ae930(void)",false,false,true,"pseudocode/004ae930.c"
"0x004ae9d0","FUN_004ae9d0",17,1,"undefined __cdecl FUN_004ae9d0(undefined4 param_1, char * * param_2)",false,false,true,"pseudocode/004ae9d0.c"
"0x004ae9f0","FUN_004ae9f0",16,1,"undefined __cdecl FUN_004ae9f0(void * param_1)",false,false,true,"pseudocode/004ae9f0.c"
"0x004aea00","FUN_004aea00",14,1,"undefined __cdecl FUN_004aea00(int * param_1)",false,false,true,"pseudocode/004aea00.c"
"0x004aea10","FUN_004aea10",14,1,"undefined __cdecl FUN_004aea10(int param_1)",false,false,true,"pseudocode/004aea10.c"
"0x004aea20","FUN_004aea20",14,1,"undefined __cdecl FUN_004aea20(int param_1)",false,false,true,"pseudocode/004aea20.c"
"0x004aea30","FUN_004aea30",14,1,"undefined __cdecl FUN_004aea30(int param_1)",false,false,true,"pseudocode/004aea30.c"
"0x004aea40","FUN_004aea40",14,1,"undefined __cdecl FUN_004aea40(int param_1)",false,false,true,"pseudocode/004aea40.c"
"0x004aea50","FUN_004aea50",14,1,"undefined __cdecl FUN_004aea50(int * param_1)",false,false,true,"pseudocode/004aea50.c"
"0x004aea60","FUN_004aea60",14,1,"undefined __cdecl FUN_004aea60(int * param_1)",false,false,true,"pseudocode/004aea60.c"
"0x004aea70","FUN_004aea70",14,1,"undefined __cdecl FUN_004aea70(int * param_1)",false,false,true,"pseudocode/004aea70.c"
"0x004aea80","FUN_004aea80",14,1,"undefined __cdecl FUN_004aea80(int * param_1)",false,false,true,"pseudocode/004aea80.c"
"0x004aea90","FUN_004aea90",14,1,"undefined __cdecl FUN_004aea90(int * param_1)",false,false,true,"pseudocode/004aea90.c"
"0x004aeaa0","FUN_004aeaa0",14,1,"undefined __cdecl FUN_004aeaa0(int * param_1)",false,false,true,"pseudocode/004aeaa0.c"
"0x004aeab0","FUN_004aeab0",14,1,"undefined __cdecl FUN_004aeab0(int * param_1)",false,false,true,"pseudocode/004aeab0.c"
"0x004aeac0","FUN_004aeac0",14,1,"undefined __cdecl FUN_004aeac0(int * param_1)",false,false,true,"pseudocode/004aeac0.c"
"0x004aead0","FUN_004aead0",14,1,"undefined __stdcall FUN_004aead0(void)",false,false,true,"pseudocode/004aead0.c"
"0x004aeae0","FUN_004aeae0",14,1,"undefined __stdcall FUN_004aeae0(void)",false,false,true,"pseudocode/004aeae0.c"
"0x004aeaf0","FUN_004aeaf0",14,1,"undefined __stdcall FUN_004aeaf0(void)",false,false,true,"pseudocode/004aeaf0.c"
"0x004aeb00","FUN_004aeb00",14,1,"undefined __stdcall FUN_004aeb00(void)",false,false,true,"pseudocode/004aeb00.c"
"0x004aeb10","FUN_004aeb10",14,1,"undefined __cdecl FUN_004aeb10(int * param_1)",false,false,true,"pseudocode/004aeb10.c"
"0x004aeb20","FUN_004aeb20",14,1,"undefined __cdecl FUN_004aeb20(int * param_1)",false,false,true,"pseudocode/004aeb20.c"
"0x004aeb30","FUN_004aeb30",14,1,"undefined __cdecl FUN_004aeb30(int * param_1)",false,false,true,"pseudocode/004aeb30.c"
"0x004aeb40","FUN_004aeb40",159,1,"undefined4 * __fastcall FUN_004aeb40(undefined4 * param_1)",false,false,true,"pseudocode/004aeb40.c"
"0x004aebf0","FUN_004aebf0",146,1,"uint * __fastcall FUN_004aebf0(uint * param_1)",false,false,true,"pseudocode/004aebf0.c"
"0x004aec90","FUN_004aec90",66,1,"uint * __fastcall FUN_004aec90(uint * param_1)",false,false,true,"pseudocode/004aec90.c"
"0x004aece0","FUN_004aece0",34,1,"undefined4 * __fastcall FUN_004aece0(undefined4 * param_1)",false,false,true,"pseudocode/004aece0.c"
"0x004aed10","FUN_004aed10",62,1,"undefined4 * __fastcall FUN_004aed10(undefined4 * param_1)",false,false,true,"pseudocode/004aed10.c"
"0x004aed50","FUN_004aed50",75,1,"undefined4 __fastcall FUN_004aed50(undefined4 param_1)",false,false,true,"pseudocode/004aed50.c"
"0x004aeda0","FUN_004aeda0",75,1,"undefined4 __fastcall FUN_004aeda0(undefined4 param_1)",false,false,true,"pseudocode/004aeda0.c"
"0x004aedf0","FUN_004aedf0",75,1,"undefined4 __fastcall FUN_004aedf0(undefined4 param_1)",false,false,true,"pseudocode/004aedf0.c"
"0x004aee40","FUN_004aee40",75,1,"undefined4 __fastcall FUN_004aee40(undefined4 param_1)",false,false,true,"pseudocode/004aee40.c"
"0x004aee90","FUN_004aee90",80,1,"_Compressed_pair<struct_std::default_delete<class_std::_Facet_base>,class_std::_Facet_base*,1> * __fastcall FUN_004aee90(_Compressed_pair<struct_std::default_delete<class_std::_Facet_base>,class_std::_Facet_base*,1> * param_1)",false,false,true,"pseudocode/004aee90.c"
"0x004aeee0","FUN_004aeee0",23,1,"_Compressed_pair<struct_std::default_delete<class_std::_Facet_base>,class_std::_Facet_base*,1> * __fastcall FUN_004aeee0(_Compressed_pair<struct_std::default_delete<class_std::_Facet_base>,class_std::_Facet_base*,1> * param_1)",false,false,true,"pseudocode/004aeee0.c"
"0x004aef00","FUN_004aef00",138,1,"undefined4 * __fastcall FUN_004aef00(undefined4 * param_1)",false,false,true,"pseudocode/004aef00.c"
"0x004aef90","FUN_004aef90",883,1,"undefined4 * __fastcall FUN_004aef90(undefined4 * param_1)",false,false,true,"pseudocode/004aef90.c"
"0x004af310","FUN_004af310",1738,1,"undefined4 * __thiscall FUN_004af310(undefined4 param_1)",false,false,true,"pseudocode/004af310.c"
"0x004af9e0","FUN_004af9e0",100,1,"undefined __fastcall FUN_004af9e0(_Compressed_pair<struct_std::default_delete<class_std::_Facet_base>,class_std::_Facet_base*,1> * param_1)",false,false,true,"pseudocode/004af9e0.c"
"0x004afa50","FUN_004afa50",20,1,"undefined __fastcall FUN_004afa50(_Compressed_pair<struct_std::default_delete<class_std::_Facet_base>,class_std::_Facet_base*,1> * param_1)",false,false,true,"pseudocode/004afa50.c"
"0x004afa70","FUN_004afa70",45,1,"undefined __fastcall FUN_004afa70(int param_1)",false,false,true,"pseudocode/004afa70.c"
"0x004afaa0","FUN_004afaa0",336,1,"undefined __fastcall FUN_004afaa0(undefined4 * param_1)",false,false,true,"pseudocode/004afaa0.c"
"0x004afc00","FUN_004afc00",228,1,"undefined __fastcall FUN_004afc00(int param_1)",false,false,true,"pseudocode/004afc00.c"
"0x004afcf0","FUN_004afcf0",110,1,"undefined __fastcall FUN_004afcf0(int * param_1)",false,false,true,"pseudocode/004afcf0.c"
"0x004afd60","FUN_004afd60",82,1,"undefined __fastcall FUN_004afd60(int param_1)",false,false,true,"pseudocode/004afd60.c"
"0x004afdc0","FUN_004afdc0",82,1,"undefined __fastcall FUN_004afdc0(int param_1)",false,false,true,"pseudocode/004afdc0.c"
"0x004afe20","FUN_004afe20",82,1,"undefined __fastcall FUN_004afe20(int param_1)",false,false,true,"pseudocode/004afe20.c"
"0x004afe80","FUN_004afe80",82,1,"undefined __fastcall FUN_004afe80(int param_1)",false,false,true,"pseudocode/004afe80.c"
"0x004afee0","FUN_004afee0",43,1,"undefined4 __stdcall FUN_004afee0(void * param_1)",false,false,true,"pseudocode/004afee0.c"
"0x004aff10","FUN_004aff10",25,1,"undefined __fastcall FUN_004aff10(int * param_1)",false,false,true,"pseudocode/004aff10.c"
"0x004aff30","FUN_004aff30",25,1,"undefined __fastcall FUN_004aff30(int * param_1)",false,false,true,"pseudocode/004aff30.c"
"0x004aff50","FUN_004aff50",25,1,"undefined __fastcall FUN_004aff50(int * param_1)",false,false,true,"pseudocode/004aff50.c"
"0x004aff70","FUN_004aff70",25,1,"undefined __fastcall FUN_004aff70(int * param_1)",false,false,true,"pseudocode/004aff70.c"
"0x004aff90","FUN_004aff90",25,1,"undefined __fastcall FUN_004aff90(int * param_1)",false,false,true,"pseudocode/004aff90.c"
"0x004affb0","FUN_004affb0",54,1,"undefined __fastcall FUN_004affb0(int * param_1)",false,false,true,"pseudocode/004affb0.c"
"0x004afff0","FUN_004afff0",182,1,"undefined __fastcall FUN_004afff0(int * param_1)",false,false,true,"pseudocode/004afff0.c"
"0x004b00b0","FUN_004b00b0",182,1,"undefined __fastcall FUN_004b00b0(int * param_1)",false,false,true,"pseudocode/004b00b0.c"
"0x004b0170","FUN_004b0170",284,1,"undefined __stdcall FUN_004b0170(void)",false,false,true,"pseudocode/004b0170.c"
"0x004b0290","FUN_004b0290",195,1,"undefined __stdcall FUN_004b0290(void)",false,false,true,"pseudocode/004b0290.c"
"0x004b0360","FUN_004b0360",284,1,"undefined __stdcall FUN_004b0360(void)",false,false,true,"pseudocode/004b0360.c"
"0x004b0480","FUN_004b0480",195,1,"undefined __stdcall FUN_004b0480(void)",false,false,true,"pseudocode/004b0480.c"
"0x004b0550","FUN_004b0550",110,1,"undefined __fastcall FUN_004b0550(int * param_1)",false,false,true,"pseudocode/004b0550.c"
"0x004b05c0","FUN_004b05c0",110,1,"undefined __fastcall FUN_004b05c0(int * param_1)",false,false,true,"pseudocode/004b05c0.c"
"0x004b0630","FUN_004b0630",110,1,"undefined __fastcall FUN_004b0630(int * param_1)",false,false,true,"pseudocode/004b0630.c"
"0x004b06a0","FUN_004b06a0",49,1,"undefined4 * __thiscall FUN_004b06a0(uint param_1)",false,false,true,"pseudocode/004b06a0.c"
"0x004b06e0","FUN_004b06e0",49,1,"LPVOID __thiscall FUN_004b06e0(uint param_1)",false,false,true,"pseudocode/004b06e0.c"
"0x004b0720","FUN_004b0720",9428,2,"undefined __fastcall FUN_004b0720(void * param_1)",false,false,true,"pseudocode/004b0720.c"
"0x004b2c90","FUN_004b2c90",6073,1,"undefined __fastcall FUN_004b2c90(int param_1)",false,false,true,"pseudocode/004b2c90.c"
"0x004b4450","FUN_004b4450",53,1,"bool __fastcall FUN_004b4450(void * param_1)",false,false,true,"pseudocode/004b4450.c"
"0x004b4490","FUN_004b4490",666,1,"undefined __fastcall FUN_004b4490(int param_1)",false,false,true,"pseudocode/004b4490.c"
"0x004b4730","FUN_004b4730",4179,1,"undefined __fastcall FUN_004b4730(int param_1)",false,false,true,"pseudocode/004b4730.c"
"0x004b5790","FUN_004b5790",52,1,"undefined4 __stdcall FUN_004b5790(void)",false,false,true,"pseudocode/004b5790.c"
"0x004b57d0","FUN_004b57d0",72,1,"undefined __fastcall FUN_004b57d0(int param_1)",false,false,true,"pseudocode/004b57d0.c"
"0x004b5820","FUN_004b5820",192,1,"undefined4 __fastcall FUN_004b5820(int param_1)",false,false,true,"pseudocode/004b5820.c"
"0x004b58e0","FUN_004b58e0",25,1,"uint __thiscall FUN_004b58e0(uint param_1)",false,false,true,"pseudocode/004b58e0.c"
"0x004b5900","FUN_004b5900",17,1,"undefined4 __stdcall FUN_004b5900(void)",false,false,true,"pseudocode/004b5900.c"
"0x004b5920","FUN_004b5920",64,1,"bool __stdcall FUN_004b5920(void)",false,false,true,"pseudocode/004b5920.c"
"0x004b5960","FUN_004b5960",370,1,"undefined4 __fastcall FUN_004b5960(int param_1)",false,false,true,"pseudocode/004b5960.c"
"0x004b5ae0","FUN_004b5ae0",119,1,"undefined __fastcall FUN_004b5ae0(int param_1)",false,false,true,"pseudocode/004b5ae0.c"
"0x004b5b60","FUN_004b5b60",79,1,"undefined4 __thiscall FUN_004b5b60(int param_1)",false,false,true,"pseudocode/004b5b60.c"
"0x004b5bb0","FUN_004b5bb0",1647,1,"undefined __fastcall FUN_004b5bb0(void * param_1)",false,false,true,"pseudocode/004b5bb0.c"
"0x004b6220","FUN_004b6220",568,1,"undefined __fastcall FUN_004b6220(void * param_1)",false,false,true,"pseudocode/004b6220.c"
"0x004b6460","FUN_004b6460",60,2,"undefined4 __cdecl FUN_004b6460(byte param_1)",false,false,true,"pseudocode/004b6460.c"
"0x004b64a0","FUN_004b64a0",183,1,"undefined __fastcall FUN_004b64a0(int param_1)",false,false,true,"pseudocode/004b64a0.c"
"0x004b6560","FUN_004b6560",30,1,"undefined4 __stdcall FUN_004b6560(void)",false,false,true,"pseudocode/004b6560.c"
"0x004b6580","FUN_004b6580",72,1,"undefined __thiscall FUN_004b6580(uint param_1)",false,false,true,"pseudocode/004b6580.c"
"0x004b65d0","FUN_004b65d0",47,1,"undefined __thiscall FUN_004b65d0(undefined4 param_1)",false,false,true,"pseudocode/004b65d0.c"
"0x004b6600","FUN_004b6600",47,1,"undefined __thiscall FUN_004b6600(undefined4 param_1)",false,false,true,"pseudocode/004b6600.c"
"0x004b6630","FUN_004b6630",47,1,"undefined __thiscall FUN_004b6630(undefined4 param_1)",false,false,true,"pseudocode/004b6630.c"
"0x004b6660","FUN_004b6660",47,1,"undefined __thiscall FUN_004b6660(undefined4 param_1)",false,false,true,"pseudocode/004b6660.c"
"0x004b6690","FUN_004b6690",47,1,"undefined __thiscall FUN_004b6690(undefined4 param_1)",false,false,true,"pseudocode/004b6690.c"
"0x004b66c0","Copy",47,1,"undefined __thiscall Copy(undefined4 param_1)",false,false,true,"pseudocode/004b66c0.c"
"0x004b66f0","Copy",47,1,"undefined __thiscall Copy(undefined4 param_1)",false,false,true,"pseudocode/004b66f0.c"
"0x004b6720","Copy",47,1,"undefined __thiscall Copy(undefined4 param_1)",false,false,true,"pseudocode/004b6720.c"
"0x004b6750","Copy",47,1,"undefined __thiscall Copy(undefined4 param_1)",false,false,true,"pseudocode/004b6750.c"
"0x004b6780","Copy",47,1,"undefined __thiscall Copy(undefined4 param_1)",false,false,true,"pseudocode/004b6780.c"
"0x004b67b0","Copy",47,1,"undefined __thiscall Copy(undefined4 param_1)",false,false,true,"pseudocode/004b67b0.c"
"0x004b67e0","Copy",47,1,"undefined __thiscall Copy(undefined4 param_1)",false,false,true,"pseudocode/004b67e0.c"
"0x004b6810","Copy",47,1,"undefined __thiscall Copy(undefined4 param_1)",false,false,true,"pseudocode/004b6810.c"
"0x004b6840","Copy",47,1,"undefined __thiscall Copy(undefined4 param_1)",false,false,true,"pseudocode/004b6840.c"
"0x004b6870","Copy",47,1,"undefined __thiscall Copy(undefined4 param_1)",false,false,true,"pseudocode/004b6870.c"
"0x004b68a0","Copy",47,1,"undefined __thiscall Copy(undefined4 param_1)",false,false,true,"pseudocode/004b68a0.c"
"0x004b68d0","Copy",47,1,"undefined __thiscall Copy(undefined4 param_1)",false,false,true,"pseudocode/004b68d0.c"
"0x004b6900","Copy",47,1,"undefined __thiscall Copy(undefined4 param_1)",false,false,true,"pseudocode/004b6900.c"
"0x004b6930","Copy",47,1,"undefined __thiscall Copy(undefined4 param_1)",false,false,true,"pseudocode/004b6930.c"
"0x004b6960","FUN_004b6960",47,1,"undefined __thiscall FUN_004b6960(undefined4 param_1)",false,false,true,"pseudocode/004b6960.c"
"0x004b6990","FUN_004b6990",47,1,"undefined __thiscall FUN_004b6990(undefined4 param_1)",false,false,true,"pseudocode/004b6990.c"
"0x004b69c0","FUN_004b69c0",28,1,"undefined __fastcall FUN_004b69c0(int param_1)",false,false,true,"pseudocode/004b69c0.c"
"0x004b69e0","FUN_004b69e0",28,1,"undefined __fastcall FUN_004b69e0(int param_1)",false,false,true,"pseudocode/004b69e0.c"
"0x004b6a00","FUN_004b6a00",28,1,"undefined __fastcall FUN_004b6a00(int param_1)",false,false,true,"pseudocode/004b6a00.c"
"0x004b6a20","FUN_004b6a20",28,1,"undefined __fastcall FUN_004b6a20(int param_1)",false,false,true,"pseudocode/004b6a20.c"
"0x004b6a40","FUN_004b6a40",47,1,"undefined __thiscall FUN_004b6a40(undefined4 param_1)",false,false,true,"pseudocode/004b6a40.c"
"0x004b6a70","FUN_004b6a70",47,1,"undefined __thiscall FUN_004b6a70(undefined4 param_1)",false,false,true,"pseudocode/004b6a70.c"
"0x004b6aa0","FUN_004b6aa0",47,1,"undefined __thiscall FUN_004b6aa0(undefined4 param_1)",false,false,true,"pseudocode/004b6aa0.c"
"0x004b6ad0","FUN_004b6ad0",35,1,"undefined __thiscall FUN_004b6ad0(char param_1)",false,false,true,"pseudocode/004b6ad0.c"
"0x004b6b00","FUN_004b6b00",26,1,"undefined __fastcall FUN_004b6b00(int param_1)",false,false,true,"pseudocode/004b6b00.c"
"0x004b6b20","FUN_004b6b20",26,1,"undefined __fastcall FUN_004b6b20(int param_1)",false,false,true,"pseudocode/004b6b20.c"
"0x004b6b40","FUN_004b6b40",26,1,"undefined __fastcall FUN_004b6b40(int param_1)",false,false,true,"pseudocode/004b6b40.c"
"0x004b6b60","FUN_004b6b60",26,1,"undefined __fastcall FUN_004b6b60(int param_1)",false,false,true,"pseudocode/004b6b60.c"
"0x004b6b80","FUN_004b6b80",26,1,"undefined __fastcall FUN_004b6b80(int param_1)",false,false,true,"pseudocode/004b6b80.c"
"0x004b6ba0","FUN_004b6ba0",26,1,"undefined __fastcall FUN_004b6ba0(int param_1)",false,false,true,"pseudocode/004b6ba0.c"
"0x004b6bc0","FUN_004b6bc0",26,1,"undefined __fastcall FUN_004b6bc0(int param_1)",false,false,true,"pseudocode/004b6bc0.c"
"0x004b6be0","FUN_004b6be0",26,1,"undefined __fastcall FUN_004b6be0(int param_1)",false,false,true,"pseudocode/004b6be0.c"
"0x004b6c00","FUN_004b6c00",26,1,"undefined __fastcall FUN_004b6c00(int param_1)",false,false,true,"pseudocode/004b6c00.c"
"0x004b6c20","FUN_004b6c20",26,1,"undefined __fastcall FUN_004b6c20(int param_1)",false,false,true,"pseudocode/004b6c20.c"
"0x004b6c40","FUN_004b6c40",26,1,"undefined __fastcall FUN_004b6c40(int param_1)",false,false,true,"pseudocode/004b6c40.c"
"0x004b6c60","FUN_004b6c60",26,1,"undefined __fastcall FUN_004b6c60(int param_1)",false,false,true,"pseudocode/004b6c60.c"
"0x004b6c80","FUN_004b6c80",26,1,"undefined __fastcall FUN_004b6c80(int param_1)",false,false,true,"pseudocode/004b6c80.c"
"0x004b6ca0","FUN_004b6ca0",26,1,"undefined __stdcall FUN_004b6ca0(void)",false,false,true,"pseudocode/004b6ca0.c"
"0x004b6cc0","FUN_004b6cc0",26,1,"undefined __stdcall FUN_004b6cc0(void)",false,false,true,"pseudocode/004b6cc0.c"
"0x004b6ce0","FUN_004b6ce0",26,1,"undefined __stdcall FUN_004b6ce0(void)",false,false,true,"pseudocode/004b6ce0.c"
"0x004b6d00","FUN_004b6d00",26,1,"undefined __stdcall FUN_004b6d00(void)",false,false,true,"pseudocode/004b6d00.c"
"0x004b6d20","FUN_004b6d20",26,1,"undefined __fastcall FUN_004b6d20(int param_1)",false,false,true,"pseudocode/004b6d20.c"
"0x004b6d40","FUN_004b6d40",26,1,"undefined __fastcall FUN_004b6d40(int param_1)",false,false,true,"pseudocode/004b6d40.c"
"0x004b6d60","FUN_004b6d60",26,1,"undefined __fastcall FUN_004b6d60(int param_1)",false,false,true,"pseudocode/004b6d60.c"
"0x004b6d80","FUN_004b6d80",30,1,"uint __thiscall FUN_004b6d80(uint param_1)",false,false,true,"pseudocode/004b6d80.c"
"0x004b6da0","FUN_004b6da0",22,1,"default_delete<class_std::_Facet_base> * __fastcall FUN_004b6da0(_Compressed_pair<struct_std::default_delete<class_std::_Facet_base>,class_std::_Facet_base*,1> * param_1)",false,false,true,"pseudocode/004b6da0.c"
"0x004b6dc0","FUN_004b6dc0",22,1,"undefined4 __fastcall FUN_004b6dc0(_Compressed_pair<struct_std::default_delete<class_std::_Facet_base>,class_std::_Facet_base*,1> * param_1)",false,false,true,"pseudocode/004b6dc0.c"
"0x004b6de0","FUN_004b6de0",22,1,"default_delete<class_std::_Facet_base> * __fastcall FUN_004b6de0(_Compressed_pair<struct_std::default_delete<class_std::_Facet_base>,class_std::_Facet_base*,1> * param_1)",false,false,true,"pseudocode/004b6de0.c"
"0x004b6e00","Move",104,1,"undefined __thiscall Move(undefined4 param_1)",false,false,true,"pseudocode/004b6e00.c"
"0x004b6e70","Move",104,1,"undefined __thiscall Move(undefined4 param_1)",false,false,true,"pseudocode/004b6e70.c"
"0x004b6ee0","Move",104,1,"undefined __thiscall Move(undefined4 param_1)",false,false,true,"pseudocode/004b6ee0.c"
"0x004b6f50","Move",104,1,"undefined __thiscall Move(undefined4 param_1)",false,false,true,"pseudocode/004b6f50.c"
"0x004b6fc0","Move",104,1,"undefined __thiscall Move(undefined4 param_1)",false,false,true,"pseudocode/004b6fc0.c"
"0x004b7030","Move",104,1,"undefined __thiscall Move(undefined4 param_1)",false,false,true,"pseudocode/004b7030.c"
"0x004b70a0","Move",104,1,"undefined __thiscall Move(undefined4 param_1)",false,false,true,"pseudocode/004b70a0.c"
"0x004b7110","Move",104,1,"undefined __thiscall Move(undefined4 param_1)",false,false,true,"pseudocode/004b7110.c"
"0x004b7180","Move",104,1,"undefined __thiscall Move(undefined4 param_1)",false,false,true,"pseudocode/004b7180.c"
"0x004b71f0","Move",104,1,"undefined __thiscall Move(undefined4 param_1)",false,false,true,"pseudocode/004b71f0.c"
"0x004b7260","Move",104,1,"undefined __thiscall Move(undefined4 param_1)",false,false,true,"pseudocode/004b7260.c"
"0x004b72d0","Move",104,1,"undefined __thiscall Move(undefined4 param_1)",false,false,true,"pseudocode/004b72d0.c"
"0x004b7340","Move",104,1,"undefined __thiscall Move(undefined4 param_1)",false,false,true,"pseudocode/004b7340.c"
"0x004b73b0","Move",104,1,"undefined __thiscall Move(undefined4 param_1)",false,false,true,"pseudocode/004b73b0.c"
"0x004b7420","Move",104,1,"undefined __thiscall Move(undefined4 param_1)",false,false,true,"pseudocode/004b7420.c"
"0x004b7490","Move",104,1,"undefined __thiscall Move(undefined4 param_1)",false,false,true,"pseudocode/004b7490.c"
"0x004b7500","Move",104,1,"undefined __thiscall Move(undefined4 param_1)",false,false,true,"pseudocode/004b7500.c"
"0x004b7570","Move",104,1,"undefined __thiscall Move(undefined4 param_1)",false,false,true,"pseudocode/004b7570.c"
"0x004b75e0","Move",104,1,"undefined __thiscall Move(undefined4 param_1)",false,false,true,"pseudocode/004b75e0.c"
"0x004b7650","Move",104,1,"undefined __thiscall Move(undefined4 param_1)",false,false,true,"pseudocode/004b7650.c"
"0x004b76c0","Move",104,1,"undefined __thiscall Move(undefined4 param_1)",false,false,true,"pseudocode/004b76c0.c"
"0x004b7730","Move",104,1,"undefined __thiscall Move(undefined4 param_1)",false,false,true,"pseudocode/004b7730.c"
"0x004b77a0","Move",104,1,"undefined __thiscall Move(undefined4 param_1)",false,false,true,"pseudocode/004b77a0.c"
"0x004b7810","Move",104,1,"undefined __thiscall Move(undefined4 param_1)",false,false,true,"pseudocode/004b7810.c"
"0x004b7880","FUN_004b7880",22,1,"default_delete<class_std::_Facet_base> * __fastcall FUN_004b7880(_Compressed_pair<struct_std::default_delete<class_std::_Facet_base>,class_std::_Facet_base*,1> * param_1)",false,false,true,"pseudocode/004b7880.c"
"0x004b78a0","FUN_004b78a0",22,1,"default_delete<class_std::_Facet_base> * __fastcall FUN_004b78a0(_Compressed_pair<struct_std::default_delete<class_std::_Facet_base>,class_std::_Facet_base*,1> * param_1)",false,false,true,"pseudocode/004b78a0.c"
"0x004b78c0","FUN_004b78c0",27,1,"undefined __fastcall FUN_004b78c0(_Compressed_pair<struct_std::default_delete<class_std::_Facet_base>,class_std::_Facet_base*,1> * param_1)",false,false,true,"pseudocode/004b78c0.c"
"0x004b78e0","FUN_004b78e0",221,1,"undefined __fastcall FUN_004b78e0(_Compressed_pair<struct_std::default_delete<class_std::_Facet_base>,class_std::_Facet_base*,1> * param_1)",false,false,true,"pseudocode/004b78e0.c"
"0x004b79c0","FUN_004b79c0",16,1,"undefined * * __stdcall FUN_004b79c0(void)",false,false,true,"pseudocode/004b79c0.c"
"0x004b79d0","FUN_004b79d0",16,1,"undefined * * __stdcall FUN_004b79d0(void)",false,false,true,"pseudocode/004b79d0.c"
"0x004b79e0","FUN_004b79e0",16,1,"undefined * * __stdcall FUN_004b79e0(void)",false,false,true,"pseudocode/004b79e0.c"
"0x004b79f0","FUN_004b79f0",16,1,"undefined * * __stdcall FUN_004b79f0(void)",false,false,true,"pseudocode/004b79f0.c"
"0x004b7a00","FUN_004b7a00",16,1,"undefined * * __stdcall FUN_004b7a00(void)",false,false,true,"pseudocode/004b7a00.c"
"0x004b7a10","FUN_004b7a10",16,1,"undefined * * __stdcall FUN_004b7a10(void)",false,false,true,"pseudocode/004b7a10.c"
"0x004b7a20","FUN_004b7a20",16,1,"undefined * * __stdcall FUN_004b7a20(void)",false,false,true,"pseudocode/004b7a20.c"
"0x004b7a30","FUN_004b7a30",16,1,"undefined * * __stdcall FUN_004b7a30(void)",false,false,true,"pseudocode/004b7a30.c"
"0x004b7a40","FUN_004b7a40",16,1,"undefined * * __stdcall FUN_004b7a40(void)",false,false,true,"pseudocode/004b7a40.c"
"0x004b7a50","FUN_004b7a50",16,1,"undefined * * __stdcall FUN_004b7a50(void)",false,false,true,"pseudocode/004b7a50.c"
"0x004b7a60","FUN_004b7a60",16,1,"undefined * * __stdcall FUN_004b7a60(void)",false,false,true,"pseudocode/004b7a60.c"
"0x004b7a70","FUN_004b7a70",16,1,"undefined * * __stdcall FUN_004b7a70(void)",false,false,true,"pseudocode/004b7a70.c"
"0x004b7a80","FUN_004b7a80",16,1,"undefined * * __stdcall FUN_004b7a80(void)",false,false,true,"pseudocode/004b7a80.c"
"0x004b7a90","FUN_004b7a90",16,1,"undefined * * __stdcall FUN_004b7a90(void)",false,false,true,"pseudocode/004b7a90.c"
"0x004b7aa0","FUN_004b7aa0",16,1,"undefined * * __stdcall FUN_004b7aa0(void)",false,false,true,"pseudocode/004b7aa0.c"
"0x004b7ab0","FUN_004b7ab0",16,1,"undefined * * __stdcall FUN_004b7ab0(void)",false,false,true,"pseudocode/004b7ab0.c"
"0x004b7ac0","FUN_004b7ac0",16,1,"undefined * * __stdcall FUN_004b7ac0(void)",false,false,true,"pseudocode/004b7ac0.c"
"0x004b7ad0","FUN_004b7ad0",16,1,"undefined * * __stdcall FUN_004b7ad0(void)",false,false,true,"pseudocode/004b7ad0.c"
"0x004b7ae0","FUN_004b7ae0",16,1,"undefined * * __stdcall FUN_004b7ae0(void)",false,false,true,"pseudocode/004b7ae0.c"
"0x004b7af0","FUN_004b7af0",16,1,"undefined * * __stdcall FUN_004b7af0(void)",false,false,true,"pseudocode/004b7af0.c"
"0x004b7b00","FUN_004b7b00",16,1,"undefined * * __stdcall FUN_004b7b00(void)",false,false,true,"pseudocode/004b7b00.c"
"0x004b7b10","FUN_004b7b10",16,1,"undefined * * __stdcall FUN_004b7b10(void)",false,false,true,"pseudocode/004b7b10.c"
"0x004b7b20","FUN_004b7b20",16,1,"undefined * * __stdcall FUN_004b7b20(void)",false,false,true,"pseudocode/004b7b20.c"
"0x004b7b30","FUN_004b7b30",16,1,"undefined * * __stdcall FUN_004b7b30(void)",false,false,true,"pseudocode/004b7b30.c"
"0x004b7b40","FUN_004b7b40",16,1,"undefined * * __stdcall FUN_004b7b40(void)",false,false,true,"pseudocode/004b7b40.c"
"0x004b7b50","FUN_004b7b50",16,1,"undefined * * __stdcall FUN_004b7b50(void)",false,false,true,"pseudocode/004b7b50.c"
"0x004b7b60","FUN_004b7b60",16,1,"undefined * * __stdcall FUN_004b7b60(void)",false,false,true,"pseudocode/004b7b60.c"
"0x004b7b70","FUN_004b7b70",16,1,"undefined * * __stdcall FUN_004b7b70(void)",false,false,true,"pseudocode/004b7b70.c"
"0x004b7b80","FUN_004b7b80",68,1,"undefined __fastcall FUN_004b7b80(_Compressed_pair<struct_std::default_delete<class_std::_Facet_base>,class_std::_Facet_base*,1> * param_1)",false,false,true,"pseudocode/004b7b80.c"
"0x004b7bd0","allocate",34,1,"_Container_proxy * __thiscall allocate(uint param_1)",false,false,true,"pseudocode/004b7bd0.c"
"0x004b7c00","FUN_004b7c00",13,1,"undefined __cdecl FUN_004b7c00(int param_1)",false,false,true,"pseudocode/004b7c00.c"
"0x004b7c10","FUN_004b7c10",55,1,"undefined __cdecl FUN_004b7c10(undefined4 param_1, LPVOID param_2, int param_3)",false,false,true,"pseudocode/004b7c10.c"
"0x004b7c50","FUN_004b7c50",32,1,"undefined __stdcall FUN_004b7c50(LPVOID param_1, int param_2)",false,false,true,"pseudocode/004b7c50.c"
"0x004b7c70","FUN_004b7c70",32,1,"undefined __stdcall FUN_004b7c70(LPVOID param_1, int param_2)",false,false,true,"pseudocode/004b7c70.c"
"0x004b7c90","FUN_004b7c90",197,1,"undefined * __cdecl FUN_004b7c90(byte * param_1)",false,false,true,"pseudocode/004b7c90.c"
"0x004b7d60","FUN_004b7d60",13,1,"undefined __cdecl FUN_004b7d60(int param_1)",false,false,true,"pseudocode/004b7d60.c"
"0x004b7d70","FUN_004b7d70",13,1,"undefined __stdcall FUN_004b7d70(void)",false,false,true,"pseudocode/004b7d70.c"
"0x004b7d80","FUN_004b7d80",46,1,"bool __fastcall FUN_004b7d80(_Compressed_pair<struct_std::default_delete<class_std::_Facet_base>,class_std::_Facet_base*,1> * param_1)",false,false,true,"pseudocode/004b7d80.c"
"0x004b7db0","FUN_004b7db0",23,1,"undefined __fastcall FUN_004b7db0(int param_1)",false,false,true,"pseudocode/004b7db0.c"
"0x004b7dd0","FUN_004b7dd0",72,1,"undefined __fastcall FUN_004b7dd0(int param_1)",false,false,true,"pseudocode/004b7dd0.c"
"0x004b7e20","FUN_004b7e20",73,1,"undefined4 __fastcall FUN_004b7e20(int param_1)",false,false,true,"pseudocode/004b7e20.c"
"0x004b7e70","FUN_004b7e70",73,1,"undefined4 __fastcall FUN_004b7e70(int param_1)",false,false,true,"pseudocode/004b7e70.c"
"0x004b7ec0","FUN_004b7ec0",126,1,"undefined __thiscall FUN_004b7ec0(int * param_1, int * param_2)",false,false,true,"pseudocode/004b7ec0.c"
"0x004b7f40","FUN_004b7f40",34,1,"undefined __fastcall FUN_004b7f40(int param_1)",false,false,true,"pseudocode/004b7f40.c"
"0x004b7f70","FUN_004b7f70",34,1,"undefined __fastcall FUN_004b7f70(int param_1)",false,false,true,"pseudocode/004b7f70.c"
"0x004b7fa0","FUN_004b7fa0",25,1,"undefined __fastcall FUN_004b7fa0(int param_1)",false,false,true,"pseudocode/004b7fa0.c"
"0x004b7fc0","FUN_004b7fc0",73,1,"undefined4 __fastcall FUN_004b7fc0(int param_1)",false,false,true,"pseudocode/004b7fc0.c"
"0x004b8010","FUN_004b8010",17,1,"undefined4 __fastcall FUN_004b8010(int param_1)",false,false,true,"pseudocode/004b8010.c"
"0x004b8030","FUN_004b8030",20,1,"undefined8 __fastcall FUN_004b8030(int param_1)",false,false,true,"pseudocode/004b8030.c"
"0x004b8050","FUN_004b8050",20,1,"float10 __fastcall FUN_004b8050(int param_1)",false,false,true,"pseudocode/004b8050.c"
"0x004b8070","FUN_004b8070",20,1,"undefined4 __fastcall FUN_004b8070(int param_1)",false,false,true,"pseudocode/004b8070.c"
"0x004b8090","FUN_004b8090",19,1,"int __fastcall FUN_004b8090(int param_1)",false,false,true,"pseudocode/004b8090.c"
"0x004b80b0","FUN_004b80b0",73,1,"undefined4 __fastcall FUN_004b80b0(int param_1)",false,false,true,"pseudocode/004b80b0.c"
"0x004b8100","FUN_004b8100",73,1,"undefined4 __fastcall FUN_004b8100(int param_1)",false,false,true,"pseudocode/004b8100.c"
"0x004b8150","FUN_004b8150",73,1,"undefined4 __fastcall FUN_004b8150(int param_1)",false,false,true,"pseudocode/004b8150.c"
"0x004b81a0","FUN_004b81a0",38,1,"int __fastcall FUN_004b81a0(int param_1)",false,false,true,"pseudocode/004b81a0.c"
"0x004b81d0","FUN_004b81d0",64,1,"undefined4 __fastcall FUN_004b81d0(int param_1)",false,false,true,"pseudocode/004b81d0.c"
"0x004b8210","FUN_004b8210",64,1,"undefined4 __fastcall FUN_004b8210(int param_1)",false,false,true,"pseudocode/004b8210.c"
"0x004b8250","FUN_004b8250",20,1,"undefined4 __fastcall FUN_004b8250(int param_1)",false,false,true,"pseudocode/004b8250.c"
"0x004b8270","FUN_004b8270",20,1,"undefined4 __fastcall FUN_004b8270(int param_1)",false,false,true,"pseudocode/004b8270.c"
"0x004b8290","FUN_004b8290",41,1,"undefined8 __fastcall FUN_004b8290(int param_1)",false,false,true,"pseudocode/004b8290.c"
"0x004b82c0","FUN_004b82c0",64,1,"undefined4 __fastcall FUN_004b82c0(int param_1)",false,false,true,"pseudocode/004b82c0.c"
"0x004b8300","FUN_004b8300",64,1,"undefined4 __fastcall FUN_004b8300(int param_1)",false,false,true,"pseudocode/004b8300.c"
"0x004b8340","FUN_004b8340",34,1,"undefined __fastcall FUN_004b8340(int param_1)",false,false,true,"pseudocode/004b8340.c"
"0x004b8370","FUN_004b8370",23,1,"uint __fastcall FUN_004b8370(int param_1)",false,false,true,"pseudocode/004b8370.c"
"0x004b8390","FUN_004b8390",23,1,"uint __fastcall FUN_004b8390(int param_1)",false,false,true,"pseudocode/004b8390.c"
"0x004b83b0","FUN_004b83b0",49,1,"bool __fastcall FUN_004b83b0(int param_1)",false,false,true,"pseudocode/004b83b0.c"
"0x004b83f0","FUN_004b83f0",23,1,"uint __fastcall FUN_004b83f0(int param_1)",false,false,true,"pseudocode/004b83f0.c"
"0x004b8410","FUN_004b8410",23,1,"uint __fastcall FUN_004b8410(int param_1)",false,false,true,"pseudocode/004b8410.c"
"0x004b8430","FUN_004b8430",20,1,"undefined4 __fastcall FUN_004b8430(int param_1)",false,false,true,"pseudocode/004b8430.c"
"0x004b8450","FUN_004b8450",26,1,"uint __fastcall FUN_004b8450(int param_1)",false,false,true,"pseudocode/004b8450.c"
"0x004b8470","FUN_004b8470",46,1,"bool __fastcall FUN_004b8470(int param_1)",false,false,true,"pseudocode/004b8470.c"
"0x004b84a0","FUN_004b84a0",185,1,"undefined __fastcall FUN_004b84a0(_Compressed_pair<struct_std::default_delete<class_std::_Facet_base>,class_std::_Facet_base*,1> * param_1)",false,false,true,"pseudocode/004b84a0.c"
"0x004b8560","FUN_004b8560",22,1,"undefined __fastcall FUN_004b8560(void * param_1)",false,false,true,"pseudocode/004b8560.c"
"0x004b8580","FUN_004b8580",22,1,"undefined __fastcall FUN_004b8580(void * param_1)",false,false,true,"pseudocode/004b8580.c"
"0x004b85a0","FUN_004b85a0",29,1,"undefined __thiscall FUN_004b85a0(int param_1)",false,false,true,"pseudocode/004b85a0.c"
"0x004b85c0","FUN_004b85c0",22,1,"undefined __fastcall FUN_004b85c0(void * param_1)",false,false,true,"pseudocode/004b85c0.c"
"0x004b85e0","FUN_004b85e0",22,1,"undefined __fastcall FUN_004b85e0(void * param_1)",false,false,true,"pseudocode/004b85e0.c"
"0x004b8600","FUN_004b8600",25,1,"undefined __thiscall FUN_004b8600(undefined1 param_1)",false,false,true,"pseudocode/004b8600.c"
"0x004b8620","FUN_004b8620",37,1,"undefined __thiscall FUN_004b8620(undefined4 param_1, undefined4 param_2)",false,false,true,"pseudocode/004b8620.c"
"0x004b8650","FUN_004b8650",412,1,"undefined __thiscall FUN_004b8650(int param_1, int param_2, int param_3)",false,false,true,"pseudocode/004b8650.c"
"0x004b87f0","FUN_004b87f0",26,1,"undefined __stdcall FUN_004b87f0(void)",false,false,true,"pseudocode/004b87f0.c"
"0x004b8810","FUN_004b8810",26,1,"undefined __stdcall FUN_004b8810(void)",false,false,true,"pseudocode/004b8810.c"
"0x004b8830","FUN_004b8830",78,1,"undefined __thiscall FUN_004b8830(undefined4 param_1)",false,false,true,"pseudocode/004b8830.c"
"0x004b8880","FUN_004b8880",185,1,"undefined __fastcall FUN_004b8880(int param_1)",false,false,true,"pseudocode/004b8880.c"
"0x004b8940","FUN_004b8940",22,1,"undefined __thiscall FUN_004b8940(undefined4 param_1)",false,false,true,"pseudocode/004b8940.c"
"0x004b8960","FUN_004b8960",28,1,"undefined __thiscall FUN_004b8960(undefined4 param_1, undefined4 param_2)",false,false,true,"pseudocode/004b8960.c"
"0x004b8980","FUN_004b8980",26,1,"undefined __fastcall FUN_004b8980(int param_1)",false,false,true,"pseudocode/004b8980.c"
"0x004b89a0","FUN_004b89a0",387,1,"undefined __thiscall FUN_004b89a0(void * param_1)",false,false,true,"pseudocode/004b89a0.c"
"0x004b8b30","FUN_004b8b30",185,1,"undefined __fastcall FUN_004b8b30(int param_1)",false,false,true,"pseudocode/004b8b30.c"
"0x004b8bf0","FUN_004b8bf0",412,1,"undefined __thiscall FUN_004b8bf0(int param_1, int param_2, int param_3)",false,false,true,"pseudocode/004b8bf0.c"
"0x004b8d90","FUN_004b8d90",45,1,"undefined __thiscall FUN_004b8d90(undefined4 param_1, undefined4 param_2)",false,false,true,"pseudocode/004b8d90.c"
"0x004b8dc0","FUN_004b8dc0",105,1,"undefined __thiscall FUN_004b8dc0(float param_1)",false,false,true,"pseudocode/004b8dc0.c"
"0x004b8e30","FUN_004b8e30",57,1,"undefined4 * __stdcall FUN_004b8e30(undefined4 * param_1, uint * param_2, int param_3, int param_4, undefined4 * param_5)",false,false,true,"pseudocode/004b8e30.c"
"0x004b8e70","FUN_004b8e70",233,1,"undefined __thiscall FUN_004b8e70(undefined4 param_1, undefined4 param_2, undefined4 param_3, int param_4)",false,false,true,"pseudocode/004b8e70.c"
"0x004b8f60","FUN_004b8f60",230,1,"undefined __fastcall FUN_004b8f60(int param_1)",false,false,true,"pseudocode/004b8f60.c"
"0x004b9050","FUN_004b9050",58,1,"undefined __fastcall FUN_004b9050(int param_1)",false,false,true,"pseudocode/004b9050.c"
"0x004b9090","FUN_004b9090",76,2,"undefined4 * __stdcall FUN_004b9090(void)",false,false,true,"pseudocode/004b9090.c"
"0x004b90e0","FUN_004b90e0",1522,1,"undefined __thiscall FUN_004b90e0(undefined4 param_1, int param_2)",false,false,true,"pseudocode/004b90e0.c"
"0x004b96f0","FUN_004b96f0",75,1,"undefined __stdcall FUN_004b96f0(void)",false,false,true,"pseudocode/004b96f0.c"
"0x004b9740","FUN_004b9740",626,1,"undefined __thiscall FUN_004b9740(int param_1)",false,false,true,"pseudocode/004b9740.c"
"0x004b99c0","FUN_004b99c0",35,1,"undefined __fastcall FUN_004b99c0(int param_1)",false,false,true,"pseudocode/004b99c0.c"
"0x004b99f0","FUN_004b99f0",164,1,"undefined __stdcall FUN_004b99f0(undefined4 param_1)",false,false,true,"pseudocode/004b99f0.c"
"0x004b9aa0","FUN_004b9aa0",97,1,"undefined __stdcall FUN_004b9aa0(int * param_1)",false,false,true,"pseudocode/004b9aa0.c"
"0x004b9b10","FUN_004b9b10",73,1,"undefined4 * __stdcall FUN_004b9b10(void)",false,false,true,"pseudocode/004b9b10.c"
"0x004b9b60","FUN_004b9b60",31,1,"undefined __cdecl FUN_004b9b60(int * param_1)",false,false,true,"pseudocode/004b9b60.c"
"0x004b9b80","FUN_004b9b80",137,1,"uint * __fastcall FUN_004b9b80(uint * param_1)",false,false,true,"pseudocode/004b9b80.c"
"0x004b9c10","FUN_004b9c10",473,1,"undefined4 * __fastcall FUN_004b9c10(undefined4 * param_1)",false,false,true,"pseudocode/004b9c10.c"
"0x004b9df0","FUN_004b9df0",245,1,"undefined4 * __fastcall FUN_004b9df0(undefined4 * param_1)",false,false,true,"pseudocode/004b9df0.c"
"0x004b9ef0","FUN_004b9ef0",1214,1,"undefined __fastcall FUN_004b9ef0(undefined4 * param_1)",false,false,true,"pseudocode/004b9ef0.c"
"0x004ba3c0","FUN_004ba3c0",23,1,"int __thiscall FUN_004ba3c0(int param_1)",false,false,true,"pseudocode/004ba3c0.c"
"0x004ba3e0","FUN_004ba3e0",23,1,"int __thiscall FUN_004ba3e0(int param_1)",false,false,true,"pseudocode/004ba3e0.c"
"0x004ba400","`scalar_deleting_destructor'",49,1,"void * __thiscall `scalar_deleting_destructor'(uint param_1)",false,false,true,"pseudocode/004ba400.c"
"0x004ba440","FUN_004ba440",96,1,"undefined __fastcall FUN_004ba440(int param_1)",false,false,true,"pseudocode/004ba440.c"
"0x004ba4a0","FUN_004ba4a0",972,1,"undefined4 __fastcall FUN_004ba4a0(int param_1)",false,false,true,"pseudocode/004ba4a0.c"
"0x004ba870","FUN_004ba870",52,1,"undefined4 __stdcall FUN_004ba870(void)",false,false,true,"pseudocode/004ba870.c"
"0x004ba8b0","FUN_004ba8b0",133,1,"undefined __fastcall FUN_004ba8b0(undefined4 * param_1)",false,false,true,"pseudocode/004ba8b0.c"
"0x004ba940","FUN_004ba940",1013,1,"undefined __fastcall FUN_004ba940(int param_1)",false,false,true,"pseudocode/004ba940.c"
"0x004bad40","FUN_004bad40",4049,15,"undefined4 __fastcall FUN_004bad40(int * param_1)",false,false,true,"pseudocode/004bad40.c"
"0x004bbd80","FUN_004bbd80",91,1,"undefined __fastcall FUN_004bbd80(int param_1)",false,false,true,"pseudocode/004bbd80.c"
"0x004bbde0","FUN_004bbde0",422,1,"undefined __thiscall FUN_004bbde0(undefined4 param_1)",false,false,true,"pseudocode/004bbde0.c"
"0x004bbf90","FUN_004bbf90",656,1,"undefined __fastcall FUN_004bbf90(int param_1)",false,false,true,"pseudocode/004bbf90.c"
"0x004bc220","FUN_004bc220",596,1,"undefined __fastcall FUN_004bc220(int param_1)",false,false,true,"pseudocode/004bc220.c"
"0x004bc480","FUN_004bc480",231,1,"undefined __fastcall FUN_004bc480(int param_1)",false,false,true,"pseudocode/004bc480.c"
"0x004bc570","FUN_004bc570",1836,1,"undefined4 __fastcall FUN_004bc570(int param_1)",false,false,true,"pseudocode/004bc570.c"
"0x004bcca0","FUN_004bcca0",17,1,"undefined __stdcall FUN_004bcca0(void)",false,false,true,"pseudocode/004bcca0.c"
"0x004bccc0","FUN_004bccc0",35,1,"undefined __fastcall FUN_004bccc0(int param_1)",false,false,true,"pseudocode/004bccc0.c"
"0x004bccf0","FUN_004bccf0",87,1,"undefined __thiscall FUN_004bccf0(int param_1)",false,false,true,"pseudocode/004bccf0.c"
"0x004bcd50","FUN_004bcd50",87,1,"undefined __thiscall FUN_004bcd50(int param_1)",false,false,true,"pseudocode/004bcd50.c"
"0x004bcdb0","FUN_004bcdb0",87,1,"undefined __thiscall FUN_004bcdb0(int param_1)",false,false,true,"pseudocode/004bcdb0.c"
"0x004bce10","FUN_004bce10",223,1,"undefined __fastcall FUN_004bce10(int param_1)",false,false,true,"pseudocode/004bce10.c"
"0x004bcef0","FUN_004bcef0",49,1,"undefined __thiscall FUN_004bcef0(uint param_1, int param_2)",false,false,true,"pseudocode/004bcef0.c"
"0x004bcf30","FUN_004bcf30",46,1,"undefined __thiscall FUN_004bcf30(uint param_1, int param_2)",false,false,true,"pseudocode/004bcf30.c"
"0x004bcf60","FUN_004bcf60",145,1,"undefined __thiscall FUN_004bcf60(uint param_1)",false,false,true,"pseudocode/004bcf60.c"
"0x004bd000","FUN_004bd000",83,1,"undefined __thiscall FUN_004bd000(uint param_1)",false,false,true,"pseudocode/004bd000.c"
"0x004bd060","FUN_004bd060",31,1,"int __thiscall FUN_004bd060(uint param_1)",false,false,true,"pseudocode/004bd060.c"
"0x004bd080","FUN_004bd080",34,1,"int __thiscall FUN_004bd080(uint param_1)",false,false,true,"pseudocode/004bd080.c"
"0x004bd0b0","FUN_004bd0b0",13,1,"undefined __cdecl FUN_004bd0b0(int param_1)",false,false,true,"pseudocode/004bd0b0.c"
"0x004bd0c0","FUN_004bd0c0",237,1,"undefined __fastcall FUN_004bd0c0(int param_1)",false,false,true,"pseudocode/004bd0c0.c"
"0x004bd1b0","FUN_004bd1b0",48,1,"undefined __fastcall FUN_004bd1b0(int param_1)",false,false,true,"pseudocode/004bd1b0.c"
"0x004bd1e0","FUN_004bd1e0",45,1,"undefined __fastcall FUN_004bd1e0(int * param_1)",false,false,true,"pseudocode/004bd1e0.c"
"0x004bd210","FUN_004bd210",48,1,"undefined __fastcall FUN_004bd210(int param_1)",false,false,true,"pseudocode/004bd210.c"
"0x004bd240","FUN_004bd240",48,1,"undefined __fastcall FUN_004bd240(int param_1)",false,false,true,"pseudocode/004bd240.c"
"0x004bd270","FUN_004bd270",48,1,"undefined __fastcall FUN_004bd270(int param_1)",false,false,true,"pseudocode/004bd270.c"
"0x004bd2a0","FUN_004bd2a0",48,1,"undefined __fastcall FUN_004bd2a0(int param_1)",false,false,true,"pseudocode/004bd2a0.c"
"0x004bd2d0","FUN_004bd2d0",48,1,"undefined __fastcall FUN_004bd2d0(int param_1)",false,false,true,"pseudocode/004bd2d0.c"
"0x004bd300","FUN_004bd300",48,1,"undefined __fastcall FUN_004bd300(int param_1)",false,false,true,"pseudocode/004bd300.c"
"0x004bd330","FUN_004bd330",48,1,"undefined __fastcall FUN_004bd330(int param_1)",false,false,true,"pseudocode/004bd330.c"
"0x004bd360","FUN_004bd360",48,1,"undefined __fastcall FUN_004bd360(int param_1)",false,false,true,"pseudocode/004bd360.c"
"0x004bd390","FUN_004bd390",48,1,"undefined __fastcall FUN_004bd390(int param_1)",false,false,true,"pseudocode/004bd390.c"
"0x004bd3c0","FUN_004bd3c0",13,1,"undefined __stdcall FUN_004bd3c0(void)",false,false,true,"pseudocode/004bd3c0.c"
"0x004bd3d0","FUN_004bd3d0",52,1,"undefined __cdecl FUN_004bd3d0(undefined4 * param_1)",false,false,true,"pseudocode/004bd3d0.c"
"0x004bd410","FUN_004bd410",73,1,"undefined4 __fastcall FUN_004bd410(int param_1)",false,false,true,"pseudocode/004bd410.c"
"0x004bd460","FUN_004bd460",64,1,"int __thiscall FUN_004bd460(int param_1, int param_2)",false,false,true,"pseudocode/004bd460.c"
"0x004bd4a0","FUN_004bd4a0",55,1,"undefined * __cdecl FUN_004bd4a0(int param_1)",false,false,true,"pseudocode/004bd4a0.c"
"0x004bd4e0","FUN_004bd4e0",115,1,"undefined4 __fastcall FUN_004bd4e0(int param_1)",false,false,true,"pseudocode/004bd4e0.c"
"0x004bd560","FUN_004bd560",10,1,"undefined4 __stdcall FUN_004bd560(void)",false,false,true,"pseudocode/004bd560.c"
"0x004bd570","FUN_004bd570",20,1,"undefined4 __fastcall FUN_004bd570(int param_1)",false,false,true,"pseudocode/004bd570.c"
"0x004bd590","FUN_004bd590",10,1,"undefined4 __stdcall FUN_004bd590(void)",false,false,true,"pseudocode/004bd590.c"
"0x004bd5a0","FUN_004bd5a0",26,1,"undefined __cdecl FUN_004bd5a0(int param_1)",false,false,true,"pseudocode/004bd5a0.c"
"0x004bd5c0","FUN_004bd5c0",73,1,"undefined4 __fastcall FUN_004bd5c0(int param_1)",false,false,true,"pseudocode/004bd5c0.c"
"0x004bd610","FUN_004bd610",151,1,"undefined __thiscall FUN_004bd610(int param_1)",false,false,true,"pseudocode/004bd610.c"
"0x004bd6b0","FUN_004bd6b0",40,1,"undefined4 __thiscall FUN_004bd6b0(int param_1)",false,false,true,"pseudocode/004bd6b0.c"
"0x004bd6e0","FUN_004bd6e0",45,1,"undefined __fastcall FUN_004bd6e0(int param_1)",false,false,true,"pseudocode/004bd6e0.c"
"0x004bd710","FUN_004bd710",26,1,"uint __fastcall FUN_004bd710(int param_1)",false,false,true,"pseudocode/004bd710.c"
"0x004bd730","FUN_004bd730",36,1,"bool __stdcall FUN_004bd730(void)",false,false,true,"pseudocode/004bd730.c"
"0x004bd760","FUN_004bd760",23,1,"uint __fastcall FUN_004bd760(int param_1)",false,false,true,"pseudocode/004bd760.c"
"0x004bd780","FUN_004bd780",159,1,"undefined __thiscall FUN_004bd780(uint param_1)",false,false,true,"pseudocode/004bd780.c"
"0x004bd820","FUN_004bd820",42,1,"bool __fastcall FUN_004bd820(int param_1)",false,false,true,"pseudocode/004bd820.c"
"0x004bd850","FUN_004bd850",67,1,"undefined4 __stdcall FUN_004bd850(void)",false,false,true,"pseudocode/004bd850.c"
"0x004bd8a0","FUN_004bd8a0",69,1,"undefined __fastcall FUN_004bd8a0(int param_1)",false,false,true,"pseudocode/004bd8a0.c"
"0x004bd8f0","FUN_004bd8f0",42,1,"undefined __fastcall FUN_004bd8f0(int param_1)",false,false,true,"pseudocode/004bd8f0.c"
"0x004bd920","FUN_004bd920",32,1,"undefined __fastcall FUN_004bd920(int param_1)",false,false,true,"pseudocode/004bd920.c"
"0x004bd940","FUN_004bd940",26,1,"undefined __fastcall FUN_004bd940(int param_1)",false,false,true,"pseudocode/004bd940.c"
"0x004bd960","FUN_004bd960",30,1,"undefined __fastcall FUN_004bd960(int param_1)",false,false,true,"pseudocode/004bd960.c"
"0x004bd980","FUN_004bd980",48,1,"undefined __fastcall FUN_004bd980(int param_1)",false,false,true,"pseudocode/004bd980.c"
"0x004bd9b0","FUN_004bd9b0",48,1,"undefined __thiscall FUN_004bd9b0(uint param_1)",false,false,true,"pseudocode/004bd9b0.c"
"0x004bd9e0","FUN_004bd9e0",78,1,"undefined __thiscall FUN_004bd9e0(undefined4 param_1)",false,false,true,"pseudocode/004bd9e0.c"
"0x004bda30","FUN_004bda30",78,1,"undefined __thiscall FUN_004bda30(undefined4 param_1)",false,false,true,"pseudocode/004bda30.c"
"0x004bda80","FUN_004bda80",78,1,"undefined __thiscall FUN_004bda80(undefined4 param_1)",false,false,true,"pseudocode/004bda80.c"
"0x004bdad0","FUN_004bdad0",39,1,"undefined __thiscall FUN_004bdad0(uint param_1)",false,false,true,"pseudocode/004bdad0.c"
"0x004bdb00","FUN_004bdb00",39,1,"undefined __thiscall FUN_004bdb00(undefined4 param_1)",false,false,true,"pseudocode/004bdb00.c"
"0x004bdb30","FUN_004bdb30",78,1,"undefined __thiscall FUN_004bdb30(undefined4 param_1)",false,false,true,"pseudocode/004bdb30.c"
"0x004bdb80","FUN_004bdb80",78,1,"undefined __thiscall FUN_004bdb80(undefined4 param_1)",false,false,true,"pseudocode/004bdb80.c"
"0x004bdbd0","FUN_004bdbd0",32,1,"undefined __fastcall FUN_004bdbd0(int param_1)",false,false,true,"pseudocode/004bdbd0.c"
"0x004bdbf0","FUN_004bdbf0",78,1,"undefined __thiscall FUN_004bdbf0(undefined4 param_1)",false,false,true,"pseudocode/004bdbf0.c"
"0x004bdc40","FUN_004bdc40",25,1,"undefined __thiscall FUN_004bdc40(undefined1 param_1)",false,false,true,"pseudocode/004bdc40.c"
"0x004bdc60","FUN_004bdc60",78,1,"undefined __thiscall FUN_004bdc60(undefined4 param_1)",false,false,true,"pseudocode/004bdc60.c"
"0x004bdcb0","FUN_004bdcb0",29,1,"float10 __thiscall FUN_004bdcb0(int param_1, double param_2)",false,false,true,"pseudocode/004bdcb0.c"
"0x004bdcd0","FUN_004bdcd0",25,1,"undefined __thiscall FUN_004bdcd0(undefined4 param_1)",false,false,true,"pseudocode/004bdcd0.c"
"0x004bdcf0","FUN_004bdcf0",25,1,"undefined __thiscall FUN_004bdcf0(undefined4 param_1)",false,false,true,"pseudocode/004bdcf0.c"
"0x004bdd10","FUN_004bdd10",78,1,"undefined __thiscall FUN_004bdd10(undefined4 param_1)",false,false,true,"pseudocode/004bdd10.c"
"0x004bdd60","FUN_004bdd60",38,1,"undefined __thiscall FUN_004bdd60(uint param_1)",false,false,true,"pseudocode/004bdd60.c"
"0x004bdd90","FUN_004bdd90",39,1,"undefined __thiscall FUN_004bdd90(uint param_1)",false,false,true,"pseudocode/004bdd90.c"
"0x004bddc0","FUN_004bddc0",208,1,"undefined __thiscall FUN_004bddc0(uint param_1)",false,false,true,"pseudocode/004bddc0.c"
"0x004bde90","FUN_004bde90",78,1,"undefined __thiscall FUN_004bde90(undefined4 param_1)",false,false,true,"pseudocode/004bde90.c"
"0x004bdee0","FUN_004bdee0",78,1,"undefined __thiscall FUN_004bdee0(undefined4 param_1)",false,false,true,"pseudocode/004bdee0.c"
"0x004bdf30","FUN_004bdf30",78,1,"undefined __thiscall FUN_004bdf30(undefined4 param_1)",false,false,true,"pseudocode/004bdf30.c"
"0x004bdf80","FUN_004bdf80",69,1,"undefined __thiscall FUN_004bdf80(undefined4 param_1)",false,false,true,"pseudocode/004bdf80.c"
"0x004bdfd0","FUN_004bdfd0",117,1,"undefined __thiscall FUN_004bdfd0(float param_1)",false,false,true,"pseudocode/004bdfd0.c"
"0x004be050","FUN_004be050",69,1,"undefined __thiscall FUN_004be050(undefined4 param_1)",false,false,true,"pseudocode/004be050.c"
"0x004be0a0","FUN_004be0a0",69,1,"undefined __thiscall FUN_004be0a0(undefined4 param_1)",false,false,true,"pseudocode/004be0a0.c"
"0x004be0f0","FUN_004be0f0",69,1,"undefined __thiscall FUN_004be0f0(undefined4 param_1)",false,false,true,"pseudocode/004be0f0.c"
"0x004be140","FUN_004be140",69,1,"undefined __thiscall FUN_004be140(undefined4 param_1)",false,false,true,"pseudocode/004be140.c"
"0x004be190","FUN_004be190",25,1,"undefined __thiscall FUN_004be190(undefined1 param_1)",false,false,true,"pseudocode/004be190.c"
"0x004be1b0","FUN_004be1b0",39,1,"undefined __thiscall FUN_004be1b0(undefined4 param_1)",false,false,true,"pseudocode/004be1b0.c"
"0x004be1e0","FUN_004be1e0",25,1,"undefined __thiscall FUN_004be1e0(undefined4 param_1)",false,false,true,"pseudocode/004be1e0.c"
"0x004be200","FUN_004be200",29,1,"float10 __thiscall FUN_004be200(int param_1, double param_2)",false,false,true,"pseudocode/004be200.c"
"0x004be220","FUN_004be220",36,1,"undefined __thiscall FUN_004be220(uint param_1)",false,false,true,"pseudocode/004be220.c"
"0x004be250","FUN_004be250",25,1,"undefined __thiscall FUN_004be250(undefined4 param_1)",false,false,true,"pseudocode/004be250.c"
"0x004be270","FUN_004be270",55,1,"undefined __thiscall FUN_004be270(undefined4 param_1)",false,false,true,"pseudocode/004be270.c"
"0x004be2b0","FUN_004be2b0",27,1,"undefined __thiscall FUN_004be2b0(undefined4 param_1, undefined4 param_2)",false,false,true,"pseudocode/004be2b0.c"
"0x004be2d0","FUN_004be2d0",106,1,"undefined __thiscall FUN_004be2d0(uint param_1, int param_2)",false,false,true,"pseudocode/004be2d0.c"
"0x004be340","FUN_004be340",25,1,"undefined __thiscall FUN_004be340(undefined4 param_1)",false,false,true,"pseudocode/004be340.c"
"0x004be360","FUN_004be360",39,1,"undefined __thiscall FUN_004be360(int param_1)",false,false,true,"pseudocode/004be360.c"
"0x004be390","FUN_004be390",42,1,"undefined __thiscall FUN_004be390(int param_1)",false,false,true,"pseudocode/004be390.c"
"0x004be3c0","FUN_004be3c0",39,1,"undefined __thiscall FUN_004be3c0(undefined4 param_1)",false,false,true,"pseudocode/004be3c0.c"
"0x004be3f0","FUN_004be3f0",78,1,"undefined __thiscall FUN_004be3f0(undefined4 param_1)",false,false,true,"pseudocode/004be3f0.c"
"0x004be440","FUN_004be440",78,1,"undefined __thiscall FUN_004be440(undefined4 param_1)",false,false,true,"pseudocode/004be440.c"
"0x004be490","FUN_004be490",78,1,"undefined __thiscall FUN_004be490(undefined4 param_1)",false,false,true,"pseudocode/004be490.c"
"0x004be4e0","FUN_004be4e0",78,1,"undefined __thiscall FUN_004be4e0(undefined4 param_1)",false,false,true,"pseudocode/004be4e0.c"
"0x004be530","FUN_004be530",78,1,"undefined __thiscall FUN_004be530(undefined4 param_1)",false,false,true,"pseudocode/004be530.c"
"0x004be580","FUN_004be580",78,1,"undefined __thiscall FUN_004be580(undefined4 param_1)",false,false,true,"pseudocode/004be580.c"
"0x004be5d0","FUN_004be5d0",78,1,"undefined __thiscall FUN_004be5d0(undefined4 param_1)",false,false,true,"pseudocode/004be5d0.c"
"0x004be620","FUN_004be620",69,1,"undefined __thiscall FUN_004be620(undefined4 param_1)",false,false,true,"pseudocode/004be620.c"
"0x004be670","FUN_004be670",69,1,"undefined __thiscall FUN_004be670(undefined4 param_1)",false,false,true,"pseudocode/004be670.c"
"0x004be6c0","FUN_004be6c0",69,1,"undefined __thiscall FUN_004be6c0(undefined4 param_1)",false,false,true,"pseudocode/004be6c0.c"
"0x004be710","FUN_004be710",69,1,"undefined __thiscall FUN_004be710(undefined4 param_1)",false,false,true,"pseudocode/004be710.c"
"0x004be760","FUN_004be760",69,1,"undefined __thiscall FUN_004be760(undefined4 param_1)",false,false,true,"pseudocode/004be760.c"
"0x004be7b0","FUN_004be7b0",69,1,"undefined __thiscall FUN_004be7b0(undefined4 param_1)",false,false,true,"pseudocode/004be7b0.c"
"0x004be800","FUN_004be800",69,1,"undefined __thiscall FUN_004be800(undefined4 param_1)",false,false,true,"pseudocode/004be800.c"
"0x004be850","FUN_004be850",78,1,"undefined __thiscall FUN_004be850(undefined4 param_1)",false,false,true,"pseudocode/004be850.c"
"0x004be8a0","FUN_004be8a0",69,1,"undefined __thiscall FUN_004be8a0(undefined4 param_1)",false,false,true,"pseudocode/004be8a0.c"
"0x004be8f0","FUN_004be8f0",69,1,"undefined __thiscall FUN_004be8f0(undefined4 param_1)",false,false,true,"pseudocode/004be8f0.c"
"0x004be940","FUN_004be940",69,1,"undefined __thiscall FUN_004be940(undefined4 param_1)",false,false,true,"pseudocode/004be940.c"
"0x004be990","FUN_004be990",25,1,"undefined __thiscall FUN_004be990(undefined1 param_1)",false,false,true,"pseudocode/004be990.c"
"0x004be9b0","FUN_004be9b0",69,1,"undefined __thiscall FUN_004be9b0(undefined4 param_1)",false,false,true,"pseudocode/004be9b0.c"
"0x004bea00","FUN_004bea00",69,1,"undefined __thiscall FUN_004bea00(undefined4 param_1)",false,false,true,"pseudocode/004bea00.c"
"0x004bea50","FUN_004bea50",69,1,"undefined __thiscall FUN_004bea50(undefined4 param_1)",false,false,true,"pseudocode/004bea50.c"
"0x004beaa0","FUN_004beaa0",69,1,"undefined __thiscall FUN_004beaa0(undefined4 param_1)",false,false,true,"pseudocode/004beaa0.c"
"0x004beaf0","FUN_004beaf0",78,1,"undefined __thiscall FUN_004beaf0(undefined4 param_1)",false,false,true,"pseudocode/004beaf0.c"
"0x004beb40","FUN_004beb40",27,1,"undefined __fastcall FUN_004beb40(int param_1)",false,false,true,"pseudocode/004beb40.c"
"0x004beb60","FUN_004beb60",161,1,"undefined __fastcall FUN_004beb60(int param_1)",false,false,true,"pseudocode/004beb60.c"
"0x004bec10","FUN_004bec10",78,1,"undefined __thiscall FUN_004bec10(undefined4 param_1)",false,false,true,"pseudocode/004bec10.c"
"0x004bec60","FUN_004bec60",16,1,"undefined4 __stdcall FUN_004bec60(void)",false,false,true,"pseudocode/004bec60.c"
"0x004bec70","FUN_004bec70",175,1,"undefined4 * __cdecl FUN_004bec70(undefined4 param_1)",false,false,true,"pseudocode/004bec70.c"
"0x004bed20","FUN_004bed20",34,1,"undefined __fastcall FUN_004bed20(int param_1)",false,false,true,"pseudocode/004bed20.c"
"0x004bed50","FUN_004bed50",157,1,"int __thiscall FUN_004bed50(int param_1)",false,false,true,"pseudocode/004bed50.c"
"0x004bedf0","FUN_004bedf0",73,1,"undefined4 * __stdcall FUN_004bedf0(void)",false,false,true,"pseudocode/004bedf0.c"
"0x004bee40","FUN_004bee40",39,1,"undefined __cdecl FUN_004bee40(wchar_t * param_1, wchar_t * param_2)",false,false,true,"pseudocode/004bee40.c"
"0x004bee70","FUN_004bee70",252,1,"undefined4 * __fastcall FUN_004bee70(undefined4 * param_1)",false,false,true,"pseudocode/004bee70.c"
"0x004bef80","FUN_004bef80",154,1,"undefined __fastcall FUN_004bef80(undefined4 * param_1)",false,false,true,"pseudocode/004bef80.c"
"0x004bf020","FUN_004bf020",24,1,"undefined __fastcall FUN_004bf020(void * param_1)",false,false,true,"pseudocode/004bf020.c"
"0x004bf040","FUN_004bf040",24,1,"undefined __fastcall FUN_004bf040(void * param_1)",false,false,true,"pseudocode/004bf040.c"
"0x004bf060","FUN_004bf060",49,1,"undefined4 * __thiscall FUN_004bf060(uint param_1)",false,false,true,"pseudocode/004bf060.c"
"0x004bf0a0","FUN_004bf0a0",2057,4,"undefined __fastcall FUN_004bf0a0(void * param_1)",false,false,true,"pseudocode/004bf0a0.c"
"0x004bf8d0","FUN_004bf8d0",87,1,"undefined __stdcall FUN_004bf8d0(void)",false,false,true,"pseudocode/004bf8d0.c"
"0x004bf930","FUN_004bf930",89,1,"undefined __stdcall FUN_004bf930(void)",false,false,true,"pseudocode/004bf930.c"
"0x004bf990","FUN_004bf990",103,1,"undefined4 __fastcall FUN_004bf990(int param_1)",false,false,true,"pseudocode/004bf990.c"
"0x004bfa00","FUN_004bfa00",198,1,"int __thiscall FUN_004bfa00(int param_1)",false,false,true,"pseudocode/004bfa00.c"
"0x004bfad0","FUN_004bfad0",13,1,"undefined __cdecl FUN_004bfad0(void * param_1)",false,false,true,"pseudocode/004bfad0.c"
"0x004bfae0","FUN_004bfae0",23,1,"int __thiscall FUN_004bfae0(int param_1)",false,false,true,"pseudocode/004bfae0.c"
"0x004bfb00","FUN_004bfb00",26,1,"undefined4 __thiscall FUN_004bfb00(int param_1)",false,false,true,"pseudocode/004bfb00.c"
"0x004bfb20","FUN_004bfb20",38,1,"undefined __thiscall FUN_004bfb20(int param_1)",false,false,true,"pseudocode/004bfb20.c"
"0x004bfb50","FUN_004bfb50",38,1,"undefined __thiscall FUN_004bfb50(int param_1)",false,false,true,"pseudocode/004bfb50.c"
"0x004bfb80","FUN_004bfb80",38,1,"undefined __thiscall FUN_004bfb80(int param_1)",false,false,true,"pseudocode/004bfb80.c"
"0x004bfbb0","FUN_004bfbb0",42,1,"undefined __thiscall FUN_004bfbb0(int param_1, short param_2)",false,false,true,"pseudocode/004bfbb0.c"
"0x004bfbe0","FUN_004bfbe0",22,1,"undefined __thiscall FUN_004bfbe0(undefined4 param_1)",false,false,true,"pseudocode/004bfbe0.c"
"0x004bfc00","FUN_004bfc00",22,1,"undefined __fastcall FUN_004bfc00(undefined4 * param_1)",false,false,true,"pseudocode/004bfc00.c"
"0x004bfc20","FUN_004bfc20",66,1,"undefined __thiscall FUN_004bfc20(int param_1, float * param_2)",false,false,true,"pseudocode/004bfc20.c"
"0x004bfc70","FUN_004bfc70",86,2,"undefined4 * __stdcall FUN_004bfc70(void)",false,false,true,"pseudocode/004bfc70.c"
"0x004bfcd0","FUN_004bfcd0",131,1,"undefined __cdecl FUN_004bfcd0(int param_1, undefined4 param_2, undefined4 param_3, undefined4 param_4, undefined4 param_5)",false,false,true,"pseudocode/004bfcd0.c"
"0x004bfd60","FUN_004bfd60",126,1,"undefined __cdecl FUN_004bfd60(int param_1, float * param_2)",false,false,true,"pseudocode/004bfd60.c"
"0x004bfde0","FUN_004bfde0",73,1,"undefined4 * __stdcall FUN_004bfde0(void)",false,false,true,"pseudocode/004bfde0.c"
"0x004bfe30","FUN_004bfe30",73,1,"void * __stdcall FUN_004bfe30(void)",false,false,true,"pseudocode/004bfe30.c"
"0x004bfe80","FUN_004bfe80",81,1,"undefined4 __fastcall FUN_004bfe80(undefined4 param_1)",false,false,true,"pseudocode/004bfe80.c"
"0x004bfee0","FUN_004bfee0",191,1,"undefined4 * __fastcall FUN_004bfee0(undefined4 * param_1)",false,false,true,"pseudocode/004bfee0.c"
"0x004bffb0","FUN_004bffb0",359,1,"void * __fastcall FUN_004bffb0(void * param_1)",false,false,true,"pseudocode/004bffb0.c"
"0x004c0120","FUN_004c0120",230,1,"undefined __fastcall FUN_004c0120(undefined4 * param_1)",false,false,true,"pseudocode/004c0120.c"
"0x004c0210","FUN_004c0210",46,1,"bool __thiscall FUN_004c0210(int * param_1)",false,false,true,"pseudocode/004c0210.c"
"0x004c0240","FUN_004c0240",77,1,"float * __thiscall FUN_004c0240(float param_1)",false,false,true,"pseudocode/004c0240.c"
"0x004c0290","FUN_004c0290",49,1,"undefined4 * __thiscall FUN_004c0290(uint param_1)",false,false,true,"pseudocode/004c0290.c"
"0x004c02d0","FUN_004c02d0",248,1,"undefined __fastcall FUN_004c02d0(int param_1)",false,false,true,"pseudocode/004c02d0.c"
"0x004c03d0","FUN_004c03d0",164,1,"undefined __fastcall FUN_004c03d0(char * * param_1)",false,false,true,"pseudocode/004c03d0.c"
"0x004c0480","FUN_004c0480",1707,1,"undefined __thiscall FUN_004c0480(float * param_1, float * param_2, float param_3, float param_4, undefined4 * param_5, undefined4 * param_6, int param_7, int param_8)",false,false,true,"pseudocode/004c0480.c"
"0x004c0b30","FUN_004c0b30",265,1,"undefined4 __thiscall FUN_004c0b30(int param_1)",false,false,true,"pseudocode/004c0b30.c"
"0x004c0c40","FUN_004c0c40",19,1,"int __fastcall FUN_004c0c40(int param_1)",false,false,true,"pseudocode/004c0c40.c"
"0x004c0c60","FUN_004c0c60",67,1,"undefined __fastcall FUN_004c0c60(int param_1)",false,false,true,"pseudocode/004c0c60.c"
"0x004c0cb0","FUN_004c0cb0",13,1,"undefined __cdecl FUN_004c0cb0(int param_1)",false,false,true,"pseudocode/004c0cb0.c"
"0x004c0cc0","FUN_004c0cc0",27,1,"undefined __cdecl FUN_004c0cc0(int param_1)",false,false,true,"pseudocode/004c0cc0.c"
"0x004c0ce0","FUN_004c0ce0",25,1,"undefined __fastcall FUN_004c0ce0(int param_1)",false,false,true,"pseudocode/004c0ce0.c"
"0x004c0d00","FUN_004c0d00",264,1,"undefined __fastcall FUN_004c0d00(int param_1)",false,false,true,"pseudocode/004c0d00.c"
"0x004c0e10","FUN_004c0e10",67,1,"int __fastcall FUN_004c0e10(undefined4 * param_1)",false,false,true,"pseudocode/004c0e10.c"
"0x004c0e60","FUN_004c0e60",225,1,"void * __fastcall FUN_004c0e60(int param_1)",false,false,true,"pseudocode/004c0e60.c"
"0x004c0f50","FUN_004c0f50",22,1,"undefined __fastcall FUN_004c0f50(int param_1)",false,false,true,"pseudocode/004c0f50.c"
"0x004c0f70","FUN_004c0f70",55,1,"undefined __fastcall FUN_004c0f70(int param_1)",false,false,true,"pseudocode/004c0f70.c"
"0x004c0fb0","FUN_004c0fb0",38,1,"undefined __thiscall FUN_004c0fb0(int param_1)",false,false,true,"pseudocode/004c0fb0.c"
"0x004c0fe0","FUN_004c0fe0",20,1,"undefined4 __fastcall FUN_004c0fe0(int param_1)",false,false,true,"pseudocode/004c0fe0.c"
"0x004c1000","FUN_004c1000",48,1,"bool __fastcall FUN_004c1000(int param_1)",false,false,true,"pseudocode/004c1000.c"
"0x004c1030","FUN_004c1030",2696,1,"undefined4 __thiscall FUN_004c1030(float * param_1, float * param_2, float param_3, float param_4)",false,false,true,"pseudocode/004c1030.c"
"0x004c1ac0","FUN_004c1ac0",26,1,"uint __fastcall FUN_004c1ac0(int param_1)",false,false,true,"pseudocode/004c1ac0.c"
"0x004c1ae0","FUN_004c1ae0",151,1,"undefined4 * __thiscall FUN_004c1ae0(undefined4 * param_1, undefined4 * param_2, undefined4 param_3, undefined4 param_4, float param_5, int param_6, undefined4 param_7)",false,false,true,"pseudocode/004c1ae0.c"
"0x004c1b80","FUN_004c1b80",140,1,"undefined4 * __thiscall FUN_004c1b80(undefined4 * param_1, undefined4 * param_2, undefined4 param_3, undefined4 param_4, int param_5, undefined4 param_6)",false,false,true,"pseudocode/004c1b80.c"
"0x004c1c10","FUN_004c1c10",54,1,"undefined4 * __thiscall FUN_004c1c10(undefined4 * param_1)",false,false,true,"pseudocode/004c1c10.c"
"0x004c1c50","FUN_004c1c50",290,1,"undefined __thiscall FUN_004c1c50(undefined4 * param_1, undefined4 param_2, undefined4 param_3, float param_4, int param_5, undefined4 param_6)",false,false,true,"pseudocode/004c1c50.c"
"0x004c1d80","FUN_004c1d80",260,1,"undefined __thiscall FUN_004c1d80(undefined4 * param_1, undefined4 param_2, undefined4 param_3, int param_4, undefined4 param_5)",false,false,true,"pseudocode/004c1d80.c"
"0x004c1e90","FUN_004c1e90",26,1,"undefined __fastcall FUN_004c1e90(int param_1)",false,false,true,"pseudocode/004c1e90.c"
"0x004c1eb0","FUN_004c1eb0",70,1,"undefined __thiscall FUN_004c1eb0(void * param_1)",false,false,true,"pseudocode/004c1eb0.c"
"0x004c1f00","FUN_004c1f00",39,1,"undefined __fastcall FUN_004c1f00(undefined4 * param_1)",false,false,true,"pseudocode/004c1f00.c"
"0x004c1f30","FUN_004c1f30",138,1,"undefined __fastcall FUN_004c1f30(char * * param_1)",false,false,true,"pseudocode/004c1f30.c"
"0x004c1fc0","FUN_004c1fc0",45,1,"undefined __thiscall FUN_004c1fc0(uint param_1)",false,false,true,"pseudocode/004c1fc0.c"
"0x004c1ff0","FUN_004c1ff0",51,1,"undefined __thiscall FUN_004c1ff0(undefined4 * param_1)",false,false,true,"pseudocode/004c1ff0.c"
"0x004c2030","FUN_004c2030",37,1,"undefined __thiscall FUN_004c2030(undefined4 * param_1)",false,false,true,"pseudocode/004c2030.c"
"0x004c2060","FUN_004c2060",33,1,"undefined __thiscall FUN_004c2060(undefined4 * param_1)",false,false,true,"pseudocode/004c2060.c"
"0x004c2090","FUN_004c2090",54,1,"undefined __thiscall FUN_004c2090(undefined4 param_1)",false,false,true,"pseudocode/004c2090.c"
"0x004c20d0","FUN_004c20d0",90,2,"undefined4 * __cdecl FUN_004c20d0(int param_1)",false,false,true,"pseudocode/004c20d0.c"
"0x004c2130","FUN_004c2130",73,1,"undefined4 * __stdcall FUN_004c2130(void)",false,false,true,"pseudocode/004c2130.c"
"0x004c2180","FUN_004c2180",44,1,"void * __fastcall FUN_004c2180(void * param_1)",false,false,true,"pseudocode/004c2180.c"
"0x004c21b0","FUN_004c21b0",298,1,"void * __fastcall FUN_004c21b0(void * param_1)",false,false,true,"pseudocode/004c21b0.c"
"0x004c22e0","FUN_004c22e0",330,1,"undefined4 * __fastcall FUN_004c22e0(undefined4 * param_1)",false,false,true,"pseudocode/004c22e0.c"
"0x004c2430","FUN_004c2430",78,1,"undefined __fastcall FUN_004c2430(undefined4 param_1)",false,false,true,"pseudocode/004c2430.c"
"0x004c2490","FUN_004c2490",37,1,"undefined __fastcall FUN_004c2490(int param_1)",false,false,true,"pseudocode/004c2490.c"
"0x004c24c0","FUN_004c24c0",150,1,"undefined __fastcall FUN_004c24c0(undefined4 * param_1)",false,false,true,"pseudocode/004c24c0.c"
"0x004c2560","FUN_004c2560",49,1,"undefined4 * __thiscall FUN_004c2560(uint param_1)",false,false,true,"pseudocode/004c2560.c"
"0x004c25a0","FUN_004c25a0",4742,4,"undefined __fastcall FUN_004c25a0(void * param_1)",false,false,true,"pseudocode/004c25a0.c"
"0x004c3880","FUN_004c3880",70,1,"undefined __fastcall FUN_004c3880(void * param_1)",false,false,true,"pseudocode/004c3880.c"
"0x004c38d0","FUN_004c38d0",815,1,"undefined __thiscall FUN_004c38d0(int param_1)",false,false,true,"pseudocode/004c38d0.c"
"0x004c3c00","FUN_004c3c00",141,1,"undefined4 __thiscall FUN_004c3c00(int param_1)",false,false,true,"pseudocode/004c3c00.c"
"0x004c3c90","FUN_004c3c90",1571,2,"void * __thiscall FUN_004c3c90(int param_1, float * param_2, undefined4 param_3, float param_4, float param_5, int param_6, undefined4 param_7, undefined4 param_8)",false,false,true,"pseudocode/004c3c90.c"
"0x004c42c0","FUN_004c42c0",344,1,"undefined4 __fastcall FUN_004c42c0(int param_1)",false,false,true,"pseudocode/004c42c0.c"
"0x004c4420","FUN_004c4420",381,1,"undefined4 __fastcall FUN_004c4420(int param_1)",false,false,true,"pseudocode/004c4420.c"
"0x004c45b0","FUN_004c45b0",147,1,"undefined __thiscall FUN_004c45b0(float * param_1, int param_2, int param_3)",false,false,true,"pseudocode/004c45b0.c"
"0x004c4650","FUN_004c4650",74,1,"undefined __fastcall FUN_004c4650(int param_1)",false,false,true,"pseudocode/004c4650.c"
"0x004c46a0","FUN_004c46a0",75,1,"undefined __thiscall FUN_004c46a0(int param_1)",false,false,true,"pseudocode/004c46a0.c"
"0x004c46f0","FUN_004c46f0",79,1,"undefined4 __cdecl FUN_004c46f0(void * param_1)",false,false,true,"pseudocode/004c46f0.c"
"0x004c4740","FUN_004c4740",46,1,"undefined4 __cdecl FUN_004c4740(void * param_1)",false,false,true,"pseudocode/004c4740.c"
"0x004c4770","FUN_004c4770",46,1,"undefined4 __cdecl FUN_004c4770(void * param_1)",false,false,true,"pseudocode/004c4770.c"
"0x004c47a0","FUN_004c47a0",27,1,"undefined __cdecl FUN_004c47a0(int param_1)",false,false,true,"pseudocode/004c47a0.c"
"0x004c47c0","FUN_004c47c0",307,1,"undefined __fastcall FUN_004c47c0(int param_1)",false,false,true,"pseudocode/004c47c0.c"
"0x004c4900","FUN_004c4900",20,1,"float10 __fastcall FUN_004c4900(int param_1)",false,false,true,"pseudocode/004c4900.c"
"0x004c4920","FUN_004c4920",20,1,"float10 __fastcall FUN_004c4920(int param_1)",false,false,true,"pseudocode/004c4920.c"
"0x004c4940","FUN_004c4940",20,1,"float10 __fastcall FUN_004c4940(int param_1)",false,false,true,"pseudocode/004c4940.c"
"0x004c4960","FUN_004c4960",453,1,"undefined __fastcall FUN_004c4960(int param_1)",false,false,true,"pseudocode/004c4960.c"
"0x004c4b30","FUN_004c4b30",64,1,"undefined4 __fastcall FUN_004c4b30(int param_1)",false,false,true,"pseudocode/004c4b30.c"
"0x004c4b70","FUN_004c4b70",17,1,"float10 __fastcall FUN_004c4b70(int param_1)",false,false,true,"pseudocode/004c4b70.c"
"0x004c4b90","FUN_004c4b90",523,1,"undefined __fastcall FUN_004c4b90(int param_1)",false,false,true,"pseudocode/004c4b90.c"
"0x004c4da0","FUN_004c4da0",346,1,"undefined __fastcall FUN_004c4da0(int param_1)",false,false,true,"pseudocode/004c4da0.c"
"0x004c4f00","FUN_004c4f00",72,1,"undefined1 __thiscall FUN_004c4f00(int param_1)",false,false,true,"pseudocode/004c4f00.c"
"0x004c4f50","FUN_004c4f50",21,1,"undefined1 __fastcall FUN_004c4f50(int param_1)",false,false,true,"pseudocode/004c4f50.c"
"0x004c4f70","FUN_004c4f70",29,1,"undefined __thiscall FUN_004c4f70(undefined4 param_1)",false,false,true,"pseudocode/004c4f70.c"
"0x004c4f90","FUN_004c4f90",54,1,"undefined __thiscall FUN_004c4f90(undefined4 param_1)",false,false,true,"pseudocode/004c4f90.c"
"0x004c4fd0","FUN_004c4fd0",54,1,"undefined __thiscall FUN_004c4fd0(undefined4 param_1)",false,false,true,"pseudocode/004c4fd0.c"
"0x004c5010","FUN_004c5010",90,2,"undefined4 * __cdecl FUN_004c5010(int param_1)",false,false,true,"pseudocode/004c5010.c"
"0x004c5070","FUN_004c5070",19,1,"undefined __cdecl FUN_004c5070(allocator<struct_std::_Container_proxy> * param_1, uint * param_2)",false,false,true,"pseudocode/004c5070.c"
"0x004c5090","FUN_004c5090",46,1,"undefined __cdecl FUN_004c5090(undefined4 param_1, undefined4 * param_2)",false,false,true,"pseudocode/004c5090.c"
"0x004c50c0","FUN_004c50c0",108,1,"undefined __stdcall FUN_004c50c0(void)",false,false,true,"pseudocode/004c50c0.c"
"0x004c5130","FUN_004c5130",47,1,"undefined __thiscall FUN_004c5130(undefined4 * param_1)",false,false,true,"pseudocode/004c5130.c"
"0x004c5160","FUN_004c5160",343,1,"undefined __thiscall FUN_004c5160(undefined4 param_1)",false,false,true,"pseudocode/004c5160.c"
"0x004c52c0","FUN_004c52c0",18,1,"int __cdecl FUN_004c52c0(int * param_1, int * param_2)",false,false,true,"pseudocode/004c52c0.c"
"0x004c52e0","FUN_004c52e0",87,2,"undefined __stdcall FUN_004c52e0(void)",false,false,true,"pseudocode/004c52e0.c"
"0x004c5390","FUN_004c5390",27,1,"undefined __cdecl FUN_004c5390(int param_1, int param_2)",false,false,true,"pseudocode/004c5390.c"
"0x004c53b0","FUN_004c53b0",64,1,"undefined4 __cdecl FUN_004c53b0(undefined4 param_1, undefined4 param_2)",false,false,true,"pseudocode/004c53b0.c"
"0x004c53f0","FUN_004c53f0",30,1,"undefined __cdecl FUN_004c53f0(undefined4 param_1, undefined4 param_2, undefined4 param_3)",false,false,true,"pseudocode/004c53f0.c"
"0x004c5410","FUN_004c5410",73,1,"undefined4 * __stdcall FUN_004c5410(void)",false,false,true,"pseudocode/004c5410.c"
"0x004c5460","FUN_004c5460",150,1,"undefined __stdcall FUN_004c5460(void)",false,false,true,"pseudocode/004c5460.c"
"0x004c5500","FUN_004c5500",33,1,"undefined4 * __thiscall FUN_004c5500(undefined4 param_1)",false,false,true,"pseudocode/004c5500.c"
"0x004c5530","FUN_004c5530",339,1,"undefined4 * __fastcall FUN_004c5530(undefined4 * param_1)",false,false,true,"pseudocode/004c5530.c"
"0x004c5690","FUN_004c5690",32,1,"undefined __fastcall FUN_004c5690(undefined4 * param_1)",false,false,true,"pseudocode/004c5690.c"
"0x004c56b0","FUN_004c56b0",152,1,"undefined __fastcall FUN_004c56b0(undefined4 * param_1)",false,false,true,"pseudocode/004c56b0.c"
"0x004c5750","FUN_004c5750",49,1,"undefined4 * __thiscall FUN_004c5750(uint param_1)",false,false,true,"pseudocode/004c5750.c"
"0x004c5790","FUN_004c5790",201,1,"undefined4 __fastcall FUN_004c5790(undefined4 * param_1)",false,false,true,"pseudocode/004c5790.c"
"0x004c5870","FUN_004c5870",90,2,"undefined4 __fastcall FUN_004c5870(int param_1)",false,false,true,"pseudocode/004c5870.c"
"0x004c58d0","FUN_004c58d0",192,1,"undefined4 __thiscall FUN_004c58d0(int * param_1)",false,false,true,"pseudocode/004c58d0.c"
"0x004c5990","FUN_004c5990",38,1,"undefined __thiscall FUN_004c5990(uint param_1)",false,false,true,"pseudocode/004c5990.c"
"0x004c59c0","FUN_004c59c0",703,1,"undefined __thiscall FUN_004c59c0(uint param_1)",false,false,true,"pseudocode/004c59c0.c"
"0x004c5c80","FUN_004c5c80",63,1,"int __thiscall FUN_004c5c80(uint param_1)",false,false,true,"pseudocode/004c5c80.c"
"0x004c5cc0","FUN_004c5cc0",54,1,"undefined __thiscall FUN_004c5cc0(int param_1)",false,false,true,"pseudocode/004c5cc0.c"
"0x004c5d00","FUN_004c5d00",16,1,"undefined __stdcall FUN_004c5d00(void)",false,false,true,"pseudocode/004c5d00.c"
"0x004c5d10","allocate",34,1,"_Container_proxy * __thiscall allocate(uint param_1)",false,false,true,"pseudocode/004c5d10.c"
"0x004c5d40","FUN_004c5d40",33,1,"undefined __fastcall FUN_004c5d40(_Compressed_pair<struct_std::default_delete<class_std::_Facet_base>,class_std::_Facet_base*,1> * param_1)",false,false,true,"pseudocode/004c5d40.c"
"0x004c5d70","FUN_004c5d70",13,1,"undefined __cdecl FUN_004c5d70(undefined4 * param_1)",false,false,true,"pseudocode/004c5d70.c"
"0x004c5d80","FUN_004c5d80",13,1,"undefined __cdecl FUN_004c5d80(int param_1)",false,false,true,"pseudocode/004c5d80.c"
"0x004c5d90","FUN_004c5d90",19,1,"undefined __fastcall FUN_004c5d90(_Compressed_pair<struct_std::default_delete<class_std::_Facet_base>,class_std::_Facet_base*,1> * param_1)",false,false,true,"pseudocode/004c5d90.c"
"0x004c5db0","FUN_004c5db0",73,1,"undefined4 __fastcall FUN_004c5db0(int param_1)",false,false,true,"pseudocode/004c5db0.c"
"0x004c5e00","FUN_004c5e00",29,1,"int __fastcall FUN_004c5e00(int param_1)",false,false,true,"pseudocode/004c5e00.c"
"0x004c5e20","FUN_004c5e20",37,1,"int __thiscall FUN_004c5e20(int param_1)",false,false,true,"pseudocode/004c5e20.c"
"0x004c5e50","FUN_004c5e50",40,1,"bool __fastcall FUN_004c5e50(int * param_1)",false,false,true,"pseudocode/004c5e50.c"
"0x004c5e80","isEmpty",40,1,"int __thiscall isEmpty(void)",false,false,true,"pseudocode/004c5e80.c"
"0x004c5eb0","FUN_004c5eb0",40,1,"bool __fastcall FUN_004c5eb0(int * param_1)",false,false,true,"pseudocode/004c5eb0.c"
"0x004c5ee0","FUN_004c5ee0",179,1,"undefined __cdecl FUN_004c5ee0(undefined2 * param_1, undefined2 * param_2)",false,false,true,"pseudocode/004c5ee0.c"
"0x004c5fa0","FUN_004c5fa0",10,1,"undefined4 __stdcall FUN_004c5fa0(void)",false,false,true,"pseudocode/004c5fa0.c"
"0x004c5fb0","FUN_004c5fb0",59,1,"uint __fastcall FUN_004c5fb0(_Compressed_pair<struct_std::default_delete<class_std::_Facet_base>,class_std::_Facet_base*,1> * param_1)",false,false,true,"pseudocode/004c5fb0.c"
"0x004c5ff0","FUN_004c5ff0",20,1,"undefined __fastcall FUN_004c5ff0(_Compressed_pair<struct_std::default_delete<class_std::_Facet_base>,class_std::_Facet_base*,1> * param_1)",false,false,true,"pseudocode/004c5ff0.c"
"0x004c6010","FUN_004c6010",102,1,"undefined __fastcall FUN_004c6010(undefined4 * param_1)",false,false,true,"pseudocode/004c6010.c"
"0x004c6080","FUN_004c6080",34,1,"undefined __thiscall FUN_004c6080(undefined4 param_1)",false,false,true,"pseudocode/004c6080.c"
"0x004c60b0","FUN_004c60b0",70,1,"undefined __fastcall FUN_004c60b0(int param_1)",false,false,true,"pseudocode/004c60b0.c"
"0x004c6100","FUN_004c6100",34,1,"undefined __thiscall FUN_004c6100(undefined4 param_1)",false,false,true,"pseudocode/004c6100.c"
"0x004c6130","FUN_004c6130",43,1,"undefined __thiscall FUN_004c6130(int param_1)",false,false,true,"pseudocode/004c6130.c"
"0x004c6160","FUN_004c6160",25,1,"undefined __thiscall FUN_004c6160(undefined4 param_1)",false,false,true,"pseudocode/004c6160.c"
"0x004c6180","FUN_004c6180",25,1,"undefined __thiscall FUN_004c6180(undefined4 param_1)",false,false,true,"pseudocode/004c6180.c"
"0x004c61a0","FUN_004c61a0",42,1,"undefined __thiscall FUN_004c61a0(undefined4 param_1)",false,false,true,"pseudocode/004c61a0.c"
"0x004c61d0","FUN_004c61d0",55,1,"undefined __thiscall FUN_004c61d0(undefined4 param_1)",false,false,true,"pseudocode/004c61d0.c"
"0x004c6210","FUN_004c6210",29,1,"undefined __thiscall FUN_004c6210(int param_1, undefined4 param_2)",false,false,true,"pseudocode/004c6210.c"
"0x004c6230","FUN_004c6230",2267,2,"undefined4 __fastcall FUN_004c6230(void * param_1)",false,false,true,"pseudocode/004c6230.c"
"0x004c6b30","FUN_004c6b30",1584,1,"undefined __stdcall FUN_004c6b30(void)",false,false,true,"pseudocode/004c6b30.c"
"0x004c7160","FUN_004c7160",1519,3,"undefined4 __fastcall FUN_004c7160(void * param_1)",false,false,true,"pseudocode/004c7160.c"
"0x004c7770","FUN_004c7770",1335,1,"undefined __stdcall FUN_004c7770(void)",false,false,true,"pseudocode/004c7770.c"
"0x004c7cb0","FUN_004c7cb0",90,2,"undefined4 * __cdecl FUN_004c7cb0(int * param_1)",false,false,true,"pseudocode/004c7cb0.c"
"0x004c7d10","FUN_004c7d10",179,1,"undefined __cdecl FUN_004c7d10(undefined2 * param_1, undefined2 * param_2)",false,false,true,"pseudocode/004c7d10.c"
"0x004c7dd0","FUN_004c7dd0",301,1,"undefined __thiscall FUN_004c7dd0(int param_1, int param_2)",false,false,true,"pseudocode/004c7dd0.c"
"0x004c7f00","FUN_004c7f00",19,1,"undefined __fastcall FUN_004c7f00(_Compressed_pair<struct_std::default_delete<class_std::_Facet_base>,class_std::_Facet_base*,1> * param_1)",false,false,true,"pseudocode/004c7f00.c"
"0x004c7f20","FUN_004c7f20",103,1,"undefined __stdcall FUN_004c7f20(int * param_1)",false,false,true,"pseudocode/004c7f20.c"
"0x004c7f90","FUN_004c7f90",57,1,"undefined4 * __stdcall FUN_004c7f90(void)",false,false,true,"pseudocode/004c7f90.c"
"0x004c7fd0","FUN_004c7fd0",67,1,"undefined4 * __stdcall FUN_004c7fd0(void)",false,false,true,"pseudocode/004c7fd0.c"
"0x004c8020","FUN_004c8020",92,1,"undefined4 * __stdcall FUN_004c8020(void)",false,false,true,"pseudocode/004c8020.c"
"0x004c8080","FUN_004c8080",92,1,"undefined4 * __stdcall FUN_004c8080(void)",false,false,true,"pseudocode/004c8080.c"
"0x004c80e0","FUN_004c80e0",67,1,"undefined4 * __stdcall FUN_004c80e0(void)",false,false,true,"pseudocode/004c80e0.c"
"0x004c8130","FUN_004c8130",92,1,"undefined4 * __stdcall FUN_004c8130(void)",false,false,true,"pseudocode/004c8130.c"
"0x004c8190","FUN_004c8190",92,1,"undefined4 * __stdcall FUN_004c8190(void)",false,false,true,"pseudocode/004c8190.c"
"0x004c81f0","FUN_004c81f0",75,1,"undefined4 __fastcall FUN_004c81f0(undefined4 param_1)",false,false,true,"pseudocode/004c81f0.c"
"0x004c8240","FUN_004c8240",118,1,"undefined4 * __fastcall FUN_004c8240(undefined4 * param_1)",false,false,true,"pseudocode/004c8240.c"
"0x004c82c0","FUN_004c82c0",190,1,"undefined4 * __fastcall FUN_004c82c0(undefined4 * param_1)",false,false,true,"pseudocode/004c82c0.c"
"0x004c8390","FUN_004c8390",122,1,"undefined4 * __fastcall FUN_004c8390(undefined4 * param_1)",false,false,true,"pseudocode/004c8390.c"
"0x004c8410","FUN_004c8410",159,1,"undefined4 * __fastcall FUN_004c8410(undefined4 * param_1)",false,false,true,"pseudocode/004c8410.c"
"0x004c84b0","FUN_004c84b0",256,1,"undefined4 * __thiscall FUN_004c84b0(undefined4 * param_1)",false,false,true,"pseudocode/004c84b0.c"
"0x004c85b0","FUN_004c85b0",522,1,"undefined4 * __fastcall FUN_004c85b0(undefined4 * param_1)",false,false,true,"pseudocode/004c85b0.c"
"0x004c87c0","FUN_004c87c0",179,1,"undefined4 * __fastcall FUN_004c87c0(undefined4 * param_1)",false,false,true,"pseudocode/004c87c0.c"
"0x004c8880","FUN_004c8880",87,1,"undefined4 * __fastcall FUN_004c8880(undefined4 * param_1)",false,false,true,"pseudocode/004c8880.c"
"0x004c88e0","FUN_004c88e0",88,1,"undefined4 * __fastcall FUN_004c88e0(undefined4 * param_1)",false,false,true,"pseudocode/004c88e0.c"
"0x004c8940","FUN_004c8940",244,1,"undefined4 * __thiscall FUN_004c8940(undefined4 * param_1)",false,false,true,"pseudocode/004c8940.c"
"0x004c8a40","~ContextBase",48,1,"void __thiscall ~ContextBase(void)",false,false,true,"pseudocode/004c8a40.c"
"0x004c8a70","FUN_004c8a70",122,1,"undefined __fastcall FUN_004c8a70(undefined4 * param_1)",false,false,true,"pseudocode/004c8a70.c"
"0x004c8af0","FUN_004c8af0",108,1,"undefined __fastcall FUN_004c8af0(undefined4 * param_1)",false,false,true,"pseudocode/004c8af0.c"
"0x004c8b70","FUN_004c8b70",129,1,"undefined __fastcall FUN_004c8b70(undefined4 * param_1)",false,false,true,"pseudocode/004c8b70.c"
"0x004c8c00","FUN_004c8c00",62,1,"undefined __fastcall FUN_004c8c00(undefined4 * param_1)",false,false,true,"pseudocode/004c8c00.c"
"0x004c8c40","FUN_004c8c40",76,1,"undefined __fastcall FUN_004c8c40(undefined4 * param_1)",false,false,true,"pseudocode/004c8c40.c"
"0x004c8c90","FUN_004c8c90",216,1,"undefined4 * __thiscall FUN_004c8c90(undefined4 * param_1)",false,false,true,"pseudocode/004c8c90.c"
"0x004c8d70","FUN_004c8d70",278,1,"void * __thiscall FUN_004c8d70(void * param_1, undefined4 * param_2)",false,false,true,"pseudocode/004c8d70.c"
"0x004c8e90","FUN_004c8e90",324,1,"undefined4 * __thiscall FUN_004c8e90(undefined4 * param_1)",false,false,true,"pseudocode/004c8e90.c"
"0x004c8fe0","FUN_004c8fe0",236,1,"undefined4 * __thiscall FUN_004c8fe0(undefined4 * param_1)",false,false,true,"pseudocode/004c8fe0.c"
"0x004c90d0","FUN_004c90d0",42,1,"void * __thiscall FUN_004c90d0(void * param_1, float param_2)",false,false,true,"pseudocode/004c90d0.c"
"0x004c9100","FUN_004c9100",33,1,"undefined __thiscall FUN_004c9100(float param_1)",false,false,true,"pseudocode/004c9100.c"
"0x004c9130","FUN_004c9130",49,1,"float * __thiscall FUN_004c9130(float * param_1)",false,false,true,"pseudocode/004c9130.c"
"0x004c9170","FUN_004c9170",26,1,"undefined __thiscall FUN_004c9170(int param_1)",false,false,true,"pseudocode/004c9170.c"
"0x004c9190","`scalar_deleting_destructor'",49,1,"void * __thiscall `scalar_deleting_destructor'(uint param_1)",false,false,true,"pseudocode/004c9190.c"
"0x004c91d0","FUN_004c91d0",49,1,"undefined4 * __thiscall FUN_004c91d0(uint param_1)",false,false,true,"pseudocode/004c91d0.c"
"0x004c9210","FUN_004c9210",49,1,"undefined4 * __thiscall FUN_004c9210(uint param_1)",false,false,true,"pseudocode/004c9210.c"
"0x004c9250","FUN_004c9250",46,1,"undefined4 * __thiscall FUN_004c9250(uint param_1)",false,false,true,"pseudocode/004c9250.c"
"0x004c9280","FUN_004c9280",49,1,"undefined4 * __thiscall FUN_004c9280(uint param_1)",false,false,true,"pseudocode/004c9280.c"
"0x004c92c0","FUN_004c92c0",49,1,"undefined4 * __thiscall FUN_004c92c0(uint param_1)",false,false,true,"pseudocode/004c92c0.c"
"0x004c9300","FUN_004c9300",75,1,"undefined __thiscall FUN_004c9300(int param_1)",false,false,true,"pseudocode/004c9300.c"
"0x004c9350","FUN_004c9350",39,1,"undefined4 __thiscall FUN_004c9350(undefined4 param_1, int param_2)",false,false,true,"pseudocode/004c9350.c"
"0x004c9380","FUN_004c9380",266,1,"undefined __thiscall FUN_004c9380(undefined4 param_1, int param_2)",false,false,true,"pseudocode/004c9380.c"
"0x004c9490","FUN_004c9490",238,1,"undefined __thiscall FUN_004c9490(undefined4 param_1, undefined4 param_2)",false,false,true,"pseudocode/004c9490.c"
"0x004c9580","FUN_004c9580",683,1,"undefined __thiscall FUN_004c9580(undefined4 param_1, int param_2)",false,false,true,"pseudocode/004c9580.c"
"0x004c9830","FUN_004c9830",635,1,"undefined __thiscall FUN_004c9830(undefined4 param_1, int param_2)",false,false,true,"pseudocode/004c9830.c"
"0x004c9ab0","FUN_004c9ab0",735,2,"undefined __thiscall FUN_004c9ab0(float * param_1, float * param_2, float param_3, undefined4 param_4, int param_5)",false,false,true,"pseudocode/004c9ab0.c"
"0x004c9da0","FUN_004c9da0",15,1,"undefined4 __stdcall FUN_004c9da0(void)",false,false,true,"pseudocode/004c9da0.c"
"0x004c9db0","FUN_004c9db0",338,1,"undefined __thiscall FUN_004c9db0(undefined4 * param_1, undefined4 * param_2, undefined4 param_3, undefined4 param_4, undefined4 param_5)",false,false,true,"pseudocode/004c9db0.c"
"0x004c9f10","FUN_004c9f10",1131,1,"undefined __thiscall FUN_004c9f10(float * param_1, float * param_2, float param_3, undefined4 param_4, int param_5)",false,false,true,"pseudocode/004c9f10.c"
"0x004ca380","FUN_004ca380",1197,1,"undefined __thiscall FUN_004ca380(float * param_1, float * param_2, float param_3, undefined4 param_4, int param_5)",false,false,true,"pseudocode/004ca380.c"
"0x004ca830","FUN_004ca830",642,2,"undefined __thiscall FUN_004ca830(float * param_1, float param_2, undefined4 param_3, int param_4)",false,false,true,"pseudocode/004ca830.c"
"0x004caac0","FUN_004caac0",15,1,"undefined4 __stdcall FUN_004caac0(void)",false,false,true,"pseudocode/004caac0.c"
"0x004caad0","FUN_004caad0",288,1,"undefined __thiscall FUN_004caad0(undefined4 * param_1, undefined4 param_2, undefined4 param_3, undefined4 param_4)",false,false,true,"pseudocode/004caad0.c"
"0x004cabf0","FUN_004cabf0",1118,2,"undefined __thiscall FUN_004cabf0(float * param_1, float param_2, undefined4 param_3, int param_4)",false,false,true,"pseudocode/004cabf0.c"
"0x004cb060","FUN_004cb060",1165,2,"undefined __thiscall FUN_004cb060(float * param_1, float param_2, undefined4 param_3, int param_4)",false,false,true,"pseudocode/004cb060.c"
"0x004cb500","FUN_004cb500",15,1,"undefined4 __stdcall FUN_004cb500(void)",false,false,true,"pseudocode/004cb500.c"
"0x004cb510","FUN_004cb510",1111,2,"undefined __thiscall FUN_004cb510(float * param_1, float * param_2, float param_3, undefined4 param_4, int param_5, int * param_6)",false,false,true,"pseudocode/004cb510.c"
"0x004cb970","FUN_004cb970",1565,2,"undefined __thiscall FUN_004cb970(float * param_1, void * param_2, float param_3, undefined4 param_4, int param_5, int * param_6)",false,false,true,"pseudocode/004cb970.c"
"0x004cbfa0","FUN_004cbfa0",1767,2,"undefined __thiscall FUN_004cbfa0(float * param_1, void * param_2, float param_3, undefined4 param_4, int param_5, int * param_6)",false,false,true,"pseudocode/004cbfa0.c"
"0x004cc690","FUN_004cc690",690,1,"undefined __thiscall FUN_004cc690(float * param_1, undefined4 param_2, undefined4 param_3, float param_4, undefined4 param_5, int param_6)",false,false,true,"pseudocode/004cc690.c"
"0x004cc950","FUN_004cc950",1212,1,"undefined __thiscall FUN_004cc950(float * param_1, float param_2, float param_3, float param_4, undefined4 param_5, int param_6)",false,false,true,"pseudocode/004cc950.c"
"0x004cce10","FUN_004cce10",1207,1,"undefined __thiscall FUN_004cce10(float * param_1, float param_2, float param_3, float param_4, undefined4 param_5, int param_6)",false,false,true,"pseudocode/004cce10.c"
"0x004cd2d0","FUN_004cd2d0",683,1,"undefined __thiscall FUN_004cd2d0(float * param_1, undefined4 param_2, float param_3, int param_4, undefined4 param_5, int param_6)",false,false,true,"pseudocode/004cd2d0.c"
"0x004cd580","FUN_004cd580",1205,1,"undefined __thiscall FUN_004cd580(float * param_1, undefined4 param_2, float param_3, int param_4, undefined4 param_5, int param_6)",false,false,true,"pseudocode/004cd580.c"
"0x004cda40","FUN_004cda40",1200,1,"undefined __thiscall FUN_004cda40(float * param_1, undefined4 param_2, float param_3, int param_4, undefined4 param_5, int param_6)",false,false,true,"pseudocode/004cda40.c"
"0x004cdef0","FUN_004cdef0",802,1,"undefined __thiscall FUN_004cdef0(int param_1, int param_2)",false,false,true,"pseudocode/004cdef0.c"
"0x004ce220","FUN_004ce220",742,1,"undefined __stdcall FUN_004ce220(int param_1, int param_2)",false,false,true,"pseudocode/004ce220.c"
"0x004ce510","FUN_004ce510",972,1,"undefined __thiscall FUN_004ce510(int param_1, int param_2)",false,false,true,"pseudocode/004ce510.c"
"0x004ce8e0","FUN_004ce8e0",694,1,"undefined __thiscall FUN_004ce8e0(float * param_1, undefined4 param_2, undefined4 param_3, float param_4, int param_5, undefined4 param_6, int param_7)",false,false,true,"pseudocode/004ce8e0.c"
"0x004ceba0","FUN_004ceba0",15,1,"undefined4 __stdcall FUN_004ceba0(void)",false,false,true,"pseudocode/004ceba0.c"
"0x004cebb0","FUN_004cebb0",1230,1,"undefined __thiscall FUN_004cebb0(float * param_1, float param_2, undefined4 param_3, float param_4, int param_5, undefined4 param_6, int param_7)",false,false,true,"pseudocode/004cebb0.c"
"0x004cf080","FUN_004cf080",1225,1,"undefined __thiscall FUN_004cf080(float * param_1, float param_2, undefined4 param_3, float param_4, int param_5, undefined4 param_6, int param_7)",false,false,true,"pseudocode/004cf080.c"
"0x004cf550","FUN_004cf550",103,2,"int __cdecl FUN_004cf550(int param_1, int param_2)",false,false,true,"pseudocode/004cf550.c"
"0x004cf5c0","FUN_004cf5c0",40,1,"int __cdecl FUN_004cf5c0(int param_1)",false,false,true,"pseudocode/004cf5c0.c"
"0x004cf5f0","FUN_004cf5f0",138,1,"undefined4 __fastcall FUN_004cf5f0(int * param_1)",false,false,true,"pseudocode/004cf5f0.c"
"0x004cf680","FUN_004cf680",694,1,"undefined __fastcall FUN_004cf680(void * param_1)",false,false,true,"pseudocode/004cf680.c"
"0x004cf940","FUN_004cf940",235,1,"undefined4 __fastcall FUN_004cf940(int * param_1)",false,false,true,"pseudocode/004cf940.c"
"0x004cfa30","FUN_004cfa30",268,1,"undefined4 __fastcall FUN_004cfa30(int * param_1)",false,false,true,"pseudocode/004cfa30.c"
"0x004cfb40","FUN_004cfb40",56,1,"uint * __fastcall FUN_004cfb40(uint * param_1)",false,false,true,"pseudocode/004cfb40.c"
"0x004cfb80","FUN_004cfb80",39,1,"undefined __thiscall FUN_004cfb80(int param_1)",false,false,true,"pseudocode/004cfb80.c"
"0x004cfbb0","FUN_004cfbb0",1287,1,"undefined __fastcall FUN_004cfbb0(int param_1)",false,false,true,"pseudocode/004cfbb0.c"
"0x004d00c0","FUN_004d00c0",263,1,"undefined __fastcall FUN_004d00c0(int param_1)",false,false,true,"pseudocode/004d00c0.c"
"0x004d01d0","FUN_004d01d0",189,1,"undefined4 __fastcall FUN_004d01d0(int param_1)",false,false,true,"pseudocode/004d01d0.c"
"0x004d0290","FUN_004d0290",226,1,"undefined4 __fastcall FUN_004d0290(void * param_1)",false,false,true,"pseudocode/004d0290.c"
"0x004d0380","FUN_004d0380",3817,1,"undefined __fastcall FUN_004d0380(int * param_1)",false,false,true,"pseudocode/004d0380.c"
"0x004d12e0","FUN_004d12e0",350,1,"undefined __fastcall FUN_004d12e0(int param_1)",false,false,true,"pseudocode/004d12e0.c"
"0x004d1470","FUN_004d1470",3704,2,"undefined __fastcall FUN_004d1470(int * param_1)",false,false,true,"pseudocode/004d1470.c"
"0x004d2360","FUN_004d2360",176,1,"undefined4 __fastcall FUN_004d2360(int param_1)",false,false,true,"pseudocode/004d2360.c"
"0x004d2410","FUN_004d2410",24,1,"undefined4 __fastcall FUN_004d2410(int param_1)",false,false,true,"pseudocode/004d2410.c"
"0x004d2430","FUN_004d2430",263,1,"undefined __fastcall FUN_004d2430(int param_1)",false,false,true,"pseudocode/004d2430.c"
"0x004d2540","FUN_004d2540",521,2,"undefined __fastcall FUN_004d2540(int param_1)",false,false,true,"pseudocode/004d2540.c"
"0x004d2750","FUN_004d2750",720,1,"undefined __thiscall FUN_004d2750(int param_1)",false,false,true,"pseudocode/004d2750.c"
"0x004d2a20","FUN_004d2a20",930,1,"undefined __thiscall FUN_004d2a20(int param_1)",false,false,true,"pseudocode/004d2a20.c"
"0x004d2dd0","FUN_004d2dd0",817,1,"undefined __thiscall FUN_004d2dd0(int param_1)",false,false,true,"pseudocode/004d2dd0.c"
"0x004d3110","FUN_004d3110",275,1,"undefined4 __thiscall FUN_004d3110(undefined4 * param_1)",false,false,true,"pseudocode/004d3110.c"
"0x004d3230","FUN_004d3230",2665,1,"undefined __thiscall FUN_004d3230(undefined4 * param_1)",false,false,true,"pseudocode/004d3230.c"
"0x004d3ca0","FUN_004d3ca0",186,1,"undefined4 __thiscall FUN_004d3ca0(int param_1)",false,false,true,"pseudocode/004d3ca0.c"
"0x004d3d70","FUN_004d3d70",986,1,"undefined __thiscall FUN_004d3d70(undefined4 * param_1)",false,false,true,"pseudocode/004d3d70.c"
"0x004d4150","FUN_004d4150",1284,1,"undefined __thiscall FUN_004d4150(undefined4 * param_1)",false,false,true,"pseudocode/004d4150.c"
"0x004d4660","FUN_004d4660",123,1,"bool __fastcall FUN_004d4660(int param_1)",false,false,true,"pseudocode/004d4660.c"
"0x004d46e0","FUN_004d46e0",272,1,"undefined __stdcall FUN_004d46e0(void * param_1, float param_2)",false,false,true,"pseudocode/004d46e0.c"
"0x004d47f0","FUN_004d47f0",474,1,"undefined4 __thiscall FUN_004d47f0(undefined4 param_1, undefined4 param_2)",false,false,true,"pseudocode/004d47f0.c"
"0x004d49e0","FUN_004d49e0",1717,1,"undefined __fastcall FUN_004d49e0(void * param_1)",false,false,true,"pseudocode/004d49e0.c"
"0x004d50a0","FUN_004d50a0",609,1,"undefined4 __fastcall FUN_004d50a0(void * param_1)",false,false,true,"pseudocode/004d50a0.c"
"0x004d5310","FUN_004d5310",609,1,"undefined4 __fastcall FUN_004d5310(void * param_1)",false,false,true,"pseudocode/004d5310.c"
"0x004d5580","FUN_004d5580",381,2,"bool __fastcall FUN_004d5580(int param_1)",false,false,true,"pseudocode/004d5580.c"
"0x004d5710","FUN_004d5710",435,2,"undefined4 __fastcall FUN_004d5710(int param_1)",false,false,true,"pseudocode/004d5710.c"
"0x004d58d0","FUN_004d58d0",433,2,"undefined4 __fastcall FUN_004d58d0(int param_1)",false,false,true,"pseudocode/004d58d0.c"
"0x004d5a90","FUN_004d5a90",126,1,"int __thiscall FUN_004d5a90(int param_1)",false,false,true,"pseudocode/004d5a90.c"
"0x004d5b10","FUN_004d5b10",150,1,"undefined4 __cdecl FUN_004d5b10(void * param_1)",false,false,true,"pseudocode/004d5b10.c"
"0x004d5bb0","FUN_004d5bb0",35,1,"undefined4 __cdecl FUN_004d5bb0(int param_1)",false,false,true,"pseudocode/004d5bb0.c"
"0x004d5be0","FUN_004d5be0",27,1,"undefined __cdecl FUN_004d5be0(int param_1)",false,false,true,"pseudocode/004d5be0.c"
"0x004d5c00","FUN_004d5c00",582,1,"undefined __thiscall FUN_004d5c00(uint * param_1)",false,false,true,"pseudocode/004d5c00.c"
"0x004d5e50","FUN_004d5e50",579,1,"undefined __thiscall FUN_004d5e50(undefined4 * param_1)",false,false,true,"pseudocode/004d5e50.c"
"0x004d60a0","FUN_004d60a0",573,1,"undefined __thiscall FUN_004d60a0(undefined4 * param_1)",false,false,true,"pseudocode/004d60a0.c"
"0x004d62e0","FUN_004d62e0",172,1,"undefined __thiscall FUN_004d62e0(undefined4 * param_1, float * param_2, float * param_3, void * param_4, float param_5, float param_6, float param_7, int param_8)",false,false,true,"pseudocode/004d62e0.c"
"0x004d6390","FUN_004d6390",1091,1,"undefined __thiscall FUN_004d6390(undefined4 * param_1, float * param_2, float * param_3, float param_4)",false,false,true,"pseudocode/004d6390.c"
"0x004d67e0","FUN_004d67e0",66,1,"undefined __thiscall FUN_004d67e0(float param_1, void * param_2)",false,false,true,"pseudocode/004d67e0.c"
"0x004d6830","FUN_004d6830",843,1,"undefined __thiscall FUN_004d6830(undefined4 * param_1, float * param_2, float * param_3, void * param_4, float param_5, float param_6, float param_7)",false,false,true,"pseudocode/004d6830.c"
"0x004d6b80","FUN_004d6b80",45,1,"undefined __thiscall FUN_004d6b80(int param_1)",false,false,true,"pseudocode/004d6b80.c"
"0x004d6bb0","FUN_004d6bb0",26,1,"float10 __thiscall FUN_004d6bb0(int param_1, int param_2)",false,false,true,"pseudocode/004d6bb0.c"
"0x004d6bd0","FUN_004d6bd0",110,1,"undefined __thiscall FUN_004d6bd0(float * param_1)",false,false,true,"pseudocode/004d6bd0.c"
"0x004d6c40","FUN_004d6c40",1596,3,"undefined __fastcall FUN_004d6c40(int * param_1)",false,false,true,"pseudocode/004d6c40.c"
"0x004d7280","FUN_004d7280",1203,3,"undefined __fastcall FUN_004d7280(int * param_1)",false,false,true,"pseudocode/004d7280.c"
"0x004d7750","FUN_004d7750",1484,1,"undefined __fastcall FUN_004d7750(int * param_1)",false,false,true,"pseudocode/004d7750.c"
"0x004d7d20","FUN_004d7d20",42,1,"undefined __thiscall FUN_004d7d20(uint param_1)",false,false,true,"pseudocode/004d7d20.c"
"0x004d7d50","FUN_004d7d50",38,1,"undefined __thiscall FUN_004d7d50(undefined4 * param_1)",false,false,true,"pseudocode/004d7d50.c"
"0x004d7d80","FUN_004d7d80",68,1,"undefined __thiscall FUN_004d7d80(undefined4 * param_1)",false,false,true,"pseudocode/004d7d80.c"
"0x004d7dd0","FUN_004d7dd0",54,1,"undefined __thiscall FUN_004d7dd0(undefined4 param_1)",false,false,true,"pseudocode/004d7dd0.c"
"0x004d7e10","FUN_004d7e10",45,1,"undefined __thiscall FUN_004d7e10(undefined4 param_1)",false,false,true,"pseudocode/004d7e10.c"
"0x004d7e40","FUN_004d7e40",90,2,"undefined4 * __cdecl FUN_004d7e40(int param_1)",false,false,true,"pseudocode/004d7e40.c"
"0x004d7ea0","FUN_004d7ea0",73,1,"undefined4 * __stdcall FUN_004d7ea0(void)",false,false,true,"pseudocode/004d7ea0.c"
"0x004d7ef0","FUN_004d7ef0",207,1,"undefined4 * __fastcall FUN_004d7ef0(undefined4 * param_1)",false,false,true,"pseudocode/004d7ef0.c"
"0x004d7fd0","FUN_004d7fd0",215,1,"undefined __fastcall FUN_004d7fd0(undefined4 * param_1)",false,false,true,"pseudocode/004d7fd0.c"
"0x004d80b0","FUN_004d80b0",49,1,"undefined4 * __thiscall FUN_004d80b0(uint param_1)",false,false,true,"pseudocode/004d80b0.c"
"0x004d80f0","FUN_004d80f0",110,1,"undefined4 __fastcall FUN_004d80f0(int param_1)",false,false,true,"pseudocode/004d80f0.c"
"0x004d8160","FUN_004d8160",190,1,"undefined4 __fastcall FUN_004d8160(int param_1)",false,false,true,"pseudocode/004d8160.c"
"0x004d8220","FUN_004d8220",152,1,"undefined4 __fastcall FUN_004d8220(int param_1)",false,false,true,"pseudocode/004d8220.c"
"0x004d82c0","FUN_004d82c0",134,1,"undefined4 __stdcall FUN_004d82c0(void)",false,false,true,"pseudocode/004d82c0.c"
"0x004d8350","FUN_004d8350",509,4,"undefined4 __stdcall FUN_004d8350(void)",false,false,true,"pseudocode/004d8350.c"
"0x004d8560","FUN_004d8560",62,1,"undefined4 __stdcall FUN_004d8560(void)",false,false,true,"pseudocode/004d8560.c"
"0x004d85a0","FUN_004d85a0",13,1,"undefined __cdecl FUN_004d85a0(int param_1)",false,false,true,"pseudocode/004d85a0.c"
"0x004d85b0","FUN_004d85b0",13,1,"undefined __cdecl FUN_004d85b0(int param_1)",false,false,true,"pseudocode/004d85b0.c"
"0x004d85c0","FUN_004d85c0",86,2,"undefined4 * __stdcall FUN_004d85c0(void)",false,false,true,"pseudocode/004d85c0.c"
"0x004d8620","FUN_004d8620",120,1,"undefined4 * __stdcall FUN_004d8620(undefined4 * param_1)",false,false,true,"pseudocode/004d8620.c"
"0x004d86a0","FUN_004d86a0",158,1,"undefined __stdcall FUN_004d86a0(undefined4 param_1, uint param_2)",false,false,true,"pseudocode/004d86a0.c"
"0x004d8740","FUN_004d8740",68,1,"void * __stdcall FUN_004d8740(void)",false,false,true,"pseudocode/004d8740.c"
"0x004d8790","FUN_004d8790",147,1,"undefined __thiscall FUN_004d8790(undefined4 param_1, undefined4 param_2)",false,false,true,"pseudocode/004d8790.c"
"0x004d8830","GdiplusStartupInput",52,1,"undefined __thiscall GdiplusStartupInput(_func_void_DebugEventLevel_char_ptr * param_1, int param_2, int param_3)",false,false,true,"pseudocode/004d8830.c"
"0x004d8870","Image",46,1,"undefined __thiscall Image(GpImage * param_1, Status param_2)",false,false,true,"pseudocode/004d8870.c"
"0x004d88a0","FUN_004d88a0",23,1,"undefined4 * __fastcall FUN_004d88a0(undefined4 * param_1)",false,false,true,"pseudocode/004d88a0.c"
"0x004d88c0","FUN_004d88c0",204,1,"uint * __fastcall FUN_004d88c0(uint * param_1)",false,false,true,"pseudocode/004d88c0.c"
"0x004d8990","FUN_004d8990",941,1,"undefined4 * __fastcall FUN_004d8990(undefined4 * param_1)",false,false,true,"pseudocode/004d8990.c"
"0x004d8d50","FUN_004d8d50",20,1,"undefined __fastcall FUN_004d8d50(Image * param_1)",false,false,true,"pseudocode/004d8d50.c"
"0x004d8d70","~Image",33,1,"void __thiscall ~Image(void)",false,false,true,"pseudocode/004d8d70.c"
"0x004d8da0","FUN_004d8da0",40,1,"undefined __fastcall FUN_004d8da0(int param_1)",false,false,true,"pseudocode/004d8da0.c"
"0x004d8dd0","FUN_004d8dd0",14,1,"undefined __cdecl FUN_004d8dd0(undefined4 param_1)",false,false,true,"pseudocode/004d8dd0.c"
"0x004d8de0","FUN_004d8de0",15,1,"undefined __cdecl FUN_004d8de0(undefined4 param_1)",false,false,true,"pseudocode/004d8de0.c"
"0x004d8df0","FID_conflict:`scalar_deleting_destructor'",68,1,"Image * __thiscall FID_conflict:`scalar_deleting_destructor'(uint param_1)",false,false,true,"pseudocode/004d8df0.c"
"0x004d8e40","FID_conflict:`scalar_deleting_destructor'",68,1,"Image * __thiscall FID_conflict:`scalar_deleting_destructor'(uint param_1)",false,false,true,"pseudocode/004d8e40.c"
"0x004d8e90","FUN_004d8e90",225,1,"undefined4 __stdcall FUN_004d8e90(void)",false,false,true,"pseudocode/004d8e90.c"
"0x004d8f80","FUN_004d8f80",191,1,"undefined4 __stdcall FUN_004d8f80(void)",false,false,true,"pseudocode/004d8f80.c"
"0x004d9040","FUN_004d9040",214,1,"undefined4 __stdcall FUN_004d9040(void)",false,false,true,"pseudocode/004d9040.c"
"0x004d9120","FUN_004d9120",238,1,"undefined4 __stdcall FUN_004d9120(void)",false,false,true,"pseudocode/004d9120.c"
"0x004d9210","FUN_004d9210",521,1,"undefined __stdcall FUN_004d9210(void)",false,false,true,"pseudocode/004d9210.c"
"0x004d9420","FUN_004d9420",184,1,"undefined __fastcall FUN_004d9420(Image * param_1)",false,false,true,"pseudocode/004d9420.c"
"0x004d94e0","FUN_004d94e0",204,1,"undefined __fastcall FUN_004d94e0(int param_1)",false,false,true,"pseudocode/004d94e0.c"
"0x004d95b0","FUN_004d95b0",204,1,"undefined __fastcall FUN_004d95b0(int param_1)",false,false,true,"pseudocode/004d95b0.c"
"0x004d9680","FUN_004d9680",132,1,"undefined __cdecl FUN_004d9680(float * param_1, float * param_2, float * param_3)",false,false,true,"pseudocode/004d9680.c"
"0x004d9710","FUN_004d9710",80,1,"undefined __fastcall FUN_004d9710(int param_1)",false,false,true,"pseudocode/004d9710.c"
"0x004d9760","FUN_004d9760",132,1,"undefined4 __cdecl FUN_004d9760(undefined4 param_1, undefined4 param_2)",false,false,true,"pseudocode/004d9760.c"
"0x004d97f0","FUN_004d97f0",270,1,"undefined __cdecl FUN_004d97f0(ushort * param_1, undefined4 * param_2)",false,false,true,"pseudocode/004d97f0.c"
"0x004d9900","FUN_004d9900",22,1,"undefined __cdecl FUN_004d9900(undefined4 param_1, undefined4 param_2, undefined4 param_3)",false,false,true,"pseudocode/004d9900.c"
"0x004d9920","FUN_004d9920",18,1,"undefined __cdecl FUN_004d9920(undefined4 param_1, undefined4 param_2)",false,false,true,"pseudocode/004d9920.c"
"0x004d9940","FUN_004d9940",139,1,"undefined __thiscall FUN_004d9940(undefined4 param_1)",false,false,true,"pseudocode/004d9940.c"
"0x004d99d0","FUN_004d99d0",151,1,"undefined4 __stdcall FUN_004d99d0(float param_1)",false,false,true,"pseudocode/004d99d0.c"
"0x004d9a70","FUN_004d9a70",211,1,"undefined __stdcall FUN_004d9a70(undefined4 param_1, int param_2)",false,false,true,"pseudocode/004d9a70.c"
"0x004d9b50","FUN_004d9b50",104,1,"undefined4 __stdcall FUN_004d9b50(undefined4 param_1, int param_2)",false,false,true,"pseudocode/004d9b50.c"
"0x004d9bc0","FUN_004d9bc0",69,1,"undefined4 __stdcall FUN_004d9bc0(void)",false,false,true,"pseudocode/004d9bc0.c"
"0x004d9c10","FUN_004d9c10",46,1,"undefined __thiscall FUN_004d9c10(undefined4 param_1, undefined4 param_2, undefined4 param_3)",false,false,true,"pseudocode/004d9c10.c"
"0x004d9c40","FUN_004d9c40",363,1,"undefined __cdecl FUN_004d9c40(undefined4 param_1, LPCSTR param_2)",false,false,true,"pseudocode/004d9c40.c"
"0x004d9db0","FUN_004d9db0",67,1,"undefined __thiscall FUN_004d9db0(undefined4 param_1, undefined4 param_2)",false,false,true,"pseudocode/004d9db0.c"
"0x004d9e00","SetStatus",36,2,"Status __thiscall SetStatus(Status param_1)",false,false,true,"pseudocode/004d9e00.c"
"0x004d9e30","FUN_004d9e30",53,1,"undefined __fastcall FUN_004d9e30(char * * param_1)",false,false,true,"pseudocode/004d9e30.c"
"0x004d9e70","FUN_004d9e70",34,1,"undefined __thiscall FUN_004d9e70(int param_1)",false,false,true,"pseudocode/004d9e70.c"
"0x004d9ea0","FUN_004d9ea0",187,1,"undefined __stdcall FUN_004d9ea0(void)",false,false,true,"pseudocode/004d9ea0.c"
"0x004d9f60","FUN_004d9f60",435,1,"undefined __stdcall FUN_004d9f60(float * param_1)",false,false,true,"pseudocode/004d9f60.c"
"0x004da120","FUN_004da120",194,1,"undefined __stdcall FUN_004da120(int param_1)",false,false,true,"pseudocode/004da120.c"
"0x004da1f0","FUN_004da1f0",846,1,"undefined __stdcall FUN_004da1f0(int param_1, int * param_2)",false,false,true,"pseudocode/004da1f0.c"
"0x004da540","FUN_004da540",1402,1,"undefined __fastcall FUN_004da540(int param_1)",false,false,true,"pseudocode/004da540.c"
"0x004dab40","FUN_004dab40",62,1,"undefined __fastcall FUN_004dab40(int param_1)",false,false,true,"pseudocode/004dab40.c"
"0x004dab80","FUN_004dab80",20,1,"undefined4 __fastcall FUN_004dab80(int param_1)",false,false,true,"pseudocode/004dab80.c"
"0x004daba0","FUN_004daba0",4401,1,"undefined __fastcall FUN_004daba0(int param_1)",false,false,true,"pseudocode/004daba0.c"
"0x004dbce0","FUN_004dbce0",132,1,"undefined __stdcall FUN_004dbce0(void)",false,false,true,"pseudocode/004dbce0.c"
"0x004dbd70","FUN_004dbd70",891,1,"undefined __fastcall FUN_004dbd70(int param_1)",false,false,true,"pseudocode/004dbd70.c"
"0x004dc0f0","FUN_004dc0f0",37,1,"undefined __fastcall FUN_004dc0f0(int param_1)",false,false,true,"pseudocode/004dc0f0.c"
"0x004dc120","FUN_004dc120",26,1,"uint __fastcall FUN_004dc120(int param_1)",false,false,true,"pseudocode/004dc120.c"
"0x004dc140","FUN_004dc140",26,1,"uint __fastcall FUN_004dc140(int param_1)",false,false,true,"pseudocode/004dc140.c"
"0x004dc160","FUN_004dc160",26,1,"uint __fastcall FUN_004dc160(int param_1)",false,false,true,"pseudocode/004dc160.c"
"0x004dc180","FUN_004dc180",19,1,"undefined __fastcall FUN_004dc180(int param_1)",false,false,true,"pseudocode/004dc180.c"
"0x004dc1a0","FUN_004dc1a0",26,1,"uint __fastcall FUN_004dc1a0(int param_1)",false,false,true,"pseudocode/004dc1a0.c"
"0x004dc1c0","FUN_004dc1c0",836,1,"undefined __stdcall FUN_004dc1c0(undefined4 param_1)",false,false,true,"pseudocode/004dc1c0.c"
"0x004dc510","FUN_004dc510",218,1,"int __cdecl FUN_004dc510(int param_1)",false,false,true,"pseudocode/004dc510.c"
"0x004dc5f0","FUN_004dc5f0",449,1,"undefined4 __cdecl FUN_004dc5f0(void * param_1)",false,false,true,"pseudocode/004dc5f0.c"
"0x004dc7c0","FUN_004dc7c0",240,1,"undefined4 __stdcall FUN_004dc7c0(void)",false,false,true,"pseudocode/004dc7c0.c"
"0x004dc8b0","FUN_004dc8b0",2307,1,"undefined __stdcall FUN_004dc8b0(void)",false,false,true,"pseudocode/004dc8b0.c"
"0x004dd1c0","FUN_004dd1c0",275,1,"undefined __stdcall FUN_004dd1c0(void)",false,false,true,"pseudocode/004dd1c0.c"
"0x004dd2e0","FUN_004dd2e0",275,1,"undefined __stdcall FUN_004dd2e0(void)",false,false,true,"pseudocode/004dd2e0.c"
"0x004dd400","FUN_004dd400",135,1,"undefined4 __stdcall FUN_004dd400(void)",false,false,true,"pseudocode/004dd400.c"
"0x004dd490","FUN_004dd490",356,1,"undefined4 __stdcall FUN_004dd490(void)",false,false,true,"pseudocode/004dd490.c"
"0x004dd600","FUN_004dd600",300,1,"undefined4 __stdcall FUN_004dd600(void)",false,false,true,"pseudocode/004dd600.c"
"0x004dd730","FUN_004dd730",234,1,"undefined __stdcall FUN_004dd730(void)",false,false,true,"pseudocode/004dd730.c"
"0x004dd820","FUN_004dd820",21,1,"undefined __fastcall FUN_004dd820(int param_1)",false,false,true,"pseudocode/004dd820.c"
"0x004dd840","FUN_004dd840",136,1,"undefined __fastcall FUN_004dd840(undefined4 param_1)",false,false,true,"pseudocode/004dd840.c"
"0x004dd8d0","FUN_004dd8d0",54,1,"undefined __fastcall FUN_004dd8d0(int param_1)",false,false,true,"pseudocode/004dd8d0.c"
"0x004dd910","FUN_004dd910",255,1,"undefined __stdcall FUN_004dd910(void)",false,false,true,"pseudocode/004dd910.c"
"0x004dda10","FUN_004dda10",30,1,"undefined __thiscall FUN_004dda10(uint param_1)",false,false,true,"pseudocode/004dda10.c"
"0x004dda30","FUN_004dda30",45,1,"undefined __thiscall FUN_004dda30(byte param_1)",false,false,true,"pseudocode/004dda30.c"
"0x004dda60","FUN_004dda60",90,2,"undefined4 __fastcall FUN_004dda60(int param_1)",false,false,true,"pseudocode/004dda60.c"
"0x004ddac0","FUN_004ddac0",90,2,"undefined4 __fastcall FUN_004ddac0(int param_1)",false,false,true,"pseudocode/004ddac0.c"
"0x004ddb20","FUN_004ddb20",1113,1,"undefined __thiscall FUN_004ddb20(int param_1, int param_2)",false,false,true,"pseudocode/004ddb20.c"
"0x004ddf80","FUN_004ddf80",90,2,"undefined4 __fastcall FUN_004ddf80(int param_1)",false,false,true,"pseudocode/004ddf80.c"
"0x004ddfe0","FUN_004ddfe0",90,2,"undefined4 __fastcall FUN_004ddfe0(int param_1)",false,false,true,"pseudocode/004ddfe0.c"
"0x004de040","FUN_004de040",420,2,"undefined __thiscall FUN_004de040(char * * param_1)",false,false,true,"pseudocode/004de040.c"
"0x004de1f0","FUN_004de1f0",359,1,"int __stdcall FUN_004de1f0(void)",false,false,true,"pseudocode/004de1f0.c"
"0x004de360","FUN_004de360",198,1,"undefined4 * __stdcall FUN_004de360(undefined4 * param_1, int param_2, int param_3)",false,false,true,"pseudocode/004de360.c"
"0x004de430","FUN_004de430",223,1,"undefined4 * __stdcall FUN_004de430(undefined4 * param_1, int param_2, int param_3)",false,false,true,"pseudocode/004de430.c"
"0x004de510","FUN_004de510",45,1,"_Compressed_pair<struct_std::default_delete<class_std::_Facet_base>,class_std::_Facet_base*,1> * __thiscall FUN_004de510(undefined4 param_1)",false,false,true,"pseudocode/004de510.c"
"0x004de540","FUN_004de540",45,1,"_Compressed_pair<struct_std::default_delete<class_std::_Facet_base>,class_std::_Facet_base*,1> * __thiscall FUN_004de540(undefined4 param_1)",false,false,true,"pseudocode/004de540.c"
"0x004de570","FUN_004de570",45,1,"_Compressed_pair<struct_std::default_delete<class_std::_Facet_base>,class_std::_Facet_base*,1> * __thiscall FUN_004de570(undefined4 param_1)",false,false,true,"pseudocode/004de570.c"
"0x004de5a0","FUN_004de5a0",45,1,"_Compressed_pair<struct_std::default_delete<class_std::_Facet_base>,class_std::_Facet_base*,1> * __thiscall FUN_004de5a0(undefined4 param_1)",false,false,true,"pseudocode/004de5a0.c"
"0x004de5d0","FUN_004de5d0",45,1,"_Compressed_pair<struct_std::default_delete<class_std::_Facet_base>,class_std::_Facet_base*,1> * __thiscall FUN_004de5d0(undefined4 param_1)",false,false,true,"pseudocode/004de5d0.c"
"0x004de600","FUN_004de600",102,1,"void * __thiscall FUN_004de600(undefined4 param_1)",false,false,true,"pseudocode/004de600.c"
"0x004de670","FUN_004de670",102,1,"void * __thiscall FUN_004de670(undefined4 param_1)",false,false,true,"pseudocode/004de670.c"
"0x004de6e0","FUN_004de6e0",102,1,"void * __thiscall FUN_004de6e0(undefined4 param_1)",false,false,true,"pseudocode/004de6e0.c"
"0x004de750","FUN_004de750",102,1,"void * __thiscall FUN_004de750(undefined4 param_1)",false,false,true,"pseudocode/004de750.c"
"0x004de7c0","FUN_004de7c0",102,1,"void * __thiscall FUN_004de7c0(undefined4 param_1)",false,false,true,"pseudocode/004de7c0.c"
"0x004de830","_Reset<>",90,1,"undefined __thiscall _Reset<>(undefined4 param_1)",false,false,true,"pseudocode/004de830.c"
"0x004de890","_Reset<>",90,1,"undefined __thiscall _Reset<>(undefined4 param_1)",false,false,true,"pseudocode/004de890.c"
"0x004de8f0","_Reset<>",90,1,"undefined __thiscall _Reset<>(undefined4 param_1)",false,false,true,"pseudocode/004de8f0.c"
"0x004de950","_Reset<>",90,1,"undefined __thiscall _Reset<>(undefined4 param_1)",false,false,true,"pseudocode/004de950.c"
"0x004de9b0","_Reset<>",90,1,"undefined __thiscall _Reset<>(undefined4 param_1)",false,false,true,"pseudocode/004de9b0.c"
"0x004dea10","FUN_004dea10",73,1,"undefined4 * __stdcall FUN_004dea10(void)",false,false,true,"pseudocode/004dea10.c"
"0x004dea60","FUN_004dea60",281,1,"undefined4 * __fastcall FUN_004dea60(undefined4 * param_1)",false,false,true,"pseudocode/004dea60.c"
"0x004deb80","FUN_004deb80",167,1,"undefined __fastcall FUN_004deb80(undefined4 * param_1)",false,false,true,"pseudocode/004deb80.c"
"0x004dec30","FUN_004dec30",21,1,"int __thiscall FUN_004dec30(int param_1)",false,false,true,"pseudocode/004dec30.c"
"0x004dec50","FUN_004dec50",44,1,"bool __thiscall FUN_004dec50(int param_1)",false,false,true,"pseudocode/004dec50.c"
"0x004dec80","FUN_004dec80",44,1,"bool __thiscall FUN_004dec80(int param_1)",false,false,true,"pseudocode/004dec80.c"
"0x004decb0","FUN_004decb0",49,1,"undefined4 * __thiscall FUN_004decb0(uint param_1)",false,false,true,"pseudocode/004decb0.c"
"0x004decf0","FUN_004decf0",2374,2,"undefined __fastcall FUN_004decf0(void * param_1)",false,false,true,"pseudocode/004decf0.c"
"0x004df670","FUN_004df670",103,1,"undefined4 __fastcall FUN_004df670(int param_1)",false,false,true,"pseudocode/004df670.c"
"0x004df6e0","FUN_004df6e0",107,1,"undefined __stdcall FUN_004df6e0(void)",false,false,true,"pseudocode/004df6e0.c"
"0x004df750","Copy",47,1,"undefined __thiscall Copy(undefined4 param_1)",false,false,true,"pseudocode/004df750.c"
"0x004df780","Copy",47,1,"undefined __thiscall Copy(undefined4 param_1)",false,false,true,"pseudocode/004df780.c"
"0x004df7b0","Copy",47,1,"undefined __thiscall Copy(undefined4 param_1)",false,false,true,"pseudocode/004df7b0.c"
"0x004df7e0","Copy",47,1,"undefined __thiscall Copy(undefined4 param_1)",false,false,true,"pseudocode/004df7e0.c"
"0x004df810","Copy",47,1,"undefined __thiscall Copy(undefined4 param_1)",false,false,true,"pseudocode/004df810.c"
"0x004df840","Move",104,1,"undefined __thiscall Move(undefined4 param_1)",false,false,true,"pseudocode/004df840.c"
"0x004df8b0","Move",104,1,"undefined __thiscall Move(undefined4 param_1)",false,false,true,"pseudocode/004df8b0.c"
"0x004df920","Move",104,1,"undefined __thiscall Move(undefined4 param_1)",false,false,true,"pseudocode/004df920.c"
"0x004df990","Move",104,1,"undefined __thiscall Move(undefined4 param_1)",false,false,true,"pseudocode/004df990.c"
"0x004dfa00","Move",104,1,"undefined __thiscall Move(undefined4 param_1)",false,false,true,"pseudocode/004dfa00.c"
"0x004dfa70","FUN_004dfa70",16,1,"undefined * * __stdcall FUN_004dfa70(void)",false,false,true,"pseudocode/004dfa70.c"
"0x004dfa80","FUN_004dfa80",16,1,"undefined * * __stdcall FUN_004dfa80(void)",false,false,true,"pseudocode/004dfa80.c"
"0x004dfa90","FUN_004dfa90",16,1,"undefined * * __stdcall FUN_004dfa90(void)",false,false,true,"pseudocode/004dfa90.c"
"0x004dfaa0","FUN_004dfaa0",16,1,"undefined * * __stdcall FUN_004dfaa0(void)",false,false,true,"pseudocode/004dfaa0.c"
"0x004dfab0","FUN_004dfab0",16,1,"undefined * * __stdcall FUN_004dfab0(void)",false,false,true,"pseudocode/004dfab0.c"
"0x004dfac0","FUN_004dfac0",13,1,"undefined __cdecl FUN_004dfac0(void * param_1)",false,false,true,"pseudocode/004dfac0.c"
"0x004dfad0","FUN_004dfad0",32,1,"int __thiscall FUN_004dfad0(int param_1)",false,false,true,"pseudocode/004dfad0.c"
"0x004dfaf0","FUN_004dfaf0",59,1,"undefined __thiscall FUN_004dfaf0(int param_1)",false,false,true,"pseudocode/004dfaf0.c"
"0x004dfb30","FUN_004dfb30",81,1,"undefined __thiscall FUN_004dfb30(int param_1)",false,false,true,"pseudocode/004dfb30.c"
"0x004dfb90","FUN_004dfb90",98,2,"undefined4 * __cdecl FUN_004dfb90(undefined4 param_1)",false,false,true,"pseudocode/004dfb90.c"
"0x004dfc00","FUN_004dfc00",73,1,"undefined4 * __stdcall FUN_004dfc00(void)",false,false,true,"pseudocode/004dfc00.c"
"0x004dfc50","FUN_004dfc50",189,1,"undefined4 * __fastcall FUN_004dfc50(undefined4 * param_1)",false,false,true,"pseudocode/004dfc50.c"
"0x004dfd20","FUN_004dfd20",152,1,"undefined __fastcall FUN_004dfd20(undefined4 * param_1)",false,false,true,"pseudocode/004dfd20.c"
"0x004dfdc0","FUN_004dfdc0",49,1,"undefined4 * __thiscall FUN_004dfdc0(uint param_1)",false,false,true,"pseudocode/004dfdc0.c"
"0x004dfe00","FUN_004dfe00",2279,3,"undefined4 __fastcall FUN_004dfe00(undefined4 * param_1)",false,false,true,"pseudocode/004dfe00.c"
"0x004e07b0","FUN_004e07b0",1670,1,"undefined __fastcall FUN_004e07b0(int param_1)",false,false,true,"pseudocode/004e07b0.c"
"0x004e0e80","FUN_004e0e80",179,1,"undefined4 __thiscall FUN_004e0e80(int * param_1)",false,false,true,"pseudocode/004e0e80.c"
"0x004e0f40","FUN_004e0f40",29,1,"undefined __fastcall FUN_004e0f40(void * param_1)",false,false,true,"pseudocode/004e0f40.c"
"0x004e0f60","FUN_004e0f60",13,1,"undefined __cdecl FUN_004e0f60(undefined4 * param_1)",false,false,true,"pseudocode/004e0f60.c"
"0x004e0f70","FUN_004e0f70",13,1,"undefined __cdecl FUN_004e0f70(int param_1)",false,false,true,"pseudocode/004e0f70.c"
"0x004e0f80","FUN_004e0f80",39,1,"undefined __thiscall FUN_004e0f80(undefined4 param_1)",false,false,true,"pseudocode/004e0f80.c"
"0x004e0fc0","FUN_004e0fc0",185,1,"undefined __stdcall FUN_004e0fc0(void)",false,false,true,"pseudocode/004e0fc0.c"
"0x004e1080","FUN_004e1080",90,2,"undefined4 * __cdecl FUN_004e1080(int * param_1)",false,false,true,"pseudocode/004e1080.c"
"0x004e10e0","FUN_004e10e0",187,1,"undefined __thiscall FUN_004e10e0(int param_1)",false,false,true,"pseudocode/004e10e0.c"
"0x004e11a0","FUN_004e11a0",172,1,"undefined __thiscall FUN_004e11a0(int param_1)",false,false,true,"pseudocode/004e11a0.c"
"0x004e1250","FUN_004e1250",188,1,"undefined4 __thiscall FUN_004e1250(int param_1)",false,false,true,"pseudocode/004e1250.c"
"0x004e1310","FUN_004e1310",246,1,"undefined __thiscall FUN_004e1310(int param_1)",false,false,true,"pseudocode/004e1310.c"
"0x004e1410","FUN_004e1410",146,1,"bool __thiscall FUN_004e1410(int param_1)",false,false,true,"pseudocode/004e1410.c"
"0x004e14b0","FUN_004e14b0",88,1,"undefined __thiscall FUN_004e14b0(uint param_1, uint param_2)",false,false,true,"pseudocode/004e14b0.c"
"0x004e1510","FUN_004e1510",86,1,"undefined __fastcall FUN_004e1510(void * param_1)",false,false,true,"pseudocode/004e1510.c"
"0x004e1570","FUN_004e1570",73,1,"undefined4 __fastcall FUN_004e1570(int param_1)",false,false,true,"pseudocode/004e1570.c"
"0x004e15c0","FUN_004e15c0",29,1,"undefined4 __stdcall FUN_004e15c0(void)",false,false,true,"pseudocode/004e15c0.c"
"0x004e15e0","FUN_004e15e0",154,1,"undefined __thiscall FUN_004e15e0(undefined4 param_1)",false,false,true,"pseudocode/004e15e0.c"
"0x004e1680","FUN_004e1680",130,1,"bool __thiscall FUN_004e1680(int param_1)",false,false,true,"pseudocode/004e1680.c"
"0x004e1710","FUN_004e1710",161,1,"undefined __fastcall FUN_004e1710(int param_1)",false,false,true,"pseudocode/004e1710.c"
"0x004e17c0","FUN_004e17c0",140,1,"int __thiscall FUN_004e17c0(undefined4 param_1)",false,false,true,"pseudocode/004e17c0.c"
"0x004e1850","FUN_004e1850",108,1,"undefined __thiscall FUN_004e1850(undefined4 param_1)",false,false,true,"pseudocode/004e1850.c"
"0x004e18c0","FUN_004e18c0",488,1,"undefined __thiscall FUN_004e18c0(int param_1, undefined4 param_2)",false,false,true,"pseudocode/004e18c0.c"
"0x004e1ab0","FUN_004e1ab0",122,1,"undefined __stdcall FUN_004e1ab0(undefined4 param_1)",false,false,true,"pseudocode/004e1ab0.c"
"0x004e1b30","FUN_004e1b30",104,1,"undefined4 __stdcall FUN_004e1b30(void)",false,false,true,"pseudocode/004e1b30.c"
"0x004e1ba0","FUN_004e1ba0",135,1,"undefined4 * __stdcall FUN_004e1ba0(void)",false,false,true,"pseudocode/004e1ba0.c"
"0x004e1c30","FUN_004e1c30",122,1,"undefined __stdcall FUN_004e1c30(void)",false,false,true,"pseudocode/004e1c30.c"
"0x004e1cb0","FUN_004e1cb0",40,1,"uint * __fastcall FUN_004e1cb0(uint * param_1)",false,false,true,"pseudocode/004e1cb0.c"
"0x004e1ce0","FUN_004e1ce0",428,1,"undefined4 * __fastcall FUN_004e1ce0(undefined4 * param_1)",false,false,true,"pseudocode/004e1ce0.c"
"0x004e1e90","FUN_004e1e90",215,1,"undefined __fastcall FUN_004e1e90(undefined4 * param_1)",false,false,true,"pseudocode/004e1e90.c"
"0x004e1f70","FUN_004e1f70",81,1,"undefined __fastcall FUN_004e1f70(undefined4 * param_1)",false,false,true,"pseudocode/004e1f70.c"
"0x004e1fd0","FUN_004e1fd0",44,1,"bool __thiscall FUN_004e1fd0(int param_1)",false,false,true,"pseudocode/004e1fd0.c"
"0x004e2000","FUN_004e2000",25,1,"undefined __thiscall FUN_004e2000(int param_1)",false,false,true,"pseudocode/004e2000.c"
"0x004e2020","FUN_004e2020",27,1,"undefined __thiscall FUN_004e2020(int param_1)",false,false,true,"pseudocode/004e2020.c"
"0x004e2040","FUN_004e2040",49,1,"undefined4 * __thiscall FUN_004e2040(uint param_1)",false,false,true,"pseudocode/004e2040.c"
"0x004e2080","FUN_004e2080",71,1,"undefined __fastcall FUN_004e2080(int param_1)",false,false,true,"pseudocode/004e2080.c"
"0x004e20d0","FUN_004e20d0",379,1,"undefined4 __fastcall FUN_004e20d0(void * param_1)",false,false,true,"pseudocode/004e20d0.c"
"0x004e2260","FUN_004e2260",10872,5,"undefined __fastcall FUN_004e2260(void * param_1)",false,false,true,"pseudocode/004e2260.c"
"0x004e4d50","FUN_004e4d50",718,1,"undefined __fastcall FUN_004e4d50(void * param_1)",false,false,true,"pseudocode/004e4d50.c"
"0x004e5020","FUN_004e5020",535,1,"undefined __thiscall FUN_004e5020(float param_1)",false,false,true,"pseudocode/004e5020.c"
"0x004e5240","FUN_004e5240",328,1,"undefined __fastcall FUN_004e5240(int param_1)",false,false,true,"pseudocode/004e5240.c"
"0x004e5390","FUN_004e5390",300,1,"undefined __stdcall FUN_004e5390(undefined4 param_1, undefined4 * param_2, int param_3)",false,false,true,"pseudocode/004e5390.c"
"0x004e54c0","FUN_004e54c0",350,1,"undefined __fastcall FUN_004e54c0(void * param_1)",false,false,true,"pseudocode/004e54c0.c"
"0x004e5620","FUN_004e5620",631,1,"undefined __fastcall FUN_004e5620(void * param_1)",false,false,true,"pseudocode/004e5620.c"
"0x004e58a0","FUN_004e58a0",77,1,"undefined __fastcall FUN_004e58a0(int param_1)",false,false,true,"pseudocode/004e58a0.c"
"0x004e58f0","FUN_004e58f0",135,1,"undefined __fastcall FUN_004e58f0(int param_1)",false,false,true,"pseudocode/004e58f0.c"
"0x004e5980","FUN_004e5980",89,1,"undefined4 __fastcall FUN_004e5980(int param_1)",false,false,true,"pseudocode/004e5980.c"
"0x004e59e0","FUN_004e59e0",492,1,"undefined __stdcall FUN_004e59e0(void)",false,false,true,"pseudocode/004e59e0.c"
"0x004e5bd0","FUN_004e5bd0",400,1,"undefined __fastcall FUN_004e5bd0(void * param_1)",false,false,true,"pseudocode/004e5bd0.c"
"0x004e5d60","FUN_004e5d60",440,1,"undefined __stdcall FUN_004e5d60(void)",false,false,true,"pseudocode/004e5d60.c"
"0x004e5f30","FUN_004e5f30",359,1,"undefined __stdcall FUN_004e5f30(void)",false,false,true,"pseudocode/004e5f30.c"
"0x004e60a0","FUN_004e60a0",29,1,"undefined __fastcall FUN_004e60a0(void * param_1)",false,false,true,"pseudocode/004e60a0.c"
"0x004e60c0","FUN_004e60c0",363,1,"undefined __fastcall FUN_004e60c0(int param_1)",false,false,true,"pseudocode/004e60c0.c"
"0x004e6230","FUN_004e6230",20,1,"undefined __fastcall FUN_004e6230(int param_1)",false,false,true,"pseudocode/004e6230.c"
"0x004e6250","FUN_004e6250",510,2,"undefined __fastcall FUN_004e6250(int param_1)",false,false,true,"pseudocode/004e6250.c"
"0x004e6450","FUN_004e6450",73,1,"undefined __fastcall FUN_004e6450(int * param_1)",false,false,true,"pseudocode/004e6450.c"
"0x004e64a0","FUN_004e64a0",29,1,"undefined __fastcall FUN_004e64a0(void * param_1)",false,false,true,"pseudocode/004e64a0.c"
"0x004e64c0","FUN_004e64c0",84,1,"uint __thiscall FUN_004e64c0(uint param_1)",false,false,true,"pseudocode/004e64c0.c"
"0x004e6520","FUN_004e6520",13,1,"undefined __cdecl FUN_004e6520(void * param_1)",false,false,true,"pseudocode/004e6520.c"
"0x004e6530","FUN_004e6530",203,2,"undefined4 __thiscall FUN_004e6530(undefined4 param_1, undefined4 param_2, undefined4 param_3, undefined4 param_4, undefined4 param_5, undefined4 param_6, undefined4 param_7, undefined4 param_8, undefined4 param_9, undefined4 param_10)",false,false,true,"pseudocode/004e6530.c"
"0x004e6600","FUN_004e6600",149,1,"undefined __thiscall FUN_004e6600(undefined4 param_1, undefined4 param_2, undefined4 param_3, undefined4 param_4, undefined4 param_5)",false,false,true,"pseudocode/004e6600.c"
"0x004e66a0","FUN_004e66a0",13,1,"undefined __cdecl FUN_004e66a0(void * param_1)",false,false,true,"pseudocode/004e66a0.c"
"0x004e66b0","FUN_004e66b0",22,1,"undefined __fastcall FUN_004e66b0(int param_1)",false,false,true,"pseudocode/004e66b0.c"
"0x004e66d0","FUN_004e66d0",17,1,"undefined4 __fastcall FUN_004e66d0(int param_1)",false,false,true,"pseudocode/004e66d0.c"
"0x004e66f0","FUN_004e66f0",20,1,"undefined4 __fastcall FUN_004e66f0(int param_1)",false,false,true,"pseudocode/004e66f0.c"
"0x004e6710","FUN_004e6710",33,1,"float10 __fastcall FUN_004e6710(int param_1)",false,false,true,"pseudocode/004e6710.c"
"0x004e6740","FUN_004e6740",48,1,"undefined4 __fastcall FUN_004e6740(int param_1)",false,false,true,"pseudocode/004e6740.c"
"0x004e6770","FUN_004e6770",20,1,"undefined4 __fastcall FUN_004e6770(int param_1)",false,false,true,"pseudocode/004e6770.c"
"0x004e6790","FUN_004e6790",25,1,"uint __fastcall FUN_004e6790(int param_1)",false,false,true,"pseudocode/004e6790.c"
"0x004e67b0","FUN_004e67b0",35,1,"undefined __thiscall FUN_004e67b0(undefined4 param_1)",false,false,true,"pseudocode/004e67b0.c"
"0x004e67e0","FUN_004e67e0",190,1,"undefined __fastcall FUN_004e67e0(void * param_1)",false,false,true,"pseudocode/004e67e0.c"
"0x004e68a0","FUN_004e68a0",23,1,"undefined __fastcall FUN_004e68a0(int param_1)",false,false,true,"pseudocode/004e68a0.c"
"0x004e68c0","FUN_004e68c0",49,1,"undefined __thiscall FUN_004e68c0(double param_1)",false,false,true,"pseudocode/004e68c0.c"
"0x004e6900","FUN_004e6900",22,1,"undefined __fastcall FUN_004e6900(void * param_1)",false,false,true,"pseudocode/004e6900.c"
"0x004e6920","FUN_004e6920",25,1,"undefined __thiscall FUN_004e6920(undefined4 param_1)",false,false,true,"pseudocode/004e6920.c"
"0x004e6940","FUN_004e6940",22,1,"undefined __thiscall FUN_004e6940(undefined4 param_1)",false,false,true,"pseudocode/004e6940.c"
"0x004e6960","FUN_004e6960",25,1,"undefined __thiscall FUN_004e6960(undefined4 param_1)",false,false,true,"pseudocode/004e6960.c"
"0x004e6980","FUN_004e6980",25,1,"undefined __thiscall FUN_004e6980(undefined4 param_1)",false,false,true,"pseudocode/004e6980.c"
"0x004e69a0","FUN_004e69a0",39,1,"undefined __thiscall FUN_004e69a0(undefined4 param_1)",false,false,true,"pseudocode/004e69a0.c"
"0x004e69d0","DelayUpdateFrameTitle",32,1,"void __thiscall DelayUpdateFrameTitle(void)",false,false,true,"pseudocode/004e69d0.c"
"0x004e69f0","FUN_004e69f0",39,1,"undefined __thiscall FUN_004e69f0(float param_1)",false,false,true,"pseudocode/004e69f0.c"
"0x004e6a20","FUN_004e6a20",25,1,"undefined __thiscall FUN_004e6a20(undefined4 param_1)",false,false,true,"pseudocode/004e6a20.c"
"0x004e6a40","FUN_004e6a40",39,1,"undefined __thiscall FUN_004e6a40(undefined4 param_1)",false,false,true,"pseudocode/004e6a40.c"
"0x004e6a70","FUN_004e6a70",25,1,"undefined __thiscall FUN_004e6a70(undefined4 param_1)",false,false,true,"pseudocode/004e6a70.c"
"0x004e6a90","FUN_004e6a90",94,1,"undefined __thiscall FUN_004e6a90(undefined4 param_1)",false,false,true,"pseudocode/004e6a90.c"
"0x004e6af0","FUN_004e6af0",25,1,"undefined __thiscall FUN_004e6af0(undefined4 param_1)",false,false,true,"pseudocode/004e6af0.c"
"0x004e6b10","FUN_004e6b10",29,1,"undefined __thiscall FUN_004e6b10(undefined4 param_1)",false,false,true,"pseudocode/004e6b10.c"
"0x004e6b30","FUN_004e6b30",71,1,"undefined __fastcall FUN_004e6b30(int param_1)",false,false,true,"pseudocode/004e6b30.c"
"0x004e6b80","FUN_004e6b80",76,2,"undefined4 * __stdcall FUN_004e6b80(void)",false,false,true,"pseudocode/004e6b80.c"
"0x004e6bd0","FUN_004e6bd0",34,1,"undefined4 * __thiscall FUN_004e6bd0(undefined4 param_1)",false,false,true,"pseudocode/004e6bd0.c"
"0x004e6c00","FUN_004e6c00",45,1,"undefined4 * __thiscall FUN_004e6c00(int param_1, int param_2)",false,false,true,"pseudocode/004e6c00.c"
"0x004e6c30","FUN_004e6c30",30,1,"void * __cdecl FUN_004e6c30(void * param_1, void * param_2)",false,false,true,"pseudocode/004e6c30.c"
"0x004e6c50","FUN_004e6c50",23,1,"undefined __cdecl FUN_004e6c50(int param_1)",false,false,true,"pseudocode/004e6c50.c"
"0x004e6c70","FUN_004e6c70",23,1,"undefined __cdecl FUN_004e6c70(int * param_1)",false,false,true,"pseudocode/004e6c70.c"
"0x004e6c90","FUN_004e6c90",17,1,"undefined __cdecl FUN_004e6c90(int param_1)",false,false,true,"pseudocode/004e6c90.c"
"0x004e6cb0","FUN_004e6cb0",262,1,"undefined __cdecl FUN_004e6cb0(int * param_1)",false,false,true,"pseudocode/004e6cb0.c"
"0x004e6dc0","FUN_004e6dc0",75,1,"undefined1 __stdcall FUN_004e6dc0(uint * param_1, uint * param_2)",false,false,true,"pseudocode/004e6dc0.c"
"0x004e6e10","FUN_004e6e10",226,1,"undefined4 * __thiscall FUN_004e6e10(undefined4 * param_1, byte param_2)",false,false,true,"pseudocode/004e6e10.c"
"0x004e6f00","FUN_004e6f00",48,1,"undefined4 * __thiscall FUN_004e6f00(undefined4 * param_1)",false,false,true,"pseudocode/004e6f00.c"
"0x004e6f30","FUN_004e6f30",16,1,"undefined __stdcall FUN_004e6f30(void)",false,false,true,"pseudocode/004e6f30.c"
"0x004e6f40","FUN_004e6f40",16,1,"undefined __stdcall FUN_004e6f40(void)",false,false,true,"pseudocode/004e6f40.c"
"0x004e6f50","FUN_004e6f50",164,1,"undefined __cdecl FUN_004e6f50(undefined4 * param_1, undefined4 param_2, int param_3, undefined1 * param_4)",false,false,true,"pseudocode/004e6f50.c"
"0x004e7000","FUN_004e7000",117,1,"undefined4 * __thiscall FUN_004e7000(undefined4 * param_1, uint param_2)",false,false,true,"pseudocode/004e7000.c"
"0x004e7080","FUN_004e7080",47,1,"undefined4 * __thiscall FUN_004e7080(undefined4 * param_1, uint param_2)",false,false,true,"pseudocode/004e7080.c"
"0x004e70b0","FUN_004e70b0",26,1,"undefined __cdecl FUN_004e70b0(int param_1)",false,false,true,"pseudocode/004e70b0.c"
"0x004e70d0","FUN_004e70d0",26,1,"undefined __cdecl FUN_004e70d0(int param_1)",false,false,true,"pseudocode/004e70d0.c"
"0x004e70f0","FUN_004e70f0",117,1,"undefined4 * __thiscall FUN_004e70f0(undefined4 * param_1, uint param_2)",false,false,true,"pseudocode/004e70f0.c"
"0x004e7170","FUN_004e7170",47,1,"undefined4 * __thiscall FUN_004e7170(undefined4 * param_1, uint param_2)",false,false,true,"pseudocode/004e7170.c"
"0x004e71a0","FUN_004e71a0",10,1,"undefined4 __cdecl FUN_004e71a0(undefined4 param_1)",false,false,true,"pseudocode/004e71a0.c"
"0x004e71b0","FUN_004e71b0",124,1,"undefined4 * __thiscall FUN_004e71b0(undefined4 * param_1, float param_2)",false,false,true,"pseudocode/004e71b0.c"
"0x004e7230","FUN_004e7230",54,1,"undefined4 * __thiscall FUN_004e7230(undefined4 * param_1, float param_2)",false,false,true,"pseudocode/004e7230.c"
"0x004e7270","FUN_004e7270",126,1,"undefined4 * __thiscall FUN_004e7270(undefined4 * param_1, undefined4 * param_2, double param_3)",false,false,true,"pseudocode/004e7270.c"
"0x004e72f0","FUN_004e72f0",56,1,"undefined4 * __thiscall FUN_004e72f0(undefined4 param_1, undefined4 * param_2, double param_3)",false,false,true,"pseudocode/004e72f0.c"
"0x004e7330","FUN_004e7330",126,1,"undefined4 * __thiscall FUN_004e7330(undefined4 * param_1, undefined4 * param_2, double param_3)",false,false,true,"pseudocode/004e7330.c"
"0x004e73b0","FUN_004e73b0",299,1,"undefined __stdcall FUN_004e73b0(void)",false,false,true,"pseudocode/004e73b0.c"
"0x004e74e0","FUN_004e74e0",117,1,"undefined4 * __thiscall FUN_004e74e0(undefined4 * param_1, char * param_2)",false,false,true,"pseudocode/004e74e0.c"
"0x004e7560","FUN_004e7560",47,1,"undefined4 * __thiscall FUN_004e7560(undefined4 * param_1, char * param_2)",false,false,true,"pseudocode/004e7560.c"
"0x004e7590","FUN_004e7590",117,1,"undefined4 * __thiscall FUN_004e7590(undefined4 * param_1, uint param_2)",false,false,true,"pseudocode/004e7590.c"
"0x004e7610","FUN_004e7610",47,1,"undefined4 * __thiscall FUN_004e7610(undefined4 * param_1, uint param_2)",false,false,true,"pseudocode/004e7610.c"
"0x004e7640","FUN_004e7640",118,1,"undefined4 * __thiscall FUN_004e7640(undefined4 * param_1)",false,false,true,"pseudocode/004e7640.c"
"0x004e76c0","FUN_004e76c0",48,1,"undefined4 * __thiscall FUN_004e76c0(undefined4 * param_1)",false,false,true,"pseudocode/004e76c0.c"
"0x004e76f0","FUN_004e76f0",121,1,"undefined4 * __thiscall FUN_004e76f0(undefined4 * param_1, undefined4 param_2, undefined4 param_3)",false,false,true,"pseudocode/004e76f0.c"
"0x004e7770","FUN_004e7770",51,1,"undefined4 * __thiscall FUN_004e7770(undefined4 * param_1)",false,false,true,"pseudocode/004e7770.c"
"0x004e77b0","FUN_004e77b0",121,1,"undefined4 * __thiscall FUN_004e77b0(undefined4 * param_1, uint param_2, uint param_3)",false,false,true,"pseudocode/004e77b0.c"
"0x004e7830","FUN_004e7830",51,1,"undefined4 * __thiscall FUN_004e7830(undefined4 * param_1, int param_2, int param_3)",false,false,true,"pseudocode/004e7830.c"
"0x004e7870","FUN_004e7870",36,1,"undefined8 __cdecl FUN_004e7870(undefined4 param_1, int param_2)",false,false,true,"pseudocode/004e7870.c"
"0x004e78a0","FUN_004e78a0",36,1,"undefined8 __cdecl FUN_004e78a0(undefined4 param_1, int param_2)",false,false,true,"pseudocode/004e78a0.c"
"0x004e78d0","FUN_004e78d0",121,1,"undefined4 * __thiscall FUN_004e78d0(undefined4 * param_1, uint param_2, int param_3)",false,false,true,"pseudocode/004e78d0.c"
"0x004e7950","FUN_004e7950",51,1,"undefined4 * __thiscall FUN_004e7950(undefined4 * param_1, undefined4 param_2, undefined4 param_3)",false,false,true,"pseudocode/004e7950.c"
"0x004e7990","FUN_004e7990",11,1,"undefined8 __cdecl FUN_004e7990(undefined8 param_1)",false,false,true,"pseudocode/004e7990.c"
"0x004e79a0","FUN_004e79a0",226,1,"undefined4 * __thiscall FUN_004e79a0(undefined4 * param_1, byte param_2)",false,false,true,"pseudocode/004e79a0.c"
"0x004e7a90","FUN_004e7a90",48,1,"undefined4 * __thiscall FUN_004e7a90(undefined4 * param_1, char param_2)",false,false,true,"pseudocode/004e7a90.c"
"0x004e7ac0","FUN_004e7ac0",27,1,"float10 __cdecl FUN_004e7ac0(double * param_1)",false,false,true,"pseudocode/004e7ac0.c"
"0x004e7ae0","FUN_004e7ae0",30,1,"undefined8 __cdecl FUN_004e7ae0(undefined8 * param_1)",false,false,true,"pseudocode/004e7ae0.c"
"0x004e7b00","FUN_004e7b00",105,1,"undefined __stdcall FUN_004e7b00(void)",false,false,true,"pseudocode/004e7b00.c"
"0x004e7b70","FUN_004e7b70",106,1,"undefined8 __cdecl FUN_004e7b70(undefined1 * param_1, undefined1 * param_2)",false,false,true,"pseudocode/004e7b70.c"
"0x004e7be0","FUN_004e7be0",82,1,"undefined1 * __cdecl FUN_004e7be0(undefined1 * param_1, undefined1 * param_2, undefined1 * param_3)",false,false,true,"pseudocode/004e7be0.c"
"0x004e7c40","FUN_004e7c40",495,1,"undefined __cdecl FUN_004e7c40(uint * param_1, uint * param_2, float param_3, int param_4)",false,false,true,"pseudocode/004e7c40.c"
"0x004e7e40","FUN_004e7e40",588,1,"undefined __cdecl FUN_004e7e40(uint * param_1, uint * param_2, double param_3, int param_4)",false,false,true,"pseudocode/004e7e40.c"
"0x004e80a0","FUN_004e80a0",721,1,"undefined __cdecl FUN_004e80a0(uint * param_1, uint * param_2, double param_3, undefined4 param_4, size_t param_5)",false,false,true,"pseudocode/004e80a0.c"
"0x004e8390","FUN_004e8390",443,1,"undefined __cdecl FUN_004e8390(uint * param_1, uint * param_2, float param_3)",false,false,true,"pseudocode/004e8390.c"
"0x004e8550","FUN_004e8550",534,1,"undefined __cdecl FUN_004e8550(uint * param_1, uint * param_2, double param_3)",false,false,true,"pseudocode/004e8550.c"
"0x004e8770","FUN_004e8770",157,1,"undefined8 __cdecl FUN_004e8770(char * param_1, char * param_2, undefined8 param_3, size_t param_4)",false,false,true,"pseudocode/004e8770.c"
"0x004e8820","FUN_004e8820",1269,1,"undefined __cdecl FUN_004e8820(uint * param_1, uint * param_2, undefined8 param_3, int param_4)",false,false,true,"pseudocode/004e8820.c"
"0x004e8d20","FUN_004e8d20",851,1,"undefined8 __cdecl FUN_004e8d20(char * param_1, char * param_2, undefined4 param_3, undefined4 param_4, size_t param_5)",false,false,true,"pseudocode/004e8d20.c"
"0x004e9080","FUN_004e9080",534,1,"undefined8 __cdecl FUN_004e9080(uint * param_1, uint * param_2)",false,false,true,"pseudocode/004e9080.c"
"0x004e92a0","FUN_004e92a0",597,1,"undefined8 __cdecl FUN_004e92a0(uint * param_1, uint * param_2)",false,false,true,"pseudocode/004e92a0.c"
"0x004e9500","FUN_004e9500",108,1,"undefined8 __cdecl FUN_004e9500(uint * param_1, uint * param_2, undefined4 param_3, int param_4)",false,false,true,"pseudocode/004e9500.c"
"0x004e9580","FUN_004e9580",110,1,"undefined8 __cdecl FUN_004e9580(uint * param_1, uint * param_2, undefined8 param_3, int param_4)",false,false,true,"pseudocode/004e9580.c"
"0x004e9600","FUN_004e9600",144,1,"undefined8 __cdecl FUN_004e9600(uint * param_1, uint * param_2, undefined8 param_3, size_t param_4)",false,false,true,"pseudocode/004e9600.c"
"0x004e96a0","FUN_004e96a0",43,1,"undefined4 * __cdecl FUN_004e96a0(undefined4 * param_1, undefined4 param_2, undefined4 param_3)",false,false,true,"pseudocode/004e96a0.c"
"0x004e96d0","FUN_004e96d0",52,1,"undefined4 * __cdecl FUN_004e96d0(undefined4 * param_1, undefined4 param_2)",false,false,true,"pseudocode/004e96d0.c"
"0x004e9710","FUN_004e9710",253,1,"undefined4 * __cdecl FUN_004e9710(undefined4 * param_1, undefined4 param_2, byte param_3, int param_4, undefined4 param_5, uint param_6, undefined4 param_7, undefined4 param_8, undefined4 param_9)",false,false,true,"pseudocode/004e9710.c"
"0x004e9810","FUN_004e9810",98,1,"undefined4 * __cdecl FUN_004e9810(undefined4 * param_1, undefined4 param_2, char * param_3)",false,false,true,"pseudocode/004e9810.c"
"0x004e9880","FUN_004e9880",107,1,"undefined4 * __cdecl FUN_004e9880(undefined4 * param_1, undefined4 param_2, char * param_3, int * param_4, undefined4 param_5)",false,false,true,"pseudocode/004e9880.c"
"0x004e98f0","FUN_004e98f0",179,1,"undefined __cdecl FUN_004e98f0(undefined4 * param_1, undefined4 param_2, uint param_3)",false,false,true,"pseudocode/004e98f0.c"
"0x004e99b0","FUN_004e99b0",295,1,"undefined __cdecl FUN_004e99b0(undefined4 * param_1, undefined4 param_2, uint param_3, int * param_4)",false,false,true,"pseudocode/004e99b0.c"
"0x004e9ae0","FUN_004e9ae0",16,1,"undefined4 * __cdecl FUN_004e9ae0(undefined4 * param_1, undefined4 param_2)",false,false,true,"pseudocode/004e9ae0.c"
"0x004e9af0","FUN_004e9af0",54,1,"undefined4 * __cdecl FUN_004e9af0(undefined4 * param_1)",false,false,true,"pseudocode/004e9af0.c"
"0x004e9b30","FUN_004e9b30",240,1,"undefined __cdecl FUN_004e9b30(undefined4 * param_1, undefined4 param_2, undefined4 param_3, undefined4 param_4, int * param_5)",false,false,true,"pseudocode/004e9b30.c"
"0x004e9c20","FUN_004e9c20",66,1,"undefined4 * __cdecl FUN_004e9c20(undefined4 * param_1, undefined4 param_2, char param_3)",false,false,true,"pseudocode/004e9c20.c"
"0x004e9c70","FUN_004e9c70",737,1,"undefined4 * __cdecl FUN_004e9c70(undefined4 * param_1, undefined4 param_2, byte param_3, int param_4, undefined4 param_5, uint param_6, uint param_7, undefined4 param_8, undefined4 param_9)",false,false,true,"pseudocode/004e9c70.c"
"0x004e9f60","FUN_004e9f60",125,1,"undefined __cdecl FUN_004e9f60(undefined4 * param_1, undefined4 param_2, uint param_3)",false,false,true,"pseudocode/004e9f60.c"
"0x004e9fe0","FUN_004e9fe0",142,1,"undefined4 * __cdecl FUN_004e9fe0(undefined4 * param_1, undefined4 param_2, uint param_3, int * param_4, undefined4 param_5)",false,false,true,"pseudocode/004e9fe0.c"
"0x004ea070","FUN_004ea070",125,1,"undefined __cdecl FUN_004ea070(undefined4 * param_1, undefined4 param_2, uint param_3)",false,false,true,"pseudocode/004ea070.c"
"0x004ea0f0","FUN_004ea0f0",142,1,"undefined4 * __cdecl FUN_004ea0f0(undefined4 * param_1, undefined4 param_2, uint param_3, int * param_4, undefined4 param_5)",false,false,true,"pseudocode/004ea0f0.c"
"0x004ea180","FUN_004ea180",225,1,"undefined __cdecl FUN_004ea180(undefined4 * param_1, undefined4 param_2, float param_3)",false,false,true,"pseudocode/004ea180.c"
"0x004ea270","FUN_004ea270",2353,1,"undefined __cdecl FUN_004ea270(undefined4 * param_1, undefined4 param_2, float param_3, int * param_4)",false,false,true,"pseudocode/004ea270.c"
"0x004eac00","FUN_004eac00",231,1,"undefined __cdecl FUN_004eac00(undefined4 * param_1, undefined4 param_2, double param_3)",false,false,true,"pseudocode/004eac00.c"
"0x004eacf0","FUN_004eacf0",2367,1,"undefined __cdecl FUN_004eacf0(undefined4 * param_1, undefined4 param_2, double param_3, int * param_4)",false,false,true,"pseudocode/004eacf0.c"
"0x004eb690","FUN_004eb690",2367,1,"undefined __cdecl FUN_004eb690(undefined4 * param_1, undefined4 param_2, double param_3, int * param_4)",false,false,true,"pseudocode/004eb690.c"
"0x004ec030","FUN_004ec030",129,1,"undefined __cdecl FUN_004ec030(undefined4 * param_1, undefined4 param_2, int param_3, int param_4)",false,false,true,"pseudocode/004ec030.c"
"0x004ec0c0","FUN_004ec0c0",146,1,"undefined4 * __cdecl FUN_004ec0c0(undefined4 * param_1, undefined4 param_2, uint param_3, uint param_4, int * param_5, undefined4 param_6)",false,false,true,"pseudocode/004ec0c0.c"
"0x004ec160","FUN_004ec160",129,1,"undefined __cdecl FUN_004ec160(undefined4 * param_1, undefined4 param_2, undefined4 param_3, undefined4 param_4)",false,false,true,"pseudocode/004ec160.c"
"0x004ec1f0","FUN_004ec1f0",146,1,"undefined4 * __cdecl FUN_004ec1f0(undefined4 * param_1, undefined4 param_2, uint param_3, int param_4, int * param_5, undefined4 param_6)",false,false,true,"pseudocode/004ec1f0.c"
"0x004ec290","FUN_004ec290",228,1,"undefined __cdecl FUN_004ec290(undefined4 * param_1, undefined4 param_2, undefined4 param_3, undefined4 param_4, undefined4 param_5, undefined4 param_6)",false,false,true,"pseudocode/004ec290.c"
"0x004ec380","FUN_004ec380",93,1,"undefined __cdecl FUN_004ec380(undefined4 * param_1, undefined4 param_2, undefined4 param_3, undefined4 param_4, undefined4 param_5, undefined4 param_6)",false,false,true,"pseudocode/004ec380.c"
"0x004ec3e0","FUN_004ec3e0",61,1,"char * __cdecl FUN_004ec3e0(char * param_1, void * param_2, uint param_3)",false,false,true,"pseudocode/004ec3e0.c"
"0x004ec420","FUN_004ec420",98,1,"uint __stdcall FUN_004ec420(void)",false,false,true,"pseudocode/004ec420.c"
"0x004ec490","FUN_004ec490",98,1,"uint __stdcall FUN_004ec490(void)",false,false,true,"pseudocode/004ec490.c"
"0x004ec500","FUN_004ec500",38,1,"undefined __stdcall FUN_004ec500(void)",false,false,true,"pseudocode/004ec500.c"
"0x004ec530","FUN_004ec530",100,1,"undefined __fastcall FUN_004ec530(int * param_1)",false,false,true,"pseudocode/004ec530.c"
"0x004ec5a0","FUN_004ec5a0",206,1,"_Ptr_base<struct__EXCEPTION_RECORD_const_> * __cdecl FUN_004ec5a0(_Ptr_base<struct__EXCEPTION_RECORD_const_> * param_1, undefined1 param_2, char param_3)",false,false,true,"pseudocode/004ec5a0.c"
"0x004ec6c0","FUN_004ec6c0",201,1,"_Ptr_base<struct__EXCEPTION_RECORD_const_> * __cdecl FUN_004ec6c0(_Ptr_base<struct__EXCEPTION_RECORD_const_> * param_1, undefined1 param_2, int param_3)",false,false,true,"pseudocode/004ec6c0.c"
"0x004ec7e0","FUN_004ec7e0",206,1,"_Ptr_base<struct__EXCEPTION_RECORD_const_> * __cdecl FUN_004ec7e0(_Ptr_base<struct__EXCEPTION_RECORD_const_> * param_1, undefined1 param_2, int param_3, int param_4)",false,false,true,"pseudocode/004ec7e0.c"
"0x004ec900","FUN_004ec900",34,1,"undefined __cdecl FUN_004ec900(undefined4 * param_1)",false,false,true,"pseudocode/004ec900.c"
"0x004ec930","FUN_004ec930",26,1,"undefined __cdecl FUN_004ec930(undefined1 * param_1)",false,false,true,"pseudocode/004ec930.c"
"0x004ec950","FUN_004ec950",26,1,"undefined __cdecl FUN_004ec950(undefined4 * param_1)",false,false,true,"pseudocode/004ec950.c"
"0x004ec970","FUN_004ec970",26,1,"undefined __cdecl FUN_004ec970(float * param_1)",false,false,true,"pseudocode/004ec970.c"
"0x004ec990","FUN_004ec990",34,1,"float10 __cdecl FUN_004ec990(double * param_1)",false,false,true,"pseudocode/004ec990.c"
"0x004ec9c0","FUN_004ec9c0",33,1,"undefined4 * __cdecl FUN_004ec9c0(undefined4 * param_1, undefined4 * param_2)",false,false,true,"pseudocode/004ec9c0.c"
"0x004ec9f0","FUN_004ec9f0",26,1,"undefined8 __cdecl FUN_004ec9f0(undefined8 * param_1)",false,false,true,"pseudocode/004ec9f0.c"
"0x004eca10","FUN_004eca10",17,1,"undefined __cdecl FUN_004eca10(int param_1)",false,false,true,"pseudocode/004eca10.c"
"0x004eca30","FUN_004eca30",15,1,"int __cdecl FUN_004eca30(int * param_1, int * param_2)",false,false,true,"pseudocode/004eca30.c"
"0x004eca40","FUN_004eca40",18,1,"undefined __cdecl FUN_004eca40(byte param_1)",false,false,true,"pseudocode/004eca40.c"
"0x004eca60","FUN_004eca60",17,1,"undefined __cdecl FUN_004eca60(int param_1)",false,false,true,"pseudocode/004eca60.c"
"0x004eca80","FUN_004eca80",17,1,"undefined __cdecl FUN_004eca80(uint param_1)",false,false,true,"pseudocode/004eca80.c"
"0x004ecaa0","FUN_004ecaa0",21,1,"undefined __cdecl FUN_004ecaa0(uint param_1, uint param_2)",false,false,true,"pseudocode/004ecaa0.c"
"0x004ecac0","FUN_004ecac0",21,1,"undefined __cdecl FUN_004ecac0(uint param_1, int param_2)",false,false,true,"pseudocode/004ecac0.c"
"0x004ecae0","FUN_004ecae0",39,1,"bool __cdecl FUN_004ecae0(byte param_1)",false,false,true,"pseudocode/004ecae0.c"
"0x004ecb10","FUN_004ecb10",54,1,"undefined1 __cdecl FUN_004ecb10(int param_1)",false,false,true,"pseudocode/004ecb10.c"
"0x004ecb50","FUN_004ecb50",44,1,"bool __cdecl FUN_004ecb50(uint param_1)",false,false,true,"pseudocode/004ecb50.c"
"0x004ecb80","FUN_004ecb80",84,1,"undefined4 __cdecl FUN_004ecb80(uint param_1, uint param_2)",false,false,true,"pseudocode/004ecb80.c"
"0x004ecbe0","FUN_004ecbe0",57,1,"undefined4 __cdecl FUN_004ecbe0(uint param_1, int param_2)",false,false,true,"pseudocode/004ecbe0.c"
"0x004ecc20","FUN_004ecc20",66,1,"undefined4 __cdecl FUN_004ecc20(uint param_1, int param_2)",false,false,true,"pseudocode/004ecc20.c"
"0x004ecc70","FUN_004ecc70",623,1,"undefined __cdecl FUN_004ecc70(char * param_1, char * param_2, byte param_3, int param_4)",false,false,true,"pseudocode/004ecc70.c"
"0x004ecf30","FUN_004ecf30",931,1,"undefined __cdecl FUN_004ecf30(char * param_1, char * param_2, undefined4 param_3, undefined4 param_4, uint param_5)",false,false,true,"pseudocode/004ecf30.c"
"0x004ed320","FUN_004ed320",626,1,"undefined __cdecl FUN_004ed320(void * param_1, char * param_2, int param_3, uint param_4, uint param_5)",false,false,true,"pseudocode/004ed320.c"
"0x004ed5a0","FUN_004ed5a0",9,1,"undefined1 __cdecl FUN_004ed5a0(undefined1 param_1)",false,false,true,"pseudocode/004ed5a0.c"
"0x004ed5b0","FUN_004ed5b0",113,1,"char * __cdecl FUN_004ed5b0(char * param_1)",false,false,true,"pseudocode/004ed5b0.c"
"0x004ed630","FUN_004ed630",14,1,"undefined1 __stdcall FUN_004ed630(void)",false,false,true,"pseudocode/004ed630.c"
"0x004ed640","FUN_004ed640",252,1,"undefined __cdecl FUN_004ed640(undefined4 param_1, undefined4 param_2, int * param_3)",false,false,true,"pseudocode/004ed640.c"
"0x004ed740","FUN_004ed740",17,1,"int __cdecl FUN_004ed740(int param_1)",false,false,true,"pseudocode/004ed740.c"
"0x004ed760","FUN_004ed760",34,1,"undefined __thiscall FUN_004ed760(char * param_1)",false,false,true,"pseudocode/004ed760.c"
"0x004ed790","FUN_004ed790",80,1,"undefined __thiscall FUN_004ed790(char * param_1)",false,false,true,"pseudocode/004ed790.c"
"0x004ed7e0","FUN_004ed7e0",35,1,"undefined __fastcall FUN_004ed7e0(int * param_1)",false,false,true,"pseudocode/004ed7e0.c"
"0x004ed810","FUN_004ed810",81,1,"undefined __fastcall FUN_004ed810(int * param_1)",false,false,true,"pseudocode/004ed810.c"
"0x004ed870","FUN_004ed870",79,1,"undefined __thiscall FUN_004ed870(char * param_1)",false,false,true,"pseudocode/004ed870.c"
"0x004ed8c0","FUN_004ed8c0",80,1,"undefined __fastcall FUN_004ed8c0(undefined4 * param_1)",false,false,true,"pseudocode/004ed8c0.c"
"0x004ed910","FUN_004ed910",494,2,"undefined __thiscall FUN_004ed910(char param_1)",false,false,true,"pseudocode/004ed910.c"
"0x004edbd0","FUN_004edbd0",251,2,"byte * __cdecl FUN_004edbd0(byte * param_1, byte * param_2, int * param_3)",false,false,true,"pseudocode/004edbd0.c"
"0x004edcd0","FUN_004edcd0",209,1,"undefined __cdecl FUN_004edcd0(char * param_1, char * param_2, undefined4 * param_3)",false,false,true,"pseudocode/004edcd0.c"
"0x004eddb0","FUN_004eddb0",209,1,"undefined __cdecl FUN_004eddb0(char * param_1, char * param_2, undefined4 * param_3)",false,false,true,"pseudocode/004eddb0.c"
"0x004ede90","FUN_004ede90",209,1,"undefined __cdecl FUN_004ede90(char * param_1, char * param_2, undefined4 * param_3)",false,false,true,"pseudocode/004ede90.c"
"0x004edf70","FUN_004edf70",448,1,"byte * __cdecl FUN_004edf70(byte * param_1, byte * param_2, int * param_3)",false,false,true,"pseudocode/004edf70.c"
"0x004ee130","FUN_004ee130",249,1,"undefined __cdecl FUN_004ee130(undefined4 param_1, undefined4 param_2, char * * param_3)",false,false,true,"pseudocode/004ee130.c"
"0x004ee230","FUN_004ee230",71,1,"undefined __cdecl FUN_004ee230(char * param_1, char * param_2, uint * param_3)",false,false,true,"pseudocode/004ee230.c"
"0x004ee280","FUN_004ee280",140,1,"char * __cdecl FUN_004ee280(char * param_1, char * param_2, uint * param_3)",false,false,true,"pseudocode/004ee280.c"
"0x004ee310","FUN_004ee310",235,1,"undefined __cdecl FUN_004ee310(char * param_1, char * param_2, void * param_3)",false,false,true,"pseudocode/004ee310.c"
"0x004ee400","FUN_004ee400",300,1,"undefined __cdecl FUN_004ee400(int param_1, byte * param_2, char * * param_3)",false,false,true,"pseudocode/004ee400.c"
"0x004ee530","FUN_004ee530",199,1,"undefined __cdecl FUN_004ee530(char * param_1, char * param_2, void * param_3)",false,false,true,"pseudocode/004ee530.c"
"0x004ee600","FUN_004ee600",309,1,"undefined __thiscall FUN_004ee600(uint param_1, undefined4 param_2, size_t param_3, char param_4)",false,false,true,"pseudocode/004ee600.c"
"0x004ee740","FUN_004ee740",29,1,"undefined __cdecl FUN_004ee740(void * param_1, undefined4 param_2)",false,false,true,"pseudocode/004ee740.c"
"0x004ee760","FUN_004ee760",24,1,"undefined __cdecl FUN_004ee760(undefined4 * param_1, undefined4 param_2)",false,false,true,"pseudocode/004ee760.c"
"0x004ee780","FUN_004ee780",38,1,"undefined __thiscall FUN_004ee780(int param_1, undefined4 param_2)",false,false,true,"pseudocode/004ee780.c"
"0x004ee7b0","FUN_004ee7b0",131,1,"undefined __thiscall FUN_004ee7b0(int param_1, byte param_2, undefined4 param_3)",false,false,true,"pseudocode/004ee7b0.c"
"0x004ee840","FUN_004ee840",13,1,"undefined __cdecl FUN_004ee840(undefined4 * param_1)",false,false,true,"pseudocode/004ee840.c"
"0x004ee850","FUN_004ee850",17,1,"undefined __cdecl FUN_004ee850(undefined4 * param_1)",false,false,true,"pseudocode/004ee850.c"
"0x004ee870","FUN_004ee870",845,2,"undefined4 * __thiscall FUN_004ee870(undefined4 * param_1, undefined4 param_2)",false,false,true,"pseudocode/004ee870.c"
"0x004eec20","FUN_004eec20",845,2,"undefined4 * __thiscall FUN_004eec20(undefined4 * param_1, undefined4 param_2)",false,false,true,"pseudocode/004eec20.c"
"0x004eefd0","FUN_004eefd0",542,2,"undefined4 __thiscall FUN_004eefd0(undefined4 param_1)",false,false,true,"pseudocode/004eefd0.c"
"0x004ef250","FUN_004ef250",542,2,"undefined4 __thiscall FUN_004ef250(undefined4 param_1)",false,false,true,"pseudocode/004ef250.c"
"0x004ef4d0","FUN_004ef4d0",66,1,"undefined4 * __cdecl FUN_004ef4d0(undefined4 * param_1, undefined1 * param_2, undefined1 * param_3, undefined4 param_4)",false,false,true,"pseudocode/004ef4d0.c"
"0x004ef520","FUN_004ef520",350,1,"undefined __cdecl FUN_004ef520(undefined4 * param_1, undefined4 param_2, int param_3, int * param_4, char param_5)",false,false,true,"pseudocode/004ef520.c"
"0x004ef680","FUN_004ef680",350,1,"undefined __cdecl FUN_004ef680(undefined4 * param_1, undefined4 param_2, int param_3, int * param_4, char param_5, void * param_6)",false,false,true,"pseudocode/004ef680.c"
"0x004ef7e0","FUN_004ef7e0",350,1,"undefined __cdecl FUN_004ef7e0(undefined4 * param_1, undefined4 param_2, int param_3, int * param_4, char param_5, void * param_6)",false,false,true,"pseudocode/004ef7e0.c"
"0x004ef940","FUN_004ef940",350,1,"undefined __cdecl FUN_004ef940(undefined4 * param_1, undefined4 param_2, int param_3, int * param_4, char param_5, void * param_6)",false,false,true,"pseudocode/004ef940.c"
"0x004efaa0","FUN_004efaa0",350,1,"undefined __cdecl FUN_004efaa0(undefined4 * param_1, undefined4 param_2, int param_3, int * param_4, char param_5, void * param_6)",false,false,true,"pseudocode/004efaa0.c"
"0x004efc00","FUN_004efc00",350,1,"undefined __cdecl FUN_004efc00(undefined4 * param_1, undefined4 param_2, int param_3, int * param_4, char param_5, void * param_6)",false,false,true,"pseudocode/004efc00.c"
"0x004efd60","FUN_004efd60",350,1,"undefined __cdecl FUN_004efd60(undefined4 * param_1, undefined4 param_2, int param_3, int * param_4, char param_5, void * param_6)",false,false,true,"pseudocode/004efd60.c"
"0x004efec0","FUN_004efec0",350,1,"undefined __cdecl FUN_004efec0(undefined4 * param_1, undefined4 param_2, int param_3, int * param_4, char param_5, void * param_6)",false,false,true,"pseudocode/004efec0.c"
"0x004f0020","FUN_004f0020",1236,1,"undefined __cdecl FUN_004f0020(undefined4 * param_1, undefined4 param_2, byte param_3, int param_4, undefined4 param_5, uint param_6, undefined4 param_7, undefined4 param_8, undefined4 param_9)",false,false,true,"pseudocode/004f0020.c"
"0x004f0540","FUN_004f0540",1207,1,"undefined __cdecl FUN_004f0540(undefined4 * param_1, undefined4 param_2, uint param_3, int param_4, undefined4 param_5, uint param_6, undefined4 param_7, undefined4 param_8, undefined4 param_9)",false,false,true,"pseudocode/004f0540.c"
"0x004f0a40","FUN_004f0a40",1207,1,"undefined __cdecl FUN_004f0a40(undefined4 * param_1, undefined4 param_2, uint param_3, int param_4, undefined4 param_5, uint param_6, undefined4 param_7, undefined4 param_8, undefined4 param_9)",false,false,true,"pseudocode/004f0a40.c"
"0x004f0f40","FUN_004f0f40",1263,1,"undefined __cdecl FUN_004f0f40(undefined4 * param_1, undefined4 param_2, uint param_3, uint param_4, int param_5, undefined4 param_6, uint param_7, undefined4 param_8, undefined4 param_9, undefined4 param_10)",false,false,true,"pseudocode/004f0f40.c"
"0x004f1480","FUN_004f1480",1261,1,"undefined __cdecl FUN_004f1480(undefined4 * param_1, undefined4 param_2, uint param_3, int param_4, int param_5, undefined4 param_6, uint param_7, undefined4 param_8, undefined4 param_9, undefined4 param_10)",false,false,true,"pseudocode/004f1480.c"
"0x004f19c0","FUN_004f19c0",410,1,"undefined __cdecl FUN_004f19c0(undefined4 * param_1, undefined1 * param_2, int param_3)",false,false,true,"pseudocode/004f19c0.c"
"0x004f1b60","FUN_004f1b60",164,1,"undefined4 * __cdecl FUN_004f1b60(undefined4 * param_1, undefined4 param_2, char param_3, char param_4)",false,false,true,"pseudocode/004f1b60.c"
"0x004f1c10","FUN_004f1c10",603,1,"undefined __cdecl FUN_004f1c10(void * param_1, uint * param_2, uint * param_3, undefined8 param_4, int param_5)",false,false,true,"pseudocode/004f1c10.c"
"0x004f1e70","FUN_004f1e70",393,1,"void * __cdecl FUN_004f1e70(void * param_1, uint * param_2, uint * param_3, undefined4 param_4, int param_5)",false,false,true,"pseudocode/004f1e70.c"
"0x004f2000","FUN_004f2000",1575,1,"undefined __cdecl FUN_004f2000(void * param_1, uint * param_2, int param_3, uint param_4, size_t param_5, int param_6, uint param_7, int param_8)",false,false,true,"pseudocode/004f2000.c"
"0x004f2630","FUN_004f2630",2632,1,"undefined __cdecl FUN_004f2630(void * param_1, uint * param_2, char * param_3, uint param_4, uint param_5, size_t param_6, undefined4 param_7, int param_8, undefined8 param_9)",false,false,true,"pseudocode/004f2630.c"
"0x004f3080","FUN_004f3080",21,1,"undefined __cdecl FUN_004f3080(int * param_1, int param_2)",false,false,true,"pseudocode/004f3080.c"
"0x004f30a0","FUN_004f30a0",20,1,"undefined1 __cdecl FUN_004f30a0(undefined1 * param_1)",false,false,true,"pseudocode/004f30a0.c"
"0x004f30c0","FUN_004f30c0",33,1,"undefined4 * __cdecl FUN_004f30c0(undefined4 * param_1, undefined4 * param_2)",false,false,true,"pseudocode/004f30c0.c"
"0x004f30f0","FUN_004f30f0",162,2,"undefined __cdecl FUN_004f30f0(LPINIT_ONCE param_1, undefined4 param_2)",false,false,true,"pseudocode/004f30f0.c"
"0x004f31a0","FUN_004f31a0",49,1,"undefined __cdecl FUN_004f31a0(undefined4 param_1)",false,false,true,"pseudocode/004f31a0.c"
"0x004f31e0","FUN_004f31e0",208,1,"undefined __cdecl FUN_004f31e0(undefined4 * param_1, undefined4 param_2, undefined4 param_3, undefined4 param_4)",false,false,true,"pseudocode/004f31e0.c"
"0x004f32b0","FUN_004f32b0",73,1,"undefined4 * __stdcall FUN_004f32b0(void)",false,false,true,"pseudocode/004f32b0.c"
"0x004f3300","FUN_004f3300",14,1,"int __cdecl FUN_004f3300(int param_1, int param_2)",false,false,true,"pseudocode/004f3300.c"
"0x004f3310","FUN_004f3310",11,1,"int __cdecl FUN_004f3310(int param_1)",false,false,true,"pseudocode/004f3310.c"
"0x004f3320","FUN_004f3320",13,1,"int __cdecl FUN_004f3320(int param_1)",false,false,true,"pseudocode/004f3320.c"
"0x004f3330","FUN_004f3330",11,1,"int __cdecl FUN_004f3330(int param_1)",false,false,true,"pseudocode/004f3330.c"
"0x004f3340","FUN_004f3340",13,1,"int __cdecl FUN_004f3340(int param_1)",false,false,true,"pseudocode/004f3340.c"
"0x004f3350","FUN_004f3350",127,1,"undefined __cdecl FUN_004f3350(undefined4 param_1, undefined4 param_2, byte * param_3)",false,false,true,"pseudocode/004f3350.c"
"0x004f33d0","FUN_004f33d0",143,1,"undefined __stdcall FUN_004f33d0(void)",false,false,true,"pseudocode/004f33d0.c"
"0x004f3460","FUN_004f3460",148,1,"undefined4 * __cdecl FUN_004f3460(undefined4 * param_1)",false,false,true,"pseudocode/004f3460.c"
"0x004f3500","FUN_004f3500",252,1,"undefined __stdcall FUN_004f3500(void)",false,false,true,"pseudocode/004f3500.c"
"0x004f3600","FUN_004f3600",18,1,"undefined __cdecl FUN_004f3600(byte param_1)",false,false,true,"pseudocode/004f3600.c"
"0x004f3620","FUN_004f3620",17,1,"undefined __cdecl FUN_004f3620(int param_1)",false,false,true,"pseudocode/004f3620.c"
"0x004f3640","FUN_004f3640",17,1,"undefined __cdecl FUN_004f3640(uint param_1)",false,false,true,"pseudocode/004f3640.c"
"0x004f3660","FUN_004f3660",21,1,"undefined __cdecl FUN_004f3660(uint param_1, uint param_2)",false,false,true,"pseudocode/004f3660.c"
"0x004f3680","FUN_004f3680",21,1,"undefined __cdecl FUN_004f3680(uint param_1, int param_2)",false,false,true,"pseudocode/004f3680.c"
"0x004f36a0","FUN_004f36a0",21,1,"undefined __cdecl FUN_004f36a0(uint param_1, int param_2)",false,false,true,"pseudocode/004f36a0.c"
"0x004f36c0","FUN_004f36c0",14,1,"undefined __stdcall FUN_004f36c0(void)",false,false,true,"pseudocode/004f36c0.c"
"0x004f36d0","FUN_004f36d0",51,1,"bool __stdcall FUN_004f36d0(void)",false,false,true,"pseudocode/004f36d0.c"
"0x004f3710","FUN_004f3710",53,1,"bool __stdcall FUN_004f3710(void)",false,false,true,"pseudocode/004f3710.c"
"0x004f3750","FUN_004f3750",52,1,"bool __stdcall FUN_004f3750(void)",false,false,true,"pseudocode/004f3750.c"
"0x004f3790","FUN_004f3790",54,1,"bool __stdcall FUN_004f3790(void)",false,false,true,"pseudocode/004f3790.c"
"0x004f37d0","FUN_004f37d0",218,1,"undefined __cdecl FUN_004f37d0(undefined4 param_1, undefined4 param_2, uint * param_3)",false,false,true,"pseudocode/004f37d0.c"
"0x004f38b0","FUN_004f38b0",17,1,"undefined1 __stdcall FUN_004f38b0(void)",false,false,true,"pseudocode/004f38b0.c"
"0x004f38d0","FUN_004f38d0",20,1,"void * __cdecl FUN_004f38d0(void * param_1, undefined4 param_2)",false,false,true,"pseudocode/004f38d0.c"
"0x004f38f0","FUN_004f38f0",24,1,"int __cdecl FUN_004f38f0(int param_1, int param_2)",false,false,true,"pseudocode/004f38f0.c"
"0x004f3910","FUN_004f3910",287,1,"undefined __cdecl FUN_004f3910(locale * param_1)",false,false,true,"pseudocode/004f3910.c"
"0x004f3a30","FUN_004f3a30",84,1,"undefined4 * __cdecl FUN_004f3a30(undefined4 * param_1, undefined4 param_2, undefined4 param_3, undefined4 param_4, undefined4 param_5, undefined4 param_6)",false,false,true,"pseudocode/004f3a30.c"
"0x004f3a90","FUN_004f3a90",84,1,"undefined4 * __cdecl FUN_004f3a90(undefined4 * param_1, undefined4 param_2, undefined4 param_3, undefined4 param_4, undefined4 param_5, undefined4 param_6)",false,false,true,"pseudocode/004f3a90.c"
"0x004f3af0","FUN_004f3af0",33,1,"undefined4 * __cdecl FUN_004f3af0(undefined4 * param_1, undefined4 param_2)",false,false,true,"pseudocode/004f3af0.c"
"0x004f3b20","FUN_004f3b20",33,1,"undefined4 * __cdecl FUN_004f3b20(undefined4 * param_1, undefined4 param_2)",false,false,true,"pseudocode/004f3b20.c"
"0x004f3b50","FUN_004f3b50",26,1,"undefined __cdecl FUN_004f3b50(undefined4 param_1)",false,false,true,"pseudocode/004f3b50.c"
"0x004f3b70","FUN_004f3b70",26,1,"undefined __cdecl FUN_004f3b70(undefined4 param_1)",false,false,true,"pseudocode/004f3b70.c"
"0x004f3b90","FUN_004f3b90",65,1,"undefined4 * __thiscall FUN_004f3b90(undefined4 * param_1, undefined4 * param_2, undefined4 * param_3, undefined4 * param_4)",false,false,true,"pseudocode/004f3b90.c"
"0x004f3be0","FUN_004f3be0",69,1,"undefined4 * __thiscall FUN_004f3be0(undefined4 param_1, undefined4 param_2, undefined4 param_3, undefined4 param_4, undefined4 param_5, undefined4 param_6)",false,false,true,"pseudocode/004f3be0.c"
"0x004f3c30","FUN_004f3c30",43,1,"undefined4 * __thiscall FUN_004f3c30(undefined4 * param_1, undefined4 * param_2)",false,false,true,"pseudocode/004f3c30.c"
"0x004f3c60","FUN_004f3c60",150,1,"undefined4 * __thiscall FUN_004f3c60(undefined4 param_1, undefined4 param_2, undefined4 param_3, undefined4 param_4, undefined4 param_5, undefined4 param_6, undefined4 param_7, undefined4 param_8, undefined4 param_9, undefined4 param_10, undefined4 param_11, undefined4 param_12, undefined4 param_13, undefined4 param_14, undefined4 param_15)",false,false,true,"pseudocode/004f3c60.c"
"0x004f3d00","FUN_004f3d00",105,1,"undefined4 * __thiscall FUN_004f3d00(undefined4 param_1, undefined4 param_2, undefined4 param_3, undefined4 param_4, undefined4 param_5, undefined4 param_6, undefined4 param_7, undefined4 param_8, undefined4 param_9, undefined4 param_10)",false,false,true,"pseudocode/004f3d00.c"
"0x004f3d70","FUN_004f3d70",103,1,"undefined4 * __fastcall FUN_004f3d70(undefined4 * param_1)",false,false,true,"pseudocode/004f3d70.c"
"0x004f3de0","GdiplusStartupInput",52,1,"undefined __thiscall GdiplusStartupInput(_func_void_DebugEventLevel_char_ptr * param_1, int param_2, int param_3)",false,false,true,"pseudocode/004f3de0.c"
"0x004f3e20","FUN_004f3e20",23,1,"UINT * __fastcall FUN_004f3e20(UINT * param_1)",false,false,true,"pseudocode/004f3e20.c"
"0x004f3e40","FUN_004f3e40",40,1,"UINT * __fastcall FUN_004f3e40(UINT * param_1)",false,false,true,"pseudocode/004f3e40.c"
"0x004f3e70","FUN_004f3e70",58,1,"GdiplusStartupInput * __fastcall FUN_004f3e70(GdiplusStartupInput * param_1)",false,false,true,"pseudocode/004f3e70.c"
"0x004f3eb0","FUN_004f3eb0",90,1,"GdiplusStartupInput * __thiscall FUN_004f3eb0(undefined4 param_1, undefined4 param_2)",false,false,true,"pseudocode/004f3eb0.c"
"0x004f3f10","FUN_004f3f10",148,1,"uint * __thiscall FUN_004f3f10(undefined4 param_1)",false,false,true,"pseudocode/004f3f10.c"
"0x004f3fb0","FUN_004f3fb0",84,1,"void * __thiscall FUN_004f3fb0(undefined4 param_1, undefined4 param_2, undefined4 param_3, undefined4 param_4, undefined4 param_5, undefined4 param_6)",false,false,true,"pseudocode/004f3fb0.c"
"0x004f4010","FUN_004f4010",61,1,"undefined4 * __thiscall FUN_004f4010(undefined4 * param_1, undefined1 param_2)",false,false,true,"pseudocode/004f4010.c"
"0x004f4050","FUN_004f4050",46,1,"void * __thiscall FUN_004f4050(undefined4 param_1, undefined4 param_2, undefined4 param_3)",false,false,true,"pseudocode/004f4050.c"
"0x004f4080","_Yarn<char>",30,1,"undefined __thiscall _Yarn<char>(void)",false,false,true,"pseudocode/004f4080.c"
"0x004f40a0","_Yarn<wchar_t>",32,1,"undefined __thiscall _Yarn<wchar_t>(void)",false,false,true,"pseudocode/004f40a0.c"
"0x004f40c0","FUN_004f40c0",75,1,"undefined4 __fastcall FUN_004f40c0(undefined4 param_1)",false,false,true,"pseudocode/004f40c0.c"
"0x004f4110","FUN_004f4110",78,1,"undefined4 __fastcall FUN_004f4110(undefined4 param_1)",false,false,true,"pseudocode/004f4110.c"
"0x004f4170","FUN_004f4170",78,1,"undefined4 __fastcall FUN_004f4170(undefined4 param_1)",false,false,true,"pseudocode/004f4170.c"
"0x004f41d0","FUN_004f41d0",81,1,"undefined4 __fastcall FUN_004f41d0(undefined4 param_1)",false,false,true,"pseudocode/004f41d0.c"
"0x004f4230","FUN_004f4230",31,1,"undefined1 * __thiscall FUN_004f4230(undefined1 param_1)",false,false,true,"pseudocode/004f4230.c"
"0x004f4250","FUN_004f4250",31,1,"undefined1 * __thiscall FUN_004f4250(undefined4 param_1)",false,false,true,"pseudocode/004f4250.c"
"0x004f4270","FUN_004f4270",31,1,"undefined1 * __thiscall FUN_004f4270(undefined4 param_1)",false,false,true,"pseudocode/004f4270.c"
"0x004f4290","FUN_004f4290",35,1,"undefined1 * __thiscall FUN_004f4290(undefined4 param_1)",false,false,true,"pseudocode/004f4290.c"
"0x004f42c0","FUN_004f42c0",35,1,"undefined1 * __thiscall FUN_004f42c0(undefined8 param_1)",false,false,true,"pseudocode/004f42c0.c"
"0x004f42f0","FUN_004f42f0",35,1,"undefined1 * __thiscall FUN_004f42f0(undefined8 param_1)",false,false,true,"pseudocode/004f42f0.c"
"0x004f4320","FUN_004f4320",31,1,"undefined1 * __thiscall FUN_004f4320(undefined4 param_1)",false,false,true,"pseudocode/004f4320.c"
"0x004f4340","FUN_004f4340",31,1,"undefined1 * __thiscall FUN_004f4340(undefined4 param_1)",false,false,true,"pseudocode/004f4340.c"
"0x004f4360","FUN_004f4360",37,1,"undefined1 * __thiscall FUN_004f4360(undefined4 param_1, undefined4 param_2)",false,false,true,"pseudocode/004f4360.c"
"0x004f4390","FUN_004f4390",37,1,"undefined1 * __thiscall FUN_004f4390(undefined4 param_1, undefined4 param_2)",false,false,true,"pseudocode/004f4390.c"
"0x004f43c0","FUN_004f43c0",37,1,"undefined1 * __thiscall FUN_004f43c0(undefined4 param_1, undefined4 param_2)",false,false,true,"pseudocode/004f43c0.c"
"0x004f43f0","FUN_004f43f0",37,1,"undefined1 * __thiscall FUN_004f43f0(undefined4 param_1, undefined4 param_2)",false,false,true,"pseudocode/004f43f0.c"
"0x004f4420","FUN_004f4420",31,1,"undefined1 * __thiscall FUN_004f4420(undefined1 param_1)",false,false,true,"pseudocode/004f4420.c"
"0x004f4440","FUN_004f4440",30,1,"undefined1 * __fastcall FUN_004f4440(undefined1 * param_1)",false,false,true,"pseudocode/004f4440.c"
"0x004f4460","FUN_004f4460",35,1,"undefined4 * __fastcall FUN_004f4460(undefined4 * param_1)",false,false,true,"pseudocode/004f4460.c"
"0x004f4490","FUN_004f4490",63,1,"undefined4 * __thiscall FUN_004f4490(undefined4 param_1, undefined4 * param_2, undefined4 * param_3)",false,false,true,"pseudocode/004f4490.c"
"0x004f44d0","FUN_004f44d0",49,1,"undefined4 * __thiscall FUN_004f44d0(undefined4 param_1, undefined4 param_2, undefined4 param_3)",false,false,true,"pseudocode/004f44d0.c"
"0x004f4510","numpunct<>",111,1,"facet * __thiscall numpunct<>(_Locinfo * param_1, uint param_2, char param_3)",false,false,true,"pseudocode/004f4510.c"
"0x004f4580","FUN_004f4580",133,1,"undefined4 * __fastcall FUN_004f4580(undefined4 * param_1)",false,false,true,"pseudocode/004f4580.c"
"0x004f4610","FUN_004f4610",58,1,"undefined4 * __fastcall FUN_004f4610(undefined4 * param_1)",false,false,true,"pseudocode/004f4610.c"
"0x004f4650","FUN_004f4650",68,1,"undefined4 * __fastcall FUN_004f4650(undefined4 * param_1)",false,false,true,"pseudocode/004f4650.c"
"0x004f46a0","FUN_004f46a0",794,1,"undefined4 * __fastcall FUN_004f46a0(undefined4 * param_1)",false,false,true,"pseudocode/004f46a0.c"
"0x004f49c0","FUN_004f49c0",440,1,"undefined4 * __fastcall FUN_004f49c0(undefined4 * param_1)",false,false,true,"pseudocode/004f49c0.c"
"0x004f4b80","FUN_004f4b80",291,1,"int __fastcall FUN_004f4b80(int param_1)",false,false,true,"pseudocode/004f4b80.c"
"0x004f4cb0","FUN_004f4cb0",413,1,"undefined4 * __fastcall FUN_004f4cb0(undefined4 * param_1)",false,false,true,"pseudocode/004f4cb0.c"
"0x004f4e50","FUN_004f4e50",23,1,"undefined4 * __fastcall FUN_004f4e50(undefined4 * param_1)",false,false,true,"pseudocode/004f4e50.c"
"0x004f4e70","FUN_004f4e70",69,1,"uint * __thiscall FUN_004f4e70(uint param_1)",false,false,true,"pseudocode/004f4e70.c"
"0x004f4ec0","FUN_004f4ec0",46,1,"uint * __fastcall FUN_004f4ec0(uint * param_1)",false,false,true,"pseudocode/004f4ec0.c"
"0x004f4ef0","_Locinfo",215,1,"undefined __thiscall _Locinfo(char * param_1)",false,false,true,"pseudocode/004f4ef0.c"
"0x004f4fd0","FUN_004f4fd0",74,1,"undefined4 * __thiscall FUN_004f4fd0(undefined4 param_1, undefined4 param_2)",false,false,true,"pseudocode/004f4fd0.c"
"0x004f5020","FUN_004f5020",37,1,"exception * __thiscall FUN_004f5020(exception * param_1)",false,false,true,"pseudocode/004f5020.c"
"0x004f5050","bad_alloc",38,1,"undefined __thiscall bad_alloc(void)",false,false,true,"pseudocode/004f5050.c"
"0x004f5080","facet",42,1,"undefined __thiscall facet(uint param_1)",false,false,true,"pseudocode/004f5080.c"
"0x004f50b0","FID_conflict:evaluation_error",37,1,"undefined4 * __thiscall FID_conflict:evaluation_error(exception * param_1)",false,false,true,"pseudocode/004f50b0.c"
"0x004f50e0","FID_conflict:length_error",37,1,"undefined4 * __thiscall FID_conflict:length_error(int param_1)",false,false,true,"pseudocode/004f50e0.c"
"0x004f5110","FUN_004f5110",48,1,"int __thiscall FUN_004f5110(int param_1)",false,false,true,"pseudocode/004f5110.c"
"0x004f5140","locale",72,1,"undefined __thiscall locale(void)",false,false,true,"pseudocode/004f5140.c"
"0x004f5190","FUN_004f5190",37,1,"undefined4 * __thiscall FUN_004f5190(int param_1)",false,false,true,"pseudocode/004f5190.c"
"0x004f51c0","FUN_004f51c0",83,1,"undefined __fastcall FUN_004f51c0(undefined4 * param_1)",false,false,true,"pseudocode/004f51c0.c"
"0x004f5220","~_Tidy_guard<>",30,1,"undefined __fastcall ~_Tidy_guard<>(int * param_1)",false,false,true,"pseudocode/004f5220.c"
"0x004f5240","FUN_004f5240",20,1,"undefined __fastcall FUN_004f5240(int * param_1)",false,false,true,"pseudocode/004f5240.c"
"0x004f5260","FID_conflict:~numpunct<wchar_t>",38,1,"undefined __fastcall FID_conflict:~numpunct<wchar_t>(undefined4 * param_1)",false,false,true,"pseudocode/004f5260.c"
"0x004f5290","~unique_ptr<class_std::_Facet_base,struct_std::default_delete<class_std::_Facet_base>_>",53,1,"void __thiscall ~unique_ptr<class_std::_Facet_base,struct_std::default_delete<class_std::_Facet_base>_>(void)",false,false,true,"pseudocode/004f5290.c"
"0x004f52d0","FUN_004f52d0",65,1,"undefined __fastcall FUN_004f52d0(int param_1)",false,false,true,"pseudocode/004f52d0.c"
"0x004f5320","FUN_004f5320",449,1,"undefined __fastcall FUN_004f5320(undefined4 * param_1)",false,false,true,"pseudocode/004f5320.c"
"0x004f54f0","FUN_004f54f0",20,1,"undefined __fastcall FUN_004f54f0(undefined4 * param_1)",false,false,true,"pseudocode/004f54f0.c"
"0x004f5510","FUN_004f5510",41,2,"undefined __fastcall FUN_004f5510(undefined4 * param_1)",false,false,true,"pseudocode/004f5510.c"
"0x004f5540","~_Locinfo",140,1,"void __thiscall ~_Locinfo(void)",false,false,true,"pseudocode/004f5540.c"
"0x004f55e0","FUN_004f55e0",29,1,"undefined __fastcall FUN_004f55e0(undefined4 * param_1)",false,false,true,"pseudocode/004f55e0.c"
"0x004f5600","FUN_004f5600",80,1,"undefined __fastcall FUN_004f5600(int param_1)",false,false,true,"pseudocode/004f5600.c"
"0x004f5650","FUN_004f5650",57,1,"undefined4 * __thiscall FUN_004f5650(undefined4 param_1)",false,false,true,"pseudocode/004f5650.c"
"0x004f5690","FUN_004f5690",41,1,"undefined4 * __thiscall FUN_004f5690(undefined1 * param_1)",false,false,true,"pseudocode/004f5690.c"
"0x004f56c0","FUN_004f56c0",49,1,"bool __fastcall FUN_004f56c0(int param_1)",false,false,true,"pseudocode/004f56c0.c"
"0x004f5700","FUN_004f5700",49,1,"undefined1 __cdecl FUN_004f5700(int * param_1, int param_2)",false,false,true,"pseudocode/004f5700.c"
"0x004f5740","FUN_004f5740",38,1,"undefined __thiscall FUN_004f5740(int param_1)",false,false,true,"pseudocode/004f5740.c"
"0x004f5770","FUN_004f5770",25,1,"undefined __thiscall FUN_004f5770(int param_1)",false,false,true,"pseudocode/004f5770.c"
"0x004f5790","FUN_004f5790",41,1,"bool __fastcall FUN_004f5790(char * param_1)",false,false,true,"pseudocode/004f5790.c"
"0x004f57c0","FUN_004f57c0",45,1,"void * __thiscall FUN_004f57c0(void * param_1, int param_2)",false,false,true,"pseudocode/004f57c0.c"
"0x004f57f0","FUN_004f57f0",26,1,"undefined4 * __thiscall FUN_004f57f0(undefined4 * param_1)",false,false,true,"pseudocode/004f57f0.c"
"0x004f5810","FUN_004f5810",82,1,"void * __fastcall FUN_004f5810(void * param_1)",false,false,true,"pseudocode/004f5810.c"
"0x004f5870","FUN_004f5870",27,1,"int * __fastcall FUN_004f5870(int * param_1)",false,false,true,"pseudocode/004f5870.c"
"0x004f5890","FUN_004f5890",48,1,"void * __thiscall FUN_004f5890(void * param_1, int * param_2)",false,false,true,"pseudocode/004f5890.c"
"0x004f58c0","FUN_004f58c0",48,1,"undefined4 * __thiscall FUN_004f58c0(undefined4 * param_1, int param_2)",false,false,true,"pseudocode/004f58c0.c"
"0x004f58f0","FUN_004f58f0",48,1,"void * __thiscall FUN_004f58f0(void * param_1, int * param_2)",false,false,true,"pseudocode/004f58f0.c"
"0x004f5920","FUN_004f5920",45,1,"void * __thiscall FUN_004f5920(void * param_1, int param_2)",false,false,true,"pseudocode/004f5920.c"
"0x004f5950","FUN_004f5950",167,1,"undefined __fastcall FUN_004f5950(int * param_1)",false,false,true,"pseudocode/004f5950.c"
"0x004f5a00","FUN_004f5a00",259,1,"undefined4 * __stdcall FUN_004f5a00(undefined4 * param_1, undefined4 param_2)",false,false,true,"pseudocode/004f5a00.c"
"0x004f5b10","FUN_004f5b10",128,1,"undefined4 * __thiscall FUN_004f5b10(undefined4 * param_1)",false,false,true,"pseudocode/004f5b10.c"
"0x004f5b90","FUN_004f5b90",1063,1,"undefined4 * __thiscall FUN_004f5b90(undefined4 * param_1, undefined4 param_2)",false,false,true,"pseudocode/004f5b90.c"
"0x004f5fc0","FUN_004f5fc0",24,1,"undefined __stdcall FUN_004f5fc0(void)",false,false,true,"pseudocode/004f5fc0.c"
"0x004f5fe0","FUN_004f5fe0",785,1,"undefined4 * __thiscall FUN_004f5fe0(undefined4 * param_1, undefined4 param_2)",false,false,true,"pseudocode/004f5fe0.c"
"0x004f6300","FUN_004f6300",783,1,"undefined4 * __thiscall FUN_004f6300(undefined4 * param_1, undefined4 param_2)",false,false,true,"pseudocode/004f6300.c"
"0x004f6610","FUN_004f6610",783,1,"undefined4 * __thiscall FUN_004f6610(undefined4 * param_1, undefined4 param_2)",false,false,true,"pseudocode/004f6610.c"
"0x004f6920","FUN_004f6920",800,1,"undefined4 * __thiscall FUN_004f6920(undefined4 * param_1, undefined4 param_2)",false,false,true,"pseudocode/004f6920.c"
"0x004f6c40","FUN_004f6c40",800,1,"undefined4 * __thiscall FUN_004f6c40(undefined4 * param_1, undefined4 param_2)",false,false,true,"pseudocode/004f6c40.c"
"0x004f6f60","FUN_004f6f60",64,1,"undefined1 __thiscall FUN_004f6f60(uint param_1, uint param_2)",false,false,true,"pseudocode/004f6f60.c"
"0x004f6fa0","FUN_004f6fa0",24,1,"undefined __stdcall FUN_004f6fa0(void)",false,false,true,"pseudocode/004f6fa0.c"
"0x004f6fe0","FUN_004f6fe0",164,1,"undefined __thiscall FUN_004f6fe0(undefined4 * param_1)",false,false,true,"pseudocode/004f6fe0.c"
"0x004f7090","FUN_004f7090",57,1,"undefined __thiscall FUN_004f7090(undefined4 * param_1)",false,false,true,"pseudocode/004f7090.c"
"0x004f70d0","FUN_004f70d0",29,1,"int * __thiscall FUN_004f70d0(int param_1)",false,false,true,"pseudocode/004f70d0.c"
"0x004f70f0","FUN_004f70f0",65,1,"int * __thiscall FUN_004f70f0(int * param_1, int * param_2)",false,false,true,"pseudocode/004f70f0.c"
"0x004f7140","`scalar_deleting_destructor'",46,1,"void * __thiscall `scalar_deleting_destructor'(uint param_1)",false,false,true,"pseudocode/004f7140.c"
"0x004f7170","FUN_004f7170",49,1,"undefined4 * __thiscall FUN_004f7170(uint param_1)",false,false,true,"pseudocode/004f7170.c"
"0x004f71b0","FID_conflict:`scalar_deleting_destructor'",46,1,"undefined4 * __thiscall FID_conflict:`scalar_deleting_destructor'(uint param_1)",false,false,true,"pseudocode/004f71b0.c"
"0x004f71e0","FID_conflict:`scalar_deleting_destructor'",46,1,"undefined4 * __thiscall FID_conflict:`scalar_deleting_destructor'(uint param_1)",false,false,true,"pseudocode/004f71e0.c"
"0x004f7210","FUN_004f7210",543,1,"undefined __fastcall FUN_004f7210(void * param_1)",false,false,true,"pseudocode/004f7210.c"
"0x004f7430","FUN_004f7430",4031,3,"undefined __fastcall FUN_004f7430(void * param_1)",false,false,true,"pseudocode/004f7430.c"
"0x004f8420","FUN_004f8420",663,1,"undefined __fastcall FUN_004f8420(void * param_1)",false,false,true,"pseudocode/004f8420.c"
"0x004f86c0","FUN_004f86c0",38,1,"undefined __fastcall FUN_004f86c0(void * param_1)",false,false,true,"pseudocode/004f86c0.c"
"0x004f86f0","FUN_004f86f0",336,1,"undefined __stdcall FUN_004f86f0(void)",false,false,true,"pseudocode/004f86f0.c"
"0x004f8840","FUN_004f8840",683,1,"undefined __fastcall FUN_004f8840(void * param_1)",false,false,true,"pseudocode/004f8840.c"
"0x004f8af0","FUN_004f8af0",145,1,"undefined4 __fastcall FUN_004f8af0(int param_1)",false,false,true,"pseudocode/004f8af0.c"
"0x004f8b90","FUN_004f8b90",332,1,"undefined __thiscall FUN_004f8b90(float * param_1, undefined4 param_2)",false,false,true,"pseudocode/004f8b90.c"
"0x004f8ce0","FUN_004f8ce0",777,1,"undefined __stdcall FUN_004f8ce0(float * param_1, float * param_2, int param_3)",false,false,true,"pseudocode/004f8ce0.c"
"0x004f8ff0","FUN_004f8ff0",466,1,"undefined4 __thiscall FUN_004f8ff0(float * param_1, float param_2, int param_3)",false,false,true,"pseudocode/004f8ff0.c"
"0x004f91d0","FUN_004f91d0",661,1,"undefined __thiscall FUN_004f91d0(float * param_1, float param_2, float param_3, float param_4, int param_5)",false,false,true,"pseudocode/004f91d0.c"
"0x004f9470","FUN_004f9470",172,1,"undefined __thiscall FUN_004f9470(undefined4 param_1)",false,false,true,"pseudocode/004f9470.c"
"0x004f9520","FUN_004f9520",1620,1,"undefined __stdcall FUN_004f9520(int param_1)",false,false,true,"pseudocode/004f9520.c"
"0x004f9b80","FUN_004f9b80",164,1,"undefined4 __stdcall FUN_004f9b80(int * param_1, undefined1[16] * param_2)",false,false,true,"pseudocode/004f9b80.c"
"0x004f9c30","FUN_004f9c30",3106,2,"undefined4 __fastcall FUN_004f9c30(void * param_1)",false,false,true,"pseudocode/004f9c30.c"
"0x004fa860","FUN_004fa860",1081,1,"undefined __stdcall FUN_004fa860(int * param_1)",false,false,true,"pseudocode/004fa860.c"
"0x004faca0","FUN_004faca0",1518,1,"undefined __thiscall FUN_004faca0(int param_1)",false,false,true,"pseudocode/004faca0.c"
"0x004fb290","FUN_004fb290",165,1,"undefined __thiscall FUN_004fb290(undefined4 param_1)",false,false,true,"pseudocode/004fb290.c"
"0x004fb340","FUN_004fb340",90,1,"undefined __thiscall FUN_004fb340(undefined4 param_1)",false,false,true,"pseudocode/004fb340.c"
"0x004fb3a0","FUN_004fb3a0",115,1,"undefined __thiscall FUN_004fb3a0(int param_1)",false,false,true,"pseudocode/004fb3a0.c"
"0x004fb420","FUN_004fb420",44,1,"undefined __fastcall FUN_004fb420(void * param_1)",false,false,true,"pseudocode/004fb420.c"
"0x004fb450","FUN_004fb450",966,1,"undefined __fastcall FUN_004fb450(void * param_1)",false,false,true,"pseudocode/004fb450.c"
"0x004fb820","FUN_004fb820",147,1,"uint __thiscall FUN_004fb820(int param_1, int param_2, float * param_3, undefined4 param_4)",false,false,true,"pseudocode/004fb820.c"
"0x004fb8c0","FUN_004fb8c0",62,1,"undefined __cdecl FUN_004fb8c0(char * param_1, char * param_2)",false,false,true,"pseudocode/004fb8c0.c"
"0x004fb900","c_str",51,1,"char * __thiscall c_str(void)",false,false,true,"pseudocode/004fb900.c"
"0x004fb940","FUN_004fb940",54,1,"undefined __fastcall FUN_004fb940(int param_1)",false,false,true,"pseudocode/004fb940.c"
"0x004fb980","FUN_004fb980",21,1,"undefined __fastcall FUN_004fb980(int param_1)",false,false,true,"pseudocode/004fb980.c"
"0x004fb9a0","FUN_004fb9a0",28,1,"int __fastcall FUN_004fb9a0(int param_1)",false,false,true,"pseudocode/004fb9a0.c"
"0x004fb9c0","FUN_004fb9c0",191,1,"undefined __cdecl FUN_004fb9c0(uint param_1)",false,false,true,"pseudocode/004fb9c0.c"
"0x004fba80","FUN_004fba80",713,2,"undefined8 __cdecl FUN_004fba80(byte * param_1, byte * param_2, uint * param_3)",false,false,true,"pseudocode/004fba80.c"
"0x004fbd80","_Decref",34,1,"_Facet_base * __thiscall _Decref(void)",false,false,true,"pseudocode/004fbd80.c"
"0x004fbdb0","FUN_004fbdb0",110,3,"undefined __thiscall FUN_004fbdb0(char * param_1, int param_2)",false,false,true,"pseudocode/004fbdb0.c"
"0x004fbe30","FUN_004fbe30",127,1,"char * __thiscall FUN_004fbe30(char * param_1, char * param_2, char param_3)",false,false,true,"pseudocode/004fbe30.c"
"0x004fbeb0","FUN_004fbeb0",112,1,"undefined __fastcall FUN_004fbeb0(int param_1)",false,false,true,"pseudocode/004fbeb0.c"
"0x004fbf20","FUN_004fbf20",78,2,"locale * __thiscall FUN_004fbf20(locale * param_1)",false,false,true,"pseudocode/004fbf20.c"
"0x004fbf70","FUN_004fbf70",62,1,"char * __thiscall FUN_004fbf70(char * param_1, char * param_2)",false,false,true,"pseudocode/004fbf70.c"
"0x004fbfb0","FUN_004fbfb0",61,1,"char * __thiscall FUN_004fbfb0(char * param_1)",false,false,true,"pseudocode/004fbfb0.c"
"0x004fbff0","FUN_004fbff0",17,1,"int __fastcall FUN_004fbff0(int param_1)",false,false,true,"pseudocode/004fbff0.c"
"0x004fc010","FUN_004fc010",27,1,"undefined4 * __thiscall FUN_004fc010(undefined4 * param_1)",false,false,true,"pseudocode/004fc010.c"
"0x004fc030","FUN_004fc030",244,1,"undefined4 __cdecl FUN_004fc030(int * param_1, locale * param_2)",false,false,true,"pseudocode/004fc030.c"
"0x004fc130","FUN_004fc130",46,1,"uint * __stdcall FUN_004fc130(uint * param_1)",false,false,true,"pseudocode/004fc130.c"
"0x004fc160","_Getfacet",122,1,"facet * __thiscall _Getfacet(uint param_1)",false,false,true,"pseudocode/004fc160.c"
"0x004fc1e0","FUN_004fc1e0",16,1,"char * __stdcall FUN_004fc1e0(void)",false,false,true,"pseudocode/004fc1e0.c"
"0x004fc1f0","_Getlconv",16,1,"lconv * __thiscall _Getlconv(void)",false,false,true,"pseudocode/004fc1f0.c"
"0x004fc200","FUN_004fc200",16,1,"undefined * __stdcall FUN_004fc200(void)",false,false,true,"pseudocode/004fc200.c"
"0x004fc210","FUN_004fc210",79,1,"undefined __fastcall FUN_004fc210(int param_1)",false,false,true,"pseudocode/004fc210.c"
"0x004fc260","FUN_004fc260",37,1,"undefined __fastcall FUN_004fc260(int param_1)",false,false,true,"pseudocode/004fc260.c"
"0x004fc290","FUN_004fc290",398,1,"undefined __thiscall FUN_004fc290(_Locinfo * param_1, char param_2)",false,false,true,"pseudocode/004fc290.c"
"0x004fc420","FUN_004fc420",40,1,"undefined1 __cdecl FUN_004fc420(byte param_1)",false,false,true,"pseudocode/004fc420.c"
"0x004fc450","FUN_004fc450",40,1,"undefined1 __cdecl FUN_004fc450(byte param_1)",false,false,true,"pseudocode/004fc450.c"
"0x004fc480","FUN_004fc480",37,1,"void * __cdecl FUN_004fc480(void * param_1)",false,false,true,"pseudocode/004fc480.c"
"0x004fc4b0","FUN_004fc4b0",24,1,"undefined __thiscall FUN_004fc4b0(undefined1 param_1)",false,false,true,"pseudocode/004fc4b0.c"
"0x004fc4d0","FUN_004fc4d0",27,1,"undefined __fastcall FUN_004fc4d0(undefined4 * param_1)",false,false,true,"pseudocode/004fc4d0.c"
"0x004fc4f0","FUN_004fc4f0",35,1,"undefined __fastcall FUN_004fc4f0(undefined4 * param_1)",false,false,true,"pseudocode/004fc4f0.c"
"0x004fc520","FUN_004fc520",35,1,"undefined __fastcall FUN_004fc520(undefined4 * param_1)",false,false,true,"pseudocode/004fc520.c"
"0x004fc550","FUN_004fc550",155,1,"undefined __fastcall FUN_004fc550(int * param_1)",false,false,true,"pseudocode/004fc550.c"
"0x004fc5f0","FUN_004fc5f0",513,1,"undefined __thiscall FUN_004fc5f0(uint param_1, byte * param_2, byte * param_3)",false,false,true,"pseudocode/004fc5f0.c"
"0x004fc800","FUN_004fc800",35,1,"undefined __fastcall FUN_004fc800(int * param_1)",false,false,true,"pseudocode/004fc800.c"
"0x004fc830","FUN_004fc830",20,1,"undefined __fastcall FUN_004fc830(int * param_1)",false,false,true,"pseudocode/004fc830.c"
"0x004fc850","FUN_004fc850",28,1,"undefined __fastcall FUN_004fc850(int * param_1)",false,false,true,"pseudocode/004fc850.c"
"0x004fc870","FUN_004fc870",20,1,"undefined __fastcall FUN_004fc870(int * param_1)",false,false,true,"pseudocode/004fc870.c"
"0x004fc890","FUN_004fc890",44,1,"undefined __thiscall FUN_004fc890(char * param_1)",false,false,true,"pseudocode/004fc890.c"
"0x004fc8c0","FUN_004fc8c0",36,1,"undefined __thiscall FUN_004fc8c0(char * param_1)",false,false,true,"pseudocode/004fc8c0.c"
"0x004fc8f0","FUN_004fc8f0",36,1,"undefined __thiscall FUN_004fc8f0(char * param_1)",false,false,true,"pseudocode/004fc8f0.c"
"0x004fc920","FUN_004fc920",34,1,"undefined __thiscall FUN_004fc920(undefined4 param_1)",false,false,true,"pseudocode/004fc920.c"
"0x004fc950","FUN_004fc950",24,1,"undefined __thiscall FUN_004fc950(undefined4 param_1)",false,false,true,"pseudocode/004fc950.c"
"0x004fc970","FUN_004fc970",373,1,"undefined __stdcall FUN_004fc970(uint param_1, int param_2)",false,false,true,"pseudocode/004fc970.c"
"0x004fcaf0","FUN_004fcaf0",42,1,"undefined __thiscall FUN_004fcaf0(undefined1 param_1)",false,false,true,"pseudocode/004fcaf0.c"
"0x004fcb20","FUN_004fcb20",24,1,"undefined __thiscall FUN_004fcb20(undefined1 param_1)",false,false,true,"pseudocode/004fcb20.c"
"0x004fcb40","FUN_004fcb40",83,1,"undefined __thiscall FUN_004fcb40(undefined1 * param_1, undefined1 * param_2)",false,false,true,"pseudocode/004fcb40.c"
"0x004fcba0","FUN_004fcba0",24,1,"undefined __thiscall FUN_004fcba0(undefined1 param_1)",false,false,true,"pseudocode/004fcba0.c"
"0x004fcbc0","FUN_004fcbc0",23,1,"undefined __thiscall FUN_004fcbc0(undefined4 param_1)",false,false,true,"pseudocode/004fcbc0.c"
"0x004fcbe0","FUN_004fcbe0",35,1,"undefined __fastcall FUN_004fcbe0(int * param_1)",false,false,true,"pseudocode/004fcbe0.c"
"0x004fcc10","FUN_004fcc10",20,1,"undefined __fastcall FUN_004fcc10(int * param_1)",false,false,true,"pseudocode/004fcc10.c"
"0x004fcc30","FUN_004fcc30",46,1,"undefined4 * __thiscall FUN_004fcc30(undefined4 * param_1)",false,false,true,"pseudocode/004fcc30.c"
"0x004fcc60","FUN_004fcc60",45,1,"undefined __fastcall FUN_004fcc60(int param_1)",false,false,true,"pseudocode/004fcc60.c"
"0x004fcc90","FUN_004fcc90",54,1,"undefined __fastcall FUN_004fcc90(int param_1)",false,false,true,"pseudocode/004fcc90.c"
"0x004fccd0","FUN_004fccd0",30,1,"undefined __thiscall FUN_004fccd0(undefined4 param_1)",false,false,true,"pseudocode/004fccd0.c"
"0x004fccf0","FUN_004fccf0",33,1,"undefined __stdcall FUN_004fccf0(void)",false,false,true,"pseudocode/004fccf0.c"
"0x004fcd50","FUN_004fcd50",42,1,"undefined __fastcall FUN_004fcd50(int * param_1)",false,false,true,"pseudocode/004fcd50.c"
"0x004fcd80","Tidy",56,1,"undefined __fastcall Tidy(int param_1)",false,false,true,"pseudocode/004fcd80.c"
"0x004fcdc0","FUN_004fcdc0",47,1,"undefined __thiscall FUN_004fcdc0(uint param_1)",false,false,true,"pseudocode/004fcdc0.c"
"0x004fcdf0","FUN_004fcdf0",41,1,"undefined __thiscall FUN_004fcdf0(byte param_1)",false,false,true,"pseudocode/004fcdf0.c"
"0x004fce20","FUN_004fce20",22,1,"uint __fastcall FUN_004fce20(uint * param_1)",false,false,true,"pseudocode/004fce20.c"
"0x004fce40","FUN_004fce40",19,1,"int __fastcall FUN_004fce40(int param_1)",false,false,true,"pseudocode/004fce40.c"
"0x004fce60","FUN_004fce60",19,1,"int __fastcall FUN_004fce60(int param_1)",false,false,true,"pseudocode/004fce60.c"
"0x004fce80","FUN_004fce80",19,1,"int __fastcall FUN_004fce80(int param_1)",false,false,true,"pseudocode/004fce80.c"
"0x004fcea0","FUN_004fcea0",22,1,"int __fastcall FUN_004fcea0(int * param_1)",false,false,true,"pseudocode/004fcea0.c"
"0x004fcec0","FUN_004fcec0",125,1,"undefined4 __thiscall FUN_004fcec0(byte * param_1, byte * param_2)",false,false,true,"pseudocode/004fcec0.c"
"0x004fcf50","FUN_004fcf50",73,1,"undefined __fastcall FUN_004fcf50(void * param_1)",false,false,true,"pseudocode/004fcf50.c"
"0x004fcfa0","FUN_004fcfa0",85,1,"undefined __cdecl FUN_004fcfa0(byte * param_1, byte * param_2)",false,false,true,"pseudocode/004fcfa0.c"
"0x004fd000","FUN_004fd000",2211,1,"undefined __cdecl FUN_004fd000(longlong * param_1, uint param_2, uint param_3, uint param_4)",false,false,true,"pseudocode/004fd000.c"
"0x004fd8b0","FUN_004fd8b0",155,1,"undefined4 __cdecl FUN_004fd8b0(uint param_1, uint param_2, int param_3, ulonglong * param_4)",false,false,true,"pseudocode/004fd8b0.c"
"0x004fd950","FUN_004fd950",415,1,"undefined4 __cdecl FUN_004fd950(uint param_1, uint param_2)",false,false,true,"pseudocode/004fd950.c"
"0x004fdaf0","FUN_004fdaf0",45,1,"ulonglong __cdecl FUN_004fdaf0(undefined4 param_1, uint param_2)",false,false,true,"pseudocode/004fdaf0.c"
"0x004fdb20","FUN_004fdb20",38,1,"ulonglong __cdecl FUN_004fdb20(uint param_1, uint param_2)",false,false,true,"pseudocode/004fdb20.c"
"0x004fdb50","FUN_004fdb50",38,1,"ulonglong __cdecl FUN_004fdb50(uint param_1, uint param_2)",false,false,true,"pseudocode/004fdb50.c"
"0x004fdb80","FUN_004fdb80",1499,1,"undefined8 __cdecl FUN_004fdb80(uint param_1, uint param_2)",false,false,true,"pseudocode/004fdb80.c"
"0x004fe160","FUN_004fe160",58,1,"undefined __stdcall FUN_004fe160(void)",false,false,true,"pseudocode/004fe160.c"
"0x004fe1a0","FUN_004fe1a0",15,1,"uint __cdecl FUN_004fe1a0(int param_1)",false,false,true,"pseudocode/004fe1a0.c"
"0x004fe1b0","FUN_004fe1b0",40,1,"undefined __cdecl FUN_004fe1b0(uint param_1, int param_2, char param_3)",false,false,true,"pseudocode/004fe1b0.c"
"0x004fe1e0","FUN_004fe1e0",40,1,"undefined __cdecl FUN_004fe1e0(uint param_1, int param_2, char param_3)",false,false,true,"pseudocode/004fe1e0.c"
"0x004fe210","FUN_004fe210",168,1,"uint __cdecl FUN_004fe210(uint param_1, uint param_2, uint param_3, char param_4)",false,false,true,"pseudocode/004fe210.c"
"0x004fe2c0","FUN_004fe2c0",1134,1,"undefined __cdecl FUN_004fe2c0(undefined8 param_1, uint * param_2, int param_3, ulonglong * param_4, ulonglong * param_5, int param_6)",false,false,true,"pseudocode/004fe2c0.c"
"0x004fe730","FUN_004fe730",46,1,"bool __cdecl FUN_004fe730(uint param_1, byte param_2)",false,false,true,"pseudocode/004fe730.c"
"0x004fe760","FUN_004fe760",45,1,"bool __cdecl FUN_004fe760(uint param_1, uint param_2)",false,false,true,"pseudocode/004fe760.c"
"0x004fe790","FUN_004fe790",75,1,"int __cdecl FUN_004fe790(uint param_1)",false,false,true,"pseudocode/004fe790.c"
"0x004fe7e0","FUN_004fe7e0",18,1,"int __cdecl FUN_004fe7e0(int param_1)",false,false,true,"pseudocode/004fe7e0.c"
"0x004fe800","FUN_004fe800",68,1,"ulonglong __cdecl FUN_004fe800(undefined4 param_1, uint param_2, undefined4 param_3, int param_4, int param_5)",false,false,true,"pseudocode/004fe800.c"
"0x004fe850","FUN_004fe850",24,1,"undefined __cdecl FUN_004fe850(float param_1)",false,false,true,"pseudocode/004fe850.c"
"0x004fe870","FUN_004fe870",37,1,"float10 __cdecl FUN_004fe870(double param_1)",false,false,true,"pseudocode/004fe870.c"
"0x004fe8a0","FUN_004fe8a0",37,1,"float10 __cdecl FUN_004fe8a0(double param_1)",false,false,true,"pseudocode/004fe8a0.c"
"0x004fe8d0","FUN_004fe8d0",87,1,"undefined __thiscall FUN_004fe8d0(int param_1)",false,false,true,"pseudocode/004fe8d0.c"
"0x004fe930","FUN_004fe930",28,1,"undefined __thiscall FUN_004fe930(int param_1)",false,false,true,"pseudocode/004fe930.c"
"0x004fe950","FUN_004fe950",87,1,"undefined __thiscall FUN_004fe950(int param_1)",false,false,true,"pseudocode/004fe950.c"
"0x004fe9b0","FUN_004fe9b0",75,1,"undefined __thiscall FUN_004fe9b0(int param_1)",false,false,true,"pseudocode/004fe9b0.c"
"0x004fea00","FUN_004fea00",87,1,"undefined __thiscall FUN_004fea00(int param_1)",false,false,true,"pseudocode/004fea00.c"
"0x004fea60","FUN_004fea60",75,1,"undefined __thiscall FUN_004fea60(int param_1)",false,false,true,"pseudocode/004fea60.c"
"0x004feab0","FUN_004feab0",75,1,"undefined __thiscall FUN_004feab0(int param_1)",false,false,true,"pseudocode/004feab0.c"
"0x004feb00","FUN_004feb00",87,1,"undefined __thiscall FUN_004feb00(int param_1)",false,false,true,"pseudocode/004feb00.c"
"0x004feb60","FUN_004feb60",32,1,"undefined __fastcall FUN_004feb60(undefined4 * param_1)",false,false,true,"pseudocode/004feb60.c"
"0x004feb80","FUN_004feb80",121,1,"undefined __fastcall FUN_004feb80(undefined4 * param_1)",false,false,true,"pseudocode/004feb80.c"
"0x004fec00","FUN_004fec00",145,1,"void * __thiscall FUN_004fec00(uint param_1, char param_2)",false,false,true,"pseudocode/004fec00.c"
"0x004feca0","FUN_004feca0",43,1,"undefined4 * __thiscall FUN_004feca0(undefined4 * param_1, uint param_2)",false,false,true,"pseudocode/004feca0.c"
"0x004fecd0","FUN_004fecd0",36,1,"void * __thiscall FUN_004fecd0(void * param_1)",false,false,true,"pseudocode/004fecd0.c"
"0x004fed00","FUN_004fed00",75,1,"void * __thiscall FUN_004fed00(void * param_1)",false,false,true,"pseudocode/004fed00.c"
"0x004fed50","FUN_004fed50",30,1,"void * __thiscall FUN_004fed50(void * param_1)",false,false,true,"pseudocode/004fed50.c"
"0x004fed70","c_str",43,1,"char * __thiscall c_str(void)",false,false,true,"pseudocode/004fed70.c"
"0x004feda0","FUN_004feda0",13,1,"undefined __cdecl FUN_004feda0(void * param_1)",false,false,true,"pseudocode/004feda0.c"
"0x004fedb0","FUN_004fedb0",72,1,"undefined __stdcall FUN_004fedb0(char * param_1)",false,false,true,"pseudocode/004fedb0.c"
"0x004fee00","FUN_004fee00",70,1,"undefined __thiscall FUN_004fee00(float * param_1)",false,false,true,"pseudocode/004fee00.c"
"0x004fee50","FUN_004fee50",63,1,"undefined __thiscall FUN_004fee50(float * param_1)",false,false,true,"pseudocode/004fee50.c"
"0x004fee90","FUN_004fee90",24,1,"undefined __fastcall FUN_004fee90(int * param_1)",false,false,true,"pseudocode/004fee90.c"
"0x004feeb0","FUN_004feeb0",18,1,"undefined1 __fastcall FUN_004feeb0(int param_1)",false,false,true,"pseudocode/004feeb0.c"
"0x004feed0","FUN_004feed0",49,1,"void * __thiscall FUN_004feed0(void * param_1)",false,false,true,"pseudocode/004feed0.c"
"0x004fef10","do_grouping",49,1,"void * __thiscall do_grouping(void * param_1)",false,false,true,"pseudocode/004fef10.c"
"0x004fef50","FUN_004fef50",18,1,"undefined1 __fastcall FUN_004fef50(int param_1)",false,false,true,"pseudocode/004fef50.c"
"0x004fef70","FUN_004fef70",49,1,"void * __thiscall FUN_004fef70(void * param_1)",false,false,true,"pseudocode/004fef70.c"
"0x004fefb0","FUN_004fefb0",13,1,"undefined __cdecl FUN_004fefb0(int param_1)",false,false,true,"pseudocode/004fefb0.c"
"0x004fefc0","FUN_004fefc0",36,1,"void * __thiscall FUN_004fefc0(void * param_1)",false,false,true,"pseudocode/004fefc0.c"
"0x004feff0","FUN_004feff0",39,1,"undefined __cdecl FUN_004feff0(int param_1)",false,false,true,"pseudocode/004feff0.c"
"0x004ff020","FUN_004ff020",55,1,"undefined4 __thiscall FUN_004ff020(undefined4 param_1)",false,false,true,"pseudocode/004ff020.c"
"0x004ff060","FUN_004ff060",44,1,"undefined __thiscall FUN_004ff060(undefined4 param_1, undefined4 param_2)",false,false,true,"pseudocode/004ff060.c"
"0x004ff090","FUN_004ff090",18,1,"int __stdcall FUN_004ff090(void)",false,false,true,"pseudocode/004ff090.c"
"0x004ff0b0","FUN_004ff0b0",18,1,"int __stdcall FUN_004ff0b0(void)",false,false,true,"pseudocode/004ff0b0.c"
"0x004ff0d0","FUN_004ff0d0",575,1,"undefined __thiscall FUN_004ff0d0(undefined4 * param_1, uint param_2)",false,false,true,"pseudocode/004ff0d0.c"
"0x004ff350","FUN_004ff350",157,1,"float10 __thiscall FUN_004ff350(int param_1, float * param_2)",false,false,true,"pseudocode/004ff350.c"
"0x004ff3f0","FUN_004ff3f0",157,1,"float10 __thiscall FUN_004ff3f0(int param_1, float * param_2)",false,false,true,"pseudocode/004ff3f0.c"
"0x004ff490","FUN_004ff490",73,1,"undefined4 __fastcall FUN_004ff490(int param_1)",false,false,true,"pseudocode/004ff490.c"
"0x004ff4e0","FUN_004ff4e0",241,1,"undefined4 __fastcall FUN_004ff4e0(int param_1)",false,false,true,"pseudocode/004ff4e0.c"
"0x004ff5e0","FUN_004ff5e0",47,1,"bool __fastcall FUN_004ff5e0(int param_1)",false,false,true,"pseudocode/004ff5e0.c"
"0x004ff610","FUN_004ff610",20,1,"float10 __fastcall FUN_004ff610(int param_1)",false,false,true,"pseudocode/004ff610.c"
"0x004ff630","FUN_004ff630",52,1,"undefined __thiscall FUN_004ff630(undefined4 param_1, undefined4 param_2)",false,false,true,"pseudocode/004ff630.c"
"0x004ff670","FUN_004ff670",20,1,"undefined4 __fastcall FUN_004ff670(int param_1)",false,false,true,"pseudocode/004ff670.c"
"0x004ff690","FUN_004ff690",19,1,"int __fastcall FUN_004ff690(int param_1)",false,false,true,"pseudocode/004ff690.c"
"0x004ff6b0","FUN_004ff6b0",19,1,"int __fastcall FUN_004ff6b0(int param_1)",false,false,true,"pseudocode/004ff6b0.c"
"0x004ff6d0","FUN_004ff6d0",17,1,"undefined4 __fastcall FUN_004ff6d0(int param_1)",false,false,true,"pseudocode/004ff6d0.c"
"0x004ff6f0","FUN_004ff6f0",25,1,"undefined __fastcall FUN_004ff6f0(int param_1)",false,false,true,"pseudocode/004ff6f0.c"
"0x004ff710","FUN_004ff710",68,1,"undefined __thiscall FUN_004ff710(void * param_1, float * param_2, float param_3)",false,false,true,"pseudocode/004ff710.c"
"0x004ff760","FUN_004ff760",52,1,"undefined __thiscall FUN_004ff760(undefined4 param_1, undefined4 param_2)",false,false,true,"pseudocode/004ff760.c"
"0x004ff7a0","FUN_004ff7a0",55,1,"undefined4 __thiscall FUN_004ff7a0(undefined4 param_1)",false,false,true,"pseudocode/004ff7a0.c"
"0x004ff7e0","FUN_004ff7e0",32,1,"bool __fastcall FUN_004ff7e0(void * param_1)",false,false,true,"pseudocode/004ff7e0.c"
"0x004ff800","FUN_004ff800",23,1,"uint __fastcall FUN_004ff800(int param_1)",false,false,true,"pseudocode/004ff800.c"
"0x004ff820","FUN_004ff820",23,1,"uint __fastcall FUN_004ff820(int param_1)",false,false,true,"pseudocode/004ff820.c"
"0x004ff840","FUN_004ff840",42,1,"bool __fastcall FUN_004ff840(int param_1)",false,false,true,"pseudocode/004ff840.c"
"0x004ff870","FUN_004ff870",23,1,"uint __fastcall FUN_004ff870(int param_1)",false,false,true,"pseudocode/004ff870.c"
"0x004ff890","FUN_004ff890",92,1,"char * __fastcall FUN_004ff890(char * * param_1)",false,false,true,"pseudocode/004ff890.c"
"0x004ff8f0","FUN_004ff8f0",237,1,"undefined __fastcall FUN_004ff8f0(int param_1)",false,false,true,"pseudocode/004ff8f0.c"
"0x004ff9e0","FUN_004ff9e0",35,1,"undefined4 * __thiscall FUN_004ff9e0(undefined4 * param_1)",false,false,true,"pseudocode/004ff9e0.c"
"0x004ffa10","FUN_004ffa10",555,1,"undefined __thiscall FUN_004ffa10(int param_1, int param_2)",false,false,true,"pseudocode/004ffa10.c"
"0x004ffc40","FUN_004ffc40",64,1,"undefined __thiscall FUN_004ffc40(undefined1 param_1)",false,false,true,"pseudocode/004ffc40.c"
"0x004ffc80","FUN_004ffc80",41,1,"undefined __thiscall FUN_004ffc80(int param_1)",false,false,true,"pseudocode/004ffc80.c"
"0x004ffcb0","resize",70,1,"void __thiscall resize(uint param_1, char param_2)",false,false,true,"pseudocode/004ffcb0.c"
"0x004ffd00","FUN_004ffd00",25,1,"undefined __thiscall FUN_004ffd00(undefined4 param_1)",false,false,true,"pseudocode/004ffd00.c"
"0x004ffd20","FUN_004ffd20",41,1,"undefined __fastcall FUN_004ffd20(void * param_1)",false,false,true,"pseudocode/004ffd20.c"
"0x004ffd50","FUN_004ffd50",42,1,"undefined __thiscall FUN_004ffd50(uint param_1)",false,false,true,"pseudocode/004ffd50.c"
"0x004ffd80","FUN_004ffd80",136,1,"undefined __thiscall FUN_004ffd80(float param_1, float param_2)",false,false,true,"pseudocode/004ffd80.c"
"0x004ffe10","FUN_004ffe10",45,1,"undefined __thiscall FUN_004ffe10(undefined4 param_1)",false,false,true,"pseudocode/004ffe10.c"
"0x004ffe40","FUN_004ffe40",54,1,"undefined __thiscall FUN_004ffe40(undefined4 param_1)",false,false,true,"pseudocode/004ffe40.c"
"0x004ffe80","FUN_004ffe80",54,1,"undefined __thiscall FUN_004ffe80(undefined4 param_1)",false,false,true,"pseudocode/004ffe80.c"
"0x004ffec0","FUN_004ffec0",22,1,"undefined __thiscall FUN_004ffec0(undefined4 param_1)",false,false,true,"pseudocode/004ffec0.c"
"0x004ffee0","FUN_004ffee0",40,1,"undefined __thiscall FUN_004ffee0(undefined4 * param_1)",false,false,true,"pseudocode/004ffee0.c"
"0x004fff10","FUN_004fff10",75,1,"uint __thiscall FUN_004fff10(uint param_1)",false,false,true,"pseudocode/004fff10.c"
"0x004fff60","FUN_004fff60",51,1,"bool __cdecl FUN_004fff60(uint param_1)",false,false,true,"pseudocode/004fff60.c"
"0x004fffa0","FUN_004fffa0",53,1,"bool __cdecl FUN_004fffa0(undefined8 param_1)",false,false,true,"pseudocode/004fffa0.c"
"0x004fffe0","FUN_004fffe0",16,1,"undefined4 __stdcall FUN_004fffe0(void)",false,false,true,"pseudocode/004fffe0.c"
"0x004ffff0","FUN_004ffff0",102,2,"undefined4 * __cdecl FUN_004ffff0(int param_1)",false,false,true,"pseudocode/004ffff0.c"
"0x00500060","FUN_00500060",24,1,"undefined __fastcall FUN_00500060(int * param_1)",false,false,true,"pseudocode/00500060.c"
"0x00500080","FUN_00500080",47,1,"undefined8 __cdecl FUN_00500080(char * param_1, char * param_2, byte param_3, int param_4)",false,false,true,"pseudocode/00500080.c"
"0x005000b0","FUN_005000b0",53,1,"undefined8 __cdecl FUN_005000b0(uint * param_1, uint * param_2, float param_3)",false,false,true,"pseudocode/005000b0.c"
"0x005000f0","FUN_005000f0",55,1,"undefined8 __cdecl FUN_005000f0(uint * param_1, uint * param_2, float param_3, int param_4)",false,false,true,"pseudocode/005000f0.c"
"0x00500130","FUN_00500130",55,1,"undefined8 __cdecl FUN_00500130(uint * param_1, uint * param_2, double param_3)",false,false,true,"pseudocode/00500130.c"
"0x00500170","FUN_00500170",57,1,"undefined8 __cdecl FUN_00500170(uint * param_1, uint * param_2, double param_3, int param_4)",false,false,true,"pseudocode/00500170.c"
"0x005001b0","FUN_005001b0",59,1,"undefined8 __cdecl FUN_005001b0(uint * param_1, uint * param_2, double param_3, undefined4 param_4, size_t param_5)",false,false,true,"pseudocode/005001b0.c"
"0x005001f0","FUN_005001f0",50,1,"undefined8 __cdecl FUN_005001f0(char * param_1, char * param_2, undefined4 param_3, undefined4 param_4, uint param_5)",false,false,true,"pseudocode/005001f0.c"
"0x00500230","FUN_00500230",55,1,"undefined4 __thiscall FUN_00500230(undefined4 param_1)",false,false,true,"pseudocode/00500230.c"
"0x00500270","FUN_00500270",31,1,"undefined4 __fastcall FUN_00500270(int param_1)",false,false,true,"pseudocode/00500270.c"
"0x00500290","FUN_00500290",228,1,"undefined4 __fastcall FUN_00500290(int param_1)",false,false,true,"pseudocode/00500290.c"
"0x00500380","FUN_00500380",590,1,"undefined __fastcall FUN_00500380(int param_1)",false,false,true,"pseudocode/00500380.c"
"0x005005d0","FUN_005005d0",140,1,"undefined4 __fastcall FUN_005005d0(int param_1)",false,false,true,"pseudocode/005005d0.c"
"0x00500660","FUN_00500660",140,1,"undefined4 __fastcall FUN_00500660(int param_1)",false,false,true,"pseudocode/00500660.c"
"0x005006f0","FUN_005006f0",150,1,"undefined __fastcall FUN_005006f0(int param_1)",false,false,true,"pseudocode/005006f0.c"
"0x00500790","FUN_00500790",299,1,"undefined4 __fastcall FUN_00500790(int param_1)",false,false,true,"pseudocode/00500790.c"
"0x005008c0","FUN_005008c0",130,1,"undefined4 __fastcall FUN_005008c0(int param_1)",false,false,true,"pseudocode/005008c0.c"
"0x00500950","FUN_00500950",158,1,"undefined4 __fastcall FUN_00500950(int param_1)",false,false,true,"pseudocode/00500950.c"
"0x005009f0","FUN_005009f0",608,1,"undefined __fastcall FUN_005009f0(int param_1)",false,false,true,"pseudocode/005009f0.c"
"0x00500c50","FUN_00500c50",374,1,"undefined __fastcall FUN_00500c50(int param_1)",false,false,true,"pseudocode/00500c50.c"
"0x00500dd0","FUN_00500dd0",236,1,"undefined __fastcall FUN_00500dd0(int param_1)",false,false,true,"pseudocode/00500dd0.c"
"0x00500ec0","FUN_00500ec0",46,1,"undefined4 __fastcall FUN_00500ec0(int param_1)",false,false,true,"pseudocode/00500ec0.c"
"0x00500ef0","FUN_00500ef0",226,1,"undefined __fastcall FUN_00500ef0(int param_1)",false,false,true,"pseudocode/00500ef0.c"
"0x00500fe0","FUN_00500fe0",86,1,"undefined4 __fastcall FUN_00500fe0(int param_1)",false,false,true,"pseudocode/00500fe0.c"
"0x00501040","FUN_00501040",86,1,"undefined4 __fastcall FUN_00501040(int param_1)",false,false,true,"pseudocode/00501040.c"
"0x005010a0","FUN_005010a0",111,1,"undefined4 __fastcall FUN_005010a0(int param_1)",false,false,true,"pseudocode/005010a0.c"
"0x00501110","FUN_00501110",182,1,"undefined4 __fastcall FUN_00501110(int param_1)",false,false,true,"pseudocode/00501110.c"
"0x005011d0","FUN_005011d0",97,1,"undefined4 __fastcall FUN_005011d0(int param_1)",false,false,true,"pseudocode/005011d0.c"
"0x00501240","FUN_00501240",351,4,"undefined4 __fastcall FUN_00501240(int param_1)",false,false,true,"pseudocode/00501240.c"
"0x005013b0","FUN_005013b0",434,4,"undefined4 __fastcall FUN_005013b0(int param_1)",false,false,true,"pseudocode/005013b0.c"
"0x00501580","FUN_00501580",25,1,"undefined4 __fastcall FUN_00501580(int param_1)",false,false,true,"pseudocode/00501580.c"
"0x005015a0","FUN_005015a0",165,1,"undefined4 __fastcall FUN_005015a0(int param_1)",false,false,true,"pseudocode/005015a0.c"
"0x00501650","FUN_00501650",278,1,"undefined4 __fastcall FUN_00501650(int param_1)",false,false,true,"pseudocode/00501650.c"
"0x00501770","FUN_00501770",78,1,"undefined4 __fastcall FUN_00501770(int param_1)",false,false,true,"pseudocode/00501770.c"
"0x005017c0","FUN_005017c0",86,1,"undefined4 __fastcall FUN_005017c0(int param_1)",false,false,true,"pseudocode/005017c0.c"
"0x00501820","FUN_00501820",870,4,"undefined4 __fastcall FUN_00501820(int param_1)",false,false,true,"pseudocode/00501820.c"
"0x00501ba0","FUN_00501ba0",59,1,"undefined4 __fastcall FUN_00501ba0(int param_1)",false,false,true,"pseudocode/00501ba0.c"
"0x00501be0","FUN_00501be0",844,1,"undefined __fastcall FUN_00501be0(void * param_1)",false,false,true,"pseudocode/00501be0.c"
"0x00501f30","FUN_00501f30",29,1,"undefined4 __stdcall FUN_00501f30(void)",false,false,true,"pseudocode/00501f30.c"
"0x00501f50","FUN_00501f50",1493,11,"undefined __fastcall FUN_00501f50(void * param_1)",false,false,true,"pseudocode/00501f50.c"
"0x00502550","FUN_00502550",1220,6,"undefined __fastcall FUN_00502550(void * param_1)",false,false,true,"pseudocode/00502550.c"
"0x00502a20","FUN_00502a20",174,1,"undefined4 __fastcall FUN_00502a20(int param_1)",false,false,true,"pseudocode/00502a20.c"
"0x00502ad0","FUN_00502ad0",59,1,"undefined4 __fastcall FUN_00502ad0(int param_1)",false,false,true,"pseudocode/00502ad0.c"
"0x00502b10","FUN_00502b10",92,1,"undefined4 __fastcall FUN_00502b10(int param_1)",false,false,true,"pseudocode/00502b10.c"
"0x00502b70","FUN_00502b70",216,1,"undefined4 __fastcall FUN_00502b70(int param_1)",false,false,true,"pseudocode/00502b70.c"
"0x00502c50","FUN_00502c50",341,1,"undefined4 __fastcall FUN_00502c50(int param_1)",false,false,true,"pseudocode/00502c50.c"
"0x00502db0","FUN_00502db0",447,1,"undefined __fastcall FUN_00502db0(int param_1)",false,false,true,"pseudocode/00502db0.c"
"0x00502f70","FUN_00502f70",711,1,"undefined __fastcall FUN_00502f70(int param_1)",false,false,true,"pseudocode/00502f70.c"
"0x00503240","FUN_00503240",142,1,"undefined4 __fastcall FUN_00503240(int param_1)",false,false,true,"pseudocode/00503240.c"
"0x005032d0","FUN_005032d0",380,1,"undefined __fastcall FUN_005032d0(int param_1)",false,false,true,"pseudocode/005032d0.c"
"0x00503450","FUN_00503450",1652,1,"undefined __thiscall FUN_00503450(float * param_1, float * param_2, float param_3, float param_4)",false,false,true,"pseudocode/00503450.c"
"0x00503ad0","FUN_00503ad0",158,1,"undefined4 __fastcall FUN_00503ad0(void * param_1)",false,false,true,"pseudocode/00503ad0.c"
"0x00503b70","FUN_00503b70",458,1,"undefined4 __fastcall FUN_00503b70(void * param_1)",false,false,true,"pseudocode/00503b70.c"
"0x00503d40","FUN_00503d40",403,1,"undefined4 __fastcall FUN_00503d40(void * param_1)",false,false,true,"pseudocode/00503d40.c"
"0x00503ee0","FUN_00503ee0",219,1,"undefined __fastcall FUN_00503ee0(int param_1)",false,false,true,"pseudocode/00503ee0.c"
"0x00503fc0","FUN_00503fc0",410,1,"undefined __fastcall FUN_00503fc0(int param_1)",false,false,true,"pseudocode/00503fc0.c"
"0x00504160","FUN_00504160",21,1,"undefined __fastcall FUN_00504160(int param_1)",false,false,true,"pseudocode/00504160.c"
"0x00504180","FUN_00504180",46,1,"undefined __thiscall FUN_00504180(float * param_1)",false,false,true,"pseudocode/00504180.c"
"0x005041b0","FUN_005041b0",92,1,"undefined4 * __stdcall FUN_005041b0(void)",false,false,true,"pseudocode/005041b0.c"
"0x00504210","FUN_00504210",617,1,"undefined __fastcall FUN_00504210(void * param_1)",false,false,true,"pseudocode/00504210.c"
"0x00504480","FUN_00504480",1198,1,"undefined __fastcall FUN_00504480(char * * param_1)",false,false,true,"pseudocode/00504480.c"
"0x00504950","FUN_00504950",269,1,"undefined __fastcall FUN_00504950(void * param_1)",false,false,true,"pseudocode/00504950.c"
"0x00504a60","FUN_00504a60",141,1,"float10 __fastcall FUN_00504a60(int param_1)",false,false,true,"pseudocode/00504a60.c"
"0x00504af0","FUN_00504af0",216,1,"undefined4 __fastcall FUN_00504af0(int param_1)",false,false,true,"pseudocode/00504af0.c"
"0x00504bd0","FUN_00504bd0",333,1,"undefined __thiscall FUN_00504bd0(undefined4 param_1)",false,false,true,"pseudocode/00504bd0.c"
"0x00504d20","FUN_00504d20",26,1,"undefined __thiscall FUN_00504d20(undefined4 param_1)",false,false,true,"pseudocode/00504d20.c"
"0x00504d40","FUN_00504d40",326,1,"undefined4 __thiscall FUN_00504d40(int param_1, int param_2, int param_3)",false,false,true,"pseudocode/00504d40.c"
"0x00504e90","FUN_00504e90",2949,1,"undefined __thiscall FUN_00504e90(char * param_1, undefined4 param_2, undefined4 * param_3, char * param_4, undefined4 param_5)",false,false,true,"pseudocode/00504e90.c"
"0x00505a30","FUN_00505a30",851,2,"undefined4 __fastcall FUN_00505a30(void * param_1)",false,false,true,"pseudocode/00505a30.c"
"0x00505d90","FUN_00505d90",174,1,"undefined4 __thiscall FUN_00505d90(char * param_1, undefined4 param_2, undefined4 * param_3, char * param_4)",false,false,true,"pseudocode/00505d90.c"
"0x00505e40","FUN_00505e40",308,1,"undefined4 __thiscall FUN_00505e40(int param_1, int param_2, int param_3, undefined4 * param_4)",false,false,true,"pseudocode/00505e40.c"
"0x00505f80","FUN_00505f80",19,1,"int __fastcall FUN_00505f80(int param_1)",false,false,true,"pseudocode/00505f80.c"
"0x00505fa0","FUN_00505fa0",29,1,"undefined __thiscall FUN_00505fa0(int param_1)",false,false,true,"pseudocode/00505fa0.c"
"0x00505fc0","FUN_00505fc0",79,1,"undefined __fastcall FUN_00505fc0(int param_1)",false,false,true,"pseudocode/00505fc0.c"
"0x00506010","FUN_00506010",26,1,"undefined __thiscall FUN_00506010(float * param_1)",false,false,true,"pseudocode/00506010.c"
"0x00506030","FUN_00506030",32,1,"undefined __thiscall FUN_00506030(float param_1)",false,false,true,"pseudocode/00506030.c"
"0x00506050","FUN_00506050",34,1,"undefined __thiscall FUN_00506050(float param_1)",false,false,true,"pseudocode/00506050.c"
"0x00506080","FUN_00506080",31,1,"undefined __thiscall FUN_00506080(uint * param_1)",false,false,true,"pseudocode/00506080.c"
"0x005060a0","FUN_005060a0",82,1,"int __thiscall FUN_005060a0(int param_1)",false,false,true,"pseudocode/005060a0.c"
"0x00506100","FUN_00506100",25,1,"undefined __fastcall FUN_00506100(int param_1)",false,false,true,"pseudocode/00506100.c"
"0x00506120","FUN_00506120",20,1,"undefined4 __fastcall FUN_00506120(int param_1)",false,false,true,"pseudocode/00506120.c"
"0x00506140","FUN_00506140",20,1,"undefined4 __fastcall FUN_00506140(int param_1)",false,false,true,"pseudocode/00506140.c"
"0x00506160","FUN_00506160",40,1,"undefined4 __thiscall FUN_00506160(int param_1)",false,false,true,"pseudocode/00506160.c"
"0x00506190","FUN_00506190",40,1,"undefined4 __thiscall FUN_00506190(int param_1)",false,false,true,"pseudocode/00506190.c"
"0x005061c0","FUN_005061c0",73,1,"undefined4 __fastcall FUN_005061c0(int param_1)",false,false,true,"pseudocode/005061c0.c"
"0x00506210","FUN_00506210",214,1,"undefined4 * __fastcall FUN_00506210(int param_1)",false,false,true,"pseudocode/00506210.c"
"0x005062f0","FUN_005062f0",28,1,"int __thiscall FUN_005062f0(int param_1)",false,false,true,"pseudocode/005062f0.c"
"0x00506310","FUN_00506310",37,1,"undefined __thiscall FUN_00506310(int param_1)",false,false,true,"pseudocode/00506310.c"
"0x00506340","FUN_00506340",20,1,"undefined4 __fastcall FUN_00506340(int param_1)",false,false,true,"pseudocode/00506340.c"
"0x00506360","FUN_00506360",246,1,"undefined __thiscall FUN_00506360(int param_1)",false,false,true,"pseudocode/00506360.c"
"0x00506460","FUN_00506460",25,1,"undefined __fastcall FUN_00506460(int param_1)",false,false,true,"pseudocode/00506460.c"
"0x00506480","FUN_00506480",46,1,"int __thiscall FUN_00506480(uint param_1)",false,false,true,"pseudocode/00506480.c"
"0x005064b0","FUN_005064b0",27,1,"undefined4 * __thiscall FUN_005064b0(undefined4 * param_1)",false,false,true,"pseudocode/005064b0.c"
"0x005064d0","FUN_005064d0",20,1,"float10 __fastcall FUN_005064d0(int param_1)",false,false,true,"pseudocode/005064d0.c"
"0x005064f0","FUN_005064f0",73,1,"undefined4 __fastcall FUN_005064f0(int param_1)",false,false,true,"pseudocode/005064f0.c"
"0x00506540","FUN_00506540",41,1,"bool __fastcall FUN_00506540(int param_1)",false,false,true,"pseudocode/00506540.c"
"0x00506570","FUN_00506570",781,1,"undefined4 __cdecl FUN_00506570(float * param_1)",false,false,true,"pseudocode/00506570.c"
"0x00506880","FUN_00506880",23,1,"uint __fastcall FUN_00506880(int param_1)",false,false,true,"pseudocode/00506880.c"
"0x005068a0","FUN_005068a0",78,1,"uint __cdecl FUN_005068a0(int param_1, uint param_2, int param_3)",false,false,true,"pseudocode/005068a0.c"
"0x005068f0","FUN_005068f0",26,1,"uint __fastcall FUN_005068f0(int param_1)",false,false,true,"pseudocode/005068f0.c"
"0x00506910","FUN_00506910",23,1,"uint __fastcall FUN_00506910(int param_1)",false,false,true,"pseudocode/00506910.c"
"0x00506930","FUN_00506930",26,1,"uint __fastcall FUN_00506930(int param_1)",false,false,true,"pseudocode/00506930.c"
"0x00506950","FUN_00506950",18,1,"undefined1 __fastcall FUN_00506950(int param_1)",false,false,true,"pseudocode/00506950.c"
"0x00506970","FUN_00506970",46,1,"bool __fastcall FUN_00506970(int param_1)",false,false,true,"pseudocode/00506970.c"
"0x005069a0","FUN_005069a0",50,1,"bool __fastcall FUN_005069a0(int param_1)",false,false,true,"pseudocode/005069a0.c"
"0x005069e0","FUN_005069e0",26,1,"uint __fastcall FUN_005069e0(int param_1)",false,false,true,"pseudocode/005069e0.c"
"0x00506a00","FUN_00506a00",22,1,"undefined __fastcall FUN_00506a00(void * param_1)",false,false,true,"pseudocode/00506a00.c"
"0x00506a20","FUN_00506a20",36,1,"undefined __thiscall FUN_00506a20(float param_1)",false,false,true,"pseudocode/00506a20.c"
"0x00506a50","FUN_00506a50",30,1,"undefined __thiscall FUN_00506a50(undefined4 * param_1)",false,false,true,"pseudocode/00506a50.c"
"0x00506a70","FUN_00506a70",29,1,"undefined __thiscall FUN_00506a70(int param_1)",false,false,true,"pseudocode/00506a70.c"
"0x00506a90","FUN_00506a90",25,1,"undefined __thiscall FUN_00506a90(undefined4 param_1)",false,false,true,"pseudocode/00506a90.c"
"0x00506ab0","FUN_00506ab0",55,1,"undefined __thiscall FUN_00506ab0(void * param_1)",false,false,true,"pseudocode/00506ab0.c"
"0x00506af0","FUN_00506af0",166,1,"undefined __fastcall FUN_00506af0(char * * param_1)",false,false,true,"pseudocode/00506af0.c"
"0x00506ba0","FUN_00506ba0",25,1,"undefined __thiscall FUN_00506ba0(undefined4 param_1)",false,false,true,"pseudocode/00506ba0.c"
"0x00506bc0","FUN_00506bc0",43,1,"undefined __thiscall FUN_00506bc0(int param_1, undefined4 param_2)",false,false,true,"pseudocode/00506bc0.c"
"0x00506bf0","FUN_00506bf0",43,1,"undefined __thiscall FUN_00506bf0(int param_1, undefined4 param_2)",false,false,true,"pseudocode/00506bf0.c"
"0x00506c20","FUN_00506c20",25,1,"undefined __thiscall FUN_00506c20(undefined1 param_1)",false,false,true,"pseudocode/00506c20.c"
"0x00506c40","FUN_00506c40",25,1,"undefined __thiscall FUN_00506c40(undefined1 param_1)",false,false,true,"pseudocode/00506c40.c"
"0x00506c60","FUN_00506c60",25,1,"undefined __thiscall FUN_00506c60(undefined1 param_1)",false,false,true,"pseudocode/00506c60.c"
"0x00506c80","FUN_00506c80",66,1,"undefined __thiscall FUN_00506c80(float param_1)",false,false,true,"pseudocode/00506c80.c"
"0x00506cd0","FUN_00506cd0",32,1,"undefined __thiscall FUN_00506cd0(int param_1)",false,false,true,"pseudocode/00506cd0.c"
"0x00506cf0","FUN_00506cf0",39,1,"undefined __thiscall FUN_00506cf0(uint param_1)",false,false,true,"pseudocode/00506cf0.c"
"0x00506d20","FUN_00506d20",25,1,"undefined __thiscall FUN_00506d20(undefined4 param_1)",false,false,true,"pseudocode/00506d20.c"
"0x00506d40","FUN_00506d40",54,1,"undefined __thiscall FUN_00506d40(undefined4 param_1)",false,false,true,"pseudocode/00506d40.c"
"0x00506d80","FUN_00506d80",84,1,"undefined __thiscall FUN_00506d80(undefined4 param_1)",false,false,true,"pseudocode/00506d80.c"
"0x00506de0","FUN_00506de0",47,1,"undefined __thiscall FUN_00506de0(undefined4 param_1)",false,false,true,"pseudocode/00506de0.c"
"0x00506e10","FUN_00506e10",44,1,"undefined __thiscall FUN_00506e10(undefined4 param_1)",false,false,true,"pseudocode/00506e10.c"
"0x00506e40","FUN_00506e40",47,1,"undefined __thiscall FUN_00506e40(undefined4 param_1)",false,false,true,"pseudocode/00506e40.c"
"0x00506e70","FUN_00506e70",39,1,"undefined __thiscall FUN_00506e70(uint param_1)",false,false,true,"pseudocode/00506e70.c"
"0x00506ea0","FUN_00506ea0",103,1,"undefined __thiscall FUN_00506ea0(int * param_1)",false,false,true,"pseudocode/00506ea0.c"
"0x00506f10","FUN_00506f10",97,1,"undefined __stdcall FUN_00506f10(void * param_1)",false,false,true,"pseudocode/00506f10.c"
"0x00506f80","FUN_00506f80",122,1,"undefined4 * __stdcall FUN_00506f80(void)",false,false,true,"pseudocode/00506f80.c"
"0x00507000","FUN_00507000",119,1,"undefined4 * __stdcall FUN_00507000(void)",false,false,true,"pseudocode/00507000.c"
"0x00507080","FUN_00507080",122,1,"undefined4 * __stdcall FUN_00507080(void)",false,false,true,"pseudocode/00507080.c"
"0x00507100","FUN_00507100",135,1,"undefined4 * __stdcall FUN_00507100(void)",false,false,true,"pseudocode/00507100.c"
"0x00507190","FUN_00507190",135,1,"void * __stdcall FUN_00507190(void)",false,false,true,"pseudocode/00507190.c"
"0x00507220","FUN_00507220",16,1,"undefined __cdecl FUN_00507220(void * param_1)",false,false,true,"pseudocode/00507220.c"
"0x00507230","FUN_00507230",40,1,"byte * __fastcall FUN_00507230(byte * param_1)",false,false,true,"pseudocode/00507230.c"
"0x00507260","FUN_00507260",27,1,"uint * __fastcall FUN_00507260(uint * param_1)",false,false,true,"pseudocode/00507260.c"
"0x00507280","FUN_00507280",40,1,"uint * __fastcall FUN_00507280(uint * param_1)",false,false,true,"pseudocode/00507280.c"
"0x005072b0","FUN_005072b0",23,1,"int __fastcall FUN_005072b0(int param_1)",false,false,true,"pseudocode/005072b0.c"
"0x005072d0","FUN_005072d0",78,1,"undefined4 __fastcall FUN_005072d0(undefined4 param_1)",false,false,true,"pseudocode/005072d0.c"
"0x00507330","FUN_00507330",38,1,"void * __fastcall FUN_00507330(void * param_1)",false,false,true,"pseudocode/00507330.c"
"0x00507360","FUN_00507360",276,1,"undefined4 * __fastcall FUN_00507360(undefined4 * param_1)",false,false,true,"pseudocode/00507360.c"
"0x00507480","FUN_00507480",161,1,"undefined4 * __fastcall FUN_00507480(undefined4 * param_1)",false,false,true,"pseudocode/00507480.c"
"0x00507530","FUN_00507530",40,1,"undefined2 * __fastcall FUN_00507530(undefined2 * param_1)",false,false,true,"pseudocode/00507530.c"
"0x00507560","FUN_00507560",327,1,"undefined4 * __fastcall FUN_00507560(undefined4 * param_1)",false,false,true,"pseudocode/00507560.c"
"0x005076b0","FUN_005076b0",108,1,"undefined4 * __fastcall FUN_005076b0(undefined4 * param_1)",false,false,true,"pseudocode/005076b0.c"
"0x00507720","FUN_00507720",169,1,"void * __fastcall FUN_00507720(void * param_1)",false,false,true,"pseudocode/00507720.c"
"0x005077d0","FUN_005077d0",131,1,"undefined4 * __fastcall FUN_005077d0(undefined4 * param_1)",false,false,true,"pseudocode/005077d0.c"
"0x00507860","FUN_00507860",72,1,"undefined __fastcall FUN_00507860(undefined4 param_1)",false,false,true,"pseudocode/00507860.c"
"0x005078b0","FUN_005078b0",376,1,"undefined __fastcall FUN_005078b0(undefined4 * param_1)",false,false,true,"pseudocode/005078b0.c"
"0x00507a30","FUN_00507a30",65,1,"undefined __fastcall FUN_00507a30(int param_1)",false,false,true,"pseudocode/00507a30.c"
"0x00507a80","FUN_00507a80",68,1,"undefined __fastcall FUN_00507a80(int param_1)",false,false,true,"pseudocode/00507a80.c"
"0x00507ad0","FUN_00507ad0",20,1,"int __thiscall FUN_00507ad0(int param_1)",false,false,true,"pseudocode/00507ad0.c"
"0x00507af0","FUN_00507af0",49,1,"undefined4 * __thiscall FUN_00507af0(uint param_1)",false,false,true,"pseudocode/00507af0.c"
"0x00507b30","FUN_00507b30",49,1,"LPVOID __thiscall FUN_00507b30(uint param_1)",false,false,true,"pseudocode/00507b30.c"
"0x00507b70","FUN_00507b70",1019,1,"undefined4 __fastcall FUN_00507b70(int param_1)",false,false,true,"pseudocode/00507b70.c"
"0x00507f80","FUN_00507f80",606,1,"undefined4 __fastcall FUN_00507f80(void * param_1)",false,false,true,"pseudocode/00507f80.c"
"0x005081e0","FUN_005081e0",294,1,"undefined4 __fastcall FUN_005081e0(int param_1)",false,false,true,"pseudocode/005081e0.c"
"0x00508310","FUN_00508310",80,1,"undefined4 __thiscall FUN_00508310(int param_1)",false,false,true,"pseudocode/00508310.c"
"0x00508360","FUN_00508360",278,1,"undefined __fastcall FUN_00508360(int param_1)",false,false,true,"pseudocode/00508360.c"
"0x00508480","FUN_00508480",1661,1,"undefined __thiscall FUN_00508480(undefined4 param_1, undefined1[16] * param_2)",false,false,true,"pseudocode/00508480.c"
"0x00508b00","FUN_00508b00",20,1,"undefined __fastcall FUN_00508b00(undefined4 * param_1)",false,false,true,"pseudocode/00508b00.c"
"0x00508b20","ClearCancel",51,1,"void __thiscall ClearCancel(void)",false,false,true,"pseudocode/00508b20.c"
"0x00508b60","FUN_00508b60",39,1,"undefined __thiscall FUN_00508b60(int param_1)",false,false,true,"pseudocode/00508b60.c"
"0x00508b90","FUN_00508b90",981,1,"undefined __thiscall FUN_00508b90(undefined1[16] * param_1)",false,false,true,"pseudocode/00508b90.c"
"0x005091d0","FUN_005091d0",167,1,"undefined __fastcall FUN_005091d0(int param_1)",false,false,true,"pseudocode/005091d0.c"
"0x00509280","FUN_00509280",2844,1,"undefined __thiscall FUN_00509280(undefined4 param_1, char * param_2, undefined4 param_3, int param_4)",false,false,true,"pseudocode/00509280.c"
"0x00509da0","FUN_00509da0",44,1,"undefined __fastcall FUN_00509da0(undefined4 * param_1)",false,false,true,"pseudocode/00509da0.c"
"0x00509dd0","FUN_00509dd0",59,1,"undefined __fastcall FUN_00509dd0(int param_1)",false,false,true,"pseudocode/00509dd0.c"
"0x00509e10","FUN_00509e10",44,1,"undefined __fastcall FUN_00509e10(undefined4 * param_1)",false,false,true,"pseudocode/00509e10.c"
"0x00509e40","FUN_00509e40",149,1,"bool __thiscall FUN_00509e40(undefined2 param_1, undefined2 param_2, undefined2 param_3)",false,false,true,"pseudocode/00509e40.c"
"0x00509ee0","FUN_00509ee0",109,1,"bool __thiscall FUN_00509ee0(undefined1 param_1)",false,false,true,"pseudocode/00509ee0.c"
"0x00509f50","FUN_00509f50",13,1,"undefined __cdecl FUN_00509f50(int param_1)",false,false,true,"pseudocode/00509f50.c"
"0x00509f60","FUN_00509f60",13,1,"undefined __cdecl FUN_00509f60(void * param_1)",false,false,true,"pseudocode/00509f60.c"
"0x00509f70","FUN_00509f70",44,1,"undefined4 __cdecl FUN_00509f70(int param_1)",false,false,true,"pseudocode/00509f70.c"
"0x00509fa0","FUN_00509fa0",85,1,"undefined __thiscall FUN_00509fa0(int param_1)",false,false,true,"pseudocode/00509fa0.c"
"0x0050a000","FUN_0050a000",44,1,"undefined4 __cdecl FUN_0050a000(int param_1)",false,false,true,"pseudocode/0050a000.c"
"0x0050a030","FUN_0050a030",31,1,"undefined __thiscall FUN_0050a030(uint * param_1)",false,false,true,"pseudocode/0050a030.c"
"0x0050a050","FUN_0050a050",73,1,"undefined4 __fastcall FUN_0050a050(int param_1)",false,false,true,"pseudocode/0050a050.c"
"0x0050a0a0","FUN_0050a0a0",50,1,"int __fastcall FUN_0050a0a0(void * param_1)",false,false,true,"pseudocode/0050a0a0.c"
"0x0050a0e0","FUN_0050a0e0",47,1,"int __fastcall FUN_0050a0e0(int param_1)",false,false,true,"pseudocode/0050a0e0.c"
"0x0050a110","FUN_0050a110",90,1,"int __fastcall FUN_0050a110(void * param_1)",false,false,true,"pseudocode/0050a110.c"
"0x0050a170","FUN_0050a170",47,1,"int __fastcall FUN_0050a170(int param_1)",false,false,true,"pseudocode/0050a170.c"
"0x0050a1a0","FUN_0050a1a0",53,1,"int __fastcall FUN_0050a1a0(void * param_1)",false,false,true,"pseudocode/0050a1a0.c"
"0x0050a1e0","FUN_0050a1e0",61,1,"float10 __fastcall FUN_0050a1e0(int param_1)",false,false,true,"pseudocode/0050a1e0.c"
"0x0050a220","FUN_0050a220",87,1,"undefined * __fastcall FUN_0050a220(int param_1)",false,false,true,"pseudocode/0050a220.c"
"0x0050a280","FUN_0050a280",75,1,"undefined __thiscall FUN_0050a280(undefined4 param_1)",false,false,true,"pseudocode/0050a280.c"
"0x0050a2e0","FUN_0050a2e0",94,1,"int __thiscall FUN_0050a2e0(int param_1)",false,false,true,"pseudocode/0050a2e0.c"
"0x0050a340","FUN_0050a340",114,1,"undefined __fastcall FUN_0050a340(int param_1)",false,false,true,"pseudocode/0050a340.c"
"0x0050a3c0","FUN_0050a3c0",32,1,"undefined __fastcall FUN_0050a3c0(int param_1)",false,false,true,"pseudocode/0050a3c0.c"
"0x0050a3e0","FUN_0050a3e0",47,1,"undefined __thiscall FUN_0050a3e0(undefined4 param_1)",false,false,true,"pseudocode/0050a3e0.c"
"0x0050a410","FUN_0050a410",29,1,"undefined1 __thiscall FUN_0050a410(undefined1 param_1)",false,false,true,"pseudocode/0050a410.c"
"0x0050a430","FUN_0050a430",107,1,"undefined __thiscall FUN_0050a430(undefined4 * param_1)",false,false,true,"pseudocode/0050a430.c"
"0x0050a4a0","FUN_0050a4a0",42,1,"undefined __thiscall FUN_0050a4a0(undefined4 param_1)",false,false,true,"pseudocode/0050a4a0.c"
"0x0050a4d0","FUN_0050a4d0",475,1,"undefined __fastcall FUN_0050a4d0(int param_1)",false,false,true,"pseudocode/0050a4d0.c"
"0x0050a6b0","FUN_0050a6b0",315,1,"undefined __fastcall FUN_0050a6b0(int param_1)",false,false,true,"pseudocode/0050a6b0.c"
"0x0050a7f0","FUN_0050a7f0",39,1,"undefined __thiscall FUN_0050a7f0(undefined4 param_1)",false,false,true,"pseudocode/0050a7f0.c"
"0x0050a820","FUN_0050a820",78,1,"undefined __thiscall FUN_0050a820(undefined4 param_1)",false,false,true,"pseudocode/0050a820.c"
"0x0050a870","FUN_0050a870",95,1,"undefined __thiscall FUN_0050a870(undefined4 param_1, undefined4 param_2)",false,false,true,"pseudocode/0050a870.c"
"0x0050a8e0","FUN_0050a8e0",74,1,"undefined4 * __cdecl FUN_0050a8e0(undefined1[16] * param_1)",false,false,true,"pseudocode/0050a8e0.c"
"0x0050a930","FUN_0050a930",93,2,"undefined4 * __cdecl FUN_0050a930(undefined4 param_1, undefined1[16] * param_2)",false,false,true,"pseudocode/0050a930.c"
"0x0050a990","FUN_0050a990",17,1,"undefined8 __cdecl FUN_0050a990(longlong * param_1)",false,false,true,"pseudocode/0050a990.c"
"0x0050a9b0","FUN_0050a9b0",60,1,"void * __thiscall FUN_0050a9b0(undefined4 param_1, undefined4 param_2)",false,false,true,"pseudocode/0050a9b0.c"
"0x0050a9f0","FUN_0050a9f0",99,1,"void * __thiscall FUN_0050a9f0(undefined4 param_1)",false,false,true,"pseudocode/0050a9f0.c"
"0x0050aa60","FUN_0050aa60",125,1,"undefined4 * __thiscall FUN_0050aa60(undefined4 param_1)",false,false,true,"pseudocode/0050aa60.c"
"0x0050aae0","FUN_0050aae0",47,1,"undefined4 * __thiscall FUN_0050aae0(undefined4 param_1)",false,false,true,"pseudocode/0050aae0.c"
"0x0050ab10","FUN_0050ab10",189,1,"undefined __stdcall FUN_0050ab10(undefined4 param_1, undefined4 param_2, undefined4 * param_3)",false,false,true,"pseudocode/0050ab10.c"
"0x0050abd0","FUN_0050abd0",154,1,"undefined __stdcall FUN_0050abd0(void)",false,false,true,"pseudocode/0050abd0.c"
"0x0050ac70","FUN_0050ac70",211,1,"undefined __thiscall FUN_0050ac70(undefined4 param_1)",false,false,true,"pseudocode/0050ac70.c"
"0x0050ad50","FUN_0050ad50",97,1,"undefined __stdcall FUN_0050ad50(void * param_1)",false,false,true,"pseudocode/0050ad50.c"
"0x0050adc0","FUN_0050adc0",135,1,"undefined4 * __stdcall FUN_0050adc0(void)",false,false,true,"pseudocode/0050adc0.c"
"0x0050ae50","FUN_0050ae50",16,1,"undefined __cdecl FUN_0050ae50(void * param_1)",false,false,true,"pseudocode/0050ae50.c"
"0x0050ae60","FUN_0050ae60",18,1,"void * __cdecl FUN_0050ae60(void * param_1)",false,false,true,"pseudocode/0050ae60.c"
"0x0050ae80","FUN_0050ae80",18,1,"void * __cdecl FUN_0050ae80(void * param_1)",false,false,true,"pseudocode/0050ae80.c"
"0x0050aea0","FUN_0050aea0",14,1,"undefined __cdecl FUN_0050aea0(undefined4 * param_1)",false,false,true,"pseudocode/0050aea0.c"
"0x0050aeb0","FUN_0050aeb0",99,1,"_Compressed_pair<struct_std::default_delete<class_std::_Facet_base>,class_std::_Facet_base*,1> * __cdecl FUN_0050aeb0(_Compressed_pair<struct_std::default_delete<class_std::_Facet_base>,class_std::_Facet_base*,1> * param_1, undefined4 param_2)",false,false,true,"pseudocode/0050aeb0.c"
"0x0050af20","FUN_0050af20",13684,1,"undefined2 * __fastcall FUN_0050af20(undefined2 * param_1)",false,false,true,"pseudocode/0050af20.c"
"0x0050e4a0","FUN_0050e4a0",81,1,"undefined4 * __fastcall FUN_0050e4a0(undefined4 * param_1)",false,false,true,"pseudocode/0050e4a0.c"
"0x0050e500","FUN_0050e500",51,1,"undefined2 * __fastcall FUN_0050e500(undefined2 * param_1)",false,false,true,"pseudocode/0050e500.c"
"0x0050e540","FUN_0050e540",138,1,"undefined4 * __fastcall FUN_0050e540(undefined4 * param_1)",false,false,true,"pseudocode/0050e540.c"
"0x0050e5d0","FUN_0050e5d0",199,1,"undefined4 * __fastcall FUN_0050e5d0(undefined4 * param_1)",false,false,true,"pseudocode/0050e5d0.c"
"0x0050e6a0","FUN_0050e6a0",51,1,"undefined4 * __fastcall FUN_0050e6a0(undefined4 * param_1)",false,false,true,"pseudocode/0050e6a0.c"
"0x0050e6e0","FUN_0050e6e0",612,1,"undefined2 * __fastcall FUN_0050e6e0(undefined2 * param_1)",false,false,true,"pseudocode/0050e6e0.c"
"0x0050e950","~unique_ptr<class_std::_Facet_base,struct_std::default_delete<class_std::_Facet_base>_>",53,1,"void __thiscall ~unique_ptr<class_std::_Facet_base,struct_std::default_delete<class_std::_Facet_base>_>(void)",false,false,true,"pseudocode/0050e950.c"
"0x0050e990","FUN_0050e990",299,1,"undefined __fastcall FUN_0050e990(int param_1)",false,false,true,"pseudocode/0050e990.c"
"0x0050eac0","FUN_0050eac0",44,1,"undefined __fastcall FUN_0050eac0(undefined4 * param_1)",false,false,true,"pseudocode/0050eac0.c"
"0x0050eaf0","FUN_0050eaf0",63,1,"undefined __stdcall FUN_0050eaf0(LPVOID param_1)",false,false,true,"pseudocode/0050eaf0.c"
"0x0050eb30","FUN_0050eb30",49,1,"LPVOID __thiscall FUN_0050eb30(uint param_1)",false,false,true,"pseudocode/0050eb30.c"
"0x0050eb70","FUN_0050eb70",824,1,"undefined4 __stdcall FUN_0050eb70(int * param_1)",false,false,true,"pseudocode/0050eb70.c"
"0x0050eeb0","FUN_0050eeb0",75,1,"ulonglong __fastcall FUN_0050eeb0(int param_1)",false,false,true,"pseudocode/0050eeb0.c"
"0x0050ef00","FUN_0050ef00",400,1,"undefined __fastcall FUN_0050ef00(undefined2 * param_1)",false,false,true,"pseudocode/0050ef00.c"
"0x0050f090","FUN_0050f090",211,1,"undefined __fastcall FUN_0050f090(undefined2 * param_1)",false,false,true,"pseudocode/0050f090.c"
"0x0050f170","FUN_0050f170",379,1,"int __stdcall FUN_0050f170(void)",false,false,true,"pseudocode/0050f170.c"
"0x0050f2f0","FUN_0050f2f0",190,1,"undefined __fastcall FUN_0050f2f0(int param_1)",false,false,true,"pseudocode/0050f2f0.c"
"0x0050f3b0","FUN_0050f3b0",562,1,"undefined __stdcall FUN_0050f3b0(void)",false,false,true,"pseudocode/0050f3b0.c"
"0x0050f5f0","FUN_0050f5f0",107,1,"undefined4 __fastcall FUN_0050f5f0(int * param_1)",false,false,true,"pseudocode/0050f5f0.c"
"0x0050f660","FUN_0050f660",70,1,"undefined4 __fastcall FUN_0050f660(int param_1)",false,false,true,"pseudocode/0050f660.c"
"0x0050f6b0","FUN_0050f6b0",1198,1,"undefined __stdcall FUN_0050f6b0(undefined4 param_1, int param_2)",false,false,true,"pseudocode/0050f6b0.c"
"0x0050fb60","FUN_0050fb60",174,1,"undefined __fastcall FUN_0050fb60(int param_1)",false,false,true,"pseudocode/0050fb60.c"
"0x0050fc10","FUN_0050fc10",51,1,"undefined __stdcall FUN_0050fc10(void)",false,false,true,"pseudocode/0050fc10.c"
"0x0050fc50","FUN_0050fc50",55,1,"undefined __fastcall FUN_0050fc50(void * param_1)",false,false,true,"pseudocode/0050fc50.c"
"0x0050fc90","FUN_0050fc90",80,1,"int __thiscall FUN_0050fc90(int param_1)",false,false,true,"pseudocode/0050fc90.c"
"0x0050fce0","FUN_0050fce0",26,1,"undefined __stdcall FUN_0050fce0(void)",false,false,true,"pseudocode/0050fce0.c"
"0x0050fd00","FUN_0050fd00",73,1,"undefined4 * __stdcall FUN_0050fd00(void)",false,false,true,"pseudocode/0050fd00.c"
"0x0050fd50","FUN_0050fd50",127,1,"undefined4 * __fastcall FUN_0050fd50(undefined4 * param_1)",false,false,true,"pseudocode/0050fd50.c"
"0x0050fdd0","FUN_0050fdd0",201,1,"undefined4 * __fastcall FUN_0050fdd0(undefined4 * param_1)",false,false,true,"pseudocode/0050fdd0.c"
"0x0050fea0","FUN_0050fea0",132,1,"undefined __fastcall FUN_0050fea0(undefined4 * param_1)",false,false,true,"pseudocode/0050fea0.c"
"0x0050ff30","FUN_0050ff30",49,1,"undefined4 * __thiscall FUN_0050ff30(uint param_1)",false,false,true,"pseudocode/0050ff30.c"
"0x0050ff70","FUN_0050ff70",413,1,"undefined4 __fastcall FUN_0050ff70(int param_1)",false,false,true,"pseudocode/0050ff70.c"
"0x00510110","FUN_00510110",1324,2,"undefined __fastcall FUN_00510110(int param_1)",false,false,true,"pseudocode/00510110.c"
"0x00510640","FUN_00510640",200,1,"undefined4 __thiscall FUN_00510640(int param_1)",false,false,true,"pseudocode/00510640.c"
"0x00510710","FUN_00510710",255,1,"undefined __thiscall FUN_00510710(undefined4 * param_1, int param_2, undefined4 param_3)",false,false,true,"pseudocode/00510710.c"
"0x00510810","FUN_00510810",13,1,"undefined __cdecl FUN_00510810(int param_1)",false,false,true,"pseudocode/00510810.c"
"0x00510820","FUN_00510820",13,1,"undefined __cdecl FUN_00510820(int param_1)",false,false,true,"pseudocode/00510820.c"
"0x00510830","FUN_00510830",27,1,"undefined __cdecl FUN_00510830(int param_1)",false,false,true,"pseudocode/00510830.c"
"0x00510850","FUN_00510850",29,1,"undefined __thiscall FUN_00510850(undefined4 param_1)",false,false,true,"pseudocode/00510850.c"
"0x00510870","FUN_00510870",29,1,"undefined __thiscall FUN_00510870(undefined4 param_1)",false,false,true,"pseudocode/00510870.c"
"0x00510890","FUN_00510890",54,1,"undefined __thiscall FUN_00510890(undefined4 param_1)",false,false,true,"pseudocode/00510890.c"
"0x005108d0","FUN_005108d0",90,2,"undefined4 * __cdecl FUN_005108d0(int param_1)",false,false,true,"pseudocode/005108d0.c"
"0x00510930","FUN_00510930",73,1,"undefined4 * __stdcall FUN_00510930(void)",false,false,true,"pseudocode/00510930.c"
"0x00510980","FUN_00510980",244,1,"undefined4 * __fastcall FUN_00510980(undefined4 * param_1)",false,false,true,"pseudocode/00510980.c"
"0x00510a80","FUN_00510a80",141,1,"undefined __fastcall FUN_00510a80(undefined4 * param_1)",false,false,true,"pseudocode/00510a80.c"
"0x00510b20","FUN_00510b20",49,1,"undefined4 * __thiscall FUN_00510b20(uint param_1)",false,false,true,"pseudocode/00510b20.c"
"0x00510b60","FUN_00510b60",763,1,"undefined4 __fastcall FUN_00510b60(undefined4 * param_1)",false,false,true,"pseudocode/00510b60.c"
"0x00510e80","FUN_00510e80",1004,2,"undefined __fastcall FUN_00510e80(int param_1)",false,false,true,"pseudocode/00510e80.c"
"0x00511270","FUN_00511270",140,1,"undefined4 __thiscall FUN_00511270(undefined4 param_1)",false,false,true,"pseudocode/00511270.c"
"0x00511300","FUN_00511300",13,1,"undefined __cdecl FUN_00511300(undefined4 * param_1)",false,false,true,"pseudocode/00511300.c"
"0x00511310","FUN_00511310",13,1,"undefined __cdecl FUN_00511310(int param_1)",false,false,true,"pseudocode/00511310.c"
"0x00511320","FUN_00511320",73,1,"undefined4 __fastcall FUN_00511320(int param_1)",false,false,true,"pseudocode/00511320.c"
"0x00511370","FUN_00511370",73,1,"undefined4 __fastcall FUN_00511370(int param_1)",false,false,true,"pseudocode/00511370.c"
"0x005113c0","FUN_005113c0",73,1,"undefined4 __fastcall FUN_005113c0(int param_1)",false,false,true,"pseudocode/005113c0.c"
"0x00511410","FUN_00511410",73,1,"undefined4 __fastcall FUN_00511410(int param_1)",false,false,true,"pseudocode/00511410.c"
"0x00511460","FUN_00511460",64,1,"undefined4 __fastcall FUN_00511460(int param_1)",false,false,true,"pseudocode/00511460.c"
"0x005114a0","FUN_005114a0",73,1,"undefined4 __fastcall FUN_005114a0(int param_1)",false,false,true,"pseudocode/005114a0.c"
"0x005114f0","FUN_005114f0",64,1,"undefined4 __fastcall FUN_005114f0(int param_1)",false,false,true,"pseudocode/005114f0.c"
"0x00511530","FUN_00511530",64,1,"undefined4 __fastcall FUN_00511530(int param_1)",false,false,true,"pseudocode/00511530.c"
"0x00511570","FUN_00511570",26,1,"uint __fastcall FUN_00511570(int param_1)",false,false,true,"pseudocode/00511570.c"
"0x00511590","FUN_00511590",45,1,"undefined __fastcall FUN_00511590(int param_1)",false,false,true,"pseudocode/00511590.c"
"0x005115c0","FUN_005115c0",113,2,"undefined4 * __cdecl FUN_005115c0(undefined4 param_1)",false,false,true,"pseudocode/005115c0.c"
"0x00511640","FUN_00511640",20,1,"undefined __cdecl FUN_00511640(void * param_1)",false,false,true,"pseudocode/00511640.c"
"0x00511660","FID_conflict:_Func_impl_no_alloc<class_`protected:_void___thiscall_Concurrency::target_block<class_Concurrency::multi_link_registry<class_Concurrency::ISource<unsigned_int>_>,class_Concurrency::ordered_message_processor<unsigned_int>_>::initialize_target(class_Concurrency::Scheduler*,class_Concurrency::ScheduleGroup*)'::`2'::<lambda_1>,void,class_Concurrency::message<unsigned_int>*><class_`protected:_void___thiscall_Concurrency::target_block<class_Concurrency::multi_link_registry<class_Concurrency::ISource<unsigned_int>_>,class_Concurrency::ordered_message_processor<unsigned_int>_>::initialize_target(class_Concurrency::Scheduler*,class_Concurrency::ScheduleGroup*)'::`2'::<lambda_1>,0>",53,1,"_Compressed_pair<struct_std::default_delete<class_std::_Facet_base>,class_std::_Facet_base*,1> * __thiscall FID_conflict:_Func_impl_no_alloc<class_`protected:_void___thiscall_Concurrency::target_block<class_Concurrency::multi_link_registry<class_Concurrency::ISource<unsigned_int>_>,class_Concurrency::ordered_message_processor<unsigned_int>_>::initialize_target(class_Concurrency::Scheduler*,class_Concurrency::ScheduleGroup*)'::`2'::<lambda_1>,void,class_Concurrency::message<unsigned_int>*><class_`protected:_void___thiscall_Concurrency::target_block<class_Concurrency::multi_link_registry<class_Concurrency::ISource<unsigned_int>_>,class_Concurrency::ordered_message_processor<unsigned_int>_>::initialize_target(class_Concurrency::Scheduler*,class_Concurrency::ScheduleGroup*)'::`2'::<lambda_1>,0>(undefined4 param_1)",false,false,true,"pseudocode/00511660.c"
"0x005116a0","FUN_005116a0",102,1,"void * __thiscall FUN_005116a0(undefined4 param_1)",false,false,true,"pseudocode/005116a0.c"
"0x00511710","_Reset<>",90,1,"undefined __thiscall _Reset<>(undefined4 param_1)",false,false,true,"pseudocode/00511710.c"
"0x00511770","FUN_00511770",97,1,"undefined __stdcall FUN_00511770(void * param_1)",false,false,true,"pseudocode/00511770.c"
"0x005117e0","FUN_005117e0",135,1,"undefined4 * __stdcall FUN_005117e0(void)",false,false,true,"pseudocode/005117e0.c"
"0x00511870","FUN_00511870",129,1,"undefined4 * __stdcall FUN_00511870(void)",false,false,true,"pseudocode/00511870.c"
"0x00511900","FUN_00511900",16,1,"undefined __cdecl FUN_00511900(void * param_1)",false,false,true,"pseudocode/00511900.c"
"0x00511910","FUN_00511910",19,1,"undefined __cdecl FUN_00511910(void * param_1, int * param_2)",false,false,true,"pseudocode/00511910.c"
"0x00511930","FUN_00511930",79,1,"undefined1 * __fastcall FUN_00511930(undefined1 * param_1)",false,false,true,"pseudocode/00511930.c"
"0x00511980","FUN_00511980",90,1,"undefined4 * __fastcall FUN_00511980(undefined4 * param_1)",false,false,true,"pseudocode/00511980.c"
"0x005119e0","FUN_005119e0",76,1,"undefined4 * __fastcall FUN_005119e0(undefined4 * param_1)",false,false,true,"pseudocode/005119e0.c"
"0x00511a30","FUN_00511a30",186,1,"undefined __fastcall FUN_00511a30(void * param_1)",false,false,true,"pseudocode/00511a30.c"
"0x00511af0","FUN_00511af0",499,1,"byte __fastcall FUN_00511af0(byte * param_1)",false,false,true,"pseudocode/00511af0.c"
"0x00511cf0","FUN_00511cf0",477,1,"float10 __fastcall FUN_00511cf0(float * param_1)",false,false,true,"pseudocode/00511cf0.c"
"0x00511ed0","FUN_00511ed0",45,1,"undefined4 __stdcall FUN_00511ed0(void * param_1)",false,false,true,"pseudocode/00511ed0.c"
"0x00511f00","FUN_00511f00",384,1,"undefined4 __thiscall FUN_00511f00(int param_1)",false,false,true,"pseudocode/00511f00.c"
"0x00512090","FUN_00512090",49,1,"void * __thiscall FUN_00512090(uint param_1)",false,false,true,"pseudocode/00512090.c"
"0x005120d0","FUN_005120d0",2183,1,"undefined __stdcall FUN_005120d0(void)",false,false,true,"pseudocode/005120d0.c"
"0x00512980","FUN_00512980",285,1,"undefined __fastcall FUN_00512980(int param_1)",false,false,true,"pseudocode/00512980.c"
"0x00512aa0","FUN_00512aa0",1164,1,"undefined __fastcall FUN_00512aa0(int param_1)",false,false,true,"pseudocode/00512aa0.c"
"0x00512f30","FUN_00512f30",46,1,"undefined __fastcall FUN_00512f30(char * * param_1)",false,false,true,"pseudocode/00512f30.c"
"0x00512f60","FUN_00512f60",69,1,"undefined __thiscall FUN_00512f60(int param_1, int param_2)",false,false,true,"pseudocode/00512f60.c"
"0x00512fb0","FUN_00512fb0",1847,1,"undefined __thiscall FUN_00512fb0(int param_1, int param_2)",false,false,true,"pseudocode/00512fb0.c"
"0x00513710","FUN_00513710",666,3,"byte __fastcall FUN_00513710(byte * param_1)",false,false,true,"pseudocode/00513710.c"
"0x005139b0","Copy",47,1,"undefined __thiscall Copy(undefined4 param_1)",false,false,true,"pseudocode/005139b0.c"
"0x005139e0","Do_call",41,1,"undefined __thiscall Do_call(undefined4 param_1)",false,false,true,"pseudocode/005139e0.c"
"0x00513a10","Move",104,1,"undefined __thiscall Move(undefined4 param_1)",false,false,true,"pseudocode/00513a10.c"
"0x00513a80","FUN_00513a80",16,1,"undefined * * __stdcall FUN_00513a80(void)",false,false,true,"pseudocode/00513a80.c"
"0x00513a90","FUN_00513a90",87,1,"undefined __thiscall FUN_00513a90(int param_1)",false,false,true,"pseudocode/00513a90.c"
"0x00513af0","FUN_00513af0",87,1,"undefined __thiscall FUN_00513af0(int param_1)",false,false,true,"pseudocode/00513af0.c"
"0x00513b50","FUN_00513b50",87,1,"undefined __thiscall FUN_00513b50(int param_1)",false,false,true,"pseudocode/00513b50.c"
"0x00513bb0","FUN_00513bb0",87,1,"undefined __thiscall FUN_00513bb0(int param_1)",false,false,true,"pseudocode/00513bb0.c"
"0x00513c10","FUN_00513c10",87,1,"undefined __thiscall FUN_00513c10(int param_1)",false,false,true,"pseudocode/00513c10.c"
"0x00513c70","FUN_00513c70",75,1,"undefined __thiscall FUN_00513c70(int param_1)",false,false,true,"pseudocode/00513c70.c"
"0x00513cc0","FUN_00513cc0",32,1,"undefined __stdcall FUN_00513cc0(void)",false,false,true,"pseudocode/00513cc0.c"
"0x00513ce0","FUN_00513ce0",83,1,"undefined __fastcall FUN_00513ce0(int param_1)",false,false,true,"pseudocode/00513ce0.c"
"0x00513d40","FUN_00513d40",19,1,"int __fastcall FUN_00513d40(int param_1)",false,false,true,"pseudocode/00513d40.c"
"0x00513d60","FUN_00513d60",19,1,"int __fastcall FUN_00513d60(int param_1)",false,false,true,"pseudocode/00513d60.c"
"0x00513d80","FUN_00513d80",73,1,"undefined4 __fastcall FUN_00513d80(int param_1)",false,false,true,"pseudocode/00513d80.c"
"0x00513dd0","FUN_00513dd0",10,1,"undefined4 __stdcall FUN_00513dd0(void)",false,false,true,"pseudocode/00513dd0.c"
"0x00513de0","FUN_00513de0",64,1,"undefined4 __fastcall FUN_00513de0(int param_1)",false,false,true,"pseudocode/00513de0.c"
"0x00513e20","FUN_00513e20",64,1,"undefined4 __fastcall FUN_00513e20(int param_1)",false,false,true,"pseudocode/00513e20.c"
"0x00513e60","FUN_00513e60",64,1,"undefined4 __fastcall FUN_00513e60(int param_1)",false,false,true,"pseudocode/00513e60.c"
"0x00513ea0","FUN_00513ea0",64,1,"undefined4 __fastcall FUN_00513ea0(int param_1)",false,false,true,"pseudocode/00513ea0.c"
"0x00513ee0","FUN_00513ee0",64,1,"undefined4 __fastcall FUN_00513ee0(int param_1)",false,false,true,"pseudocode/00513ee0.c"
"0x00513f20","FUN_00513f20",73,1,"undefined4 __fastcall FUN_00513f20(int param_1)",false,false,true,"pseudocode/00513f20.c"
"0x00513f70","FUN_00513f70",256,2,"uint __fastcall FUN_00513f70(int param_1)",false,false,true,"pseudocode/00513f70.c"
"0x00514080","FUN_00514080",37,1,"undefined __fastcall FUN_00514080(int param_1)",false,false,true,"pseudocode/00514080.c"
"0x005140b0","FUN_005140b0",96,1,"undefined __fastcall FUN_005140b0(int param_1)",false,false,true,"pseudocode/005140b0.c"
"0x00514110","FUN_00514110",24,1,"undefined __thiscall FUN_00514110(undefined1 * param_1)",false,false,true,"pseudocode/00514110.c"
"0x00514130","FUN_00514130",30,1,"undefined __thiscall FUN_00514130(int param_1, undefined4 param_2)",false,false,true,"pseudocode/00514130.c"
"0x00514150","FUN_00514150",23,1,"undefined __thiscall FUN_00514150(undefined1 * param_1)",false,false,true,"pseudocode/00514150.c"
"0x00514170","FUN_00514170",78,1,"undefined __thiscall FUN_00514170(undefined4 param_1)",false,false,true,"pseudocode/00514170.c"
"0x005141c0","FUN_005141c0",25,1,"undefined4 __thiscall FUN_005141c0(undefined4 param_1)",false,false,true,"pseudocode/005141c0.c"
"0x005141e0","FUN_005141e0",87,1,"undefined __thiscall FUN_005141e0(undefined4 param_1, undefined4 param_2, undefined1 * param_3, undefined1 * param_4)",false,false,true,"pseudocode/005141e0.c"
"0x00514240","FUN_00514240",26,1,"undefined __stdcall FUN_00514240(void)",false,false,true,"pseudocode/00514240.c"
"0x00514260","FUN_00514260",75,1,"undefined __thiscall FUN_00514260(int param_1)",false,false,true,"pseudocode/00514260.c"
"0x005142b0","FUN_005142b0",224,1,"int * __thiscall FUN_005142b0(int param_1, uint param_2, int param_3)",false,false,true,"pseudocode/005142b0.c"
"0x00514390","FUN_00514390",53,1,"undefined4 * __thiscall FUN_00514390(int param_1, int param_2)",false,false,true,"pseudocode/00514390.c"
"0x005143d0","FUN_005143d0",158,1,"basic_streambuf<char,struct_std::char_traits<char>_> * __thiscall FUN_005143d0(int param_1, int param_2)",false,false,true,"pseudocode/005143d0.c"
"0x00514470","FUN_00514470",23,1,"undefined __cdecl FUN_00514470(int param_1)",false,false,true,"pseudocode/00514470.c"
"0x00514490","FUN_00514490",179,1,"undefined __cdecl FUN_00514490(void * param_1, void * param_2, void * param_3)",false,false,true,"pseudocode/00514490.c"
"0x00514550","FUN_00514550",147,1,"int __cdecl FUN_00514550(int param_1, int param_2, void * param_3)",false,false,true,"pseudocode/00514550.c"
"0x005145f0","FUN_005145f0",10,1,"undefined * * __stdcall FUN_005145f0(void)",false,false,true,"pseudocode/005145f0.c"
"0x00514600","FUN_00514600",301,1,"undefined __thiscall FUN_00514600(uint param_1)",false,false,true,"pseudocode/00514600.c"
"0x00514730","FUN_00514730",23,1,"undefined __cdecl FUN_00514730(ulonglong * param_1, ulonglong * param_2, byte param_3)",false,false,true,"pseudocode/00514730.c"
"0x00514750","FUN_00514750",2814,1,"undefined4 * __cdecl FUN_00514750(undefined4 * param_1, undefined4 * param_2)",false,false,true,"pseudocode/00514750.c"
"0x00515250","FUN_00515250",135,1,"undefined4 * __stdcall FUN_00515250(void)",false,false,true,"pseudocode/00515250.c"
"0x005152e0","FUN_005152e0",17,1,"undefined __stdcall FUN_005152e0(void)",false,false,true,"pseudocode/005152e0.c"
"0x00515300","FUN_00515300",462,6,"undefined __cdecl FUN_00515300(int * param_1, _Compressed_pair<struct_std::default_delete<class_std::_Facet_base>,class_std::_Facet_base*,1> * param_2, undefined1 param_3)",false,false,true,"pseudocode/00515300.c"
"0x00515500","FUN_00515500",73,1,"undefined __cdecl FUN_00515500(int * param_1, _Compressed_pair<struct_std::default_delete<class_std::_Facet_base>,class_std::_Facet_base*,1> * param_2)",false,false,true,"pseudocode/00515500.c"
"0x00515550","FUN_00515550",316,1,"undefined __cdecl FUN_00515550(undefined4 * param_1, char * param_2, undefined4 param_3, byte * param_4)",false,false,true,"pseudocode/00515550.c"
"0x00515690","FUN_00515690",61,1,"undefined4 * __cdecl FUN_00515690(undefined4 * param_1, undefined4 * param_2)",false,false,true,"pseudocode/00515690.c"
"0x005156d0","FUN_005156d0",287,1,"undefined __cdecl FUN_005156d0(locale * param_1)",false,false,true,"pseudocode/005156d0.c"
"0x005157f0","FUN_005157f0",58,1,"undefined4 * __fastcall FUN_005157f0(undefined4 * param_1)",false,false,true,"pseudocode/005157f0.c"
"0x00515830","FUN_00515830",205,1,"int * __thiscall FUN_00515830(basic_streambuf<char,struct_std::char_traits<char>_> * param_1, bool param_2, int param_3)",false,false,true,"pseudocode/00515830.c"
"0x00515900","FUN_00515900",212,1,"basic_streambuf<char,struct_std::char_traits<char>_> * __fastcall FUN_00515900(basic_streambuf<char,struct_std::char_traits<char>_> * param_1)",false,false,true,"pseudocode/00515900.c"
"0x005159e0","FUN_005159e0",180,1,"void * __thiscall FUN_005159e0(int param_1, uint param_2, uint param_3, undefined4 param_4)",false,false,true,"pseudocode/005159e0.c"
"0x00515aa0","ctype<char>",106,1,"undefined __thiscall ctype<char>(_Locinfo * param_1, uint param_2)",false,false,true,"pseudocode/00515aa0.c"
"0x00515b10","FUN_00515b10",56,1,"undefined4 * __thiscall FUN_00515b10(undefined4 param_1, undefined4 param_2)",false,false,true,"pseudocode/00515b10.c"
"0x00515b50","FUN_00515b50",56,1,"void * __thiscall FUN_00515b50(undefined4 param_1, undefined4 param_2)",false,false,true,"pseudocode/00515b50.c"
"0x00515b90","FUN_00515b90",336,1,"undefined4 * __fastcall FUN_00515b90(undefined4 * param_1)",false,false,true,"pseudocode/00515b90.c"
"0x00515ce0","FUN_00515ce0",73,1,"int * __thiscall FUN_00515ce0(int param_1)",false,false,true,"pseudocode/00515ce0.c"
"0x00515d30","FID_conflict:codecvt_base",37,1,"facet * __thiscall FID_conflict:codecvt_base(uint param_1)",false,false,true,"pseudocode/00515d30.c"
"0x00515d60","FID_conflict:evaluation_error",37,1,"system_error * __thiscall FID_conflict:evaluation_error(system_error * param_1)",false,false,true,"pseudocode/00515d60.c"
"0x00515d90","failure",47,1,"undefined __thiscall failure(char * param_1, error_code * param_2)",false,false,true,"pseudocode/00515d90.c"
"0x00515dc0","FUN_00515dc0",119,1,"undefined4 * __fastcall FUN_00515dc0(undefined4 * param_1)",false,false,true,"pseudocode/00515dc0.c"
"0x00515e40","FUN_00515e40",113,1,"undefined4 * __thiscall FUN_00515e40(int param_1, char param_2)",false,false,true,"pseudocode/00515e40.c"
"0x00515ec0","FUN_00515ec0",201,1,"void * __thiscall FUN_00515ec0(int * param_1)",false,false,true,"pseudocode/00515ec0.c"
"0x00515f90","FUN_00515f90",124,1,"undefined4 * __stdcall FUN_00515f90(undefined4 param_1, undefined4 param_2, uint * param_3)",false,false,true,"pseudocode/00515f90.c"
"0x00516010","FUN_00516010",29,1,"undefined __fastcall FUN_00516010(ios_base * param_1)",false,false,true,"pseudocode/00516010.c"
"0x00516030","~basic_istream<char,struct_std::char_traits<char>_>",59,1,"void __thiscall ~basic_istream<char,struct_std::char_traits<char>_>(void)",false,false,true,"pseudocode/00516030.c"
"0x00516070","~basic_iostream<char,struct_std::char_traits<char>_>",82,1,"void __thiscall ~basic_iostream<char,struct_std::char_traits<char>_>(void)",false,false,true,"pseudocode/00516070.c"
"0x005160d0","~basic_streambuf<char,struct_std::char_traits<char>_>",59,1,"void __thiscall ~basic_streambuf<char,struct_std::char_traits<char>_>(void)",false,false,true,"pseudocode/005160d0.c"
"0x00516110","~basic_stringbuf<char,struct_std::char_traits<char>,class_std::allocator<char>_>",38,1,"void __thiscall ~basic_stringbuf<char,struct_std::char_traits<char>,class_std::allocator<char>_>(void)",false,false,true,"pseudocode/00516110.c"
"0x00516140","~ctype<char>",38,1,"void __thiscall ~ctype<char>(void)",false,false,true,"pseudocode/00516140.c"
"0x00516170","FUN_00516170",212,1,"undefined __fastcall FUN_00516170(undefined4 * param_1)",false,false,true,"pseudocode/00516170.c"
"0x00516250","FUN_00516250",102,1,"undefined __fastcall FUN_00516250(int * param_1)",false,false,true,"pseudocode/00516250.c"
"0x005162c0","FUN_005162c0",29,1,"undefined __fastcall FUN_005162c0(undefined4 * param_1)",false,false,true,"pseudocode/005162c0.c"
"0x005162e0","FUN_005162e0",20,1,"undefined __fastcall FUN_005162e0(exception * param_1)",false,false,true,"pseudocode/005162e0.c"
"0x00516300","~ios_base",74,1,"void __thiscall ~ios_base(void)",false,false,true,"pseudocode/00516300.c"
"0x00516350","FUN_00516350",20,1,"undefined __fastcall FUN_00516350(int * param_1)",false,false,true,"pseudocode/00516350.c"
"0x00516370","FUN_00516370",66,1,"undefined __fastcall FUN_00516370(int * param_1)",false,false,true,"pseudocode/00516370.c"
"0x005163c0","FUN_005163c0",44,1,"bool __thiscall FUN_005163c0(int param_1)",false,false,true,"pseudocode/005163c0.c"
"0x005163f0","FUN_005163f0",34,1,"undefined8 __fastcall FUN_005163f0(uint * param_1)",false,false,true,"pseudocode/005163f0.c"
"0x00516420","FUN_00516420",48,1,"bool __fastcall FUN_00516420(int param_1)",false,false,true,"pseudocode/00516420.c"
"0x00516450","FUN_00516450",18,1,"undefined1 __fastcall FUN_00516450(int param_1)",false,false,true,"pseudocode/00516450.c"
"0x00516470","FUN_00516470",26,1,"int __thiscall FUN_00516470(int * param_1)",false,false,true,"pseudocode/00516470.c"
"0x00516490","FUN_00516490",48,1,"undefined4 * __thiscall FUN_00516490(undefined4 * param_1, int param_2)",false,false,true,"pseudocode/00516490.c"
"0x005164c0","FUN_005164c0",28,1,"void * __thiscall FUN_005164c0(int param_1)",false,false,true,"pseudocode/005164c0.c"
"0x005164e0","FUN_005164e0",29,1,"void * __thiscall FUN_005164e0(undefined1 param_1)",false,false,true,"pseudocode/005164e0.c"
"0x00516500","FID_conflict:`vbase_destructor'",34,1,"undefined __fastcall FID_conflict:`vbase_destructor'(int param_1)",false,false,true,"pseudocode/00516500.c"
"0x00516530","`vbase_destructor'",34,1,"void __thiscall `vbase_destructor'(void)",false,false,true,"pseudocode/00516530.c"
"0x00516570","FID_conflict:`scalar_deleting_destructor'",46,1,"ios_base * __thiscall FID_conflict:`scalar_deleting_destructor'(uint param_1)",false,false,true,"pseudocode/00516570.c"
"0x005165a0","FID_conflict:`scalar_deleting_destructor'",55,1,"int __thiscall FID_conflict:`scalar_deleting_destructor'(uint param_1)",false,false,true,"pseudocode/005165a0.c"
"0x005165e0","`scalar_deleting_destructor'",58,1,"void * __thiscall `scalar_deleting_destructor'(uint param_1)",false,false,true,"pseudocode/005165e0.c"
"0x00516620","FID_conflict:`scalar_deleting_destructor'",46,1,"basic_streambuf<char,struct_std::char_traits<char>_> * __thiscall FID_conflict:`scalar_deleting_destructor'(uint param_1)",false,false,true,"pseudocode/00516620.c"
"0x00516650","`scalar_deleting_destructor'",46,1,"void * __thiscall `scalar_deleting_destructor'(uint param_1)",false,false,true,"pseudocode/00516650.c"
"0x00516680","`scalar_deleting_destructor'",46,1,"void * __thiscall `scalar_deleting_destructor'(uint param_1)",false,false,true,"pseudocode/00516680.c"
"0x005166b0","FUN_005166b0",49,1,"undefined4 * __thiscall FUN_005166b0(uint param_1)",false,false,true,"pseudocode/005166b0.c"
"0x005166f0","FID_conflict:`scalar_deleting_destructor'",46,1,"undefined4 * __thiscall FID_conflict:`scalar_deleting_destructor'(uint param_1)",false,false,true,"pseudocode/005166f0.c"
"0x00516720","FID_conflict:`scalar_deleting_destructor'",46,1,"exception * __thiscall FID_conflict:`scalar_deleting_destructor'(uint param_1)",false,false,true,"pseudocode/00516720.c"
"0x00516750","`scalar_deleting_destructor'",46,1,"void * __thiscall `scalar_deleting_destructor'(uint param_1)",false,false,true,"pseudocode/00516750.c"
"0x00516780","FUN_00516780",46,1,"LPVOID __thiscall FUN_00516780(uint param_1)",false,false,true,"pseudocode/00516780.c"
"0x005167b0","FUN_005167b0",8675,4,"undefined __fastcall FUN_005167b0(int param_1)",false,false,true,"pseudocode/005167b0.c"
"0x005189c0","FUN_005189c0",3704,1,"undefined __fastcall FUN_005189c0(int param_1)",false,false,true,"pseudocode/005189c0.c"
"0x00519840","FUN_00519840",132,1,"undefined __fastcall FUN_00519840(int param_1)",false,false,true,"pseudocode/00519840.c"
"0x005198d0","FUN_005198d0",132,1,"undefined __fastcall FUN_005198d0(int param_1)",false,false,true,"pseudocode/005198d0.c"
"0x00519960","FUN_00519960",1822,5,"undefined __stdcall FUN_00519960(undefined4 param_1)",false,false,true,"pseudocode/00519960.c"
"0x0051a090","FUN_0051a090",24,1,"undefined __fastcall FUN_0051a090(int param_1)",false,false,true,"pseudocode/0051a090.c"
"0x0051a0b0","FUN_0051a0b0",1490,1,"undefined __thiscall FUN_0051a0b0(int param_1)",false,false,true,"pseudocode/0051a0b0.c"
"0x0051a690","_Clamp_suffix_size",45,1,"uint __thiscall _Clamp_suffix_size(uint param_1, uint param_2)",false,false,true,"pseudocode/0051a690.c"
"0x0051a6c0","FUN_0051a6c0",125,1,"int __thiscall FUN_0051a6c0(uint param_1, uint param_2)",false,false,true,"pseudocode/0051a6c0.c"
"0x0051a740","_Getcat",232,1,"uint __cdecl _Getcat(facet * * param_1, locale * param_2)",false,false,true,"pseudocode/0051a740.c"
"0x0051a830","FUN_0051a830",55,1,"UINT * __stdcall FUN_0051a830(UINT * param_1)",false,false,true,"pseudocode/0051a830.c"
"0x0051a870","_Getstate",86,1,"int __cdecl _Getstate(int param_1)",false,false,true,"pseudocode/0051a870.c"
"0x0051a8d0","Gnavail",48,1,"undefined __stdcall Gnavail(void)",false,false,true,"pseudocode/0051a8d0.c"
"0x0051a900","_Gninc",65,1,"char * __thiscall _Gninc(void)",false,false,true,"pseudocode/0051a900.c"
"0x0051a950","FUN_0051a950",60,1,"int __fastcall FUN_0051a950(int param_1)",false,false,true,"pseudocode/0051a950.c"
"0x0051a990","_Init",110,1,"void __thiscall _Init(void)",false,false,true,"pseudocode/0051a990.c"
"0x0051aa00","FUN_0051aa00",307,1,"undefined __thiscall FUN_0051aa00(uint * param_1, uint param_2, uint param_3)",false,false,true,"pseudocode/0051aa00.c"
"0x0051ab40","_Init",55,1,"void __thiscall _Init(_Locinfo * param_1)",false,false,true,"pseudocode/0051ab40.c"
"0x0051ab80","FUN_0051ab80",170,1,"undefined __fastcall FUN_0051ab80(void * param_1)",false,false,true,"pseudocode/0051ab80.c"
"0x0051ac30","FUN_0051ac30",482,4,"bool __thiscall FUN_0051ac30(char param_1)",false,false,true,"pseudocode/0051ac30.c"
"0x0051ae40","FUN_0051ae40",190,3,"undefined __fastcall FUN_0051ae40(int * param_1)",false,false,true,"pseudocode/0051ae40.c"
"0x0051af10","FUN_0051af10",48,1,"undefined __stdcall FUN_0051af10(void)",false,false,true,"pseudocode/0051af10.c"
"0x0051af40","_Pninc",65,1,"char * __thiscall _Pninc(void)",false,false,true,"pseudocode/0051af40.c"
"0x0051af90","FUN_0051af90",173,1,"undefined __fastcall FUN_0051af90(basic_streambuf<char,struct_std::char_traits<char>_> * param_1)",false,false,true,"pseudocode/0051af90.c"
"0x0051b040","_Tidy",84,1,"void __thiscall _Tidy(void)",false,false,true,"pseudocode/0051b040.c"
"0x0051b0a0","FUN_0051b0a0",19,1,"int __fastcall FUN_0051b0a0(int param_1)",false,false,true,"pseudocode/0051b0a0.c"
"0x0051b0c0","FUN_0051b0c0",145,1,"undefined __thiscall FUN_0051b0c0(uint param_1)",false,false,true,"pseudocode/0051b0c0.c"
"0x0051b160","FUN_0051b160",112,1,"undefined __thiscall FUN_0051b160(uint param_1)",false,false,true,"pseudocode/0051b160.c"
"0x0051b1d0","FUN_0051b1d0",13,1,"undefined __cdecl FUN_0051b1d0(int param_1)",false,false,true,"pseudocode/0051b1d0.c"
"0x0051b1e0","FUN_0051b1e0",73,1,"undefined __thiscall FUN_0051b1e0(uint param_1, bool param_2)",false,false,true,"pseudocode/0051b1e0.c"
"0x0051b230","FUN_0051b230",28,1,"undefined __thiscall FUN_0051b230(int param_1)",false,false,true,"pseudocode/0051b230.c"
"0x0051b250","clear",148,1,"void __thiscall clear(int param_1, bool param_2)",false,false,true,"pseudocode/0051b250.c"
"0x0051b2f0","FUN_0051b2f0",17,1,"undefined1 __stdcall FUN_0051b2f0(undefined1 param_1)",false,false,true,"pseudocode/0051b2f0.c"
"0x0051b310","do_narrow",55,1,"char * __thiscall do_narrow(char * param_1, char * param_2, char param_3, char * param_4)",false,false,true,"pseudocode/0051b310.c"
"0x0051b350","FUN_0051b350",33,1,"undefined __thiscall FUN_0051b350(byte param_1)",false,false,true,"pseudocode/0051b350.c"
"0x0051b380","FID_conflict:do_toupper",80,1,"byte * __thiscall FID_conflict:do_toupper(byte * param_1, byte * param_2)",false,false,true,"pseudocode/0051b380.c"
"0x0051b3d0","FUN_0051b3d0",33,1,"undefined __thiscall FUN_0051b3d0(byte param_1)",false,false,true,"pseudocode/0051b3d0.c"
"0x0051b400","FID_conflict:do_toupper",80,1,"byte * __thiscall FID_conflict:do_toupper(byte * param_1, byte * param_2)",false,false,true,"pseudocode/0051b400.c"
"0x0051b450","FUN_0051b450",17,1,"undefined1 __stdcall FUN_0051b450(undefined1 param_1)",false,false,true,"pseudocode/0051b450.c"
"0x0051b470","do_widen",55,1,"char * __thiscall do_widen(char * param_1, char * param_2, char * param_3)",false,false,true,"pseudocode/0051b470.c"
"0x0051b4b0","FUN_0051b4b0",13,1,"undefined __cdecl FUN_0051b4b0(int param_1)",false,false,true,"pseudocode/0051b4b0.c"
"0x0051b4c0","FUN_0051b4c0",19,1,"undefined4 __fastcall FUN_0051b4c0(int param_1)",false,false,true,"pseudocode/0051b4c0.c"
"0x0051b4e0","egptr",29,1,"char * __thiscall egptr(void)",false,false,true,"pseudocode/0051b4e0.c"
"0x0051b500","FUN_0051b500",81,1,"void * __thiscall FUN_0051b500(void * param_1)",false,false,true,"pseudocode/0051b500.c"
"0x0051b560","FUN_0051b560",29,1,"int __fastcall FUN_0051b560(int param_1)",false,false,true,"pseudocode/0051b560.c"
"0x0051b580","FUN_0051b580",40,1,"bool __cdecl FUN_0051b580(char param_1, char param_2)",false,false,true,"pseudocode/0051b580.c"
"0x0051b5b0","FUN_0051b5b0",36,1,"bool __cdecl FUN_0051b5b0(int param_1, int param_2)",false,false,true,"pseudocode/0051b5b0.c"
"0x0051b5e0","FUN_0051b5e0",160,1,"undefined4 * __stdcall FUN_0051b5e0(undefined4 * param_1, char * param_2, char * param_3)",false,false,true,"pseudocode/0051b5e0.c"
"0x0051b690","FUN_0051b690",51,1,"void * __thiscall FUN_0051b690(uint param_1)",false,false,true,"pseudocode/0051b690.c"
"0x0051b6d0","FUN_0051b6d0",41,1,"undefined __stdcall FUN_0051b6d0(void)",false,false,true,"pseudocode/0051b6d0.c"
"0x0051b700","FUN_0051b700",40,1,"bool __fastcall FUN_0051b700(int param_1)",false,false,true,"pseudocode/0051b700.c"
"0x0051b730","FUN_0051b730",239,3,"undefined __fastcall FUN_0051b730(int * param_1)",false,false,true,"pseudocode/0051b730.c"
"0x0051b850","gbump",51,1,"void __thiscall gbump(int param_1)",false,false,true,"pseudocode/0051b850.c"
"0x0051b890","FUN_0051b890",16,1,"undefined4 __stdcall FUN_0051b890(void)",false,false,true,"pseudocode/0051b890.c"
"0x0051b8a0","FUN_0051b8a0",64,1,"undefined4 __fastcall FUN_0051b8a0(int param_1)",false,false,true,"pseudocode/0051b8a0.c"
"0x0051b8e0","FUN_0051b8e0",64,1,"undefined4 __fastcall FUN_0051b8e0(int param_1)",false,false,true,"pseudocode/0051b8e0.c"
"0x0051b920","FUN_0051b920",64,1,"undefined4 __fastcall FUN_0051b920(int param_1)",false,false,true,"pseudocode/0051b920.c"
"0x0051b960","FUN_0051b960",10,1,"undefined4 __stdcall FUN_0051b960(void)",false,false,true,"pseudocode/0051b960.c"
"0x0051b970","FUN_0051b970",151,1,"undefined __thiscall FUN_0051b970(uint param_1)",false,false,true,"pseudocode/0051b970.c"
"0x0051ba10","FUN_0051ba10",40,1,"undefined4 __thiscall FUN_0051ba10(uint param_1)",false,false,true,"pseudocode/0051ba10.c"
"0x0051ba40","FUN_0051ba40",29,1,"undefined __fastcall FUN_0051ba40(int param_1)",false,false,true,"pseudocode/0051ba40.c"
"0x0051ba60","FUN_0051ba60",31,1,"void * __thiscall FUN_0051ba60(void * param_1)",false,false,true,"pseudocode/0051ba60.c"
"0x0051ba80","FUN_0051ba80",45,1,"bool __fastcall FUN_0051ba80(int param_1)",false,false,true,"pseudocode/0051ba80.c"
"0x0051bab0","FUN_0051bab0",19,1,"undefined4 __fastcall FUN_0051bab0(int param_1)",false,false,true,"pseudocode/0051bab0.c"
"0x0051bad0","init",98,1,"void __thiscall init(basic_streambuf<char,struct_std::char_traits<char>_> * param_1, bool param_2)",false,false,true,"pseudocode/0051bad0.c"
"0x0051bb40","FUN_0051bb40",10,1,"undefined __stdcall FUN_0051bb40(void)",false,false,true,"pseudocode/0051bb40.c"
"0x0051bb50","FUN_0051bb50",57,1,"bool __thiscall FUN_0051bb50(ushort param_1, byte param_2)",false,false,true,"pseudocode/0051bb50.c"
"0x0051bb90","FUN_0051bb90",117,1,"undefined4 __fastcall FUN_0051bb90(int param_1)",false,false,true,"pseudocode/0051bb90.c"
"0x0051bc10","FUN_0051bc10",167,1,"undefined __thiscall FUN_0051bc10(int param_1, int param_2)",false,false,true,"pseudocode/0051bc10.c"
"0x0051bcc0","make_error_code",26,1,"error_code __cdecl make_error_code(io_errc param_1)",false,false,true,"pseudocode/0051bcc0.c"
"0x0051bce0","FUN_0051bce0",97,2,"void * __stdcall FUN_0051bce0(void * param_1, int param_2)",false,false,true,"pseudocode/0051bce0.c"
"0x0051bd50","FUN_0051bd50",16,1,"char * __stdcall FUN_0051bd50(void)",false,false,true,"pseudocode/0051bd50.c"
"0x0051bd60","FUN_0051bd60",62,1,"uint __cdecl FUN_0051bd60(uint param_1)",false,false,true,"pseudocode/0051bd60.c"
"0x0051bda0","FUN_0051bda0",18,1,"undefined __fastcall FUN_0051bda0(int param_1)",false,false,true,"pseudocode/0051bda0.c"
"0x0051bdc0","FUN_0051bdc0",546,1,"undefined __thiscall FUN_0051bdc0(uint param_1)",false,false,true,"pseudocode/0051bdc0.c"
"0x0051bff0","FUN_0051bff0",221,1,"undefined __thiscall FUN_0051bff0(uint param_1)",false,false,true,"pseudocode/0051bff0.c"
"0x0051c0d0","FUN_0051c0d0",51,1,"undefined __thiscall FUN_0051c0d0(int param_1)",false,false,true,"pseudocode/0051c0d0.c"
"0x0051c110","FUN_0051c110",19,1,"undefined4 __fastcall FUN_0051c110(int param_1)",false,false,true,"pseudocode/0051c110.c"
"0x0051c130","FUN_0051c130",24,1,"undefined __fastcall FUN_0051c130(int * param_1)",false,false,true,"pseudocode/0051c130.c"
"0x0051c150","FUN_0051c150",130,1,"undefined __thiscall FUN_0051c150(undefined1 param_1)",false,false,true,"pseudocode/0051c150.c"
"0x0051c1e0","FUN_0051c1e0",87,1,"undefined1 __fastcall FUN_0051c1e0(basic_streambuf<char,struct_std::char_traits<char>_> * param_1)",false,false,true,"pseudocode/0051c1e0.c"
"0x0051c240","seekoff",28,1,"void * __stdcall seekoff(void * param_1)",false,false,true,"pseudocode/0051c240.c"
"0x0051c260","FUN_0051c260",621,1,"void * __thiscall FUN_0051c260(void * param_1, uint param_2, int param_3, int param_4, uint param_5)",false,false,true,"pseudocode/0051c260.c"
"0x0051c4d0","seekpos",28,1,"void * __stdcall seekpos(void * param_1)",false,false,true,"pseudocode/0051c4d0.c"
"0x0051c4f0","FUN_0051c4f0",439,1,"void * __thiscall FUN_0051c4f0(void * param_1)",false,false,true,"pseudocode/0051c4f0.c"
"0x0051c6b0","FUN_0051c6b0",29,1,"undefined __thiscall FUN_0051c6b0(int param_1)",false,false,true,"pseudocode/0051c6b0.c"
"0x0051c6d0","FUN_0051c6d0",22,1,"undefined __fastcall FUN_0051c6d0(void * param_1)",false,false,true,"pseudocode/0051c6d0.c"
"0x0051c6f0","FUN_0051c6f0",175,1,"undefined __thiscall FUN_0051c6f0(undefined4 param_1, undefined4 param_2, uint param_3, uint param_4)",false,false,true,"pseudocode/0051c6f0.c"
"0x0051c7a0","FUN_0051c7a0",54,1,"undefined __thiscall FUN_0051c7a0(undefined4 param_1)",false,false,true,"pseudocode/0051c7a0.c"
"0x0051c7e0","FUN_0051c7e0",149,1,"undefined __thiscall FUN_0051c7e0(uint param_1, undefined4 param_2)",false,false,true,"pseudocode/0051c7e0.c"
"0x0051c880","FUN_0051c880",43,1,"undefined __thiscall FUN_0051c880(uint param_1, undefined4 param_2)",false,false,true,"pseudocode/0051c880.c"
"0x0051c8b0","FUN_0051c8b0",95,1,"undefined __thiscall FUN_0051c8b0(undefined4 param_1, undefined4 param_2)",false,false,true,"pseudocode/0051c8b0.c"
"0x0051c920","FUN_0051c920",253,1,"undefined __thiscall FUN_0051c920(int param_1, int param_2, int param_3)",false,false,true,"pseudocode/0051c920.c"
"0x0051ca20","FUN_0051ca20",16,1,"undefined4 __fastcall FUN_0051ca20(undefined4 param_1)",false,false,true,"pseudocode/0051ca20.c"
"0x0051ca30","setg",49,1,"void __thiscall setg(char * param_1, char * param_2, char * param_3)",false,false,true,"pseudocode/0051ca30.c"
"0x0051ca70","FUN_0051ca70",49,1,"undefined __thiscall FUN_0051ca70(undefined4 param_1, int param_2, int param_3)",false,false,true,"pseudocode/0051ca70.c"
"0x0051cab0","setp",49,1,"void __thiscall setp(char * param_1, char * param_2)",false,false,true,"pseudocode/0051cab0.c"
"0x0051caf0","setstate",39,1,"void __thiscall setstate(int param_1, bool param_2)",false,false,true,"pseudocode/0051caf0.c"
"0x0051cb20","FUN_0051cb20",87,1,"undefined1 __fastcall FUN_0051cb20(int * param_1)",false,false,true,"pseudocode/0051cb20.c"
"0x0051cb80","FUN_0051cb80",15,1,"undefined8 __stdcall FUN_0051cb80(void)",false,false,true,"pseudocode/0051cb80.c"
"0x0051cb90","FUN_0051cb90",140,1,"uint __fastcall FUN_0051cb90(basic_streambuf<char,struct_std::char_traits<char>_> * param_1)",false,false,true,"pseudocode/0051cb90.c"
"0x0051cc20","FUN_0051cc20",89,2,"undefined4 * __cdecl FUN_0051cc20(undefined4 param_1)",false,false,true,"pseudocode/0051cc20.c"
"0x0051cc80","FUN_0051cc80",68,1,"void * __thiscall FUN_0051cc80(void * param_1, uint param_2, uint param_3)",false,false,true,"pseudocode/0051cc80.c"
"0x0051ccd0","FUN_0051ccd0",17,1,"undefined4 __fastcall FUN_0051ccd0(int param_1)",false,false,true,"pseudocode/0051ccd0.c"
"0x0051ccf0","FUN_0051ccf0",98,1,"uint __fastcall FUN_0051ccf0(basic_streambuf<char,struct_std::char_traits<char>_> * param_1)",false,false,true,"pseudocode/0051ccf0.c"
"0x0051cd60","FUN_0051cd60",16,1,"undefined __fastcall FUN_0051cd60(int param_1)",false,false,true,"pseudocode/0051cd60.c"
"0x0051cd70","FUN_0051cd70",240,1,"undefined __fastcall FUN_0051cd70(basic_streambuf<char,struct_std::char_traits<char>_> * param_1)",false,false,true,"pseudocode/0051cd70.c"
"0x0051ce60","FUN_0051ce60",135,1,"undefined1 __thiscall FUN_0051ce60(undefined1 param_1)",false,false,true,"pseudocode/0051ce60.c"
"0x0051cef0","FUN_0051cef0",37,1,"undefined __thiscall FUN_0051cef0(undefined1 param_1)",false,false,true,"pseudocode/0051cef0.c"
"0x0051cf20","FUN_0051cf20",278,1,"undefined8 __thiscall FUN_0051cf20(uint * param_1, uint param_2, int param_3)",false,false,true,"pseudocode/0051cf20.c"
"0x0051d040","FUN_0051d040",293,2,"undefined8 __thiscall FUN_0051d040(uint * param_1, uint param_2, int param_3)",false,false,true,"pseudocode/0051d040.c"
"0x0051d170","FUN_0051d170",20,1,"undefined __stdcall FUN_0051d170(void)",false,false,true,"pseudocode/0051d170.c"
"0x0051d190","FUN_0051d190",150,1,"undefined4 * __thiscall FUN_0051d190(undefined4 param_1, undefined4 param_2)",false,false,true,"pseudocode/0051d190.c"
"0x0051d230","FUN_0051d230",176,1,"undefined __stdcall FUN_0051d230(undefined4 param_1, undefined4 param_2)",false,false,true,"pseudocode/0051d230.c"
"0x0051d2e0","FUN_0051d2e0",140,1,"int __thiscall FUN_0051d2e0(undefined4 param_1)",false,false,true,"pseudocode/0051d2e0.c"
"0x0051d370","FUN_0051d370",108,1,"undefined __thiscall FUN_0051d370(undefined4 param_1)",false,false,true,"pseudocode/0051d370.c"
"0x0051d3e0","FUN_0051d3e0",488,1,"undefined __thiscall FUN_0051d3e0(int param_1, undefined4 param_2)",false,false,true,"pseudocode/0051d3e0.c"
"0x0051d5d0","FUN_0051d5d0",188,1,"undefined __stdcall FUN_0051d5d0(void)",false,false,true,"pseudocode/0051d5d0.c"
"0x0051d6a0","FUN_0051d6a0",236,1,"undefined __thiscall FUN_0051d6a0(undefined4 param_1, undefined4 param_2)",false,false,true,"pseudocode/0051d6a0.c"
"0x0051d790","FUN_0051d790",116,1,"undefined __thiscall FUN_0051d790(undefined4 param_1)",false,false,true,"pseudocode/0051d790.c"
"0x0051d810","FUN_0051d810",122,1,"undefined __stdcall FUN_0051d810(undefined4 param_1)",false,false,true,"pseudocode/0051d810.c"
"0x0051d890","FUN_0051d890",31,1,"undefined __cdecl FUN_0051d890(undefined4 param_1, undefined4 param_2, undefined4 param_3)",false,false,true,"pseudocode/0051d890.c"
"0x0051d8b0","FUN_0051d8b0",78,1,"undefined __stdcall FUN_0051d8b0(undefined4 param_1, undefined4 param_2)",false,false,true,"pseudocode/0051d8b0.c"
"0x0051d900","FUN_0051d900",135,1,"undefined4 * __stdcall FUN_0051d900(void)",false,false,true,"pseudocode/0051d900.c"
"0x0051d990","FUN_0051d990",25,1,"undefined __cdecl FUN_0051d990(undefined4 * param_1, undefined4 * param_2)",false,false,true,"pseudocode/0051d990.c"
"0x0051d9b0","FUN_0051d9b0",66,1,"uint * __fastcall FUN_0051d9b0(uint * param_1)",false,false,true,"pseudocode/0051d9b0.c"
"0x0051da00","FUN_0051da00",75,1,"undefined4 __fastcall FUN_0051da00(undefined4 param_1)",false,false,true,"pseudocode/0051da00.c"
"0x0051da50","FUN_0051da50",75,1,"undefined4 __fastcall FUN_0051da50(undefined4 param_1)",false,false,true,"pseudocode/0051da50.c"
"0x0051daa0","FUN_0051daa0",78,1,"undefined4 __fastcall FUN_0051daa0(undefined4 param_1)",false,false,true,"pseudocode/0051daa0.c"
"0x0051db00","FUN_0051db00",922,1,"undefined4 * __fastcall FUN_0051db00(undefined4 * param_1)",false,false,true,"pseudocode/0051db00.c"
"0x0051dea0","FUN_0051dea0",385,1,"undefined __fastcall FUN_0051dea0(undefined4 * param_1)",false,false,true,"pseudocode/0051dea0.c"
"0x0051e030","FUN_0051e030",79,1,"undefined __thiscall FUN_0051e030(uint param_1)",false,false,true,"pseudocode/0051e030.c"
"0x0051e080","FUN_0051e080",21,1,"int __thiscall FUN_0051e080(int param_1)",false,false,true,"pseudocode/0051e080.c"
"0x0051e0a0","FUN_0051e0a0",22,1,"int __thiscall FUN_0051e0a0(int param_1)",false,false,true,"pseudocode/0051e0a0.c"
"0x0051e0c0","FUN_0051e0c0",24,1,"int __thiscall FUN_0051e0c0(int param_1)",false,false,true,"pseudocode/0051e0c0.c"
"0x0051e0e0","FUN_0051e0e0",26,1,"undefined4 __stdcall FUN_0051e0e0(void)",false,false,true,"pseudocode/0051e0e0.c"
"0x0051e100","FUN_0051e100",105,1,"uint __stdcall FUN_0051e100(int param_1, float param_2, float param_3)",false,false,true,"pseudocode/0051e100.c"
"0x0051e170","FUN_0051e170",16,1,"undefined __stdcall FUN_0051e170(void)",false,false,true,"pseudocode/0051e170.c"
"0x0051e180","FUN_0051e180",49,1,"undefined4 * __thiscall FUN_0051e180(uint param_1)",false,false,true,"pseudocode/0051e180.c"
"0x0051e1c0","FUN_0051e1c0",505,1,"undefined __fastcall FUN_0051e1c0(void * param_1)",false,false,true,"pseudocode/0051e1c0.c"
"0x0051e3c0","FUN_0051e3c0",2368,7,"undefined __fastcall FUN_0051e3c0(void * param_1)",false,false,true,"pseudocode/0051e3c0.c"
"0x0051ed90","FUN_0051ed90",1168,1,"undefined __fastcall FUN_0051ed90(int param_1)",false,false,true,"pseudocode/0051ed90.c"
"0x0051f220","FUN_0051f220",175,1,"undefined4 __fastcall FUN_0051f220(int param_1)",false,false,true,"pseudocode/0051f220.c"
"0x0051f310","FUN_0051f310",168,1,"undefined4 __cdecl FUN_0051f310(void * param_1)",false,false,true,"pseudocode/0051f310.c"
"0x0051f3c0","FUN_0051f3c0",202,1,"undefined4 __fastcall FUN_0051f3c0(int param_1)",false,false,true,"pseudocode/0051f3c0.c"
"0x0051f490","FUN_0051f490",841,1,"undefined __stdcall FUN_0051f490(void)",false,false,true,"pseudocode/0051f490.c"
"0x0051f7e0","FUN_0051f7e0",161,2,"undefined4 __stdcall FUN_0051f7e0(void)",false,false,true,"pseudocode/0051f7e0.c"
"0x0051f890","FUN_0051f890",1155,3,"undefined __stdcall FUN_0051f890(void)",false,false,true,"pseudocode/0051f890.c"
"0x0051fd20","FUN_0051fd20",54,1,"undefined __fastcall FUN_0051fd20(int param_1)",false,false,true,"pseudocode/0051fd20.c"
"0x0051fd60","FUN_0051fd60",18,1,"undefined4 __stdcall FUN_0051fd60(void)",false,false,true,"pseudocode/0051fd60.c"
"0x0051fd80","FUN_0051fd80",291,1,"undefined4 __thiscall FUN_0051fd80(int param_1)",false,false,true,"pseudocode/0051fd80.c"
"0x0051feb0","FUN_0051feb0",1543,1,"undefined __thiscall FUN_0051feb0(int param_1, int param_2, int param_3, int param_4)",false,false,true,"pseudocode/0051feb0.c"
"0x005204c0","FUN_005204c0",268,1,"undefined4 __fastcall FUN_005204c0(void * param_1)",false,false,true,"pseudocode/005204c0.c"
"0x005205d0","FUN_005205d0",1691,1,"undefined4 __fastcall FUN_005205d0(void * param_1)",false,false,true,"pseudocode/005205d0.c"
"0x00520c80","FUN_00520c80",806,1,"undefined __fastcall FUN_00520c80(int param_1)",false,false,true,"pseudocode/00520c80.c"
"0x00520fb0","FUN_00520fb0",175,1,"undefined __fastcall FUN_00520fb0(void * param_1)",false,false,true,"pseudocode/00520fb0.c"
"0x00521060","FUN_00521060",2881,2,"undefined __stdcall FUN_00521060(void)",false,false,true,"pseudocode/00521060.c"
"0x00521bc0","FUN_00521bc0",2042,2,"undefined4 __stdcall FUN_00521bc0(void)",false,false,true,"pseudocode/00521bc0.c"
"0x005223e0","FUN_005223e0",2604,1,"undefined4 __fastcall FUN_005223e0(void * param_1)",false,false,true,"pseudocode/005223e0.c"
"0x00522e20","FUN_00522e20",1559,1,"undefined __fastcall FUN_00522e20(int param_1)",false,false,true,"pseudocode/00522e20.c"
"0x00523440","FUN_00523440",3184,2,"undefined4 __fastcall FUN_00523440(void * param_1)",false,false,true,"pseudocode/00523440.c"
"0x005240d0","FUN_005240d0",2877,1,"undefined __fastcall FUN_005240d0(int param_1)",false,false,true,"pseudocode/005240d0.c"
"0x00524c10","FUN_00524c10",3019,1,"undefined4 __fastcall FUN_00524c10(void * param_1)",false,false,true,"pseudocode/00524c10.c"
"0x005257f0","FUN_005257f0",3502,1,"undefined __fastcall FUN_005257f0(int param_1)",false,false,true,"pseudocode/005257f0.c"
"0x005265a0","FUN_005265a0",1229,1,"undefined4 __fastcall FUN_005265a0(void * param_1)",false,false,true,"pseudocode/005265a0.c"
"0x00526a90","FUN_00526a90",3394,1,"undefined __fastcall FUN_00526a90(void * param_1)",false,false,true,"pseudocode/00526a90.c"
"0x005277f0","FUN_005277f0",1793,1,"undefined __fastcall FUN_005277f0(int param_1)",false,false,true,"pseudocode/005277f0.c"
"0x00527f00","FUN_00527f00",1497,1,"undefined4 __fastcall FUN_00527f00(void * param_1)",false,false,true,"pseudocode/00527f00.c"
"0x005284f0","FUN_005284f0",1350,2,"undefined4 __fastcall FUN_005284f0(void * param_1)",false,false,true,"pseudocode/005284f0.c"
"0x00528a50","FUN_00528a50",1380,1,"undefined __fastcall FUN_00528a50(int param_1)",false,false,true,"pseudocode/00528a50.c"
"0x00528fc0","FUN_00528fc0",1099,2,"undefined4 __fastcall FUN_00528fc0(void * param_1)",false,false,true,"pseudocode/00528fc0.c"
"0x00529430","FUN_00529430",1772,2,"undefined4 __fastcall FUN_00529430(void * param_1)",false,false,true,"pseudocode/00529430.c"
"0x00529b40","FUN_00529b40",825,1,"undefined __fastcall FUN_00529b40(int param_1)",false,false,true,"pseudocode/00529b40.c"
"0x00529e80","FUN_00529e80",2054,2,"undefined4 __fastcall FUN_00529e80(void * param_1)",false,false,true,"pseudocode/00529e80.c"
"0x0052a700","FUN_0052a700",402,1,"undefined __fastcall FUN_0052a700(int param_1)",false,false,true,"pseudocode/0052a700.c"
"0x0052a8a0","FUN_0052a8a0",3017,1,"undefined4 __fastcall FUN_0052a8a0(void * param_1)",false,false,true,"pseudocode/0052a8a0.c"
"0x0052b480","FUN_0052b480",1116,1,"undefined __fastcall FUN_0052b480(int param_1)",false,false,true,"pseudocode/0052b480.c"
"0x0052b8e0","FUN_0052b8e0",1837,2,"undefined __stdcall FUN_0052b8e0(void)",false,false,true,"pseudocode/0052b8e0.c"
"0x0052c030","FUN_0052c030",344,1,"undefined __fastcall FUN_0052c030(int param_1)",false,false,true,"pseudocode/0052c030.c"
"0x0052c190","FUN_0052c190",19,1,"int __fastcall FUN_0052c190(int param_1)",false,false,true,"pseudocode/0052c190.c"
"0x0052c1b0","FUN_0052c1b0",34,1,"int __thiscall FUN_0052c1b0(uint param_1)",false,false,true,"pseudocode/0052c1b0.c"
"0x0052c1e0","FUN_0052c1e0",13,1,"undefined __cdecl FUN_0052c1e0(void * param_1)",false,false,true,"pseudocode/0052c1e0.c"
"0x0052c1f0","FUN_0052c1f0",25,1,"undefined __stdcall FUN_0052c1f0(void)",false,false,true,"pseudocode/0052c1f0.c"
"0x0052c210","FUN_0052c210",13,1,"undefined __cdecl FUN_0052c210(int param_1)",false,false,true,"pseudocode/0052c210.c"
"0x0052c220","FUN_0052c220",31,1,"undefined __thiscall FUN_0052c220(uint * param_1)",false,false,true,"pseudocode/0052c220.c"
"0x0052c240","FUN_0052c240",62,1,"undefined4 * __thiscall FUN_0052c240(undefined4 * param_1, int param_2, int param_3)",false,false,true,"pseudocode/0052c240.c"
"0x0052c280","FUN_0052c280",20,1,"undefined4 __fastcall FUN_0052c280(int param_1)",false,false,true,"pseudocode/0052c280.c"
"0x0052c2a0","FUN_0052c2a0",20,1,"undefined4 __fastcall FUN_0052c2a0(int param_1)",false,false,true,"pseudocode/0052c2a0.c"
"0x0052c2c0","FUN_0052c2c0",17,1,"undefined4 __fastcall FUN_0052c2c0(int param_1)",false,false,true,"pseudocode/0052c2c0.c"
"0x0052c2e0","FUN_0052c2e0",20,1,"undefined4 __fastcall FUN_0052c2e0(int param_1)",false,false,true,"pseudocode/0052c2e0.c"
"0x0052c300","FUN_0052c300",19,1,"int __fastcall FUN_0052c300(int param_1)",false,false,true,"pseudocode/0052c300.c"
"0x0052c320","FUN_0052c320",184,1,"undefined __fastcall FUN_0052c320(int param_1)",false,false,true,"pseudocode/0052c320.c"
"0x0052c3e0","FUN_0052c3e0",20,1,"undefined4 __fastcall FUN_0052c3e0(int param_1)",false,false,true,"pseudocode/0052c3e0.c"
"0x0052c400","FUN_0052c400",27,1,"undefined8 __fastcall FUN_0052c400(undefined8 * param_1)",false,false,true,"pseudocode/0052c400.c"
"0x0052c420","FUN_0052c420",26,1,"undefined __fastcall FUN_0052c420(int param_1)",false,false,true,"pseudocode/0052c420.c"
"0x0052c440","FUN_0052c440",166,1,"undefined __thiscall FUN_0052c440(int param_1, int param_2, int param_3)",false,false,true,"pseudocode/0052c440.c"
"0x0052c4f0","FUN_0052c4f0",331,1,"undefined __thiscall FUN_0052c4f0(int param_1, int param_2)",false,false,true,"pseudocode/0052c4f0.c"
"0x0052c640","FUN_0052c640",184,1,"undefined __thiscall FUN_0052c640(int param_1)",false,false,true,"pseudocode/0052c640.c"
"0x0052c700","FUN_0052c700",42,1,"bool __fastcall FUN_0052c700(int param_1)",false,false,true,"pseudocode/0052c700.c"
"0x0052c730","FUN_0052c730",23,1,"uint __fastcall FUN_0052c730(int param_1)",false,false,true,"pseudocode/0052c730.c"
"0x0052c750","FUN_0052c750",81,1,"bool __thiscall FUN_0052c750(int param_1)",false,false,true,"pseudocode/0052c750.c"
"0x0052c7b0","FUN_0052c7b0",180,1,"undefined __fastcall FUN_0052c7b0(void * param_1)",false,false,true,"pseudocode/0052c7b0.c"
"0x0052c870","FUN_0052c870",324,1,"undefined __thiscall FUN_0052c870(int param_1)",false,false,true,"pseudocode/0052c870.c"
"0x0052c9c0","FUN_0052c9c0",42,1,"bool __fastcall FUN_0052c9c0(int param_1)",false,false,true,"pseudocode/0052c9c0.c"
"0x0052c9f0","FUN_0052c9f0",52,1,"bool __fastcall FUN_0052c9f0(int param_1)",false,false,true,"pseudocode/0052c9f0.c"
"0x0052ca30","FUN_0052ca30",55,1,"undefined1 __fastcall FUN_0052ca30(int param_1)",false,false,true,"pseudocode/0052ca30.c"
"0x0052ca70","FUN_0052ca70",180,1,"undefined __thiscall FUN_0052ca70(uint param_1)",false,false,true,"pseudocode/0052ca70.c"
"0x0052cb30","FUN_0052cb30",158,1,"undefined4 __stdcall FUN_0052cb30(int param_1, int param_2)",false,false,true,"pseudocode/0052cb30.c"
"0x0052cbd0","FUN_0052cbd0",26,1,"undefined __thiscall FUN_0052cbd0(undefined4 param_1)",false,false,true,"pseudocode/0052cbd0.c"
"0x0052cbf0","FUN_0052cbf0",61,1,"undefined __thiscall FUN_0052cbf0(int param_1)",false,false,true,"pseudocode/0052cbf0.c"
"0x0052cc30","FUN_0052cc30",95,1,"undefined __thiscall FUN_0052cc30(int param_1)",false,false,true,"pseudocode/0052cc30.c"
"0x0052cc90","FUN_0052cc90",61,1,"undefined __thiscall FUN_0052cc90(int param_1)",false,false,true,"pseudocode/0052cc90.c"
"0x0052ccd0","FUN_0052ccd0",63,1,"undefined __thiscall FUN_0052ccd0(int param_1, undefined4 param_2)",false,false,true,"pseudocode/0052ccd0.c"
"0x0052cd10","FUN_0052cd10",63,1,"undefined __thiscall FUN_0052cd10(int param_1, undefined4 param_2)",false,false,true,"pseudocode/0052cd10.c"
"0x0052cd50","FUN_0052cd50",37,1,"undefined __thiscall FUN_0052cd50(undefined4 param_1)",false,false,true,"pseudocode/0052cd50.c"
"0x0052cd80","FUN_0052cd80",22,1,"undefined __thiscall FUN_0052cd80(undefined4 param_1)",false,false,true,"pseudocode/0052cd80.c"
"0x0052cda0","FUN_0052cda0",39,1,"undefined __thiscall FUN_0052cda0(uint param_1)",false,false,true,"pseudocode/0052cda0.c"
"0x0052cdd0","FUN_0052cdd0",25,1,"undefined __thiscall FUN_0052cdd0(undefined4 param_1)",false,false,true,"pseudocode/0052cdd0.c"
"0x0052cdf0","FUN_0052cdf0",59,1,"undefined __thiscall FUN_0052cdf0(int param_1)",false,false,true,"pseudocode/0052cdf0.c"
"0x0052ce30","FUN_0052ce30",25,1,"undefined __thiscall FUN_0052ce30(undefined4 param_1)",false,false,true,"pseudocode/0052ce30.c"
"0x0052ce50","FUN_0052ce50",39,1,"undefined __thiscall FUN_0052ce50(undefined4 param_1)",false,false,true,"pseudocode/0052ce50.c"
"0x0052ce80","FUN_0052ce80",39,1,"undefined __thiscall FUN_0052ce80(int param_1)",false,false,true,"pseudocode/0052ce80.c"
"0x0052ceb0","FUN_0052ceb0",22,1,"undefined __thiscall FUN_0052ceb0(undefined4 param_1)",false,false,true,"pseudocode/0052ceb0.c"
"0x0052ced0","FUN_0052ced0",61,1,"undefined __thiscall FUN_0052ced0(undefined4 param_1)",false,false,true,"pseudocode/0052ced0.c"
"0x0052cf10","FUN_0052cf10",39,1,"undefined __thiscall FUN_0052cf10(uint param_1)",false,false,true,"pseudocode/0052cf10.c"
"0x0052cf40","FUN_0052cf40",47,1,"undefined __thiscall FUN_0052cf40(undefined4 param_1)",false,false,true,"pseudocode/0052cf40.c"
"0x0052cf70","FUN_0052cf70",16,1,"undefined4 __stdcall FUN_0052cf70(void)",false,false,true,"pseudocode/0052cf70.c"
"0x0052cf80","FUN_0052cf80",83,1,"undefined __thiscall FUN_0052cf80(int param_1)",false,false,true,"pseudocode/0052cf80.c"
"0x0052cfe0","FUN_0052cfe0",90,1,"undefined __stdcall FUN_0052cfe0(void)",false,false,true,"pseudocode/0052cfe0.c"
"0x0052d040","FUN_0052d040",43,1,"undefined4 * __fastcall FUN_0052d040(undefined4 * param_1)",false,false,true,"pseudocode/0052d040.c"
"0x0052d070","FUN_0052d070",45,1,"_Compressed_pair<struct_std::default_delete<class_std::_Facet_base>,class_std::_Facet_base*,1> * __thiscall FUN_0052d070(undefined4 param_1)",false,false,true,"pseudocode/0052d070.c"
"0x0052d0a0","FUN_0052d0a0",45,1,"_Compressed_pair<struct_std::default_delete<class_std::_Facet_base>,class_std::_Facet_base*,1> * __thiscall FUN_0052d0a0(undefined4 param_1)",false,false,true,"pseudocode/0052d0a0.c"
"0x0052d0d0","FUN_0052d0d0",102,1,"void * __thiscall FUN_0052d0d0(undefined4 param_1)",false,false,true,"pseudocode/0052d0d0.c"
"0x0052d140","FUN_0052d140",102,1,"void * __thiscall FUN_0052d140(undefined4 param_1)",false,false,true,"pseudocode/0052d140.c"
"0x0052d1b0","_Alloc_proxy<class_std::allocator<struct_std::_Container_proxy>_>",75,1,"void __thiscall _Alloc_proxy<class_std::allocator<struct_std::_Container_proxy>_>(allocator<struct_std::_Container_proxy> * param_1)",false,false,true,"pseudocode/0052d1b0.c"
"0x0052d200","_Deallocate_plain<class_std::allocator<struct_std::_Container_proxy>_>",67,1,"void __cdecl _Deallocate_plain<class_std::allocator<struct_std::_Container_proxy>_>(allocator<struct_std::_Container_proxy> * param_1, _Container_proxy * param_2)",false,false,true,"pseudocode/0052d200.c"
"0x0052d250","_Delete_plain_internal<class_std::allocator<struct_std::_Container_proxy>_>",21,1,"void __cdecl _Delete_plain_internal<class_std::allocator<struct_std::_Container_proxy>_>(allocator<struct_std::_Container_proxy> * param_1, _Container_proxy * param_2)",false,false,true,"pseudocode/0052d250.c"
"0x0052d270","FUN_0052d270",343,1,"undefined __thiscall FUN_0052d270(undefined4 param_1)",false,false,true,"pseudocode/0052d270.c"
"0x0052d3d0","FUN_0052d3d0",17,1,"undefined __cdecl FUN_0052d3d0(int param_1, void * param_2)",false,false,true,"pseudocode/0052d3d0.c"
"0x0052d3f0","FUN_0052d3f0",95,1,"undefined4 * __cdecl FUN_0052d3f0(undefined4 * param_1)",false,false,true,"pseudocode/0052d3f0.c"
"0x0052d450","FUN_0052d450",100,1,"undefined4 * __cdecl FUN_0052d450(undefined4 * param_1)",false,false,true,"pseudocode/0052d450.c"
"0x0052d4c0","FUN_0052d4c0",25,1,"void * __cdecl FUN_0052d4c0(void * param_1)",false,false,true,"pseudocode/0052d4c0.c"
"0x0052d4e0","_Reset<>",90,1,"undefined __thiscall _Reset<>(undefined4 param_1)",false,false,true,"pseudocode/0052d4e0.c"
"0x0052d540","_Reset<>",90,1,"undefined __thiscall _Reset<>(undefined4 param_1)",false,false,true,"pseudocode/0052d540.c"
"0x0052d5a0","FUN_0052d5a0",30,1,"undefined __cdecl FUN_0052d5a0(undefined4 * param_1, undefined4 param_2)",false,false,true,"pseudocode/0052d5a0.c"
"0x0052d5c0","FUN_0052d5c0",208,1,"undefined __stdcall FUN_0052d5c0(undefined4 param_1, uint param_2)",false,false,true,"pseudocode/0052d5c0.c"
"0x0052d690","FUN_0052d690",67,1,"undefined4 * __stdcall FUN_0052d690(void)",false,false,true,"pseudocode/0052d690.c"
"0x0052d6e0","FUN_0052d6e0",228,1,"undefined __cdecl FUN_0052d6e0(undefined4 * param_1)",false,false,true,"pseudocode/0052d6e0.c"
"0x0052d7d0","FUN_0052d7d0",230,1,"undefined __cdecl FUN_0052d7d0(undefined4 * param_1)",false,false,true,"pseudocode/0052d7d0.c"
"0x0052d8c0","FUN_0052d8c0",65,1,"_Compressed_pair<struct_std::default_delete<class_std::_Facet_base>,class_std::_Facet_base*,1> * __fastcall FUN_0052d8c0(_Compressed_pair<struct_std::default_delete<class_std::_Facet_base>,class_std::_Facet_base*,1> * param_1)",false,false,true,"pseudocode/0052d8c0.c"
"0x0052d910","_String_const_iterator<>",40,1,"_Iterator_base12 * __thiscall _String_const_iterator<>(_Iterator_base12 * param_1)",false,false,true,"pseudocode/0052d910.c"
"0x0052d940","_String_const_iterator<>",46,1,"_Ptr_base<struct__EXCEPTION_RECORD_const_> * __thiscall _String_const_iterator<>(undefined4 param_1, undefined4 * param_2)",false,false,true,"pseudocode/0052d940.c"
"0x0052d970","FUN_0052d970",29,1,"void * __thiscall FUN_0052d970(_Iterator_base12 * param_1)",false,false,true,"pseudocode/0052d970.c"
"0x0052d990","_String_iterator<>",33,1,"void * __thiscall _String_iterator<>(undefined4 param_1, undefined4 * param_2)",false,false,true,"pseudocode/0052d990.c"
"0x0052d9c0","FUN_0052d9c0",33,1,"undefined4 * __thiscall FUN_0052d9c0(undefined4 param_1, undefined4 param_2)",false,false,true,"pseudocode/0052d9c0.c"
"0x0052d9f0","default_error_condition",33,1,"void * __thiscall default_error_condition(undefined4 param_1, undefined4 param_2)",false,false,true,"pseudocode/0052d9f0.c"
"0x0052da20","FUN_0052da20",80,1,"_Compressed_pair<struct_std::default_delete<class_std::_Facet_base>,class_std::_Facet_base*,1> * __fastcall FUN_0052da20(_Compressed_pair<struct_std::default_delete<class_std::_Facet_base>,class_std::_Facet_base*,1> * param_1)",false,false,true,"pseudocode/0052da20.c"
"0x0052da70","FUN_0052da70",190,1,"undefined4 * __fastcall FUN_0052da70(undefined4 * param_1)",false,false,true,"pseudocode/0052da70.c"
"0x0052db40","_Iterator_base12",48,1,"undefined __thiscall _Iterator_base12(_Iterator_base12 * param_1)",false,false,true,"pseudocode/0052db40.c"
"0x0052db70","FUN_0052db70",20,1,"undefined __fastcall FUN_0052db70(_Compressed_pair<struct_std::default_delete<class_std::_Facet_base>,class_std::_Facet_base*,1> * param_1)",false,false,true,"pseudocode/0052db70.c"
"0x0052db90","FUN_0052db90",110,1,"undefined __fastcall FUN_0052db90(_Compressed_pair<struct_std::default_delete<class_std::_Facet_base>,class_std::_Facet_base*,1> * param_1)",false,false,true,"pseudocode/0052db90.c"
"0x0052dc00","FUN_0052dc00",141,1,"undefined __fastcall FUN_0052dc00(undefined4 * param_1)",false,false,true,"pseudocode/0052dc00.c"
"0x0052dca0","FUN_0052dca0",49,1,"bool __thiscall FUN_0052dca0(int param_1)",false,false,true,"pseudocode/0052dca0.c"
"0x0052dce0","FUN_0052dce0",25,1,"undefined __thiscall FUN_0052dce0(int param_1)",false,false,true,"pseudocode/0052dce0.c"
"0x0052dd00","FUN_0052dd00",36,1,"undefined __fastcall FUN_0052dd00(undefined4 * param_1)",false,false,true,"pseudocode/0052dd00.c"
"0x0052dd30","FUN_0052dd30",19,1,"undefined __fastcall FUN_0052dd30(undefined4 * param_1)",false,false,true,"pseudocode/0052dd30.c"
"0x0052dd50","FUN_0052dd50",29,1,"int __fastcall FUN_0052dd50(int param_1)",false,false,true,"pseudocode/0052dd50.c"
"0x0052dd70","iterator::operator++",29,1,"int __fastcall iterator::operator++(int param_1)",false,false,true,"pseudocode/0052dd70.c"
"0x0052dd90","FUN_0052dd90",22,1,"int __fastcall FUN_0052dd90(int param_1)",false,false,true,"pseudocode/0052dd90.c"
"0x0052ddb0","FUN_0052ddb0",29,1,"int __fastcall FUN_0052ddb0(int param_1)",false,false,true,"pseudocode/0052ddb0.c"
"0x0052ddd0","FUN_0052ddd0",22,1,"int __fastcall FUN_0052ddd0(int param_1)",false,false,true,"pseudocode/0052ddd0.c"
"0x0052ddf0","operator-",37,1,"int __thiscall operator-(_String_const_iterator<class_std::_String_val<struct_std::_Simple_types<char>_>_> * param_1)",false,false,true,"pseudocode/0052ddf0.c"
"0x0052de20","FUN_0052de20",25,1,"int __thiscall FUN_0052de20(int param_1)",false,false,true,"pseudocode/0052de20.c"
"0x0052de40","FUN_0052de40",25,1,"undefined __thiscall FUN_0052de40(int param_1)",false,false,true,"pseudocode/0052de40.c"
"0x0052de60","FUN_0052de60",40,1,"void * __thiscall FUN_0052de60(void * param_1, int param_2)",false,false,true,"pseudocode/0052de60.c"
"0x0052de90","FUN_0052de90",31,1,"int __thiscall FUN_0052de90(int param_1)",false,false,true,"pseudocode/0052de90.c"
"0x0052deb0","FUN_0052deb0",28,1,"void * __thiscall FUN_0052deb0(int param_1)",false,false,true,"pseudocode/0052deb0.c"
"0x0052ded0","`scalar_deleting_destructor'",46,1,"void * __thiscall `scalar_deleting_destructor'(uint param_1)",false,false,true,"pseudocode/0052ded0.c"
"0x0052df00","FUN_0052df00",37,1,"undefined __fastcall FUN_0052df00(int param_1)",false,false,true,"pseudocode/0052df00.c"
"0x0052df30","FUN_0052df30",564,1,"undefined4 __fastcall FUN_0052df30(undefined4 * param_1)",false,false,true,"pseudocode/0052df30.c"
"0x0052e170","FUN_0052e170",157,1,"undefined4 __fastcall FUN_0052e170(void * param_1)",false,false,true,"pseudocode/0052e170.c"
"0x0052e210","FUN_0052e210",1298,3,"undefined __stdcall FUN_0052e210(void)",false,false,true,"pseudocode/0052e210.c"
"0x0052e730","FUN_0052e730",62,1,"undefined4 __stdcall FUN_0052e730(void)",false,false,true,"pseudocode/0052e730.c"
"0x0052e770","FUN_0052e770",40,1,"undefined __thiscall FUN_0052e770(undefined4 * param_1)",false,false,true,"pseudocode/0052e770.c"
"0x0052e7a0","Copy",47,1,"undefined __thiscall Copy(undefined4 param_1)",false,false,true,"pseudocode/0052e7a0.c"
"0x0052e7d0","Copy",47,1,"undefined __thiscall Copy(undefined4 param_1)",false,false,true,"pseudocode/0052e7d0.c"
"0x0052e800","FUN_0052e800",38,1,"undefined __thiscall FUN_0052e800(uint param_1)",false,false,true,"pseudocode/0052e800.c"
"0x0052e830","_Getcont",43,1,"_Container_base12 * __thiscall _Getcont(void)",false,false,true,"pseudocode/0052e830.c"
"0x0052e860","FUN_0052e860",713,1,"undefined __thiscall FUN_0052e860(uint param_1)",false,false,true,"pseudocode/0052e860.c"
"0x0052eb30","FUN_0052eb30",46,1,"void * __thiscall FUN_0052eb30(void * param_1, undefined4 param_2, undefined4 param_3, undefined4 param_4)",false,false,true,"pseudocode/0052eb30.c"
"0x0052eb60","FUN_0052eb60",22,1,"int __fastcall FUN_0052eb60(int param_1)",false,false,true,"pseudocode/0052eb60.c"
"0x0052eb80","FUN_0052eb80",22,1,"undefined4 __fastcall FUN_0052eb80(int param_1)",false,false,true,"pseudocode/0052eb80.c"
"0x0052eba0","FUN_0052eba0",22,1,"int __fastcall FUN_0052eba0(int param_1)",false,false,true,"pseudocode/0052eba0.c"
"0x0052ebc0","Move",104,1,"undefined __thiscall Move(undefined4 param_1)",false,false,true,"pseudocode/0052ebc0.c"
"0x0052ec30","Move",104,1,"undefined __thiscall Move(undefined4 param_1)",false,false,true,"pseudocode/0052ec30.c"
"0x0052eca0","FUN_0052eca0",22,1,"int __fastcall FUN_0052eca0(int param_1)",false,false,true,"pseudocode/0052eca0.c"
"0x0052ecc0","Mysize",22,1,"int __fastcall Mysize(int param_1)",false,false,true,"pseudocode/0052ecc0.c"
"0x0052ece0","FUN_0052ece0",27,1,"undefined __fastcall FUN_0052ece0(int param_1)",false,false,true,"pseudocode/0052ece0.c"
"0x0052ed00","FUN_0052ed00",231,1,"undefined __fastcall FUN_0052ed00(_Compressed_pair<struct_std::default_delete<class_std::_Facet_base>,class_std::_Facet_base*,1> * param_1)",false,false,true,"pseudocode/0052ed00.c"
"0x0052edf0","FUN_0052edf0",26,1,"undefined __thiscall FUN_0052edf0(undefined4 * param_1)",false,false,true,"pseudocode/0052edf0.c"
"0x0052ee10","FUN_0052ee10",54,1,"undefined __thiscall FUN_0052ee10(int param_1)",false,false,true,"pseudocode/0052ee10.c"
"0x0052ee50","FUN_0052ee50",16,1,"undefined * * __stdcall FUN_0052ee50(void)",false,false,true,"pseudocode/0052ee50.c"
"0x0052ee60","FUN_0052ee60",16,1,"undefined * * __stdcall FUN_0052ee60(void)",false,false,true,"pseudocode/0052ee60.c"
"0x0052ee70","FUN_0052ee70",68,1,"undefined __fastcall FUN_0052ee70(_Compressed_pair<struct_std::default_delete<class_std::_Facet_base>,class_std::_Facet_base*,1> * param_1)",false,false,true,"pseudocode/0052ee70.c"
"0x0052eec0","FUN_0052eec0",67,1,"void * __thiscall FUN_0052eec0(void * param_1)",false,false,true,"pseudocode/0052eec0.c"
"0x0052ef10","FUN_0052ef10",81,1,"void * __thiscall FUN_0052ef10(void * param_1)",false,false,true,"pseudocode/0052ef10.c"
"0x0052ef70","FUN_0052ef70",54,1,"void * __thiscall FUN_0052ef70(void * param_1)",false,false,true,"pseudocode/0052ef70.c"
"0x0052efb0","FUN_0052efb0",34,1,"undefined __fastcall FUN_0052efb0(void * param_1)",false,false,true,"pseudocode/0052efb0.c"
"0x0052efe0","FUN_0052efe0",67,1,"void * __thiscall FUN_0052efe0(void * param_1)",false,false,true,"pseudocode/0052efe0.c"
"0x0052f030","FUN_0052f030",13,1,"undefined __cdecl FUN_0052f030(undefined4 * param_1)",false,false,true,"pseudocode/0052f030.c"
"0x0052f040","FUN_0052f040",22,1,"undefined __cdecl FUN_0052f040(void * param_1, undefined4 param_2, int param_3)",false,false,true,"pseudocode/0052f040.c"
"0x0052f060","FUN_0052f060",106,1,"undefined * __cdecl FUN_0052f060(byte * param_1)",false,false,true,"pseudocode/0052f060.c"
"0x0052f0d0","FUN_0052f0d0",46,1,"bool __fastcall FUN_0052f0d0(int param_1)",false,false,true,"pseudocode/0052f0d0.c"
"0x0052f100","FUN_0052f100",130,1,"undefined __cdecl FUN_0052f100(byte * param_1)",false,false,true,"pseudocode/0052f100.c"
"0x0052f190","FUN_0052f190",639,1,"undefined __stdcall FUN_0052f190(void * param_1)",false,false,true,"pseudocode/0052f190.c"
"0x0052f420","FUN_0052f420",123,1,"void * __stdcall FUN_0052f420(void * param_1)",false,false,true,"pseudocode/0052f420.c"
"0x0052f4a0","FUN_0052f4a0",19,1,"undefined __fastcall FUN_0052f4a0(int param_1)",false,false,true,"pseudocode/0052f4a0.c"
"0x0052f4c0","FUN_0052f4c0",19,1,"undefined __fastcall FUN_0052f4c0(int param_1)",false,false,true,"pseudocode/0052f4c0.c"
"0x0052f4e0","FUN_0052f4e0",88,1,"undefined * __cdecl FUN_0052f4e0(int param_1, int param_2, int param_3)",false,false,true,"pseudocode/0052f4e0.c"
"0x0052f540","FUN_0052f540",70,1,"undefined * __cdecl FUN_0052f540(int param_1)",false,false,true,"pseudocode/0052f540.c"
"0x0052f590","FUN_0052f590",20,1,"undefined __fastcall FUN_0052f590(undefined4 * param_1)",false,false,true,"pseudocode/0052f590.c"
"0x0052f5b0","FUN_0052f5b0",185,1,"undefined __fastcall FUN_0052f5b0(_Compressed_pair<struct_std::default_delete<class_std::_Facet_base>,class_std::_Facet_base*,1> * param_1)",false,false,true,"pseudocode/0052f5b0.c"
"0x0052f670","FUN_0052f670",193,1,"undefined __fastcall FUN_0052f670(_Compressed_pair<struct_std::default_delete<class_std::_Facet_base>,class_std::_Facet_base*,1> * param_1)",false,false,true,"pseudocode/0052f670.c"
"0x0052f740","FUN_0052f740",129,1,"undefined4 __thiscall FUN_0052f740(uint param_1)",false,false,true,"pseudocode/0052f740.c"
"0x0052f7d0","FUN_0052f7d0",34,1,"undefined __thiscall FUN_0052f7d0(undefined4 param_1)",false,false,true,"pseudocode/0052f7d0.c"
"0x0052f800","FUN_0052f800",58,1,"undefined __thiscall FUN_0052f800(undefined4 param_1)",false,false,true,"pseudocode/0052f800.c"
"0x0052f840","FUN_0052f840",151,1,"undefined __thiscall FUN_0052f840(uint param_1)",false,false,true,"pseudocode/0052f840.c"
"0x0052f8e0","FUN_0052f8e0",21,1,"undefined4 __fastcall FUN_0052f8e0(int param_1)",false,false,true,"pseudocode/0052f8e0.c"
"0x0052f900","FUN_0052f900",163,2,"undefined4 * __cdecl FUN_0052f900(uint param_1)",false,false,true,"pseudocode/0052f900.c"
"0x0052f9b0","FUN_0052f9b0",139,1,"undefined __cdecl FUN_0052f9b0(undefined4 * param_1, int * param_2, uint param_3)",false,false,true,"pseudocode/0052f9b0.c"
"0x0052fa40","FUN_0052fa40",135,1,"undefined4 * __stdcall FUN_0052fa40(void)",false,false,true,"pseudocode/0052fa40.c"
"0x0052fad0","FUN_0052fad0",99,1,"undefined4 * __fastcall FUN_0052fad0(undefined4 * param_1)",false,false,true,"pseudocode/0052fad0.c"
"0x0052fb40","FUN_0052fb40",31,1,"undefined4 * __fastcall FUN_0052fb40(undefined4 * param_1)",false,false,true,"pseudocode/0052fb40.c"
"0x0052fb60","FUN_0052fb60",18,1,"undefined __fastcall FUN_0052fb60(int param_1)",false,false,true,"pseudocode/0052fb60.c"
"0x0052fb80","FUN_0052fb80",51,1,"undefined __fastcall FUN_0052fb80(int param_1)",false,false,true,"pseudocode/0052fb80.c"
"0x0052fbc0","FUN_0052fbc0",13,1,"undefined __stdcall FUN_0052fbc0(void)",false,false,true,"pseudocode/0052fbc0.c"
"0x0052fbd0","FUN_0052fbd0",174,1,"undefined __thiscall FUN_0052fbd0(int param_1, int param_2, int param_3)",false,false,true,"pseudocode/0052fbd0.c"
"0x0052fc80","FUN_0052fc80",134,1,"undefined __stdcall FUN_0052fc80(void * param_1, int param_2)",false,false,true,"pseudocode/0052fc80.c"
"0x0052fd10","FUN_0052fd10",85,1,"undefined __thiscall FUN_0052fd10(int param_1, int param_2, int param_3)",false,false,true,"pseudocode/0052fd10.c"
"0x0052fd70","FUN_0052fd70",260,2,"undefined4 __fastcall FUN_0052fd70(int param_1)",false,false,true,"pseudocode/0052fd70.c"
"0x0052fe80","FUN_0052fe80",87,1,"undefined __stdcall FUN_0052fe80(void)",false,false,true,"pseudocode/0052fe80.c"
"0x0052fee0","FUN_0052fee0",134,1,"undefined __stdcall FUN_0052fee0(void * param_1, int param_2)",false,false,true,"pseudocode/0052fee0.c"
"0x0052ff70","FUN_0052ff70",85,1,"undefined __thiscall FUN_0052ff70(int param_1, int param_2, int param_3)",false,false,true,"pseudocode/0052ff70.c"
"0x0052ffd0","FUN_0052ffd0",49,1,"undefined __fastcall FUN_0052ffd0(int param_1)",false,false,true,"pseudocode/0052ffd0.c"
"0x00530010","FUN_00530010",421,1,"undefined __stdcall FUN_00530010(void)",false,false,true,"pseudocode/00530010.c"
"0x005301c0","FUN_005301c0",370,5,"int __thiscall FUN_005301c0(undefined4 param_1, int param_2)",false,false,true,"pseudocode/005301c0.c"
"0x00530350","FUN_00530350",25,1,"uint __fastcall FUN_00530350(int param_1)",false,false,true,"pseudocode/00530350.c"
"0x00530370","FUN_00530370",370,5,"int __thiscall FUN_00530370(undefined4 param_1, int param_2)",false,false,true,"pseudocode/00530370.c"
"0x00530500","FUN_00530500",18,1,"undefined1 __fastcall FUN_00530500(int param_1)",false,false,true,"pseudocode/00530500.c"
"0x00530520","FUN_00530520",22,1,"undefined __stdcall FUN_00530520(void)",false,false,true,"pseudocode/00530520.c"
"0x00530540","FUN_00530540",18,1,"undefined1 __fastcall FUN_00530540(int param_1)",false,false,true,"pseudocode/00530540.c"
"0x00530560","FUN_00530560",24,1,"undefined __fastcall FUN_00530560(int * param_1)",false,false,true,"pseudocode/00530560.c"
"0x00530580","FUN_00530580",18,1,"undefined __fastcall FUN_00530580(int param_1)",false,false,true,"pseudocode/00530580.c"
"0x005305a0","FUN_005305a0",18,1,"undefined __fastcall FUN_005305a0(int param_1)",false,false,true,"pseudocode/005305a0.c"
"0x005305c0","FUN_005305c0",39,1,"undefined __thiscall FUN_005305c0(float param_1)",false,false,true,"pseudocode/005305c0.c"
"0x005305f0","FUN_005305f0",21,1,"undefined __stdcall FUN_005305f0(void)",false,false,true,"pseudocode/005305f0.c"
"0x00530610","FUN_00530610",135,1,"undefined4 * __stdcall FUN_00530610(void)",false,false,true,"pseudocode/00530610.c"
"0x005306a0","FUN_005306a0",53,1,"undefined4 * __fastcall FUN_005306a0(undefined4 * param_1)",false,false,true,"pseudocode/005306a0.c"
"0x005306e0","FUN_005306e0",32,1,"undefined4 __fastcall FUN_005306e0(int param_1)",false,false,true,"pseudocode/005306e0.c"
"0x00530700","FUN_00530700",78,1,"undefined __fastcall FUN_00530700(int param_1)",false,false,true,"pseudocode/00530700.c"
"0x00530750","FUN_00530750",140,1,"undefined __thiscall FUN_00530750(int param_1, int param_2, int param_3)",false,false,true,"pseudocode/00530750.c"
"0x005307e0","FUN_005307e0",488,2,"undefined __fastcall FUN_005307e0(int param_1)",false,false,true,"pseudocode/005307e0.c"
"0x005309d0","FUN_005309d0",37,1,"undefined __stdcall FUN_005309d0(void)",false,false,true,"pseudocode/005309d0.c"
"0x00530a00","FUN_00530a00",189,1,"undefined __stdcall FUN_00530a00(void)",false,false,true,"pseudocode/00530a00.c"
"0x00530ac0","FUN_00530ac0",24,1,"undefined4 __stdcall FUN_00530ac0(void)",false,false,true,"pseudocode/00530ac0.c"
"0x00530ae0","FUN_00530ae0",21,1,"undefined __stdcall FUN_00530ae0(void)",false,false,true,"pseudocode/00530ae0.c"
"0x00530b00","FUN_00530b00",135,1,"undefined4 * __stdcall FUN_00530b00(void)",false,false,true,"pseudocode/00530b00.c"
"0x00530b90","FUN_00530b90",53,1,"undefined4 * __fastcall FUN_00530b90(undefined4 * param_1)",false,false,true,"pseudocode/00530b90.c"
"0x00530bd0","FUN_00530bd0",189,1,"undefined __stdcall FUN_00530bd0(void)",false,false,true,"pseudocode/00530bd0.c"
"0x00530c90","FUN_00530c90",21,1,"undefined __stdcall FUN_00530c90(void)",false,false,true,"pseudocode/00530c90.c"
"0x00530cb0","FUN_00530cb0",135,1,"undefined4 * __stdcall FUN_00530cb0(void)",false,false,true,"pseudocode/00530cb0.c"
"0x00530d40","FUN_00530d40",31,1,"undefined4 * __fastcall FUN_00530d40(undefined4 * param_1)",false,false,true,"pseudocode/00530d40.c"
"0x00530d60","FUN_00530d60",134,1,"undefined __stdcall FUN_00530d60(void * param_1, int param_2)",false,false,true,"pseudocode/00530d60.c"
"0x00530df0","FUN_00530df0",134,1,"undefined __stdcall FUN_00530df0(void * param_1, int param_2)",false,false,true,"pseudocode/00530df0.c"
"0x00530e80","FUN_00530e80",421,1,"undefined __stdcall FUN_00530e80(void)",false,false,true,"pseudocode/00530e80.c"
"0x00531030","FUN_00531030",21,1,"undefined __stdcall FUN_00531030(void)",false,false,true,"pseudocode/00531030.c"
"0x00531050","FUN_00531050",20,1,"undefined __cdecl FUN_00531050(void * param_1)",false,false,true,"pseudocode/00531050.c"
"0x00531070","FUN_00531070",135,1,"undefined4 * __stdcall FUN_00531070(void)",false,false,true,"pseudocode/00531070.c"
"0x00531100","FUN_00531100",65,1,"undefined4 * __fastcall FUN_00531100(undefined4 * param_1)",false,false,true,"pseudocode/00531100.c"
"0x00531150","FUN_00531150",137,1,"undefined4 __stdcall FUN_00531150(void * param_1)",false,false,true,"pseudocode/00531150.c"
"0x005311e0","FUN_005311e0",30,1,"undefined __fastcall FUN_005311e0(int param_1)",false,false,true,"pseudocode/005311e0.c"
"0x00531200","FUN_00531200",94,1,"undefined __fastcall FUN_00531200(int param_1)",false,false,true,"pseudocode/00531200.c"
"0x00531260","FUN_00531260",69,1,"undefined __thiscall FUN_00531260(int param_1, int param_2, int param_3)",false,false,true,"pseudocode/00531260.c"
"0x005312b0","FUN_005312b0",26,1,"undefined __stdcall FUN_005312b0(int param_1)",false,false,true,"pseudocode/005312b0.c"
"0x005312d0","FUN_005312d0",295,2,"bool __fastcall FUN_005312d0(int param_1)",false,false,true,"pseudocode/005312d0.c"
"0x00531400","FUN_00531400",87,1,"undefined __stdcall FUN_00531400(void)",false,false,true,"pseudocode/00531400.c"
"0x00531460","FUN_00531460",236,1,"undefined __stdcall FUN_00531460(void)",false,false,true,"pseudocode/00531460.c"
"0x00531550","FUN_00531550",35,1,"undefined4 __stdcall FUN_00531550(void)",false,false,true,"pseudocode/00531550.c"
"0x00531580","FUN_00531580",21,1,"undefined __stdcall FUN_00531580(void)",false,false,true,"pseudocode/00531580.c"
"0x005315a0","FUN_005315a0",20,1,"undefined __cdecl FUN_005315a0(void * param_1)",false,false,true,"pseudocode/005315a0.c"
"0x005315c0","FUN_005315c0",141,1,"undefined4 * __stdcall FUN_005315c0(void)",false,false,true,"pseudocode/005315c0.c"
"0x00531650","FUN_00531650",98,1,"undefined4 * __fastcall FUN_00531650(undefined4 * param_1)",false,false,true,"pseudocode/00531650.c"
"0x005316c0","FUN_005316c0",154,1,"undefined4 __stdcall FUN_005316c0(void * param_1)",false,false,true,"pseudocode/005316c0.c"
"0x00531760","FUN_00531760",149,1,"undefined __fastcall FUN_00531760(int param_1)",false,false,true,"pseudocode/00531760.c"
"0x00531800","FUN_00531800",80,1,"undefined __thiscall FUN_00531800(int param_1, int param_2, int param_3)",false,false,true,"pseudocode/00531800.c"
"0x00531850","FUN_00531850",406,2,"undefined __fastcall FUN_00531850(int param_1)",false,false,true,"pseudocode/00531850.c"
"0x005319f0","FUN_005319f0",87,1,"undefined __stdcall FUN_005319f0(void)",false,false,true,"pseudocode/005319f0.c"
"0x00531a50","FUN_00531a50",351,1,"undefined __stdcall FUN_00531a50(void)",false,false,true,"pseudocode/00531a50.c"
"0x00531bb0","FUN_00531bb0",17,1,"int __fastcall FUN_00531bb0(int param_1)",false,false,true,"pseudocode/00531bb0.c"
"0x00531bd0","FUN_00531bd0",28,1,"undefined __stdcall FUN_00531bd0(void)",false,false,true,"pseudocode/00531bd0.c"
"0x00531bf0","FUN_00531bf0",21,1,"undefined __stdcall FUN_00531bf0(void)",false,false,true,"pseudocode/00531bf0.c"
"0x00531c10","FUN_00531c10",20,1,"undefined __cdecl FUN_00531c10(void * param_1)",false,false,true,"pseudocode/00531c10.c"
"0x00531c30","FUN_00531c30",141,1,"undefined4 * __stdcall FUN_00531c30(void)",false,false,true,"pseudocode/00531c30.c"
"0x00531cc0","FUN_00531cc0",101,1,"undefined4 * __fastcall FUN_00531cc0(undefined4 * param_1)",false,false,true,"pseudocode/00531cc0.c"
"0x00531d30","FUN_00531d30",163,1,"undefined4 __stdcall FUN_00531d30(void * param_1)",false,false,true,"pseudocode/00531d30.c"
"0x00531de0","FUN_00531de0",152,1,"undefined __fastcall FUN_00531de0(int param_1)",false,false,true,"pseudocode/00531de0.c"
"0x00531e80","FUN_00531e80",414,2,"undefined __fastcall FUN_00531e80(int param_1)",false,false,true,"pseudocode/00531e80.c"
"0x00532030","FUN_00532030",354,1,"undefined __stdcall FUN_00532030(void)",false,false,true,"pseudocode/00532030.c"
"0x005321a0","FUN_005321a0",19,1,"int __fastcall FUN_005321a0(int param_1)",false,false,true,"pseudocode/005321a0.c"
"0x005321c0","FUN_005321c0",21,1,"undefined __stdcall FUN_005321c0(void)",false,false,true,"pseudocode/005321c0.c"
"0x005321e0","FUN_005321e0",135,1,"undefined4 * __stdcall FUN_005321e0(void)",false,false,true,"pseudocode/005321e0.c"
"0x00532270","FUN_00532270",65,1,"undefined4 * __fastcall FUN_00532270(undefined4 * param_1)",false,false,true,"pseudocode/00532270.c"
"0x005322c0","FUN_005322c0",80,1,"undefined __fastcall FUN_005322c0(int param_1)",false,false,true,"pseudocode/005322c0.c"
"0x00532310","FUN_00532310",21,1,"undefined __stdcall FUN_00532310(void)",false,false,true,"pseudocode/00532310.c"
"0x00532330","FUN_00532330",135,1,"undefined4 * __stdcall FUN_00532330(void)",false,false,true,"pseudocode/00532330.c"
"0x005323c0","FUN_005323c0",31,1,"undefined4 * __fastcall FUN_005323c0(undefined4 * param_1)",false,false,true,"pseudocode/005323c0.c"
"0x005323e0","FUN_005323e0",87,1,"undefined __stdcall FUN_005323e0(void)",false,false,true,"pseudocode/005323e0.c"
"0x00532440","FUN_00532440",24,1,"undefined __fastcall FUN_00532440(int * param_1)",false,false,true,"pseudocode/00532440.c"
"0x00532460","FUN_00532460",21,1,"undefined __stdcall FUN_00532460(void)",false,false,true,"pseudocode/00532460.c"
"0x00532480","FUN_00532480",135,1,"undefined4 * __stdcall FUN_00532480(void)",false,false,true,"pseudocode/00532480.c"
"0x00532510","FUN_00532510",31,1,"undefined4 * __fastcall FUN_00532510(undefined4 * param_1)",false,false,true,"pseudocode/00532510.c"
"0x00532530","FUN_00532530",37,1,"undefined __stdcall FUN_00532530(void)",false,false,true,"pseudocode/00532530.c"
"0x00532560","FUN_00532560",21,1,"undefined __stdcall FUN_00532560(void)",false,false,true,"pseudocode/00532560.c"
"0x00532580","FUN_00532580",135,1,"undefined4 * __stdcall FUN_00532580(void)",false,false,true,"pseudocode/00532580.c"
"0x00532610","FUN_00532610",31,1,"undefined4 * __fastcall FUN_00532610(undefined4 * param_1)",false,false,true,"pseudocode/00532610.c"
"0x00532630","FUN_00532630",21,1,"undefined __stdcall FUN_00532630(void)",false,false,true,"pseudocode/00532630.c"
"0x00532650","FUN_00532650",135,1,"undefined4 * __stdcall FUN_00532650(void)",false,false,true,"pseudocode/00532650.c"
"0x005326e0","FUN_005326e0",31,1,"undefined4 * __fastcall FUN_005326e0(undefined4 * param_1)",false,false,true,"pseudocode/005326e0.c"
"0x00532700","FUN_00532700",21,1,"undefined __stdcall FUN_00532700(void)",false,false,true,"pseudocode/00532700.c"
"0x00532720","FUN_00532720",20,1,"undefined __stdcall FUN_00532720(void)",false,false,true,"pseudocode/00532720.c"
"0x00532740","FUN_00532740",97,1,"undefined __stdcall FUN_00532740(void * param_1)",false,false,true,"pseudocode/00532740.c"
"0x005327b0","FUN_005327b0",135,1,"undefined4 * __stdcall FUN_005327b0(void)",false,false,true,"pseudocode/005327b0.c"
"0x00532840","__ExceptionPtrDestroy",16,1,"void __cdecl __ExceptionPtrDestroy(void * param_1)",false,false,true,"pseudocode/00532840.c"
"0x00532850","FUN_00532850",33,1,"undefined4 * __fastcall FUN_00532850(undefined4 * param_1)",false,false,true,"pseudocode/00532850.c"
"0x00532880","FUN_00532880",208,1,"undefined4 * __fastcall FUN_00532880(undefined4 * param_1)",false,false,true,"pseudocode/00532880.c"
"0x00532950","FUN_00532950",20,1,"undefined __fastcall FUN_00532950(undefined4 * param_1)",false,false,true,"pseudocode/00532950.c"
"0x00532970","FUN_00532970",274,1,"undefined __fastcall FUN_00532970(undefined4 * param_1)",false,false,true,"pseudocode/00532970.c"
"0x00532a90","FUN_00532a90",32,1,"undefined4 __stdcall FUN_00532a90(void)",false,false,true,"pseudocode/00532a90.c"
"0x00532ab0","FUN_00532ab0",46,1,"undefined4 * __thiscall FUN_00532ab0(uint param_1)",false,false,true,"pseudocode/00532ab0.c"
"0x00532ae0","FUN_00532ae0",49,1,"undefined4 * __thiscall FUN_00532ae0(uint param_1)",false,false,true,"pseudocode/00532ae0.c"
"0x00532b20","FUN_00532b20",1013,2,"undefined4 __stdcall FUN_00532b20(void)",false,false,true,"pseudocode/00532b20.c"
"0x00532f20","FUN_00532f20",20,1,"undefined4 __fastcall FUN_00532f20(int param_1)",false,false,true,"pseudocode/00532f20.c"
"0x00532f40","FUN_00532f40",103,1,"undefined4 __fastcall FUN_00532f40(int * param_1)",false,false,true,"pseudocode/00532f40.c"
"0x00532fb0","FUN_00532fb0",237,1,"undefined4 __thiscall FUN_00532fb0(undefined4 param_1)",false,false,true,"pseudocode/00532fb0.c"
"0x005330a0","FUN_005330a0",217,1,"undefined __thiscall FUN_005330a0(char param_1)",false,false,true,"pseudocode/005330a0.c"
"0x00533180","FUN_00533180",90,1,"undefined __thiscall FUN_00533180(undefined4 param_1, undefined4 param_2)",false,false,true,"pseudocode/00533180.c"
"0x005331e0","FUN_005331e0",198,1,"undefined __thiscall FUN_005331e0(undefined4 param_1, undefined4 param_2, undefined4 param_3)",false,false,true,"pseudocode/005331e0.c"
"0x005332b0","FUN_005332b0",252,1,"undefined __fastcall FUN_005332b0(void * param_1)",false,false,true,"pseudocode/005332b0.c"
"0x005333b0","FUN_005333b0",834,1,"undefined4 __stdcall FUN_005333b0(void)",false,false,true,"pseudocode/005333b0.c"
"0x00533700","FUN_00533700",20,1,"undefined __fastcall FUN_00533700(int param_1)",false,false,true,"pseudocode/00533700.c"
"0x00533720","FUN_00533720",90,1,"undefined __thiscall FUN_00533720(float * param_1, int param_2, int param_3)",false,false,true,"pseudocode/00533720.c"
"0x00533780","FUN_00533780",406,1,"undefined __thiscall FUN_00533780(int param_1)",false,false,true,"pseudocode/00533780.c"
"0x00533920","FUN_00533920",75,1,"undefined __thiscall FUN_00533920(int param_1)",false,false,true,"pseudocode/00533920.c"
"0x00533970","FUN_00533970",1775,2,"undefined __fastcall FUN_00533970(int param_1)",false,false,true,"pseudocode/00533970.c"
"0x00534070","FUN_00534070",13,1,"undefined __stdcall FUN_00534070(void)",false,false,true,"pseudocode/00534070.c"
"0x00534080","FUN_00534080",134,1,"undefined __thiscall FUN_00534080(int param_1)",false,false,true,"pseudocode/00534080.c"
"0x00534110","FUN_00534110",27,1,"undefined __cdecl FUN_00534110(int param_1)",false,false,true,"pseudocode/00534110.c"
"0x00534130","FUN_00534130",75,2,"undefined __fastcall FUN_00534130(int param_1)",false,false,true,"pseudocode/00534130.c"
"0x00534180","FUN_00534180",134,1,"int __fastcall FUN_00534180(int param_1)",false,false,true,"pseudocode/00534180.c"
"0x00534210","FUN_00534210",75,2,"undefined __fastcall FUN_00534210(int param_1)",false,false,true,"pseudocode/00534210.c"
"0x00534260","FUN_00534260",74,1,"int __stdcall FUN_00534260(void)",false,false,true,"pseudocode/00534260.c"
"0x005342b0","FUN_005342b0",73,1,"undefined4 __fastcall FUN_005342b0(int param_1)",false,false,true,"pseudocode/005342b0.c"
"0x00534300","FUN_00534300",26,1,"uint __fastcall FUN_00534300(int param_1)",false,false,true,"pseudocode/00534300.c"
"0x00534320","FUN_00534320",111,1,"undefined1 __stdcall FUN_00534320(void)",false,false,true,"pseudocode/00534320.c"
"0x00534390","FUN_00534390",21,1,"undefined1 __fastcall FUN_00534390(int param_1)",false,false,true,"pseudocode/00534390.c"
"0x005343b0","FUN_005343b0",111,1,"undefined1 __stdcall FUN_005343b0(void)",false,false,true,"pseudocode/005343b0.c"
"0x00534420","FUN_00534420",131,1,"undefined __thiscall FUN_00534420(int param_1, GpImage * param_2)",false,false,true,"pseudocode/00534420.c"
"0x005344b0","FUN_005344b0",22,1,"undefined __thiscall FUN_005344b0(undefined1 param_1)",false,false,true,"pseudocode/005344b0.c"
"0x005344d0","FUN_005344d0",211,1,"undefined __thiscall FUN_005344d0(int param_1, GpImage * param_2)",false,false,true,"pseudocode/005344d0.c"
"0x005345b0","FUN_005345b0",22,1,"undefined __thiscall FUN_005345b0(undefined1 param_1)",false,false,true,"pseudocode/005345b0.c"
"0x005345d0","FUN_005345d0",48,1,"undefined __thiscall FUN_005345d0(undefined4 param_1)",false,false,true,"pseudocode/005345d0.c"
"0x00534600","FUN_00534600",211,1,"undefined __thiscall FUN_00534600(int param_1, GpImage * param_2)",false,false,true,"pseudocode/00534600.c"
"0x005346e0","FUN_005346e0",22,1,"undefined __thiscall FUN_005346e0(undefined1 param_1)",false,false,true,"pseudocode/005346e0.c"
"0x00534700","FUN_00534700",45,1,"undefined __thiscall FUN_00534700(uint param_1)",false,false,true,"pseudocode/00534700.c"
"0x00534730","FUN_00534730",99,1,"undefined __thiscall FUN_00534730(undefined4 param_1, undefined1 param_2)",false,false,true,"pseudocode/00534730.c"
"0x005347b0","FUN_005347b0",22,1,"undefined __thiscall FUN_005347b0(undefined4 param_1)",false,false,true,"pseudocode/005347b0.c"
"0x005347d0","FUN_005347d0",211,1,"undefined __thiscall FUN_005347d0(int param_1, GpImage * param_2)",false,false,true,"pseudocode/005347d0.c"
"0x005348b0","FUN_005348b0",22,1,"undefined __thiscall FUN_005348b0(undefined1 param_1)",false,false,true,"pseudocode/005348b0.c"
"0x005348d0","FUN_005348d0",467,1,"undefined __fastcall FUN_005348d0(int param_1)",false,false,true,"pseudocode/005348d0.c"
"0x00534ab0","FUN_00534ab0",581,1,"undefined __stdcall FUN_00534ab0(void)",false,false,true,"pseudocode/00534ab0.c"
"0x00534d00","FUN_00534d00",201,1,"undefined __stdcall FUN_00534d00(void)",false,false,true,"pseudocode/00534d00.c"
"0x00534dd0","FUN_00534dd0",80,2,"undefined4 * __cdecl FUN_00534dd0(undefined4 param_1)",false,false,true,"pseudocode/00534dd0.c"
"0x00534e30","FUN_00534e30",20,1,"undefined __cdecl FUN_00534e30(void * param_1)",false,false,true,"pseudocode/00534e30.c"
"0x00534e50","FUN_00534e50",135,1,"undefined4 * __stdcall FUN_00534e50(void)",false,false,true,"pseudocode/00534e50.c"
"0x00534ee0","FUN_00534ee0",43,1,"undefined4 * __fastcall FUN_00534ee0(undefined4 * param_1)",false,false,true,"pseudocode/00534ee0.c"
"0x00534f10","FUN_00534f10",141,1,"undefined4 __stdcall FUN_00534f10(void * param_1)",false,false,true,"pseudocode/00534f10.c"
"0x00534fa0","FUN_00534fa0",33,1,"undefined __thiscall FUN_00534fa0(float param_1)",false,false,true,"pseudocode/00534fa0.c"
"0x00534fd0","FUN_00534fd0",220,1,"undefined4 __fastcall FUN_00534fd0(int param_1)",false,false,true,"pseudocode/00534fd0.c"
"0x005350b0","FUN_005350b0",127,1,"undefined __fastcall FUN_005350b0(int param_1)",false,false,true,"pseudocode/005350b0.c"
"0x00535130","FUN_00535130",153,1,"undefined __stdcall FUN_00535130(void)",false,false,true,"pseudocode/00535130.c"
"0x005351d0","FUN_005351d0",26,1,"undefined __stdcall FUN_005351d0(int param_1)",false,false,true,"pseudocode/005351d0.c"
"0x005351f0","FUN_005351f0",98,1,"undefined __thiscall FUN_005351f0(int param_1, int param_2, int param_3)",false,false,true,"pseudocode/005351f0.c"
"0x00535260","FUN_00535260",163,2,"bool __fastcall FUN_00535260(int param_1)",false,false,true,"pseudocode/00535260.c"
"0x00535310","FUN_00535310",60,1,"undefined __stdcall FUN_00535310(void)",false,false,true,"pseudocode/00535310.c"
"0x00535350","FUN_00535350",26,1,"undefined __stdcall FUN_00535350(int param_1)",false,false,true,"pseudocode/00535350.c"
"0x00535370","FUN_00535370",98,1,"undefined __thiscall FUN_00535370(int param_1, int param_2, int param_3)",false,false,true,"pseudocode/00535370.c"
"0x005353e0","FUN_005353e0",659,1,"undefined __thiscall FUN_005353e0(int param_1)",false,false,true,"pseudocode/005353e0.c"
"0x00535680","FUN_00535680",180,1,"undefined __stdcall FUN_00535680(void)",false,false,true,"pseudocode/00535680.c"
"0x00535740","FUN_00535740",33,1,"undefined4 __stdcall FUN_00535740(void)",false,false,true,"pseudocode/00535740.c"
"0x00535770","FUN_00535770",40,1,"undefined __thiscall FUN_00535770(float param_1)",false,false,true,"pseudocode/00535770.c"
"0x005357a0","FUN_005357a0",31,1,"undefined __thiscall FUN_005357a0(undefined4 * param_1)",false,false,true,"pseudocode/005357a0.c"
"0x005357c0","FUN_005357c0",38,1,"undefined __thiscall FUN_005357c0(int param_1)",false,false,true,"pseudocode/005357c0.c"
"0x005357f0","FUN_005357f0",21,1,"undefined __stdcall FUN_005357f0(void)",false,false,true,"pseudocode/005357f0.c"
"0x00535810","FID_conflict:_Func_impl_no_alloc<class_`protected:_void___thiscall_Concurrency::target_block<class_Concurrency::multi_link_registry<class_Concurrency::ISource<unsigned_int>_>,class_Concurrency::ordered_message_processor<unsigned_int>_>::initialize_target(class_Concurrency::Scheduler*,class_Concurrency::ScheduleGroup*)'::`2'::<lambda_1>,void,class_Concurrency::message<unsigned_int>*><class_`protected:_void___thiscall_Concurrency::target_block<class_Concurrency::multi_link_registry<class_Concurrency::ISource<unsigned_int>_>,class_Concurrency::ordered_message_processor<unsigned_int>_>::initialize_target(class_Concurrency::Scheduler*,class_Concurrency::ScheduleGroup*)'::`2'::<lambda_1>,0>",53,1,"_Compressed_pair<struct_std::default_delete<class_std::_Facet_base>,class_std::_Facet_base*,1> * __thiscall FID_conflict:_Func_impl_no_alloc<class_`protected:_void___thiscall_Concurrency::target_block<class_Concurrency::multi_link_registry<class_Concurrency::ISource<unsigned_int>_>,class_Concurrency::ordered_message_processor<unsigned_int>_>::initialize_target(class_Concurrency::Scheduler*,class_Concurrency::ScheduleGroup*)'::`2'::<lambda_1>,void,class_Concurrency::message<unsigned_int>*><class_`protected:_void___thiscall_Concurrency::target_block<class_Concurrency::multi_link_registry<class_Concurrency::ISource<unsigned_int>_>,class_Concurrency::ordered_message_processor<unsigned_int>_>::initialize_target(class_Concurrency::Scheduler*,class_Concurrency::ScheduleGroup*)'::`2'::<lambda_1>,0>(undefined4 param_1)",false,false,true,"pseudocode/00535810.c"
"0x00535850","FUN_00535850",102,1,"void * __thiscall FUN_00535850(undefined4 param_1)",false,false,true,"pseudocode/00535850.c"
"0x005358c0","FID_conflict:_Func_impl_no_alloc<class_`protected:_void___thiscall_Concurrency::target_block<class_Concurrency::multi_link_registry<class_Concurrency::ISource<unsigned_int>_>,class_Concurrency::ordered_message_processor<unsigned_int>_>::initialize_target(class_Concurrency::Scheduler*,class_Concurrency::ScheduleGroup*)'::`2'::<lambda_1>,void,class_Concurrency::message<unsigned_int>*><class_`protected:_void___thiscall_Concurrency::target_block<class_Concurrency::multi_link_registry<class_Concurrency::ISource<unsigned_int>_>,class_Concurrency::ordered_message_processor<unsigned_int>_>::initialize_target(class_Concurrency::Scheduler*,class_Concurrency::ScheduleGroup*)'::`2'::<lambda_1>,0>",53,1,"_Compressed_pair<struct_std::default_delete<class_std::_Facet_base>,class_std::_Facet_base*,1> * __thiscall FID_conflict:_Func_impl_no_alloc<class_`protected:_void___thiscall_Concurrency::target_block<class_Concurrency::multi_link_registry<class_Concurrency::ISource<unsigned_int>_>,class_Concurrency::ordered_message_processor<unsigned_int>_>::initialize_target(class_Concurrency::Scheduler*,class_Concurrency::ScheduleGroup*)'::`2'::<lambda_1>,void,class_Concurrency::message<unsigned_int>*><class_`protected:_void___thiscall_Concurrency::target_block<class_Concurrency::multi_link_registry<class_Concurrency::ISource<unsigned_int>_>,class_Concurrency::ordered_message_processor<unsigned_int>_>::initialize_target(class_Concurrency::Scheduler*,class_Concurrency::ScheduleGroup*)'::`2'::<lambda_1>,0>(undefined4 param_1)",false,false,true,"pseudocode/005358c0.c"
"0x00535900","FUN_00535900",102,1,"void * __thiscall FUN_00535900(undefined4 param_1)",false,false,true,"pseudocode/00535900.c"
"0x00535970","FID_conflict:_Func_impl_no_alloc<class_`protected:_void___thiscall_Concurrency::target_block<class_Concurrency::multi_link_registry<class_Concurrency::ISource<unsigned_int>_>,class_Concurrency::ordered_message_processor<unsigned_int>_>::initialize_target(class_Concurrency::Scheduler*,class_Concurrency::ScheduleGroup*)'::`2'::<lambda_1>,void,class_Concurrency::message<unsigned_int>*><class_`protected:_void___thiscall_Concurrency::target_block<class_Concurrency::multi_link_registry<class_Concurrency::ISource<unsigned_int>_>,class_Concurrency::ordered_message_processor<unsigned_int>_>::initialize_target(class_Concurrency::Scheduler*,class_Concurrency::ScheduleGroup*)'::`2'::<lambda_1>,0>",53,1,"_Compressed_pair<struct_std::default_delete<class_std::_Facet_base>,class_std::_Facet_base*,1> * __thiscall FID_conflict:_Func_impl_no_alloc<class_`protected:_void___thiscall_Concurrency::target_block<class_Concurrency::multi_link_registry<class_Concurrency::ISource<unsigned_int>_>,class_Concurrency::ordered_message_processor<unsigned_int>_>::initialize_target(class_Concurrency::Scheduler*,class_Concurrency::ScheduleGroup*)'::`2'::<lambda_1>,void,class_Concurrency::message<unsigned_int>*><class_`protected:_void___thiscall_Concurrency::target_block<class_Concurrency::multi_link_registry<class_Concurrency::ISource<unsigned_int>_>,class_Concurrency::ordered_message_processor<unsigned_int>_>::initialize_target(class_Concurrency::Scheduler*,class_Concurrency::ScheduleGroup*)'::`2'::<lambda_1>,0>(undefined4 param_1)",false,false,true,"pseudocode/00535970.c"
"0x005359b0","FUN_005359b0",102,1,"void * __thiscall FUN_005359b0(undefined4 param_1)",false,false,true,"pseudocode/005359b0.c"
"0x00535a20","_Reset<>",90,1,"undefined __thiscall _Reset<>(undefined4 param_1)",false,false,true,"pseudocode/00535a20.c"
"0x00535a80","_Reset<>",90,1,"undefined __thiscall _Reset<>(undefined4 param_1)",false,false,true,"pseudocode/00535a80.c"
"0x00535ae0","_Reset<>",90,1,"undefined __thiscall _Reset<>(undefined4 param_1)",false,false,true,"pseudocode/00535ae0.c"
"0x00535b40","FUN_00535b40",135,1,"undefined4 * __stdcall FUN_00535b40(void)",false,false,true,"pseudocode/00535b40.c"
"0x00535bd0","FUN_00535bd0",17,1,"undefined __cdecl FUN_00535bd0(void * param_1, undefined4 * param_2)",false,false,true,"pseudocode/00535bd0.c"
"0x00535bf0","FUN_00535bf0",17,1,"undefined __cdecl FUN_00535bf0(void * param_1, undefined4 * param_2)",false,false,true,"pseudocode/00535bf0.c"
"0x00535c10","FUN_00535c10",63,1,"undefined4 * __fastcall FUN_00535c10(undefined4 * param_1)",false,false,true,"pseudocode/00535c10.c"
"0x00535c50","FUN_00535c50",75,1,"undefined4 __thiscall FUN_00535c50(undefined4 * param_1)",false,false,true,"pseudocode/00535c50.c"
"0x00535ca0","FUN_00535ca0",84,1,"undefined4 __thiscall FUN_00535ca0(undefined4 * param_1)",false,false,true,"pseudocode/00535ca0.c"
"0x00535d00","FUN_00535d00",279,1,"undefined __fastcall FUN_00535d00(int param_1)",false,false,true,"pseudocode/00535d00.c"
"0x00535e20","FUN_00535e20",332,1,"undefined __fastcall FUN_00535e20(int param_1)",false,false,true,"pseudocode/00535e20.c"
"0x00535f70","FUN_00535f70",119,1,"undefined __fastcall FUN_00535f70(int param_1)",false,false,true,"pseudocode/00535f70.c"
"0x00535ff0","FUN_00535ff0",140,1,"undefined __fastcall FUN_00535ff0(int param_1)",false,false,true,"pseudocode/00535ff0.c"
"0x00536080","FUN_00536080",153,1,"undefined __stdcall FUN_00536080(void)",false,false,true,"pseudocode/00536080.c"
"0x00536120","FUN_00536120",199,1,"undefined __stdcall FUN_00536120(void)",false,false,true,"pseudocode/00536120.c"
"0x005361f0","FUN_005361f0",26,1,"undefined __stdcall FUN_005361f0(int param_1)",false,false,true,"pseudocode/005361f0.c"
"0x00536210","FUN_00536210",98,1,"undefined __thiscall FUN_00536210(int param_1, int param_2, int param_3)",false,false,true,"pseudocode/00536210.c"
"0x00536280","FUN_00536280",721,2,"undefined __fastcall FUN_00536280(int param_1)",false,false,true,"pseudocode/00536280.c"
"0x00536560","FUN_00536560",25,1,"undefined __fastcall FUN_00536560(int param_1)",false,false,true,"pseudocode/00536560.c"
"0x00536580","FUN_00536580",26,1,"undefined __stdcall FUN_00536580(int param_1)",false,false,true,"pseudocode/00536580.c"
"0x005365a0","FUN_005365a0",98,1,"undefined __thiscall FUN_005365a0(int param_1, int param_2, int param_3)",false,false,true,"pseudocode/005365a0.c"
"0x00536610","FUN_00536610",513,1,"undefined __thiscall FUN_00536610(int param_1)",false,false,true,"pseudocode/00536610.c"
"0x00536820","FUN_00536820",35,1,"undefined __fastcall FUN_00536820(int param_1)",false,false,true,"pseudocode/00536820.c"
"0x00536850","Copy",47,1,"undefined __thiscall Copy(undefined4 param_1)",false,false,true,"pseudocode/00536850.c"
"0x00536880","Copy",47,1,"undefined __thiscall Copy(undefined4 param_1)",false,false,true,"pseudocode/00536880.c"
"0x005368b0","Copy",47,1,"undefined __thiscall Copy(undefined4 param_1)",false,false,true,"pseudocode/005368b0.c"
"0x005368e0","Do_call",41,1,"undefined __thiscall Do_call(undefined4 param_1)",false,false,true,"pseudocode/005368e0.c"
"0x00536910","Do_call",41,1,"undefined __thiscall Do_call(undefined4 param_1)",false,false,true,"pseudocode/00536910.c"
"0x00536940","Move",104,1,"undefined __thiscall Move(undefined4 param_1)",false,false,true,"pseudocode/00536940.c"
"0x005369b0","Move",104,1,"undefined __thiscall Move(undefined4 param_1)",false,false,true,"pseudocode/005369b0.c"
"0x00536a20","Move",104,1,"undefined __thiscall Move(undefined4 param_1)",false,false,true,"pseudocode/00536a20.c"
"0x00536a90","FUN_00536a90",16,1,"undefined * * __stdcall FUN_00536a90(void)",false,false,true,"pseudocode/00536a90.c"
"0x00536aa0","FUN_00536aa0",16,1,"undefined * * __stdcall FUN_00536aa0(void)",false,false,true,"pseudocode/00536aa0.c"
"0x00536ab0","FUN_00536ab0",16,1,"undefined * * __stdcall FUN_00536ab0(void)",false,false,true,"pseudocode/00536ab0.c"
"0x00536ac0","FUN_00536ac0",652,1,"undefined __fastcall FUN_00536ac0(int param_1)",false,false,true,"pseudocode/00536ac0.c"
"0x00536d50","FUN_00536d50",21,1,"undefined __stdcall FUN_00536d50(void)",false,false,true,"pseudocode/00536d50.c"
"0x00536d70","FID_conflict:_Func_impl_no_alloc<class_`protected:_void___thiscall_Concurrency::target_block<class_Concurrency::multi_link_registry<class_Concurrency::ISource<unsigned_int>_>,class_Concurrency::ordered_message_processor<unsigned_int>_>::initialize_target(class_Concurrency::Scheduler*,class_Concurrency::ScheduleGroup*)'::`2'::<lambda_1>,void,class_Concurrency::message<unsigned_int>*><class_`protected:_void___thiscall_Concurrency::target_block<class_Concurrency::multi_link_registry<class_Concurrency::ISource<unsigned_int>_>,class_Concurrency::ordered_message_processor<unsigned_int>_>::initialize_target(class_Concurrency::Scheduler*,class_Concurrency::ScheduleGroup*)'::`2'::<lambda_1>,0>",53,1,"_Compressed_pair<struct_std::default_delete<class_std::_Facet_base>,class_std::_Facet_base*,1> * __thiscall FID_conflict:_Func_impl_no_alloc<class_`protected:_void___thiscall_Concurrency::target_block<class_Concurrency::multi_link_registry<class_Concurrency::ISource<unsigned_int>_>,class_Concurrency::ordered_message_processor<unsigned_int>_>::initialize_target(class_Concurrency::Scheduler*,class_Concurrency::ScheduleGroup*)'::`2'::<lambda_1>,void,class_Concurrency::message<unsigned_int>*><class_`protected:_void___thiscall_Concurrency::target_block<class_Concurrency::multi_link_registry<class_Concurrency::ISource<unsigned_int>_>,class_Concurrency::ordered_message_processor<unsigned_int>_>::initialize_target(class_Concurrency::Scheduler*,class_Concurrency::ScheduleGroup*)'::`2'::<lambda_1>,0>(undefined4 param_1)",false,false,true,"pseudocode/00536d70.c"
"0x00536db0","FUN_00536db0",102,1,"void * __thiscall FUN_00536db0(undefined4 param_1)",false,false,true,"pseudocode/00536db0.c"
"0x00536e20","FID_conflict:_Func_impl_no_alloc<class_`protected:_void___thiscall_Concurrency::target_block<class_Concurrency::multi_link_registry<class_Concurrency::ISource<unsigned_int>_>,class_Concurrency::ordered_message_processor<unsigned_int>_>::initialize_target(class_Concurrency::Scheduler*,class_Concurrency::ScheduleGroup*)'::`2'::<lambda_1>,void,class_Concurrency::message<unsigned_int>*><class_`protected:_void___thiscall_Concurrency::target_block<class_Concurrency::multi_link_registry<class_Concurrency::ISource<unsigned_int>_>,class_Concurrency::ordered_message_processor<unsigned_int>_>::initialize_target(class_Concurrency::Scheduler*,class_Concurrency::ScheduleGroup*)'::`2'::<lambda_1>,0>",53,1,"_Compressed_pair<struct_std::default_delete<class_std::_Facet_base>,class_std::_Facet_base*,1> * __thiscall FID_conflict:_Func_impl_no_alloc<class_`protected:_void___thiscall_Concurrency::target_block<class_Concurrency::multi_link_registry<class_Concurrency::ISource<unsigned_int>_>,class_Concurrency::ordered_message_processor<unsigned_int>_>::initialize_target(class_Concurrency::Scheduler*,class_Concurrency::ScheduleGroup*)'::`2'::<lambda_1>,void,class_Concurrency::message<unsigned_int>*><class_`protected:_void___thiscall_Concurrency::target_block<class_Concurrency::multi_link_registry<class_Concurrency::ISource<unsigned_int>_>,class_Concurrency::ordered_message_processor<unsigned_int>_>::initialize_target(class_Concurrency::Scheduler*,class_Concurrency::ScheduleGroup*)'::`2'::<lambda_1>,0>(undefined4 param_1)",false,false,true,"pseudocode/00536e20.c"
"0x00536e60","FUN_00536e60",102,1,"void * __thiscall FUN_00536e60(undefined4 param_1)",false,false,true,"pseudocode/00536e60.c"
"0x00536ed0","FID_conflict:_Func_impl_no_alloc<class_`protected:_void___thiscall_Concurrency::target_block<class_Concurrency::multi_link_registry<class_Concurrency::ISource<unsigned_int>_>,class_Concurrency::ordered_message_processor<unsigned_int>_>::initialize_target(class_Concurrency::Scheduler*,class_Concurrency::ScheduleGroup*)'::`2'::<lambda_1>,void,class_Concurrency::message<unsigned_int>*><class_`protected:_void___thiscall_Concurrency::target_block<class_Concurrency::multi_link_registry<class_Concurrency::ISource<unsigned_int>_>,class_Concurrency::ordered_message_processor<unsigned_int>_>::initialize_target(class_Concurrency::Scheduler*,class_Concurrency::ScheduleGroup*)'::`2'::<lambda_1>,0>",53,1,"_Compressed_pair<struct_std::default_delete<class_std::_Facet_base>,class_std::_Facet_base*,1> * __thiscall FID_conflict:_Func_impl_no_alloc<class_`protected:_void___thiscall_Concurrency::target_block<class_Concurrency::multi_link_registry<class_Concurrency::ISource<unsigned_int>_>,class_Concurrency::ordered_message_processor<unsigned_int>_>::initialize_target(class_Concurrency::Scheduler*,class_Concurrency::ScheduleGroup*)'::`2'::<lambda_1>,void,class_Concurrency::message<unsigned_int>*><class_`protected:_void___thiscall_Concurrency::target_block<class_Concurrency::multi_link_registry<class_Concurrency::ISource<unsigned_int>_>,class_Concurrency::ordered_message_processor<unsigned_int>_>::initialize_target(class_Concurrency::Scheduler*,class_Concurrency::ScheduleGroup*)'::`2'::<lambda_1>,0>(undefined4 param_1)",false,false,true,"pseudocode/00536ed0.c"
"0x00536f10","FUN_00536f10",102,1,"void * __thiscall FUN_00536f10(undefined4 param_1)",false,false,true,"pseudocode/00536f10.c"
"0x00536f80","_Reset<>",90,1,"undefined __thiscall _Reset<>(undefined4 param_1)",false,false,true,"pseudocode/00536f80.c"
"0x00536fe0","_Reset<>",90,1,"undefined __thiscall _Reset<>(undefined4 param_1)",false,false,true,"pseudocode/00536fe0.c"
"0x00537040","_Reset<>",90,1,"undefined __thiscall _Reset<>(undefined4 param_1)",false,false,true,"pseudocode/00537040.c"
"0x005370a0","FUN_005370a0",135,1,"undefined4 * __stdcall FUN_005370a0(void)",false,false,true,"pseudocode/005370a0.c"
"0x00537130","FUN_00537130",63,1,"undefined4 * __fastcall FUN_00537130(undefined4 * param_1)",false,false,true,"pseudocode/00537130.c"
"0x00537170","FUN_00537170",33,1,"float * __thiscall FUN_00537170(float * param_1)",false,false,true,"pseudocode/00537170.c"
"0x005371a0","FUN_005371a0",279,1,"undefined __fastcall FUN_005371a0(int param_1)",false,false,true,"pseudocode/005371a0.c"
"0x005372c0","FUN_005372c0",332,1,"undefined __fastcall FUN_005372c0(int param_1)",false,false,true,"pseudocode/005372c0.c"
"0x00537410","FUN_00537410",119,1,"undefined __fastcall FUN_00537410(int param_1)",false,false,true,"pseudocode/00537410.c"
"0x00537490","FUN_00537490",149,1,"undefined __fastcall FUN_00537490(int param_1)",false,false,true,"pseudocode/00537490.c"
"0x00537530","FUN_00537530",153,1,"undefined __stdcall FUN_00537530(void)",false,false,true,"pseudocode/00537530.c"
"0x005375d0","FUN_005375d0",199,1,"undefined __stdcall FUN_005375d0(void)",false,false,true,"pseudocode/005375d0.c"
"0x005376a0","FUN_005376a0",26,1,"undefined __stdcall FUN_005376a0(int param_1)",false,false,true,"pseudocode/005376a0.c"
"0x005376c0","FUN_005376c0",98,1,"undefined __thiscall FUN_005376c0(int param_1, int param_2, int param_3)",false,false,true,"pseudocode/005376c0.c"
"0x00537730","FUN_00537730",721,2,"undefined __fastcall FUN_00537730(int param_1)",false,false,true,"pseudocode/00537730.c"
"0x00537a10","FUN_00537a10",26,1,"undefined __stdcall FUN_00537a10(int param_1)",false,false,true,"pseudocode/00537a10.c"
"0x00537a30","FUN_00537a30",98,1,"undefined __thiscall FUN_00537a30(int param_1, int param_2, int param_3)",false,false,true,"pseudocode/00537a30.c"
"0x00537aa0","FUN_00537aa0",513,1,"undefined __thiscall FUN_00537aa0(int param_1)",false,false,true,"pseudocode/00537aa0.c"
"0x00537cb0","Copy",47,1,"undefined __thiscall Copy(undefined4 param_1)",false,false,true,"pseudocode/00537cb0.c"
"0x00537ce0","Copy",47,1,"undefined __thiscall Copy(undefined4 param_1)",false,false,true,"pseudocode/00537ce0.c"
"0x00537d10","Copy",47,1,"undefined __thiscall Copy(undefined4 param_1)",false,false,true,"pseudocode/00537d10.c"
"0x00537d40","Move",104,1,"undefined __thiscall Move(undefined4 param_1)",false,false,true,"pseudocode/00537d40.c"
"0x00537db0","Move",104,1,"undefined __thiscall Move(undefined4 param_1)",false,false,true,"pseudocode/00537db0.c"
"0x00537e20","Move",104,1,"undefined __thiscall Move(undefined4 param_1)",false,false,true,"pseudocode/00537e20.c"
"0x00537e90","FUN_00537e90",16,1,"undefined * * __stdcall FUN_00537e90(void)",false,false,true,"pseudocode/00537e90.c"
"0x00537ea0","FUN_00537ea0",16,1,"undefined * * __stdcall FUN_00537ea0(void)",false,false,true,"pseudocode/00537ea0.c"
"0x00537eb0","FUN_00537eb0",16,1,"undefined * * __stdcall FUN_00537eb0(void)",false,false,true,"pseudocode/00537eb0.c"
"0x00537ec0","FUN_00537ec0",671,1,"undefined __fastcall FUN_00537ec0(int param_1)",false,false,true,"pseudocode/00537ec0.c"
"0x00538160","FUN_00538160",70,1,"float * __thiscall FUN_00538160(float * param_1)",false,false,true,"pseudocode/00538160.c"
"0x005381b0","FUN_005381b0",21,1,"undefined __stdcall FUN_005381b0(void)",false,false,true,"pseudocode/005381b0.c"
"0x005381d0","FUN_005381d0",135,1,"undefined4 * __stdcall FUN_005381d0(void)",false,false,true,"pseudocode/005381d0.c"
"0x00538260","FUN_00538260",43,1,"undefined4 * __fastcall FUN_00538260(undefined4 * param_1)",false,false,true,"pseudocode/00538260.c"
"0x00538290","FUN_00538290",220,1,"undefined4 __fastcall FUN_00538290(int param_1)",false,false,true,"pseudocode/00538290.c"
"0x00538370","FUN_00538370",127,1,"undefined __fastcall FUN_00538370(int param_1)",false,false,true,"pseudocode/00538370.c"
"0x005383f0","FUN_005383f0",153,1,"undefined __stdcall FUN_005383f0(void)",false,false,true,"pseudocode/005383f0.c"
"0x00538490","FUN_00538490",98,1,"undefined __thiscall FUN_00538490(int param_1, int param_2, int param_3)",false,false,true,"pseudocode/00538490.c"
"0x00538500","FUN_00538500",163,2,"bool __fastcall FUN_00538500(int param_1)",false,false,true,"pseudocode/00538500.c"
"0x005385b0","FUN_005385b0",98,1,"undefined __thiscall FUN_005385b0(int param_1, int param_2, int param_3)",false,false,true,"pseudocode/005385b0.c"
"0x00538620","FUN_00538620",659,1,"undefined __thiscall FUN_00538620(int param_1)",false,false,true,"pseudocode/00538620.c"
"0x005388c0","FUN_005388c0",180,1,"undefined __stdcall FUN_005388c0(void)",false,false,true,"pseudocode/005388c0.c"
"0x00538980","FUN_00538980",33,1,"undefined4 __stdcall FUN_00538980(void)",false,false,true,"pseudocode/00538980.c"
"0x005389b0","FUN_005389b0",21,1,"undefined __stdcall FUN_005389b0(void)",false,false,true,"pseudocode/005389b0.c"
"0x005389d0","~basic_stringbuf<char,struct_std::char_traits<char>,class_std::allocator<char>_>",80,1,"void __thiscall ~basic_stringbuf<char,struct_std::char_traits<char>,class_std::allocator<char>_>(void)",false,false,true,"pseudocode/005389d0.c"
"0x00538a30","FUN_00538a30",20,1,"undefined __fastcall FUN_00538a30(undefined4 * param_1)",false,false,true,"pseudocode/00538a30.c"
"0x00538a50","`scalar_deleting_destructor'",46,1,"void * __thiscall `scalar_deleting_destructor'(uint param_1)",false,false,true,"pseudocode/00538a50.c"
"0x00538a80","FID_conflict:`scalar_deleting_destructor'",46,1,"undefined4 * __thiscall FID_conflict:`scalar_deleting_destructor'(uint param_1)",false,false,true,"pseudocode/00538a80.c"
"0x00538ab0","FUN_00538ab0",53,1,"undefined __fastcall FUN_00538ab0(int param_1)",false,false,true,"pseudocode/00538ab0.c"
"0x00538af0","FUN_00538af0",248,1,"LPVOID __thiscall FUN_00538af0(uint param_1)",false,false,true,"pseudocode/00538af0.c"
"0x00538bf0","FUN_00538bf0",43,1,"DWORD __fastcall FUN_00538bf0(int param_1)",false,false,true,"pseudocode/00538bf0.c"
"0x00538c20","FUN_00538c20",39,1,"DWORD __fastcall FUN_00538c20(int param_1)",false,false,true,"pseudocode/00538c20.c"
"0x00538c50","FUN_00538c50",346,1,"undefined __thiscall FUN_00538c50(LPCSTR param_1, char * param_2)",false,false,true,"pseudocode/00538c50.c"
"0x00538db0","FUN_00538db0",88,1,"undefined __thiscall FUN_00538db0(LPVOID param_1, DWORD param_2)",false,false,true,"pseudocode/00538db0.c"
"0x00538e10","FUN_00538e10",248,1,"undefined __cdecl FUN_00538e10(undefined1[16] * param_1, LPCSTR param_2)",false,false,true,"pseudocode/00538e10.c"
"0x00538f10","FUN_00538f10",51,1,"bool __thiscall FUN_00538f10(LONG param_1, DWORD param_2)",false,false,true,"pseudocode/00538f10.c"
"0x00538f50","FUN_00538f50",22,1,"undefined __cdecl FUN_00538f50(ushort * param_1, ushort param_2)",false,false,true,"pseudocode/00538f50.c"
"0x00538f70","FUN_00538f70",22,1,"undefined __cdecl FUN_00538f70(undefined1[16] * param_1, ushort param_2)",false,false,true,"pseudocode/00538f70.c"
"0x00538f90","FUN_00538f90",106,1,"undefined __thiscall FUN_00538f90(LPCVOID param_1, DWORD param_2)",false,false,true,"pseudocode/00538f90.c"
"0x00539000","CAsyncSocket",51,1,"undefined __thiscall CAsyncSocket(void)",false,false,true,"pseudocode/00539000.c"
"0x00539040","FUN_00539040",23,1,"undefined4 * __fastcall FUN_00539040(undefined4 * param_1)",false,false,true,"pseudocode/00539040.c"
"0x00539060","FUN_00539060",284,1,"int __cdecl FUN_00539060(int param_1, int * param_2)",false,false,true,"pseudocode/00539060.c"
"0x00539180","FUN_00539180",103,1,"undefined __cdecl FUN_00539180(int param_1, int param_2)",false,false,true,"pseudocode/00539180.c"
"0x005391f0","FUN_005391f0",706,1,"undefined1 * __cdecl FUN_005391f0(byte * param_1, int param_2, undefined1 * param_3, SIZE_T param_4)",false,false,true,"pseudocode/005391f0.c"
"0x005394c0","FUN_005394c0",142,1,"undefined __cdecl FUN_005394c0(int param_1)",false,false,true,"pseudocode/005394c0.c"
"0x00539550","FUN_00539550",1036,1,"undefined __cdecl FUN_00539550(byte * param_1, int param_2, int * param_3)",false,false,true,"pseudocode/00539550.c"
"0x00539960","FUN_00539960",52,1,"int __cdecl FUN_00539960(int param_1)",false,false,true,"pseudocode/00539960.c"
"0x005399a0","FUN_005399a0",45,1,"undefined __stdcall FUN_005399a0(void)",false,false,true,"pseudocode/005399a0.c"
"0x005399d0","FUN_005399d0",64,1,"undefined __cdecl FUN_005399d0(int param_1)",false,false,true,"pseudocode/005399d0.c"
"0x00539a10","FUN_00539a10",153,1,"undefined __cdecl FUN_00539a10(int param_1, int param_2)",false,false,true,"pseudocode/00539a10.c"
"0x00539ab0","FUN_00539ab0",108,1,"undefined __stdcall FUN_00539ab0(NumaInformation * param_1)",false,false,true,"pseudocode/00539ab0.c"
"0x00539b20","FUN_00539b20",97,1,"undefined __stdcall FUN_00539b20(int * param_1)",false,false,true,"pseudocode/00539b20.c"
"0x00539b90","FUN_00539b90",235,1,"undefined __stdcall FUN_00539b90(undefined4 param_1, uint param_2)",false,false,true,"pseudocode/00539b90.c"
"0x00539c80","FUN_00539c80",67,1,"undefined4 __stdcall FUN_00539c80(void)",false,false,true,"pseudocode/00539c80.c"
"0x00539cd0","FUN_00539cd0",28,1,"undefined __cdecl FUN_00539cd0(int * param_1)",false,false,true,"pseudocode/00539cd0.c"
"0x00539cf0","FUN_00539cf0",95,1,"undefined __fastcall FUN_00539cf0(int * param_1)",false,false,true,"pseudocode/00539cf0.c"
"0x00539d60","~shared_ptr<class___ExceptionPtr>",62,1,"void __thiscall ~shared_ptr<class___ExceptionPtr>(void)",false,false,true,"pseudocode/00539d60.c"
"0x00539db0","`vector_deleting_destructor'",163,1,"void * __thiscall `vector_deleting_destructor'(uint param_1)",false,false,true,"pseudocode/00539db0.c"
"0x00539e60","FUN_00539e60",97,1,"char * __stdcall FUN_00539e60(char * param_1)",false,false,true,"pseudocode/00539e60.c"
"0x00539ed0","FUN_00539ed0",640,8,"undefined __thiscall FUN_00539ed0(undefined4 param_1)",false,false,true,"pseudocode/00539ed0.c"
"0x0053a170","FUN_0053a170",151,1,"undefined __fastcall FUN_0053a170(undefined4 * param_1)",false,false,true,"pseudocode/0053a170.c"
"0x0053a210","FUN_0053a210",314,2,"undefined __stdcall FUN_0053a210(char * param_1, int param_2, undefined4 param_3)",false,false,true,"pseudocode/0053a210.c"
"0x0053a350","FUN_0053a350",101,1,"undefined4 * __thiscall FUN_0053a350(byte * param_1)",false,false,true,"pseudocode/0053a350.c"
"0x0053a3c0","FUN_0053a3c0",576,5,"uint * __thiscall FUN_0053a3c0(byte * param_1, uint * param_2)",false,false,true,"pseudocode/0053a3c0.c"
"0x0053a620","FUN_0053a620",46,2,"undefined4 __thiscall FUN_0053a620(byte * param_1)",false,false,true,"pseudocode/0053a620.c"
"0x0053a650","FUN_0053a650",37,1,"undefined4 __fastcall FUN_0053a650(int * param_1)",false,false,true,"pseudocode/0053a650.c"
"0x0053a680","FUN_0053a680",103,1,"int __fastcall FUN_0053a680(int * param_1)",false,false,true,"pseudocode/0053a680.c"
"0x0053a6f0","FUN_0053a6f0",305,1,"undefined __thiscall FUN_0053a6f0(char * * param_1)",false,false,true,"pseudocode/0053a6f0.c"
"0x0053a830","FUN_0053a830",62,1,"void * __fastcall FUN_0053a830(undefined4 * param_1)",false,false,true,"pseudocode/0053a830.c"
"0x0053a870","FUN_0053a870",56,1,"undefined __fastcall FUN_0053a870(undefined4 * param_1)",false,false,true,"pseudocode/0053a870.c"
"0x0053a8b0","FUN_0053a8b0",65,1,"undefined4 * __thiscall FUN_0053a8b0(undefined4 param_1)",false,false,true,"pseudocode/0053a8b0.c"
"0x0053a900","FUN_0053a900",19,1,"undefined __cdecl FUN_0053a900(void * param_1, uint * param_2)",false,false,true,"pseudocode/0053a900.c"
"0x0053a920","FUN_0053a920",26,1,"undefined __cdecl FUN_0053a920(undefined4 param_1)",false,false,true,"pseudocode/0053a920.c"
"0x0053a940","FUN_0053a940",26,1,"undefined __cdecl FUN_0053a940(undefined4 param_1)",false,false,true,"pseudocode/0053a940.c"
"0x0053a960","FUN_0053a960",65,1,"undefined __cdecl FUN_0053a960(undefined4 param_1, undefined4 param_2)",false,false,true,"pseudocode/0053a960.c"
"0x0053a9b0","FUN_0053a9b0",71,1,"undefined __fastcall FUN_0053a9b0(int param_1)",false,false,true,"pseudocode/0053a9b0.c"
"0x0053aa00","FUN_0053aa00",71,1,"undefined __fastcall FUN_0053aa00(int param_1)",false,false,true,"pseudocode/0053aa00.c"
"0x0053aa50","FUN_0053aa50",92,1,"undefined __thiscall FUN_0053aa50(undefined4 param_1)",false,false,true,"pseudocode/0053aa50.c"
"0x0053aab0","FUN_0053aab0",40,1,"int __cdecl FUN_0053aab0(uint param_1)",false,false,true,"pseudocode/0053aab0.c"
"0x0053aae0","FUN_0053aae0",243,1,"undefined __thiscall FUN_0053aae0(uint param_1)",false,false,true,"pseudocode/0053aae0.c"
"0x0053abe0","FUN_0053abe0",251,1,"undefined __thiscall FUN_0053abe0(uint param_1)",false,false,true,"pseudocode/0053abe0.c"
"0x0053ace0","FUN_0053ace0",328,1,"undefined __thiscall FUN_0053ace0(uint param_1)",false,false,true,"pseudocode/0053ace0.c"
"0x0053ae30","FUN_0053ae30",331,1,"undefined __thiscall FUN_0053ae30(uint param_1)",false,false,true,"pseudocode/0053ae30.c"
"0x0053af80","FUN_0053af80",200,1,"undefined __cdecl FUN_0053af80(undefined4 param_1, undefined4 param_2, undefined4 param_3, undefined4 param_4)",false,false,true,"pseudocode/0053af80.c"
"0x0053b050","FUN_0053b050",155,1,"undefined __cdecl FUN_0053b050(undefined4 param_1, int param_2, undefined4 param_3)",false,false,true,"pseudocode/0053b050.c"
"0x0053b0f0","FUN_0053b0f0",155,1,"undefined __cdecl FUN_0053b0f0(undefined4 param_1, int param_2, undefined4 param_3)",false,false,true,"pseudocode/0053b0f0.c"
"0x0053b190","FUN_0053b190",78,1,"undefined __cdecl FUN_0053b190(undefined4 param_1, undefined4 param_2)",false,false,true,"pseudocode/0053b190.c"
"0x0053b1e0","FUN_0053b1e0",78,1,"undefined __cdecl FUN_0053b1e0(undefined4 param_1, undefined4 param_2)",false,false,true,"pseudocode/0053b1e0.c"
"0x0053b230","FUN_0053b230",78,1,"undefined __cdecl FUN_0053b230(undefined4 param_1, undefined4 param_2)",false,false,true,"pseudocode/0053b230.c"
"0x0053b280","FUN_0053b280",18,1,"undefined __stdcall FUN_0053b280(void)",false,false,true,"pseudocode/0053b280.c"
"0x0053b2a0","FUN_0053b2a0",65,1,"undefined __stdcall FUN_0053b2a0(void)",false,false,true,"pseudocode/0053b2a0.c"
"0x0053b2f0","FUN_0053b2f0",18,1,"undefined __stdcall FUN_0053b2f0(void)",false,false,true,"pseudocode/0053b2f0.c"
"0x0053b310","FUN_0053b310",65,1,"undefined __stdcall FUN_0053b310(void)",false,false,true,"pseudocode/0053b310.c"
"0x0053b360","FUN_0053b360",31,1,"undefined __cdecl FUN_0053b360(undefined4 param_1, undefined4 param_2, undefined4 param_3)",false,false,true,"pseudocode/0053b360.c"
"0x0053b380","FUN_0053b380",78,1,"undefined __stdcall FUN_0053b380(undefined4 param_1, undefined4 param_2)",false,false,true,"pseudocode/0053b380.c"
"0x0053b3d0","FUN_0053b3d0",57,1,"undefined4 * __stdcall FUN_0053b3d0(void)",false,false,true,"pseudocode/0053b3d0.c"
"0x0053b410","FUN_0053b410",67,1,"undefined4 * __stdcall FUN_0053b410(void)",false,false,true,"pseudocode/0053b410.c"
"0x0053b460","FUN_0053b460",13,1,"undefined __cdecl FUN_0053b460(undefined4 * param_1)",false,false,true,"pseudocode/0053b460.c"
"0x0053b470","FUN_0053b470",13,1,"undefined __cdecl FUN_0053b470(undefined4 * param_1)",false,false,true,"pseudocode/0053b470.c"
"0x0053b480","FUN_0053b480",17,1,"undefined __cdecl FUN_0053b480(void * param_1, undefined4 param_2)",false,false,true,"pseudocode/0053b480.c"
"0x0053b4a0","FUN_0053b4a0",44,1,"undefined4 * __fastcall FUN_0053b4a0(undefined4 * param_1)",false,false,true,"pseudocode/0053b4a0.c"
"0x0053b4d0","FUN_0053b4d0",81,1,"undefined __fastcall FUN_0053b4d0(undefined4 * param_1)",false,false,true,"pseudocode/0053b4d0.c"
"0x0053b530","FUN_0053b530",35,1,"int __thiscall FUN_0053b530(int param_1)",false,false,true,"pseudocode/0053b530.c"
"0x0053b560","FUN_0053b560",33,1,"int __thiscall FUN_0053b560(int param_1)",false,false,true,"pseudocode/0053b560.c"
"0x0053b590","FUN_0053b590",35,1,"int __thiscall FUN_0053b590(int param_1)",false,false,true,"pseudocode/0053b590.c"
"0x0053b5c0","FUN_0053b5c0",10716,50,"undefined __thiscall FUN_0053b5c0(float param_1)",false,false,true,"pseudocode/0053b5c0.c"
"0x0053e2b0","FUN_0053e2b0",217,1,"undefined4 __thiscall FUN_0053e2b0(float param_1)",false,false,true,"pseudocode/0053e2b0.c"
"0x0053e390","FUN_0053e390",182,1,"undefined4 __thiscall FUN_0053e390(undefined4 param_1, int param_2)",false,false,true,"pseudocode/0053e390.c"
"0x0053e450","FUN_0053e450",84,1,"uint __thiscall FUN_0053e450(uint param_1)",false,false,true,"pseudocode/0053e450.c"
"0x0053e4b0","FUN_0053e4b0",166,1,"undefined __thiscall FUN_0053e4b0(int param_1, int param_2, int param_3)",false,false,true,"pseudocode/0053e4b0.c"
"0x0053e560","FUN_0053e560",82,1,"undefined __fastcall FUN_0053e560(int param_1)",false,false,true,"pseudocode/0053e560.c"
"0x0053e5c0","FUN_0053e5c0",58,1,"undefined4 __thiscall FUN_0053e5c0(uint param_1)",false,false,true,"pseudocode/0053e5c0.c"
"0x0053e600","FUN_0053e600",41,1,"int __fastcall FUN_0053e600(int param_1)",false,false,true,"pseudocode/0053e600.c"
"0x0053e630","FUN_0053e630",102,1,"undefined __thiscall FUN_0053e630(int param_1)",false,false,true,"pseudocode/0053e630.c"
"0x0053e6a0","FUN_0053e6a0",120,1,"undefined __thiscall FUN_0053e6a0(int param_1)",false,false,true,"pseudocode/0053e6a0.c"
"0x0053e720","FUN_0053e720",146,2,"undefined4 __thiscall FUN_0053e720(int param_1)",false,false,true,"pseudocode/0053e720.c"
"0x0053e7c0","FUN_0053e7c0",138,2,"undefined4 __thiscall FUN_0053e7c0(int param_1, int param_2, int param_3)",false,false,true,"pseudocode/0053e7c0.c"
"0x0053e850","FUN_0053e850",134,2,"undefined4 __thiscall FUN_0053e850(int param_1)",false,false,true,"pseudocode/0053e850.c"
"0x0053e8e0","FUN_0053e8e0",54,1,"int __thiscall FUN_0053e8e0(int param_1, int param_2)",false,false,true,"pseudocode/0053e8e0.c"
"0x0053e920","FUN_0053e920",72,1,"undefined4 * __thiscall FUN_0053e920(int param_1)",false,false,true,"pseudocode/0053e920.c"
"0x0053e970","FUN_0053e970",278,4,"undefined __thiscall FUN_0053e970(int param_1)",false,false,true,"pseudocode/0053e970.c"
"0x0053ea90","FUN_0053ea90",206,4,"float10 __thiscall FUN_0053ea90(int param_1, byte param_2, float param_3)",false,false,true,"pseudocode/0053ea90.c"
"0x0053eb70","FUN_0053eb70",255,4,"undefined __thiscall FUN_0053eb70(int param_1)",false,false,true,"pseudocode/0053eb70.c"
"0x0053ec80","FUN_0053ec80",190,4,"float10 __thiscall FUN_0053ec80(int param_1, byte param_2, float param_3)",false,false,true,"pseudocode/0053ec80.c"
"0x0053ed50","FUN_0053ed50",203,4,"float __thiscall FUN_0053ed50(int param_1, float param_2)",false,false,true,"pseudocode/0053ed50.c"
"0x0053ee30","FUN_0053ee30",157,4,"float __thiscall FUN_0053ee30(int param_1, byte param_2, float param_3)",false,false,true,"pseudocode/0053ee30.c"
"0x0053eee0","FUN_0053eee0",191,4,"float __thiscall FUN_0053eee0(int param_1, float param_2)",false,false,true,"pseudocode/0053eee0.c"
"0x0053efb0","FUN_0053efb0",152,4,"float __thiscall FUN_0053efb0(int param_1, byte param_2, float param_3)",false,false,true,"pseudocode/0053efb0.c"
"0x0053f050","FUN_0053f050",19,1,"uint __stdcall FUN_0053f050(void)",false,false,true,"pseudocode/0053f050.c"
"0x0053f070","FUN_0053f070",59,1,"uint __fastcall FUN_0053f070(_Compressed_pair<struct_std::default_delete<class_std::_Facet_base>,class_std::_Facet_base*,1> * param_1)",false,false,true,"pseudocode/0053f070.c"
"0x0053f0b0","FUN_0053f0b0",242,1,"undefined4 __thiscall FUN_0053f0b0(uint param_1, float * param_2, char param_3)",false,false,true,"pseudocode/0053f0b0.c"
"0x0053f1b0","FUN_0053f1b0",156,1,"undefined __fastcall FUN_0053f1b0(_Compressed_pair<struct_std::default_delete<class_std::_Facet_base>,class_std::_Facet_base*,1> * param_1)",false,false,true,"pseudocode/0053f1b0.c"
"0x0053f260","FUN_0053f260",265,1,"undefined4 __thiscall FUN_0053f260(uint param_1, uint * param_2, char param_3)",false,false,true,"pseudocode/0053f260.c"
"0x0053f370","FUN_0053f370",32,1,"undefined __thiscall FUN_0053f370(uint param_1)",false,false,true,"pseudocode/0053f370.c"
"0x0053f390","FUN_0053f390",32,1,"undefined __thiscall FUN_0053f390(uint param_1)",false,false,true,"pseudocode/0053f390.c"
"0x0053f3b0","FUN_0053f3b0",923,1,"undefined __thiscall FUN_0053f3b0(int param_1, int param_2, int param_3)",false,false,true,"pseudocode/0053f3b0.c"
"0x0053f750","FUN_0053f750",36,1,"int __fastcall FUN_0053f750(int param_1)",false,false,true,"pseudocode/0053f750.c"
"0x0053f780","FUN_0053f780",41,1,"int __fastcall FUN_0053f780(int param_1)",false,false,true,"pseudocode/0053f780.c"
"0x0053f7b0","FUN_0053f7b0",89,1,"undefined4 * __thiscall FUN_0053f7b0(undefined4 param_1, undefined4 param_2)",false,false,true,"pseudocode/0053f7b0.c"
"0x0053f810","FUN_0053f810",140,1,"int __thiscall FUN_0053f810(undefined4 param_1)",false,false,true,"pseudocode/0053f810.c"
"0x0053f8a0","FUN_0053f8a0",488,1,"undefined __thiscall FUN_0053f8a0(int param_1, undefined4 param_2)",false,false,true,"pseudocode/0053f8a0.c"
"0x0053fa90","FUN_0053fa90",31,1,"undefined __cdecl FUN_0053fa90(undefined4 param_1, undefined4 param_2, undefined4 param_3)",false,false,true,"pseudocode/0053fa90.c"
"0x0053fab0","FUN_0053fab0",78,1,"undefined __stdcall FUN_0053fab0(undefined4 param_1, undefined4 param_2)",false,false,true,"pseudocode/0053fab0.c"
"0x0053fb00","FUN_0053fb00",407,1,"undefined __thiscall FUN_0053fb00(void * param_1, undefined4 * param_2, undefined4 param_3)",false,false,true,"pseudocode/0053fb00.c"
"0x0053fca0","FUN_0053fca0",151,1,"undefined __cdecl FUN_0053fca0(undefined4 * param_1, char * param_2)",false,false,true,"pseudocode/0053fca0.c"
"0x0053fd40","FUN_0053fd40",99,1,"undefined __fastcall FUN_0053fd40(undefined4 * param_1)",false,false,true,"pseudocode/0053fd40.c"
"0x0053fdb0","FUN_0053fdb0",57,1,"bool __thiscall FUN_0053fdb0(char * param_1)",false,false,true,"pseudocode/0053fdb0.c"
"0x0053fdf0","FUN_0053fdf0",97,1,"bool __thiscall FUN_0053fdf0(void * param_1, char * param_2)",false,false,true,"pseudocode/0053fdf0.c"
"0x0053fe60","FUN_0053fe60",876,1,"undefined __thiscall FUN_0053fe60(undefined4 param_1)",false,false,true,"pseudocode/0053fe60.c"
"0x005401d0","FUN_005401d0",40,1,"undefined __thiscall FUN_005401d0(undefined4 param_1)",false,false,true,"pseudocode/005401d0.c"
"0x00540200","FUN_00540200",40,1,"undefined __thiscall FUN_00540200(char * param_1)",false,false,true,"pseudocode/00540200.c"
"0x00540230","FUN_00540230",66,1,"undefined4 __thiscall FUN_00540230(void * param_1, undefined4 param_2)",false,false,true,"pseudocode/00540230.c"
"0x00540280","FUN_00540280",66,1,"undefined4 __thiscall FUN_00540280(void * param_1, char * param_2)",false,false,true,"pseudocode/00540280.c"
"0x005402d0","FUN_005402d0",44,1,"void * __thiscall FUN_005402d0(void * param_1, undefined4 param_2)",false,false,true,"pseudocode/005402d0.c"
"0x00540300","FUN_00540300",52,1,"undefined4 __fastcall FUN_00540300(void * param_1)",false,false,true,"pseudocode/00540300.c"
"0x00540340","FUN_00540340",142,2,"int __thiscall FUN_00540340(char * param_1)",false,false,true,"pseudocode/00540340.c"
"0x005403d0","FUN_005403d0",80,1,"int __fastcall FUN_005403d0(int param_1)",false,false,true,"pseudocode/005403d0.c"
"0x00540420","CStringT<>",36,1,"void * __thiscall CStringT<>(void * param_1, undefined4 * param_2, undefined4 param_3)",false,false,true,"pseudocode/00540420.c"
"0x00540450","FUN_00540450",192,1,"undefined4 __thiscall FUN_00540450(int param_1, float * param_2, char param_3)",false,false,true,"pseudocode/00540450.c"
"0x00540510","FUN_00540510",28,1,"undefined __thiscall FUN_00540510(undefined4 param_1)",false,false,true,"pseudocode/00540510.c"
"0x00540530","FUN_00540530",25,1,"undefined __thiscall FUN_00540530(undefined4 param_1)",false,false,true,"pseudocode/00540530.c"
"0x00540550","FUN_00540550",51,1,"undefined __thiscall FUN_00540550(char * param_1)",false,false,true,"pseudocode/00540550.c"
"0x00540590","FUN_00540590",25,1,"undefined __thiscall FUN_00540590(undefined4 param_1)",false,false,true,"pseudocode/00540590.c"
"0x005405b0","FUN_005405b0",170,1,"undefined4 __thiscall FUN_005405b0(int param_1)",false,false,true,"pseudocode/005405b0.c"
"0x0054065a","WINNLSEnableIME",6,1,"undefined WINNLSEnableIME()",false,true,true,"pseudocode/0054065a.c"
"0x00540660","DirectInput8Create",6,1,"undefined DirectInput8Create()",false,true,true,"pseudocode/00540660.c"
"0x00540666","DirectSoundCreate8",6,1,"undefined DirectSoundCreate8()",false,true,true,"pseudocode/00540666.c"
"0x0054066c","Direct3DCreate9",6,1,"undefined Direct3DCreate9()",false,true,true,"pseudocode/0054066c.c"
"0x00540672","D3DXVec3Transform",6,1,"undefined D3DXVec3Transform()",false,true,true,"pseudocode/00540672.c"
"0x00540678","D3DXVec3Project",6,1,"undefined D3DXVec3Project()",false,true,true,"pseudocode/00540678.c"
"0x0054067e","D3DXMatrixMultiply",6,1,"undefined D3DXMatrixMultiply()",false,true,true,"pseudocode/0054067e.c"
"0x00540684","D3DXMatrixRotationX",6,1,"undefined D3DXMatrixRotationX()",false,true,true,"pseudocode/00540684.c"
"0x0054068a","D3DXMatrixRotationY",6,1,"undefined D3DXMatrixRotationY()",false,true,true,"pseudocode/0054068a.c"
"0x00540690","D3DXMatrixRotationZ",6,1,"undefined D3DXMatrixRotationZ()",false,true,true,"pseudocode/00540690.c"
"0x00540696","D3DXLoadSurfaceFromFileInMemory",6,1,"undefined D3DXLoadSurfaceFromFileInMemory()",false,true,true,"pseudocode/00540696.c"
"0x0054069c","D3DXLoadSurfaceFromSurface",6,1,"undefined D3DXLoadSurfaceFromSurface()",false,true,true,"pseudocode/0054069c.c"
"0x005406a2","D3DXCreateTexture",6,1,"undefined D3DXCreateTexture()",false,true,true,"pseudocode/005406a2.c"
"0x005406a8","D3DXVec3TransformCoord",6,1,"undefined D3DXVec3TransformCoord()",false,true,true,"pseudocode/005406a8.c"
"0x005406ae","D3DXVec3ProjectArray",6,1,"undefined D3DXVec3ProjectArray()",false,true,true,"pseudocode/005406ae.c"
"0x005406b4","D3DXMatrixTranslation",6,1,"undefined D3DXMatrixTranslation()",false,true,true,"pseudocode/005406b4.c"
"0x005406ba","D3DXMatrixLookAtLH",6,1,"undefined D3DXMatrixLookAtLH()",false,true,true,"pseudocode/005406ba.c"
"0x005406c0","D3DXMatrixPerspectiveFovLH",6,1,"undefined D3DXMatrixPerspectiveFovLH()",false,true,true,"pseudocode/005406c0.c"
"0x005406c6","XInputGetState",6,1,"undefined XInputGetState()",false,true,true,"pseudocode/005406c6.c"
"0x005406cc","FUN_005406cc",19,1,"undefined __stdcall FUN_005406cc(void)",false,false,true,"pseudocode/005406cc.c"
"0x005406df","FUN_005406df",115,1,"bool __stdcall FUN_005406df(int * param_1, int * param_2, int param_3)",false,false,true,"pseudocode/005406df.c"
"0x00540753","FUN_00540753",147,1,"uint __cdecl FUN_00540753(uint param_1)",false,false,true,"pseudocode/00540753.c"
"0x005407e6","FUN_005407e6",87,1,"undefined __stdcall FUN_005407e6(uint param_1)",false,false,true,"pseudocode/005407e6.c"
"0x00540842","FUN_00540842",96,1,"undefined __stdcall FUN_00540842(uint param_1)",false,false,true,"pseudocode/00540842.c"
"0x005408a2","FUN_005408a2",112,1,"undefined __stdcall FUN_005408a2(uint param_1, undefined4 param_2, undefined4 param_3, DWORD param_4)",false,false,true,"pseudocode/005408a2.c"
"0x00540917","FUN_00540917",243,1,"undefined4 __stdcall FUN_00540917(uint param_1, undefined4 param_2, undefined4 param_3, undefined4 param_4, undefined * param_5, DWORD param_6)",false,false,true,"pseudocode/00540917.c"
"0x00540a0f","FUN_00540a0f",24,1,"int __cdecl FUN_00540a0f(HANDLE param_1)",false,false,true,"pseudocode/00540a0f.c"
"0x00540a27","GetCurrentThreadId",6,1,"DWORD __stdcall GetCurrentThreadId(void)",false,true,true,"pseudocode/00540a27.c"
"0x00540a2d","FUN_00540a2d",79,1,"int __cdecl FUN_00540a2d(HANDLE param_1, undefined4 param_2, DWORD * param_3)",false,false,true,"pseudocode/00540a2d.c"
"0x00540a7c","FUN_00540a7c",17,1,"undefined __cdecl FUN_00540a7c(uint * param_1)",false,false,true,"pseudocode/00540a7c.c"
"0x00540a8d","FUN_00540a8d",34,1,"undefined4 __cdecl FUN_00540a8d(int param_1)",false,false,true,"pseudocode/00540a8d.c"
"0x00540aaf","FUN_00540aaf",300,1,"undefined __cdecl FUN_00540aaf(uint * param_1, uint * param_2)",false,false,true,"pseudocode/00540aaf.c"
"0x00540bdb","FUN_00540bdb",191,1,"undefined __stdcall FUN_00540bdb(void)",false,false,true,"pseudocode/00540bdb.c"
"0x00540c9f","FUN_00540c9f",80,1,"undefined __thiscall FUN_00540c9f(undefined4 param_1, undefined4 param_2, uint * param_3)",false,false,true,"pseudocode/00540c9f.c"
"0x00540cef","_Throw_Cpp_error",53,1,"void __cdecl _Throw_Cpp_error(int param_1)",false,false,true,"pseudocode/00540cef.c"
"0x00540d24","FUN_00540d24",30,1,"undefined4 * __fastcall FUN_00540d24(undefined4 * param_1)",false,false,true,"pseudocode/00540d24.c"
"0x00540d42","FUN_00540d42",27,1,"exception * __thiscall FUN_00540d42(exception * param_1)",false,false,true,"pseudocode/00540d42.c"
"0x00540d5d","FUN_00540d5d",23,1,"undefined4 * __fastcall FUN_00540d5d(undefined4 * param_1)",false,false,true,"pseudocode/00540d5d.c"
"0x00540d74","FUN_00540d74",27,1,"exception * __thiscall FUN_00540d74(exception * param_1)",false,false,true,"pseudocode/00540d74.c"
"0x00540d8f","FUN_00540d8f",31,1,"undefined4 * __thiscall FUN_00540d8f(int param_1)",false,false,true,"pseudocode/00540d8f.c"
"0x00540dae","FUN_00540dae",27,1,"exception * __thiscall FUN_00540dae(exception * param_1)",false,false,true,"pseudocode/00540dae.c"
"0x00540dc9","FUN_00540dc9",31,1,"undefined4 * __thiscall FUN_00540dc9(int param_1)",false,false,true,"pseudocode/00540dc9.c"
"0x00540de8","FUN_00540de8",27,1,"exception * __thiscall FUN_00540de8(exception * param_1)",false,false,true,"pseudocode/00540de8.c"
"0x00540e03","FUN_00540e03",27,1,"exception * __thiscall FUN_00540e03(exception * param_1)",false,false,true,"pseudocode/00540e03.c"
"0x00540e1e","FUN_00540e1e",31,1,"undefined4 * __thiscall FUN_00540e1e(int param_1)",false,false,true,"pseudocode/00540e1e.c"
"0x00540e4e","FUN_00540e4e",45,1,"undefined4 * __thiscall FUN_00540e4e(byte param_1)",false,false,true,"pseudocode/00540e4e.c"
"0x00540e7b","__scrt_throw_std_bad_alloc",29,1,"void __cdecl __scrt_throw_std_bad_alloc(void)",false,false,true,"pseudocode/00540e7b.c"
"0x00540e98","FUN_00540e98",29,1,"undefined __stdcall FUN_00540e98(void)",false,false,true,"pseudocode/00540e98.c"
"0x00540eb5","FUN_00540eb5",32,1,"undefined __stdcall FUN_00540eb5(int param_1)",false,false,true,"pseudocode/00540eb5.c"
"0x00540ed5","FUN_00540ed5",32,1,"undefined __stdcall FUN_00540ed5(int param_1)",false,false,true,"pseudocode/00540ed5.c"
"0x00540ef5","_Xout_of_range",32,1,"void __cdecl _Xout_of_range(char * param_1)",false,false,true,"pseudocode/00540ef5.c"
"0x00540f15","_Xruntime_error",32,1,"void __cdecl _Xruntime_error(char * param_1)",false,false,true,"pseudocode/00540f15.c"
"0x00540f3b","FUN_00540f3b",36,1,"undefined __stdcall FUN_00540f3b(int param_1, int param_2)",false,false,true,"pseudocode/00540f3b.c"
"0x00540f5f","FUN_00540f5f",122,1,"undefined __stdcall FUN_00540f5f(DWORD param_1, int * param_2)",false,false,true,"pseudocode/00540f5f.c"
"0x00540fd9","LocalFree",6,1,"HLOCAL __stdcall LocalFree(HLOCAL hMem)",false,true,true,"pseudocode/00540fd9.c"
"0x00540fdf","_Syserror_map",37,1,"char * __cdecl _Syserror_map(int param_1)",false,false,true,"pseudocode/00540fdf.c"
"0x00541004","_Winerror_map",34,1,"int __cdecl _Winerror_map(int param_1)",false,false,true,"pseudocode/00541004.c"
"0x00541026","FUN_00541026",31,1,"undefined __stdcall FUN_00541026(HANDLE param_1)",false,false,true,"pseudocode/00541026.c"
"0x00541046","___std_fs_code_page@0",29,1,"uint __stdcall ___std_fs_code_page@0(void)",false,false,true,"pseudocode/00541046.c"
"0x00541063","___std_fs_convert_narrow_to_wide@20",52,1,"undefined8 __stdcall ___std_fs_convert_narrow_to_wide@20(UINT param_1, LPCSTR param_2, int param_3, LPWSTR param_4, int param_5)",false,false,true,"pseudocode/00541063.c"
"0x00541097","___std_fs_convert_wide_to_narrow@20",179,1,"undefined8 __stdcall ___std_fs_convert_wide_to_narrow@20(UINT param_1, LPCWSTR param_2, int param_3, LPSTR param_4, int param_5)",false,false,true,"pseudocode/00541097.c"
"0x0054114a","FUN_0054114a",111,1,"undefined8 __stdcall FUN_0054114a(UINT param_1, LPCWSTR param_2, int param_3, LPSTR param_4, int param_5)",false,false,true,"pseudocode/0054114a.c"
"0x005411b9","FUN_005411b9",94,1,"undefined8 __stdcall FUN_005411b9(LPCWSTR param_1)",false,false,true,"pseudocode/005411b9.c"
"0x00541217","FUN_00541217",650,1,"undefined __stdcall FUN_00541217(LPCWSTR param_1, DWORD * param_2, uint param_3, uint param_4)",false,false,true,"pseudocode/00541217.c"
"0x005414a1","___std_fs_open_handle@16",52,1,"DWORD __stdcall ___std_fs_open_handle@16(undefined4 * param_1, LPCWSTR param_2, DWORD param_3, DWORD param_4)",false,false,true,"pseudocode/005414a1.c"
"0x005414d5","FUN_005414d5",29,1,"LPVOID __thiscall FUN_005414d5(byte param_1)",false,false,true,"pseudocode/005414d5.c"
"0x005414f2","do_allocate",36,1,"void * __thiscall do_allocate(uint param_1, uint param_2)",false,false,true,"pseudocode/005414f2.c"
"0x00541516","do_deallocate",45,1,"void __thiscall do_deallocate(void * param_1, uint param_2, uint param_3)",false,false,true,"pseudocode/00541516.c"
"0x00541543","FUN_00541543",13,1,"bool __thiscall FUN_00541543(int param_1)",false,false,true,"pseudocode/00541543.c"
"0x00541550","FUN_00541550",18,1,"undefined * * __stdcall FUN_00541550(void)",false,false,true,"pseudocode/00541550.c"
"0x00541562","FUN_00541562",25,1,"undefined * * __cdecl FUN_00541562(undefined4 param_1)",false,false,true,"pseudocode/00541562.c"
"0x00541580","FUN_00541580",264,1,"undefined FUN_00541580()",false,false,true,"pseudocode/00541580.c"
"0x00541690","FUN_00541690",277,1,"undefined FUN_00541690()",false,false,true,"pseudocode/00541690.c"
"0x005417b0","FUN_005417b0",9,1,"undefined __stdcall FUN_005417b0(void)",false,false,true,"pseudocode/005417b0.c"
"0x005417c0","FUN_005417c0",9,1,"undefined __stdcall FUN_005417c0(void)",false,false,true,"pseudocode/005417c0.c"
"0x005417d0","FUN_005417d0",150,1,"ulonglong * __stdcall FUN_005417d0(ulonglong * param_1, ulonglong * param_2, byte param_3)",false,false,true,"pseudocode/005417d0.c"
"0x00541866","FUN_00541866",23,1,"undefined8 __stdcall FUN_00541866(void)",false,false,true,"pseudocode/00541866.c"
"0x0054187d","FUN_0054187d",69,1,"DWORD __stdcall FUN_0054187d(void)",false,false,true,"pseudocode/0054187d.c"
"0x005418c2","FUN_005418c2",62,1,"undefined __cdecl FUN_005418c2(undefined8 * param_1)",false,false,true,"pseudocode/005418c2.c"
"0x00541900","__Xtime_get_ticks",39,1,"undefined8 __stdcall __Xtime_get_ticks(void)",false,false,true,"pseudocode/00541900.c"
"0x00541927","FUN_00541927",45,1,"undefined4 __fastcall FUN_00541927(undefined4 param_1)",false,false,true,"pseudocode/00541927.c"
"0x00541954","_Lockit",49,1,"undefined __thiscall _Lockit(int param_1)",false,false,true,"pseudocode/00541954.c"
"0x005419ac","FUN_005419ac",40,2,"undefined __fastcall FUN_005419ac(int * param_1)",false,false,true,"pseudocode/005419ac.c"
"0x005419cb","_abort",5,1,"void __cdecl _abort(void)",false,true,true,"pseudocode/005419cb.c"
"0x005419d0","_Locimp",65,1,"undefined __thiscall _Locimp(bool param_1)",false,false,true,"pseudocode/005419d0.c"
"0x00541a11","FUN_00541a11",49,1,"undefined __fastcall FUN_00541a11(int param_1)",false,false,true,"pseudocode/00541a11.c"
"0x00541a66","FUN_00541a66",32,1,"undefined __fastcall FUN_00541a66(undefined4 * param_1)",false,false,true,"pseudocode/00541a66.c"
"0x00541a86","FUN_00541a86",73,1,"int * __thiscall FUN_00541a86(uint * param_1)",false,false,true,"pseudocode/00541a86.c"
"0x00541acf","FUN_00541acf",34,1,"undefined4 * __thiscall FUN_00541acf(byte param_1)",false,false,true,"pseudocode/00541acf.c"
"0x00541af1","FUN_00541af1",45,1,"undefined __cdecl FUN_00541af1(undefined4 param_1)",false,false,true,"pseudocode/00541af1.c"
"0x00541b1e","FUN_00541b1e",6,1,"undefined4 __stdcall FUN_00541b1e(void)",false,false,true,"pseudocode/00541b1e.c"
"0x00541b24","FUN_00541b24",141,1,"_Locimp * __cdecl FUN_00541b24(char param_1)",false,false,true,"pseudocode/00541b24.c"
"0x00541bb1","FUN_00541bb1",113,1,"undefined __cdecl FUN_00541bb1(int param_1)",false,false,true,"pseudocode/00541bb1.c"
"0x00541c22","FUN_00541c22",76,1,"undefined __cdecl FUN_00541c22(int param_1, uint * param_2)",false,false,true,"pseudocode/00541c22.c"
"0x00541c6e","_Locinfo_dtor",26,1,"void __cdecl _Locinfo_dtor(_Locinfo * param_1)",false,false,true,"pseudocode/00541c6e.c"
"0x00541c88","_New_Locimp",35,1,"_Locimp * __cdecl _New_Locimp(bool param_1)",false,false,true,"pseudocode/00541c88.c"
"0x00541cab","_Setgloballocale",40,1,"void __cdecl _Setgloballocale(void * param_1)",false,false,true,"pseudocode/00541cab.c"
"0x00541cd3","__Deletegloballocale",59,1,"undefined __cdecl __Deletegloballocale(int * param_1)",false,false,true,"pseudocode/00541cd3.c"
"0x00541d0e","FUN_00541d0e",45,1,"undefined __stdcall FUN_00541d0e(void)",false,false,true,"pseudocode/00541d0e.c"
"0x00541d3b","__Getcvt",115,1,"_Cvtvec __cdecl __Getcvt(void)",false,false,true,"pseudocode/00541d3b.c"
"0x00541dae","__Mbrtowc",306,1,"int __cdecl __Mbrtowc(wchar_t * param_1, char * param_2, size_t param_3, mbstate_t * param_4, _Cvtvec * param_5)",false,false,true,"pseudocode/00541dae.c"
"0x00541ee0","__Utf8_trailing_byte_count",87,1,"undefined4 __cdecl __Utf8_trailing_byte_count(uint * param_1, byte param_2)",false,false,true,"pseudocode/00541ee0.c"
"0x00541f37","FUN_00541f37",255,1,"undefined __stdcall FUN_00541f37(UINT param_1, UINT * param_2)",false,false,true,"pseudocode/00541f37.c"
"0x00542036","thunk_FUN_005463d0",5,1,"undefined4 __stdcall thunk_FUN_005463d0(void)",false,true,true,"pseudocode/00542036.c"
"0x0054203b","FUN_0054203b",110,1,"UINT * __cdecl FUN_0054203b(UINT * param_1)",false,false,true,"pseudocode/0054203b.c"
"0x005420a9","FUN_005420a9",236,1,"uint __cdecl FUN_005420a9(uint param_1, UINT * param_2)",false,false,true,"pseudocode/005420a9.c"
"0x00542195","FUN_00542195",236,1,"uint __cdecl FUN_00542195(uint param_1, UINT * param_2)",false,false,true,"pseudocode/00542195.c"
"0x00542281","_Addstd",76,1,"void __cdecl _Addstd(ios_base * param_1)",false,false,true,"pseudocode/00542281.c"
"0x005422cd","_Callfns",51,1,"void __thiscall _Callfns(event param_1)",false,false,true,"pseudocode/005422cd.c"
"0x00542300","_Ios_base_dtor",64,1,"void __cdecl _Ios_base_dtor(ios_base * param_1)",false,false,true,"pseudocode/00542300.c"
"0x00542340","FUN_00542340",124,1,"undefined __fastcall FUN_00542340(ios_base * param_1)",false,false,true,"pseudocode/00542340.c"
"0x005423c1","_Random_device",34,1,"uint __cdecl _Random_device(void)",false,false,true,"pseudocode/005423c1.c"
"0x005423e3","FUN_005423e3",20,1,"undefined4 __cdecl FUN_005423e3(int param_1)",false,false,true,"pseudocode/005423e3.c"
"0x0054242b","FUN_0054242b",80,1,"undefined __cdecl FUN_0054242b(LPFILETIME param_1)",false,false,true,"pseudocode/0054242b.c"
"0x00542480","FUN_00542480",14,1,"undefined __cdecl FUN_00542480(LPCRITICAL_SECTION param_1)",false,false,true,"pseudocode/00542480.c"
"0x0054248e","FUN_0054248e",21,1,"undefined __cdecl FUN_0054248e(LPCRITICAL_SECTION param_1)",false,false,true,"pseudocode/0054248e.c"
"0x005424a3","__Mtxlock",14,1,"void __cdecl __Mtxlock(_Rmtx * param_1)",false,false,true,"pseudocode/005424a3.c"
"0x005424b1","FUN_005424b1",14,1,"undefined __cdecl FUN_005424b1(LPCRITICAL_SECTION param_1)",false,false,true,"pseudocode/005424b1.c"
"0x005424bf","~_Init_atexit",99,1,"void __thiscall ~_Init_atexit(void)",false,false,true,"pseudocode/005424bf.c"
"0x00542527","_Atexit",47,1,"void __cdecl _Atexit(_func_void * param_1)",false,false,true,"pseudocode/00542527.c"
"0x00542556","FUN_00542556",25,1,"undefined __fastcall FUN_00542556(int * param_1)",false,false,true,"pseudocode/00542556.c"
"0x0054256f","FUN_0054256f",464,1,"undefined __cdecl FUN_0054256f(LPCWSTR param_1, uint param_2, char * param_3, int param_4, LPWSTR param_5, int param_6, UINT param_7, int param_8)",false,false,true,"pseudocode/0054256f.c"
"0x0054273f","FUN_0054273f",30,1,"undefined __cdecl FUN_0054273f(int param_1)",false,false,true,"pseudocode/0054273f.c"
"0x0054275d","operator_new",48,1,"void * __cdecl operator_new(uint param_1)",false,false,true,"pseudocode/0054275d.c"
"0x0054278d","FUN_0054278d",14,1,"undefined __cdecl FUN_0054278d(LPVOID param_1)",false,false,true,"pseudocode/0054278d.c"
"0x0054279b","FUN_0054279b",66,1,"int __cdecl FUN_0054279b(int param_1, uint param_2)",false,false,true,"pseudocode/0054279b.c"
"0x005427dd","___scrt_acquire_startup_lock",50,1,"undefined4 __stdcall ___scrt_acquire_startup_lock(void)",false,false,true,"pseudocode/005427dd.c"
"0x0054280f","___scrt_initialize_crt",57,1,"undefined4 __cdecl ___scrt_initialize_crt(int param_1)",false,false,true,"pseudocode/0054280f.c"
"0x00542848","___scrt_initialize_onexit_tables",135,1,"undefined4 __cdecl ___scrt_initialize_onexit_tables(int param_1)",false,false,true,"pseudocode/00542848.c"
"0x005428cf","FUN_005428cf",129,2,"undefined4 __cdecl FUN_005428cf(int param_1)",false,false,true,"pseudocode/005428cf.c"
"0x00542966","___scrt_release_startup_lock",29,1,"int __cdecl ___scrt_release_startup_lock(char param_1)",false,false,true,"pseudocode/00542966.c"
"0x00542983","___scrt_uninitialize_crt",40,1,"undefined4 __cdecl ___scrt_uninitialize_crt(char param_1, char param_2)",false,false,true,"pseudocode/00542983.c"
"0x005429ab","FUN_005429ab",46,1,"undefined4 __cdecl FUN_005429ab(undefined4 param_1)",false,false,true,"pseudocode/005429ab.c"
"0x005429d9","FUN_005429d9",21,1,"int __cdecl FUN_005429d9(undefined4 param_1)",false,false,true,"pseudocode/005429d9.c"
"0x005429ee","FUN_005429ee",14,1,"undefined __fastcall FUN_005429ee(int param_1)",false,false,true,"pseudocode/005429ee.c"
"0x005429fc","thunk_FUN_00557ba0",5,1,"undefined __cdecl thunk_FUN_00557ba0(LPVOID param_1)",false,true,true,"pseudocode/005429fc.c"
"0x00542a01","FUN_00542a01",9,1,"undefined __cdecl FUN_00542a01(uint param_1)",false,false,true,"pseudocode/00542a01.c"
"0x00542a0a","thunk_FUN_00557ba0",5,1,"undefined __cdecl thunk_FUN_00557ba0(LPVOID param_1)",false,true,true,"pseudocode/00542a0a.c"
"0x00542a0f","FUN_00542a0f",35,1,"undefined4 * __thiscall FUN_00542a0f(byte param_1)",false,false,true,"pseudocode/00542a0f.c"
"0x00542a32","FUN_00542a32",40,1,"undefined __cdecl FUN_00542a32(_EXCEPTION_POINTERS * param_1)",false,false,true,"pseudocode/00542a32.c"
"0x00542a5a","FUN_00542a5a",251,1,"undefined __stdcall FUN_00542a5a(void)",false,false,true,"pseudocode/00542a5a.c"
"0x00542b55","___report_rangecheckfailure",13,1,"undefined __stdcall ___report_rangecheckfailure(void)",false,false,true,"pseudocode/00542b55.c"
"0x00542b62","FUN_00542b62",208,1,"undefined __cdecl FUN_00542b62(undefined4 param_1)",false,false,true,"pseudocode/00542b62.c"
"0x00542c40","__alloca_probe",43,1,"undefined __stdcall __alloca_probe(void)",false,false,true,"pseudocode/00542c40.c"
"0x00542c70","FUN_00542c70",162,1,"ulonglong __stdcall FUN_00542c70(void)",false,false,true,"pseudocode/00542c70.c"
"0x00542d20","FUN_00542d20",168,3,"ulonglong __stdcall FUN_00542d20(void)",false,false,true,"pseudocode/00542d20.c"
"0x00542d98","dtol3_getbits",54,1,"undefined8 __cdecl dtol3_getbits(void)",false,false,true,"pseudocode/00542d98.c"
"0x00542e00","FUN_00542e00",66,1,"undefined __fastcall FUN_00542e00(uint param_1, undefined4 param_2)",false,false,true,"pseudocode/00542e00.c"
"0x00542e42","FUN_00542e42",81,2,"undefined __cdecl FUN_00542e42(uint param_1, uint param_2)",false,false,true,"pseudocode/00542e42.c"
"0x00542e76","operator_delete",14,1,"void __cdecl operator_delete(void * param_1, align_val_t param_2)",false,false,true,"pseudocode/00542e76.c"
"0x00542e90","__aullshr",31,1,"ulonglong __fastcall __aullshr(byte param_1, uint param_2)",false,false,true,"pseudocode/00542e90.c"
"0x00542eaf","`eh_vector_constructor_iterator'",90,1,"void __stdcall `eh_vector_constructor_iterator'(void * param_1, uint param_2, uint param_3, _func_void_void_ptr * param_4, _func_void_void_ptr * param_5)",false,false,true,"pseudocode/00542eaf.c"
"0x00542f0f","FUN_00542f0f",20,1,"undefined __stdcall FUN_00542f0f(void)",false,false,true,"pseudocode/00542f0f.c"
"0x00542f23","FUN_00542f23",108,1,"undefined __stdcall FUN_00542f23(undefined4 param_1, undefined4 param_2, int param_3, undefined * param_4)",false,false,true,"pseudocode/00542f23.c"
"0x00542f9b","FUN_00542f9b",16,1,"undefined __stdcall FUN_00542f9b(void)",false,false,true,"pseudocode/00542f9b.c"
"0x00542fab","__ArrayUnwind",76,2,"void __stdcall __ArrayUnwind(void * param_1, uint param_2, uint param_3, _func_void_void_ptr * param_4)",false,false,true,"pseudocode/00542fab.c"
"0x0054303b","FUN_0054303b",14,1,"undefined __cdecl FUN_0054303b(LPVOID param_1)",false,false,true,"pseudocode/0054303b.c"
"0x00543050","__alldiv",170,1,"undefined8 __stdcall __alldiv(uint param_1, uint param_2, uint param_3, uint param_4)",false,false,true,"pseudocode/00543050.c"
"0x00543100","__allmul",52,1,"longlong __stdcall __allmul(uint param_1, int param_2, uint param_3, int param_4)",false,false,true,"pseudocode/00543100.c"
"0x00543140","__allrem",178,1,"undefined8 __stdcall __allrem(uint param_1, uint param_2, uint param_3, uint param_4)",false,false,true,"pseudocode/00543140.c"
"0x00543200","__aulldiv",104,1,"undefined8 __stdcall __aulldiv(uint param_1, uint param_2, uint param_3, uint param_4)",false,false,true,"pseudocode/00543200.c"
"0x00543270","__aullrem",117,1,"undefined8 __stdcall __aullrem(uint param_1, uint param_2, uint param_3, uint param_4)",false,false,true,"pseudocode/00543270.c"
"0x005432f0","__allshl",31,1,"longlong __fastcall __allshl(byte param_1, int param_2)",false,false,true,"pseudocode/005432f0.c"
"0x00543310","thunk_FUN_00543320",5,1,"uint __stdcall thunk_FUN_00543320(void)",false,true,true,"pseudocode/00543310.c"
"0x00543320","FUN_00543320",124,1,"uint __stdcall FUN_00543320(void)",false,false,true,"pseudocode/00543320.c"
"0x00543461","FUN_00543461",329,2,"UINT __stdcall FUN_00543461(void)",false,false,true,"pseudocode/00543461.c"
"0x005435e0","entry",10,1,"undefined __stdcall entry(void)",false,false,true,"pseudocode/005435e0.c"
"0x005435ea","guard_check_icall",3,1,"undefined __cdecl guard_check_icall(void)",false,false,true,"pseudocode/005435ea.c"
"0x005435ed","__EH_epilog3",20,1,"undefined __stdcall __EH_epilog3(void)",false,false,true,"pseudocode/005435ed.c"
"0x00543601","FUN_00543601",15,1,"undefined __stdcall FUN_00543601(void)",false,false,true,"pseudocode/00543601.c"
"0x00543610","__EH_prolog3",51,1,"undefined __cdecl __EH_prolog3(int param_1)",false,false,true,"pseudocode/00543610.c"
"0x00543643","__EH_prolog3_GS",54,1,"undefined __cdecl __EH_prolog3_GS(int param_1)",false,false,true,"pseudocode/00543643.c"
"0x00543679","__EH_prolog3_catch",54,1,"undefined __cdecl __EH_prolog3_catch(int param_1)",false,false,true,"pseudocode/00543679.c"
"0x005436af","operator_delete",18,1,"void __cdecl operator_delete(void * param_1, uint param_2, align_val_t param_3)",false,false,true,"pseudocode/005436af.c"
"0x005436c1","FUN_005436c1",794,1,"undefined4 __stdcall FUN_005436c1(void)",false,false,true,"pseudocode/005436c1.c"
"0x005439e0","__alloca_probe_16",22,1,"uint __stdcall __alloca_probe_16(void)",false,false,true,"pseudocode/005439e0.c"
"0x005439f6","__alloca_probe_8",22,1,"uint __stdcall __alloca_probe_8(void)",false,false,true,"pseudocode/005439f6.c"
"0x00543a29","FUN_00543a29",4,1,"undefined4 __stdcall FUN_00543a29(void)",false,false,true,"pseudocode/00543a29.c"
"0x00543a2d","___scrt_is_ucrt_dll_in_use",12,1,"bool __stdcall ___scrt_is_ucrt_dll_in_use(void)",false,false,true,"pseudocode/00543a2d.c"
"0x00543a39","FUN_00543a39",277,1,"undefined __stdcall FUN_00543a39(void)",false,false,true,"pseudocode/00543a39.c"
"0x00543b4e","FUN_00543b4e",48,1,"WORD __stdcall FUN_00543b4e(void)",false,false,true,"pseudocode/00543b4e.c"
"0x00543b7e","thunk_FUN_00543b83",5,1,"undefined4 __stdcall thunk_FUN_00543b83(void)",false,true,true,"pseudocode/00543b7e.c"
"0x00543b83","FUN_00543b83",3,1,"undefined4 __stdcall FUN_00543b83(void)",false,false,true,"pseudocode/00543b83.c"
"0x00543b86","FUN_00543b86",66,1,"uint __stdcall FUN_00543b86(void)",false,false,true,"pseudocode/00543b86.c"
"0x00543bc8","FUN_00543bc8",12,1,"undefined __stdcall FUN_00543bc8(void)",false,false,true,"pseudocode/00543bc8.c"
"0x00543bd4","___scrt_unhandled_exception_filter@4",86,1,"undefined4 __stdcall ___scrt_unhandled_exception_filter@4(int * param_1)",false,false,true,"pseudocode/00543bd4.c"
"0x00543c2a","FUN_00543c2a",11,1,"undefined __stdcall FUN_00543c2a(void)",false,false,true,"pseudocode/00543c2a.c"
"0x00543c40","__SEH_prolog4",69,1,"undefined __cdecl __SEH_prolog4(undefined4 param_1, int param_2)",false,false,true,"pseudocode/00543c40.c"
"0x00543c85","FUN_00543c85",77,1,"uint __stdcall FUN_00543c85(void)",false,false,true,"pseudocode/00543c85.c"
"0x00543cd2","___security_init_cookie",75,1,"void __cdecl ___security_init_cookie(void)",false,false,true,"pseudocode/00543cd2.c"
"0x00543d1d","FUN_00543d1d",6,1,"undefined4 __stdcall FUN_00543d1d(void)",false,false,true,"pseudocode/00543d1d.c"
"0x00543d23","FUN_00543d23",12,1,"undefined __stdcall FUN_00543d23(void)",false,false,true,"pseudocode/00543d23.c"
"0x00543d2f","FUN_00543d2f",3,1,"undefined1 __stdcall FUN_00543d2f(void)",false,false,true,"pseudocode/00543d2f.c"
"0x00543d32","FUN_00543d32",33,1,"undefined __stdcall FUN_00543d32(void)",false,false,true,"pseudocode/00543d32.c"
"0x00543d53","FUN_00543d53",29,1,"undefined __stdcall FUN_00543d53(void)",false,false,true,"pseudocode/00543d53.c"
"0x00543d70","FUN_00543d70",12,1,"bool __stdcall FUN_00543d70(void)",false,false,true,"pseudocode/00543d70.c"
"0x00543d7c","FUN_00543d7c",6,1,"undefined * __stdcall FUN_00543d7c(void)",false,false,true,"pseudocode/00543d7c.c"
"0x00543d82","FUN_00543d82",6,1,"undefined * __stdcall FUN_00543d82(void)",false,false,true,"pseudocode/00543d82.c"
"0x00543d88","FUN_00543d88",44,1,"undefined __stdcall FUN_00543d88(void)",false,false,true,"pseudocode/00543d88.c"
"0x00543de0","GdipAlloc",6,1,"undefined GdipAlloc()",false,true,true,"pseudocode/00543de0.c"
"0x00543de6","GdipFree",6,1,"undefined GdipFree()",false,true,true,"pseudocode/00543de6.c"
"0x00543dec","GdiplusStartup",6,1,"undefined GdiplusStartup()",false,true,true,"pseudocode/00543dec.c"
"0x00543df2","GdiplusShutdown",6,1,"undefined GdiplusShutdown()",false,true,true,"pseudocode/00543df2.c"
"0x00543df8","GdipCloneImage",6,1,"undefined GdipCloneImage()",false,true,true,"pseudocode/00543df8.c"
"0x00543dfe","GdipDisposeImage",6,1,"undefined GdipDisposeImage()",false,true,true,"pseudocode/00543dfe.c"
"0x00543e04","GdipSaveImageToFile",6,1,"undefined GdipSaveImageToFile()",false,true,true,"pseudocode/00543e04.c"
"0x00543e0a","GdipCreateBitmapFromHBITMAP",6,1,"undefined GdipCreateBitmapFromHBITMAP()",false,true,true,"pseudocode/00543e0a.c"
"0x00543e10","GdipGetImageEncodersSize",6,1,"undefined GdipGetImageEncodersSize()",false,true,true,"pseudocode/00543e10.c"
"0x00543e16","GdipGetImageEncoders",6,1,"undefined GdipGetImageEncoders()",false,true,true,"pseudocode/00543e16.c"
"0x00543e20","FUN_00543e20",1330,12,"ulonglong __cdecl FUN_00543e20(uint * param_1, uint * param_2, uint param_3)",false,false,true,"pseudocode/00543e20.c"
"0x00544394","FUN_00544394",110,1,"undefined __cdecl FUN_00544394(undefined4 * param_1, undefined4 param_2, int param_3, undefined4 param_4, int param_5, int param_6)",false,false,true,"pseudocode/00544394.c"
"0x00544403","FUN_00544403",96,1,"undefined4 __cdecl FUN_00544403(undefined4 param_1, undefined4 param_2, undefined4 param_3, int param_4, int param_5)",false,false,true,"pseudocode/00544403.c"
"0x00544463","FUN_00544463",255,1,"undefined4 __cdecl FUN_00544463(int * param_1, undefined4 * param_2, undefined4 param_3, undefined4 param_4, undefined4 param_5, undefined4 param_6, undefined4 param_7)",false,false,true,"pseudocode/00544463.c"
"0x00544562","_JumpToContinuation",43,1,"void __stdcall _JumpToContinuation(void * param_1, EHRegistrationNode * param_2)",false,false,true,"pseudocode/00544562.c"
"0x00544592","_UnwindNestedFrames",84,1,"void __stdcall _UnwindNestedFrames(EHRegistrationNode * param_1, EHExceptionRecord * param_2)",false,false,true,"pseudocode/00544592.c"
"0x005445e6","FUN_005445e6",49,1,"undefined __cdecl FUN_005445e6(EHExceptionRecord * param_1, EHRegistrationNode * param_2, _CONTEXT * param_3)",false,false,true,"pseudocode/005445e6.c"
"0x00544617","__CreateFrameInfo",36,1,"undefined4 * __cdecl __CreateFrameInfo(undefined4 * param_1, undefined4 param_2)",false,false,true,"pseudocode/00544617.c"
"0x0054463b","__FindAndUnlinkFrame",71,1,"undefined __cdecl __FindAndUnlinkFrame(int param_1)",false,false,true,"pseudocode/0054463b.c"
"0x00544683","FID_conflict:TranslatorGuardHandler",154,3,"undefined4 __cdecl FID_conflict:TranslatorGuardHandler(EHExceptionRecord * param_1, EHRegistrationNode * param_2, _CONTEXT * param_3)",false,false,true,"pseudocode/00544683.c"
"0x00544722","FID_conflict:___CxxFrameHandler3",54,1,"undefined4 __cdecl FID_conflict:___CxxFrameHandler3(EHExceptionRecord * param_1, EHRegistrationNode * param_2, _CONTEXT * param_3, void * param_4)",false,false,true,"pseudocode/00544722.c"
"0x00544760","_memset",346,1,"void * __cdecl _memset(void * _Dst, int _Val, size_t _Size)",false,false,true,"pseudocode/00544760.c"
"0x005448c0","FUN_005448c0",311,1,"undefined1[16] * __cdecl FUN_005448c0(undefined1[16] * param_1, byte param_2)",false,false,true,"pseudocode/005448c0.c"
"0x005449f7","___std_exception_copy",99,1,"undefined __cdecl ___std_exception_copy(int * param_1, int * param_2)",false,false,true,"pseudocode/005449f7.c"
"0x00544a5a","FUN_00544a5a",34,1,"undefined __cdecl FUN_00544a5a(undefined4 * param_1)",false,false,true,"pseudocode/00544a5a.c"
"0x00544a7c","FUN_00544a7c",109,1,"undefined __stdcall FUN_00544a7c(int * param_1, byte * param_2)",false,false,true,"pseudocode/00544a7c.c"
"0x00544ae9","FUN_00544ae9",654,1,"undefined1[16] * __cdecl FUN_00544ae9(undefined1[16] * param_1, undefined1[16] * param_2)",false,false,true,"pseudocode/00544ae9.c"
"0x00544d77","FUN_00544d77",4929,1,"int __cdecl FUN_00544d77(uint * param_1, uint * param_2, uint param_3)",false,false,true,"pseudocode/00544d77.c"
"0x00546140","FUN_00546140",299,1,"uint * __cdecl FUN_00546140(uint * param_1, char param_2)",false,false,true,"pseudocode/00546140.c"
"0x0054626b","FUN_0054626b",7,1,"undefined4 __stdcall FUN_0054626b(void)",false,false,true,"pseudocode/0054626b.c"
"0x0054628e","FUN_0054628e",154,1,"ushort * __cdecl FUN_0054628e(ushort * param_1, ushort param_2)",false,false,true,"pseudocode/0054628e.c"
"0x00546328","FUN_00546328",162,1,"undefined1[16] * __cdecl FUN_00546328(undefined1[16] * param_1, ushort param_2)",false,false,true,"pseudocode/00546328.c"
"0x005463d0","FUN_005463d0",16,1,"undefined4 __stdcall FUN_005463d0(void)",false,false,true,"pseudocode/005463d0.c"
"0x005463e0","FUN_005463e0",149,2,"undefined __cdecl FUN_005463e0(int * param_1)",false,false,true,"pseudocode/005463e0.c"
"0x00546488","FUN_00546488",13,1,"undefined __stdcall FUN_00546488(undefined4 param_1, undefined * param_2)",false,false,true,"pseudocode/00546488.c"
"0x00546495","_FilterSetCurrentException",88,1,"ulong __cdecl _FilterSetCurrentException(_EXCEPTION_POINTERS * param_1, uchar param_2)",false,false,true,"pseudocode/00546495.c"
"0x005464ed","__IsExceptionObjectToBeDestroyed",38,1,"undefined4 __cdecl __IsExceptionObjectToBeDestroyed(int param_1)",false,false,true,"pseudocode/005464ed.c"
"0x00546513","___AdjustPointer",37,1,"int __cdecl ___AdjustPointer(int param_1, int * param_2)",false,false,true,"pseudocode/00546513.c"
"0x00546538","___FrameUnwindFilter",86,1,"undefined4 __cdecl ___FrameUnwindFilter(undefined4 * param_1)",false,false,true,"pseudocode/00546538.c"
"0x0054658e","FUN_0054658e",9,1,"int __stdcall FUN_0054658e(void)",false,false,true,"pseudocode/0054658e.c"
"0x00546597","FUN_00546597",9,1,"int __stdcall FUN_00546597(void)",false,false,true,"pseudocode/00546597.c"
"0x005465a5","___vcrt_initialize",31,1,"undefined4 __stdcall ___vcrt_initialize(void)",false,false,true,"pseudocode/005465a5.c"
"0x005465c4","___vcrt_uninitialize",23,1,"undefined4 __cdecl ___vcrt_uninitialize(char param_1)",false,false,true,"pseudocode/005465c4.c"
"0x005465e0","_ValidateLocalCookies",50,1,"undefined __cdecl _ValidateLocalCookies(int * param_1, int param_2)",false,false,true,"pseudocode/005465e0.c"
"0x00546620","__except_handler4",350,1,"undefined4 __cdecl __except_handler4(PEXCEPTION_RECORD param_1, PVOID param_2, int param_3)",false,false,true,"pseudocode/00546620.c"
"0x0054677e","___std_type_info_compare",60,1,"uint __cdecl ___std_type_info_compare(int param_1, int param_2)",false,false,true,"pseudocode/0054677e.c"
"0x005467ba","FUN_005467ba",28,1,"undefined __stdcall FUN_005467ba(undefined * param_1)",false,false,true,"pseudocode/005467ba.c"
"0x005467d6","___vcrt_getptd",14,1,"undefined __stdcall ___vcrt_getptd(void)",false,false,true,"pseudocode/005467d6.c"
"0x005467e4","___vcrt_getptd_noexit",146,1,"LPVOID __stdcall ___vcrt_getptd_noexit(void)",false,false,true,"pseudocode/005467e4.c"
"0x00546876","FUN_00546876",56,1,"int __stdcall FUN_00546876(void)",false,false,true,"pseudocode/00546876.c"
"0x005468ae","___vcrt_initialize_ptd",51,1,"undefined4 __stdcall ___vcrt_initialize_ptd(void)",false,false,true,"pseudocode/005468ae.c"
"0x005468e1","FUN_005468e1",30,1,"undefined4 __stdcall FUN_005468e1(void)",false,false,true,"pseudocode/005468e1.c"
"0x005468ff","BuildCatchObjectHelperInternal<class___FrameHandler3>",308,2,"int __cdecl BuildCatchObjectHelperInternal<class___FrameHandler3>(EHExceptionRecord * param_1, void * param_2, _s_HandlerType * param_3, _s_CatchableType * param_4)",false,false,true,"pseudocode/005468ff.c"
"0x00546a3d","FUN_00546a3d",143,1,"undefined __cdecl FUN_00546a3d(EHExceptionRecord * param_1, void * param_2, _s_HandlerType * param_3, _s_CatchableType * param_4)",false,false,true,"pseudocode/00546a3d.c"
"0x00546ad9","FUN_00546ad9",129,1,"undefined __cdecl FUN_00546ad9(EHExceptionRecord * param_1, EHRegistrationNode * param_2, undefined4 param_3, void * param_4, _s_FuncInfo * param_5, _s_HandlerType * param_6, _s_CatchableType * param_7, int * param_8, int param_9, EHRegistrationNode * param_10)",false,false,true,"pseudocode/00546ad9.c"
"0x00546b5a","FUN_00546b5a",930,1,"undefined __cdecl FUN_00546b5a(EHExceptionRecord * param_1, EHRegistrationNode * param_2, _CONTEXT * param_3, void * param_4, _s_FuncInfo * param_5, char param_6, int param_7, EHRegistrationNode * param_8)",false,false,true,"pseudocode/00546b5a.c"
"0x00546efd","FindHandlerForForeignException<class___FrameHandler3>",309,1,"void __cdecl FindHandlerForForeignException<class___FrameHandler3>(EHExceptionRecord * param_1, EHRegistrationNode * param_2, _CONTEXT * param_3, void * param_4, _s_FuncInfo * param_5, int param_6, int param_7, EHRegistrationNode * param_8)",false,false,true,"pseudocode/00546efd.c"
"0x00547033","FID_conflict:___TypeMatch",142,1,"undefined4 __cdecl FID_conflict:___TypeMatch(byte * param_1, byte * param_2, byte * param_3)",false,false,true,"pseudocode/00547033.c"
"0x005470c1","__InternalCxxFrameHandler<class___FrameHandler3>",258,1,"_EXCEPTION_DISPOSITION __cdecl __InternalCxxFrameHandler<class___FrameHandler3>(EHExceptionRecord * param_1, EHRegistrationNode * param_2, _CONTEXT * param_3, void * param_4, _s_FuncInfo * param_5, int param_6, EHRegistrationNode * param_7, uchar param_8)",false,false,true,"pseudocode/005470c1.c"
"0x005471c3","FUN_005471c3",9,1,"undefined __cdecl FUN_005471c3(EHExceptionRecord * param_1, EHRegistrationNode * param_2, _CONTEXT * param_3, void * param_4, _s_FuncInfo * param_5, int param_6, EHRegistrationNode * param_7, uchar param_8)",false,false,true,"pseudocode/005471c3.c"
"0x005471cc","FUN_005471cc",27,1,"exception * __thiscall FUN_005471cc(exception * param_1)",false,false,true,"pseudocode/005471cc.c"
"0x005471e7","FUN_005471e7",30,1,"undefined4 * __fastcall FUN_005471e7(undefined4 * param_1)",false,false,true,"pseudocode/005471e7.c"
"0x00547205","operator==",31,1,"bool __thiscall operator==(type_info * param_1)",false,false,true,"pseudocode/00547205.c"
"0x00547224","FUN_00547224",176,2,"undefined4 __cdecl FUN_00547224(int param_1, int param_2, undefined4 param_3, undefined4 param_4, undefined4 param_5, int param_6, int param_7)",false,false,true,"pseudocode/00547224.c"
"0x00547378","FUN_00547378",123,1,"undefined __stdcall FUN_00547378(void)",false,false,true,"pseudocode/00547378.c"
"0x005473f3","FUN_005473f3",60,1,"undefined __stdcall FUN_005473f3(undefined4 param_1)",false,false,true,"pseudocode/005473f3.c"
"0x00547435","ExFilterRethrow",74,1,"int __cdecl ExFilterRethrow(_EXCEPTION_POINTERS * param_1)",false,false,true,"pseudocode/00547435.c"
"0x0054747f","FrameUnwindToEmptyState",24,1,"void __cdecl FrameUnwindToEmptyState(EHRegistrationNode * param_1, void * param_2, _s_FuncInfo * param_3)",false,false,true,"pseudocode/0054747f.c"
"0x00547497","FUN_00547497",201,3,"undefined __cdecl FUN_00547497(EHRegistrationNode * param_1, void * param_2, _s_FuncInfo * param_3, int param_4)",false,false,true,"pseudocode/00547497.c"
"0x0054756b","FUN_0054756b",20,1,"undefined __stdcall FUN_0054756b(void)",false,false,true,"pseudocode/0054756b.c"
"0x00547585","FUN_00547585",153,1,"undefined4 __cdecl FUN_00547585(int param_1, int * param_2)",false,false,true,"pseudocode/00547585.c"
"0x0054761f","FUN_0054761f",16,1,"undefined __stdcall FUN_0054761f(undefined4 param_1, undefined * param_2, undefined4 param_3)",false,false,true,"pseudocode/0054761f.c"
"0x0054762f","FUN_0054762f",19,1,"undefined __stdcall FUN_0054762f(undefined4 param_1, undefined * param_2, undefined4 param_3, undefined4 param_4)",false,false,true,"pseudocode/0054762f.c"
"0x00547642","FUN_00547642",11,1,"undefined4 __cdecl FUN_00547642(int param_1)",false,false,true,"pseudocode/00547642.c"
"0x00547650","__CallSettingFrame@12",76,1,"undefined __stdcall __CallSettingFrame@12(undefined4 param_1, undefined4 param_2, int param_3)",false,false,true,"pseudocode/00547650.c"
"0x0054769c","FUN_0054769c",48,1,"undefined __cdecl FUN_0054769c(int param_1)",false,false,true,"pseudocode/0054769c.c"
"0x005476cc","___vcrt_initialize_locks",60,1,"undefined4 __stdcall ___vcrt_initialize_locks(void)",false,false,true,"pseudocode/005476cc.c"
"0x00547708","___vcrt_uninitialize_locks",47,1,"undefined4 __stdcall ___vcrt_uninitialize_locks(void)",false,false,true,"pseudocode/00547708.c"
"0x00547740","FUN_00547740",159,1,"undefined __cdecl FUN_00547740(uint * param_1, int param_2, uint param_3)",false,false,true,"pseudocode/00547740.c"
"0x00547830","_EH4_CallFilterFunc",23,1,"undefined __fastcall _EH4_CallFilterFunc(undefined * param_1)",false,false,true,"pseudocode/00547830.c"
"0x00547850","_EH4_TransferToHandler",25,1,"undefined __fastcall _EH4_TransferToHandler(undefined * UNRECOVERED_JUMPTABLE)",false,false,true,"pseudocode/00547850.c"
"0x00547870","_EH4_GlobalUnwind2",26,1,"undefined __fastcall _EH4_GlobalUnwind2(PVOID param_1, PEXCEPTION_RECORD param_2)",false,false,true,"pseudocode/00547870.c"
"0x00547890","_EH4_LocalUnwind",23,1,"undefined __fastcall _EH4_LocalUnwind(int param_1, uint param_2, undefined4 param_3, uint * param_4)",false,false,true,"pseudocode/00547890.c"
"0x005478a7","FUN_005478a7",160,1,"FARPROC __cdecl FUN_005478a7(int param_1, LPCSTR param_2, int * param_3, int * param_4)",false,false,true,"pseudocode/005478a7.c"
"0x00547947","try_load_library_from_system_directory",75,1,"HINSTANCE__ * __cdecl try_load_library_from_system_directory(wchar_t * param_1)",false,false,true,"pseudocode/00547947.c"
"0x00547992","___vcrt_FlsAlloc",59,1,"undefined __cdecl ___vcrt_FlsAlloc(undefined4 param_1)",false,false,true,"pseudocode/00547992.c"
"0x005479cd","___vcrt_FlsFree",59,1,"undefined __cdecl ___vcrt_FlsFree(DWORD param_1)",false,false,true,"pseudocode/005479cd.c"
"0x00547a08","___vcrt_FlsGetValue",59,1,"undefined __cdecl ___vcrt_FlsGetValue(DWORD param_1)",false,false,true,"pseudocode/00547a08.c"
"0x00547a43","___vcrt_FlsSetValue",62,1,"undefined __cdecl ___vcrt_FlsSetValue(DWORD param_1, LPVOID param_2)",false,false,true,"pseudocode/00547a43.c"
"0x00547a81","___vcrt_InitializeCriticalSectionEx",71,1,"undefined __cdecl ___vcrt_InitializeCriticalSectionEx(LPCRITICAL_SECTION param_1, DWORD param_2, undefined4 param_3)",false,false,true,"pseudocode/00547a81.c"
"0x00547ac8","unexpected",29,1,"undefined __cdecl unexpected(void)",false,false,true,"pseudocode/00547ac8.c"
"0x00547ae5","GetCurrentState",29,1,"int __cdecl GetCurrentState(EHRegistrationNode * param_1, void * param_2, _s_FuncInfo * param_3)",false,false,true,"pseudocode/00547ae5.c"
"0x00547b02","FUN_00547b02",14,1,"undefined __cdecl FUN_00547b02(int param_1, undefined4 param_2, undefined4 param_3)",false,false,true,"pseudocode/00547b02.c"
"0x00547b10","FUN_00547b10",12,1,"undefined4 __fastcall FUN_00547b10(undefined4 param_1)",false,false,true,"pseudocode/00547b10.c"
"0x00547b20","__NLG_Notify",31,1,"void __stdcall __NLG_Notify(ulong param_1)",false,false,true,"pseudocode/00547b20.c"
"0x00547b40","FUN_00547b40",3,1,"undefined __stdcall FUN_00547b40(void)",false,false,true,"pseudocode/00547b40.c"
"0x00547b43","_abort",67,1,"void __cdecl _abort(void)",false,false,true,"pseudocode/00547b43.c"
"0x00547b87","terminate",52,2,"undefined __cdecl terminate(void)",false,false,true,"pseudocode/00547b87.c"
"0x00547c41","~__crt_unique_heap_ptr<struct___acrt_thread_parameter,struct_`anonymous_namespace'::thread_parameter_free_policy>",55,1,"undefined __thiscall ~__crt_unique_heap_ptr<struct___acrt_thread_parameter,struct_`anonymous_namespace'::thread_parameter_free_policy>(void)",false,false,true,"pseudocode/00547c41.c"
"0x00547c78","common_end_thread",86,1,"void __cdecl common_end_thread(uint param_1)",false,false,true,"pseudocode/00547c78.c"
"0x00547ccf","create_thread_parameter",80,1,"__acrt_thread_parameter * __cdecl create_thread_parameter(void * param_1, void * param_2)",false,false,true,"pseudocode/00547ccf.c"
"0x00547d1f","__beginthreadex",131,1,"uintptr_t __cdecl __beginthreadex(void * _Security, uint _StackSize, _StartAddress * _StartAddress, void * _ArgList, uint _InitFlag, uint * _ThrdAddr)",false,false,true,"pseudocode/00547d1f.c"
"0x00547da2","__endthreadex",14,1,"void __cdecl __endthreadex(uint _Retval)",false,false,true,"pseudocode/00547da2.c"
"0x00547db0","FUN_00547db0",72,1,"undefined4 * __thiscall FUN_00547db0(undefined4 * param_1)",false,false,true,"pseudocode/00547db0.c"
"0x00547df8","FUN_00547df8",60,1,"undefined __fastcall FUN_00547df8(int * param_1)",false,false,true,"pseudocode/00547df8.c"
"0x00547e34","FUN_00547e34",41,1,"undefined4 __fastcall FUN_00547e34(int param_1)",false,false,true,"pseudocode/00547e34.c"
"0x00547e5d","FUN_00547e5d",70,1,"__acrt_ptd * __fastcall FUN_00547e5d(undefined4 * param_1)",false,false,true,"pseudocode/00547e5d.c"
"0x00547ea3","FUN_00547ea3",28,1,"int __fastcall FUN_00547ea3(int * param_1)",false,false,true,"pseudocode/00547ea3.c"
"0x00547ec0","___acrt_call_reportfault",313,1,"undefined __cdecl ___acrt_call_reportfault(int param_1, DWORD param_2, DWORD param_3)",false,false,true,"pseudocode/00547ec0.c"
"0x00547ff9","FUN_00547ff9",15,1,"undefined __cdecl FUN_00547ff9(undefined4 param_1)",false,false,true,"pseudocode/00547ff9.c"
"0x00548008","FUN_00548008",55,1,"undefined __cdecl FUN_00548008(wchar_t * param_1, wchar_t * param_2, wchar_t * param_3, uint param_4, uintptr_t param_5)",false,false,true,"pseudocode/00548008.c"
"0x0054803f","FUN_0054803f",124,1,"undefined __cdecl FUN_0054803f(wchar_t * param_1, wchar_t * param_2, wchar_t * param_3, uint param_4, uintptr_t param_5, int * param_6)",false,false,true,"pseudocode/0054803f.c"
"0x005480bc","FUN_005480bc",16,1,"undefined __stdcall FUN_005480bc(void)",false,false,true,"pseudocode/005480bc.c"
"0x005480cc","__invoke_watson",52,1,"void __cdecl __invoke_watson(wchar_t * param_1, wchar_t * param_2, wchar_t * param_3, uint param_4, uintptr_t param_5)",false,false,true,"pseudocode/005480cc.c"
"0x00548100","FUN_00548100",149,1,"undefined4 __cdecl FUN_00548100(short * param_1, int param_2, int param_3)",false,false,true,"pseudocode/00548100.c"
"0x005481a0","FUN_005481a0",352,1,"uint __cdecl FUN_005481a0(undefined1[32] * param_1, uint param_2)",false,false,true,"pseudocode/005481a0.c"
"0x00548300","FUN_00548300",290,1,"uint __cdecl FUN_00548300(undefined1[32] * param_1)",false,false,true,"pseudocode/00548300.c"
"0x00548430","FUN_00548430",469,1,"uint __cdecl FUN_00548430(short * param_1, uint param_2)",false,false,true,"pseudocode/00548430.c"
"0x00548610","FUN_00548610",143,1,"undefined4 __cdecl FUN_00548610(char * param_1, int param_2, int param_3)",false,false,true,"pseudocode/00548610.c"
"0x005486a0","FUN_005486a0",155,1,"undefined4 __cdecl FUN_005486a0(char * param_1, int param_2, int param_3)",false,false,true,"pseudocode/005486a0.c"
"0x0054873b","FUN_0054873b",372,1,"undefined __cdecl FUN_0054873b(uint param_1, undefined4 param_2, undefined1 * * * * param_3, int param_4, int param_5, int * param_6, undefined4 param_7)",false,false,true,"pseudocode/0054873b.c"
"0x005488af","FUN_005488af",159,1,"int __cdecl FUN_005488af(uint param_1, undefined4 param_2, undefined1 * * * * param_3, int param_4, int param_5, int * param_6, undefined4 param_7)",false,false,true,"pseudocode/005488af.c"
"0x0054894e","count<char>",24,1,"uint __thiscall count<char>(void)",false,false,true,"pseudocode/0054894e.c"
"0x00548966","FUN_00548966",128,1,"bool __thiscall FUN_00548966(uint param_1, int param_2)",false,false,true,"pseudocode/00548966.c"
"0x005489e6","FUN_005489e6",52,1,"bool __cdecl FUN_005489e6(byte param_1, uint param_2)",false,false,true,"pseudocode/005489e6.c"
"0x00548a1a","is_wide_character_specifier<char>",49,1,"bool __cdecl is_wide_character_specifier<char>(__uint64 param_1, char param_2, length_modifier param_3)",false,false,true,"pseudocode/00548a1a.c"
"0x00548a4b","make_c_string_character_source<>",27,1,"undefined __cdecl make_c_string_character_source<>(undefined4 * param_1, undefined4 param_2, undefined4 * param_3)",false,false,true,"pseudocode/00548a4b.c"
"0x00548a66","FUN_00548a66",531,1,"uint __cdecl FUN_00548a66(int * param_1, char * param_2, undefined4 * param_3, uint param_4, byte param_5)",false,false,true,"pseudocode/00548a66.c"
"0x00548c79","scratch_data<char>",30,1,"char * __thiscall scratch_data<char>(void)",false,false,true,"pseudocode/00548c79.c"
"0x00548c97","FUN_00548c97",397,1,"uint __fastcall FUN_00548c97(void * param_1)",false,false,true,"pseudocode/00548c97.c"
"0x00548e24","FUN_00548e24",397,1,"uint __thiscall FUN_00548e24(byte param_1)",false,false,true,"pseudocode/00548e24.c"
"0x00548fb1","FUN_00548fb1",397,1,"uint __thiscall FUN_00548fb1(byte param_1)",false,false,true,"pseudocode/00548fb1.c"
"0x0054913e","FUN_0054913e",98,1,"undefined __thiscall FUN_0054913e(uint param_1)",false,false,true,"pseudocode/0054913e.c"
"0x005491a0","FUN_005491a0",127,1,"undefined __thiscall FUN_005491a0(uint param_1, byte param_2)",false,false,true,"pseudocode/005491a0.c"
"0x0054921f","FUN_0054921f",124,1,"undefined __thiscall FUN_0054921f(uint param_1, byte param_2)",false,false,true,"pseudocode/0054921f.c"
"0x0054929b","FUN_0054929b",116,1,"undefined __thiscall FUN_0054929b(uint param_1, uint param_2)",false,false,true,"pseudocode/0054929b.c"
"0x0054930f","FUN_0054930f",146,1,"undefined __thiscall FUN_0054930f(undefined4 param_1, undefined4 param_2, byte param_3)",false,false,true,"pseudocode/0054930f.c"
"0x005493a1","FUN_005493a1",134,1,"undefined __thiscall FUN_005493a1(uint param_1, uint param_2, byte param_3)",false,false,true,"pseudocode/005493a1.c"
"0x00549427","FUN_00549427",103,1,"undefined4 * __thiscall FUN_00549427(undefined4 * param_1, undefined4 param_2, undefined4 param_3, undefined4 param_4, undefined4 param_5, undefined4 param_6)",false,false,true,"pseudocode/00549427.c"
"0x0054948e","FUN_0054948e",26,1,"undefined __fastcall FUN_0054948e(int param_1)",false,false,true,"pseudocode/0054948e.c"
"0x005494a8","FUN_005494a8",36,1,"undefined4 * __thiscall FUN_005494a8(undefined4 * param_1)",false,false,true,"pseudocode/005494a8.c"
"0x005494cc","FUN_005494cc",106,1,"undefined __cdecl FUN_005494cc(char * param_1, int * param_2)",false,false,true,"pseudocode/005494cc.c"
"0x00549536","FUN_00549536",61,1,"undefined1 __stdcall FUN_00549536(char param_1, byte param_2)",false,false,true,"pseudocode/00549536.c"
"0x00549573","FUN_00549573",98,1,"undefined __cdecl FUN_00549573(byte * param_1, int * param_2)",false,false,true,"pseudocode/00549573.c"
"0x005495d5","FUN_005495d5",120,1,"undefined4 __thiscall FUN_005495d5(uint * param_1)",false,false,true,"pseudocode/005495d5.c"
"0x0054964d","FUN_0054964d",710,1,"undefined4 __fastcall FUN_0054964d(__uint64 * param_1)",false,false,true,"pseudocode/0054964d.c"
"0x00549935","FUN_00549935",345,1,"uint __fastcall FUN_00549935(__uint64 * param_1)",false,false,true,"pseudocode/00549935.c"
"0x00549a8e","FUN_00549a8e",1082,1,"undefined __fastcall FUN_00549a8e(__uint64 * param_1)",false,false,true,"pseudocode/00549a8e.c"
"0x00549ecd","to_integer_size",49,1,"uint __cdecl to_integer_size(length_modifier param_1)",false,false,true,"pseudocode/00549ecd.c"
"0x00549f21","FUN_00549f21",115,1,"undefined4 __fastcall FUN_00549f21(__uint64 * param_1)",false,false,true,"pseudocode/00549f21.c"
"0x00549f94","FUN_00549f94",439,1,"undefined4 __fastcall FUN_00549f94(uint * param_1)",false,false,true,"pseudocode/00549f94.c"
"0x0054a14b","FUN_0054a14b",140,1,"undefined4 __fastcall FUN_0054a14b(undefined6 * param_1)",false,false,true,"pseudocode/0054a14b.c"
"0x0054a1d7","FUN_0054a1d7",133,1,"uint __fastcall FUN_0054a1d7(int param_1)",false,false,true,"pseudocode/0054a1d7.c"
"0x0054a25c","FUN_0054a25c",29,1,"undefined __fastcall FUN_0054a25c(void * param_1)",false,false,true,"pseudocode/0054a25c.c"
"0x0054a279","FUN_0054a279",22,1,"undefined __fastcall FUN_0054a279(void * param_1)",false,false,true,"pseudocode/0054a279.c"
"0x0054a28f","FUN_0054a28f",115,1,"undefined4 __fastcall FUN_0054a28f(undefined4 * param_1)",false,false,true,"pseudocode/0054a28f.c"
"0x0054a302","unget",41,1,"void __thiscall unget(char param_1)",false,false,true,"pseudocode/0054a302.c"
"0x0054a32b","unget",46,1,"void __thiscall unget(wchar_t param_1)",false,false,true,"pseudocode/0054a32b.c"
"0x0054a360","FUN_0054a360",91,1,"undefined __fastcall FUN_0054a360(int * param_1)",false,false,true,"pseudocode/0054a360.c"
"0x0054a3bb","FUN_0054a3bb",27,1,"undefined4 __fastcall FUN_0054a3bb(int * param_1)",false,false,true,"pseudocode/0054a3bb.c"
"0x0054a3d6","FUN_0054a3d6",49,1,"bool __thiscall FUN_0054a3d6(int * param_1)",false,false,true,"pseudocode/0054a3d6.c"
"0x0054a407","FUN_0054a407",111,1,"undefined __thiscall FUN_0054a407(uint * param_1, uint param_2, int * param_3)",false,false,true,"pseudocode/0054a407.c"
"0x0054a476","___acrt_locale_get_ctype_array_value",34,1,"ushort __cdecl ___acrt_locale_get_ctype_array_value(int param_1, int param_2, ushort param_3)",false,false,true,"pseudocode/0054a476.c"
"0x0054a498","FUN_0054a498",65,1,"int __cdecl FUN_0054a498(uint param_1, undefined4 param_2, undefined1 * * * * param_3, int param_4, int param_5, undefined4 * param_6, undefined4 param_7)",false,false,true,"pseudocode/0054a498.c"
"0x0054a4e0","FUN_0054a4e0",90,1,"bool __cdecl FUN_0054a4e0(uint param_1)",false,false,true,"pseudocode/0054a4e0.c"
"0x0054a540","thunk_FUN_00557ba0",5,1,"undefined __cdecl thunk_FUN_00557ba0(LPVOID param_1)",false,true,true,"pseudocode/0054a540.c"
"0x0054a550","FUN_0054a550",11,1,"undefined __stdcall FUN_0054a550(SIZE_T param_1)",false,false,true,"pseudocode/0054a550.c"
"0x0054a55b","assemble_floating_point_snan<double>",33,1,"void __cdecl assemble_floating_point_snan<double>(bool param_1, double * param_2)",false,false,true,"pseudocode/0054a55b.c"
"0x0054a57c","FUN_0054a57c",63,1,"undefined4 __cdecl FUN_0054a57c(byte param_1, int param_2, uint param_3, undefined4 param_4, uint * param_5)",false,false,true,"pseudocode/0054a57c.c"
"0x0054a5bb","FUN_0054a5bb",66,1,"undefined8 __cdecl FUN_0054a5bb(byte param_1, int param_2, undefined4 param_3, uint param_4, undefined4 * param_5)",false,false,true,"pseudocode/0054a5bb.c"
"0x0054a5fd","common_vsscanf<wchar_t>",153,1,"int __cdecl common_vsscanf<wchar_t>(__uint64 param_1, wchar_t * param_2, uint param_3, wchar_t * param_4, __crt_locale_pointers * param_5, char * param_6)",false,false,true,"pseudocode/0054a5fd.c"
"0x0054a696","FUN_0054a696",33,1,"undefined __cdecl FUN_0054a696(uint * param_1, undefined4 param_2)",false,false,true,"pseudocode/0054a696.c"
"0x0054a6b7","FID_conflict:convert_hexadecimal_string_to_floating_type<double>",33,1,"undefined __thiscall FID_conflict:convert_hexadecimal_string_to_floating_type<double>(uint * param_1, undefined4 param_2)",false,false,true,"pseudocode/0054a6b7.c"
"0x0054a6d8","FUN_0054a6d8",33,1,"undefined __cdecl FUN_0054a6d8(int * param_1, undefined4 param_2)",false,false,true,"pseudocode/0054a6d8.c"
"0x0054a6f9","FID_conflict:convert_hexadecimal_string_to_floating_type<double>",33,1,"undefined __thiscall FID_conflict:convert_hexadecimal_string_to_floating_type<double>(int * param_1, undefined4 param_2)",false,false,true,"pseudocode/0054a6f9.c"
"0x0054a71a","FUN_0054a71a",65,1,"undefined1 __cdecl FUN_0054a71a(byte param_1, int param_2, uint param_3)",false,false,true,"pseudocode/0054a71a.c"
"0x0054a75b","FUN_0054a75b",30,1,"void * __cdecl FUN_0054a75b(void * param_1, undefined4 param_2, undefined4 param_3, undefined4 param_4, undefined1 * param_5)",false,false,true,"pseudocode/0054a75b.c"
"0x0054a779","FUN_0054a779",138,1,"undefined __cdecl FUN_0054a779(int * param_1)",false,false,true,"pseudocode/0054a779.c"
"0x0054a803","FUN_0054a803",138,1,"undefined __cdecl FUN_0054a803(int * param_1)",false,false,true,"pseudocode/0054a803.c"
"0x0054a88d","FUN_0054a88d",2824,1,"uint __cdecl FUN_0054a88d(int * param_1, input_adapter_character_source<class___crt_stdio_input::string_input_adapter<wchar_t>_> * param_2, int * param_3)",false,false,true,"pseudocode/0054a88d.c"
"0x0054b395","FUN_0054b395",207,1,"int __cdecl FUN_0054b395(wchar_t * param_1, input_adapter_character_source<class___crt_stdio_input::string_input_adapter<wchar_t>_> * param_2, undefined4 param_3, undefined4 param_4)",false,false,true,"pseudocode/0054b395.c"
"0x0054b464","FUN_0054b464",289,1,"undefined4 __cdecl FUN_0054b464(wchar_t * param_1, input_adapter_character_source<class___crt_stdio_input::string_input_adapter<wchar_t>_> * param_2, undefined4 param_3, undefined4 param_4)",false,false,true,"pseudocode/0054b464.c"
"0x0054b585","parse_floating_point_possible_nan_is_ind<>",64,1,"undefined4 __cdecl parse_floating_point_possible_nan_is_ind<>(ushort * param_1, undefined4 * param_2)",false,false,true,"pseudocode/0054b585.c"
"0x0054b5c5","parse_floating_point_possible_nan_is_snan<>",64,1,"undefined4 __cdecl parse_floating_point_possible_nan_is_snan<>(ushort * param_1, undefined4 * param_2)",false,false,true,"pseudocode/0054b5c5.c"
"0x0054b605","FUN_0054b605",285,1,"undefined4 __cdecl FUN_0054b605(undefined4 param_1, uint * param_2, uint * param_3)",false,false,true,"pseudocode/0054b605.c"
"0x0054b74d","parse_floating_point_write_result<double>",249,1,"SLD_STATUS __cdecl parse_floating_point_write_result<double>(floating_point_parse_result param_1, floating_point_string * param_2, double * param_3)",false,false,true,"pseudocode/0054b74d.c"
"0x0054b871","FUN_0054b871",1583,1,"ulonglong __cdecl FUN_0054b871(int * param_1)",false,false,true,"pseudocode/0054b871.c"
"0x0054bea0","FUN_0054bea0",92,1,"ulonglong __cdecl FUN_0054bea0(undefined4 * param_1)",false,false,true,"pseudocode/0054bea0.c"
"0x0054befc","FUN_0054befc",104,1,"uint __fastcall FUN_0054befc(void * param_1)",false,false,true,"pseudocode/0054befc.c"
"0x0054bf64","FUN_0054bf64",108,1,"uint __fastcall FUN_0054bf64(void * param_1)",false,false,true,"pseudocode/0054bf64.c"
"0x0054bfd0","FUN_0054bfd0",373,1,"uint __thiscall FUN_0054bfd0(int param_1)",false,false,true,"pseudocode/0054bfd0.c"
"0x0054c145","FUN_0054c145",376,1,"uint __thiscall FUN_0054c145(int param_1)",false,false,true,"pseudocode/0054c145.c"
"0x0054c2bd","skip_whitespace<class___crt_stdio_input::string_input_adapter,wchar_t>",47,1,"ushort __cdecl skip_whitespace<class___crt_stdio_input::string_input_adapter,wchar_t>(string_input_adapter<wchar_t> * param_1, __crt_locale_pointers * param_2)",false,false,true,"pseudocode/0054c2bd.c"
"0x0054c2ec","FUN_0054c2ec",53,1,"uint __thiscall FUN_0054c2ec(undefined4 * param_1)",false,false,true,"pseudocode/0054c2ec.c"
"0x0054c321","FUN_0054c321",59,1,"uint __thiscall FUN_0054c321(undefined4 * param_1)",false,false,true,"pseudocode/0054c321.c"
"0x0054c35c","FUN_0054c35c",62,1,"undefined4 * __thiscall FUN_0054c35c(undefined4 param_1, undefined4 param_2, undefined4 param_3)",false,false,true,"pseudocode/0054c35c.c"
"0x0054c39a","FUN_0054c39a",61,1,"undefined4 * __thiscall FUN_0054c39a(undefined4 * param_1)",false,false,true,"pseudocode/0054c39a.c"
"0x0054c3d7","FUN_0054c3d7",49,1,"undefined4 * __thiscall FUN_0054c3d7(undefined4 param_1, undefined4 param_2, undefined4 param_3, undefined1 * param_4)",false,false,true,"pseudocode/0054c3d7.c"
"0x0054c408","input_processor<wchar_t,class___crt_stdio_input::string_input_adapter<wchar_t>_>",68,1,"undefined __thiscall input_processor<wchar_t,class___crt_stdio_input::string_input_adapter<wchar_t>_>(string_input_adapter<wchar_t> * param_1, __uint64 param_2, wchar_t * param_3, __crt_locale_pointers * param_4, char * param_5)",false,false,true,"pseudocode/0054c408.c"
"0x0054c44c","FUN_0054c44c",130,1,"int * __thiscall FUN_0054c44c(int * param_1)",false,false,true,"pseudocode/0054c44c.c"
"0x0054c4ce","FID_conflict:operator()",44,1,"undefined __fastcall FID_conflict:operator()(undefined4 * param_1)",false,false,true,"pseudocode/0054c4ce.c"
"0x0054c4fa","FUN_0054c4fa",257,1,"undefined4 __fastcall FUN_0054c4fa(format_string_parser<wchar_t> * param_1)",false,false,true,"pseudocode/0054c4fa.c"
"0x0054c5fb","as_double",36,1,"double * __thiscall as_double(void)",false,false,true,"pseudocode/0054c5fb.c"
"0x0054c620","as_float",36,1,"float * __thiscall as_float(void)",false,false,true,"pseudocode/0054c620.c"
"0x0054c645","assemble_floating_point_infinity",64,1,"void __cdecl assemble_floating_point_infinity(bool param_1, floating_point_value * param_2)",false,false,true,"pseudocode/0054c645.c"
"0x0054c685","FUN_0054c685",921,1,"undefined4 __cdecl FUN_0054c685(uint param_1, uint param_2, int param_3, bool param_4, char param_5, floating_point_value * param_6)",false,false,true,"pseudocode/0054c685.c"
"0x0054ca1e","FUN_0054ca1e",413,1,"undefined __cdecl FUN_0054ca1e(uint * param_1, uint param_2, bool param_3, byte param_4, floating_point_value * param_5)",false,false,true,"pseudocode/0054ca1e.c"
"0x0054cbbb","assemble_floating_point_zero",53,1,"void __cdecl assemble_floating_point_zero(bool param_1, floating_point_value * param_2)",false,false,true,"pseudocode/0054cbbb.c"
"0x0054cbf0","FUN_0054cbf0",7423,1,"undefined __stdcall FUN_0054cbf0(uint * param_1, floating_point_value * param_2)",false,false,true,"pseudocode/0054cbf0.c"
"0x0054e8ef","FUN_0054e8ef",177,1,"undefined __cdecl FUN_0054e8ef(int * param_1, floating_point_value * param_2)",false,false,true,"pseudocode/0054e8ef.c"
"0x0054e9a0","FUN_0054e9a0",56,1,"int __fastcall FUN_0054e9a0(int * param_1)",false,false,true,"pseudocode/0054e9a0.c"
"0x0054e9d8","FUN_0054e9d8",23,1,"undefined8 __fastcall FUN_0054e9d8(int param_1)",false,false,true,"pseudocode/0054e9d8.c"
"0x0054e9f0","FUN_0054e9f0",1239,1,"ulonglong __cdecl FUN_0054e9f0(uint * param_1, undefined4 * param_2)",false,false,true,"pseudocode/0054e9f0.c"
"0x0054eec7","FUN_0054eec7",70,1,"ushort __fastcall FUN_0054eec7(undefined4 * param_1)",false,false,true,"pseudocode/0054eec7.c"
"0x0054ef0d","get",26,1,"ushort __thiscall get(void)",false,false,true,"pseudocode/0054ef0d.c"
"0x0054ef27","FUN_0054ef27",21,1,"undefined __fastcall FUN_0054ef27(int * param_1)",false,false,true,"pseudocode/0054ef27.c"
"0x0054ef3c","FUN_0054ef3c",74,1,"undefined4 __thiscall FUN_0054ef3c(int param_1, ushort param_2)",false,false,true,"pseudocode/0054ef3c.c"
"0x0054ef86","FUN_0054ef86",55,1,"uint __fastcall FUN_0054ef86(int param_1)",false,false,true,"pseudocode/0054ef86.c"
"0x0054efd4","FUN_0054efd4",23,1,"undefined8 __fastcall FUN_0054efd4(int param_1)",false,false,true,"pseudocode/0054efd4.c"
"0x0054efeb","FUN_0054efeb",142,1,"int __fastcall FUN_0054efeb(input_processor<wchar_t,class___crt_stdio_input::string_input_adapter<wchar_t>_> * param_1)",false,false,true,"pseudocode/0054efeb.c"
"0x0054f093","FUN_0054f093",124,2,"uint __fastcall FUN_0054f093(input_processor<wchar_t,class___crt_stdio_input::string_input_adapter<wchar_t>_> * param_1)",false,false,true,"pseudocode/0054f093.c"
"0x0054f137","FUN_0054f137",101,1,"undefined4 __fastcall FUN_0054f137(input_processor<wchar_t,class___crt_stdio_input::string_input_adapter<wchar_t>_> * param_1)",false,false,true,"pseudocode/0054f137.c"
"0x0054f19c","process_literal_character",53,1,"bool __thiscall process_literal_character(void)",false,false,true,"pseudocode/0054f19c.c"
"0x0054f1d1","process_state",66,1,"bool __thiscall process_state(void)",false,false,true,"pseudocode/0054f1d1.c"
"0x0054f213","process_string_specifier",72,1,"bool __thiscall process_string_specifier(conversion_mode param_1)",false,false,true,"pseudocode/0054f213.c"
"0x0054f25b","process_whitespace",32,1,"bool __thiscall process_whitespace(void)",false,false,true,"pseudocode/0054f25b.c"
"0x0054f27b","FUN_0054f27b",26,1,"undefined __fastcall FUN_0054f27b(int * param_1)",false,false,true,"pseudocode/0054f27b.c"
"0x0054f295","reset_token_state_for_error",43,1,"void __thiscall reset_token_state_for_error(int param_1)",false,false,true,"pseudocode/0054f295.c"
"0x0054f2c0","restore_state",37,1,"undefined4 __thiscall restore_state(int param_1, int param_2)",false,false,true,"pseudocode/0054f2c0.c"
"0x0054f2e5","FUN_0054f2e5",352,1,"undefined4 __fastcall FUN_0054f2e5(format_string_parser<wchar_t> * param_1)",false,false,true,"pseudocode/0054f2e5.c"
"0x0054f445","FUN_0054f445",20,1,"undefined __fastcall FUN_0054f445(int param_1)",false,false,true,"pseudocode/0054f445.c"
"0x0054f459","FUN_0054f459",507,1,"uint __fastcall FUN_0054f459(format_string_parser<wchar_t> * param_1)",false,false,true,"pseudocode/0054f459.c"
"0x0054f654","FUN_0054f654",308,1,"undefined __fastcall FUN_0054f654(int param_1)",false,false,true,"pseudocode/0054f654.c"
"0x0054f788","scan_optional_wide_modifier",42,1,"void __thiscall scan_optional_wide_modifier(void)",false,false,true,"pseudocode/0054f788.c"
"0x0054f7b2","FUN_0054f7b2",364,1,"undefined4 __fastcall FUN_0054f7b2(format_string_parser<wchar_t> * param_1)",false,false,true,"pseudocode/0054f7b2.c"
"0x0054f91e","set",48,1,"void __thiscall set(wchar_t param_1)",false,false,true,"pseudocode/0054f91e.c"
"0x0054f94e","FUN_0054f94e",33,1,"undefined __fastcall FUN_0054f94e(int param_1)",false,false,true,"pseudocode/0054f94e.c"
"0x0054f96f","should_default_to_wide",52,1,"bool __thiscall should_default_to_wide(wchar_t param_1)",false,false,true,"pseudocode/0054f96f.c"
"0x0054f9a3","FUN_0054f9a3",53,1,"bool __thiscall FUN_0054f9a3(ushort param_1)",false,false,true,"pseudocode/0054f9a3.c"
"0x0054f9d8","to_floating_point_length",35,1,"uint __cdecl to_floating_point_length(length_modifier param_1)",false,false,true,"pseudocode/0054f9d8.c"
"0x0054f9fb","to_integer_length",49,1,"uint __cdecl to_integer_length(length_modifier param_1)",false,false,true,"pseudocode/0054f9fb.c"
"0x0054fa4e","unget",75,1,"void __thiscall unget(wchar_t param_1)",false,false,true,"pseudocode/0054fa4e.c"
"0x0054fa99","unget",38,1,"void __thiscall unget(ushort param_1)",false,false,true,"pseudocode/0054fa99.c"
"0x0054fabf","FUN_0054fabf",28,1,"undefined4 __fastcall FUN_0054fabf(int param_1)",false,false,true,"pseudocode/0054fabf.c"
"0x0054fadb","FUN_0054fadb",33,1,"undefined4 __fastcall FUN_0054fadb(int * param_1)",false,false,true,"pseudocode/0054fadb.c"
"0x0054fafc","FUN_0054fafc",34,1,"uint __fastcall FUN_0054fafc(int param_1)",false,false,true,"pseudocode/0054fafc.c"
"0x0054fb1e","write_character",133,1,"undefined4 __stdcall write_character(undefined1 * param_1, int param_2, int * param_3, uint * param_4, WCHAR param_5)",false,false,true,"pseudocode/0054fb1e.c"
"0x0054fba4","FUN_0054fba4",111,1,"undefined4 __thiscall FUN_0054fba4(undefined4 param_1, undefined4 param_2)",false,false,true,"pseudocode/0054fba4.c"
"0x0054fc13","___stdio_common_vswscanf",36,1,"undefined __cdecl ___stdio_common_vswscanf(undefined4 param_1, undefined4 param_2, wchar_t * param_3, uint param_4, wchar_t * param_5, __crt_locale_pointers * param_6, char * param_7)",false,false,true,"pseudocode/0054fc13.c"
"0x0054fc37","FUN_0054fc37",87,1,"uint __cdecl FUN_0054fc37(int param_1, uint param_2, _locale_t param_3)",false,false,true,"pseudocode/0054fc37.c"
"0x0054fc8e","_memcpy_s",129,1,"errno_t __cdecl _memcpy_s(void * _Dst, rsize_t _DstSize, void * _Src, rsize_t _MaxCount)",false,false,true,"pseudocode/0054fc8e.c"
"0x0054fd10","_strcmp",133,3,"int __cdecl _strcmp(char * _Str1, char * _Str2)",false,false,true,"pseudocode/0054fd10.c"
"0x0054fda0","_strncmp",115,2,"int __cdecl _strncmp(char * _Str1, char * _Str2, size_t _MaxCount)",false,false,true,"pseudocode/0054fda0.c"
"0x0054fe20","_strlen",139,1,"size_t __cdecl _strlen(char * _Str)",false,false,true,"pseudocode/0054fe20.c"
"0x0054feb0","FUN_0054feb0",250,2,"uint __thiscall FUN_0054feb0(int param_1, uint param_2)",false,false,true,"pseudocode/0054feb0.c"
"0x0054ff00","FUN_0054ff00",201,3,"undefined __thiscall FUN_0054ff00(int param_1, undefined4 param_2)",false,false,true,"pseudocode/0054ff00.c"
"0x0054ff50","FUN_0054ff50",67,1,"uint __thiscall FUN_0054ff50(int param_1, undefined4 param_2)",false,false,true,"pseudocode/0054ff50.c"
"0x0054ffa0","FUN_0054ffa0",10,1,"undefined __stdcall FUN_0054ffa0(uint param_1, int param_2, uint param_3, int param_4)",false,false,true,"pseudocode/0054ffa0.c"
"0x0054ffb0","FUN_0054ffb0",214,2,"undefined * __thiscall FUN_0054ffb0(int param_1, undefined4 param_2)",false,false,true,"pseudocode/0054ffb0.c"
"0x00550000","FUN_00550000",67,1,"uint __thiscall FUN_00550000(int param_1, undefined4 param_2)",false,false,true,"pseudocode/00550000.c"
"0x00550050","FUN_00550050",14,1,"undefined __thiscall FUN_00550050(int param_1, uint param_2)",false,false,true,"pseudocode/00550050.c"
"0x00550060","FUN_00550060",123,1,"float10 __cdecl FUN_00550060(float param_1)",false,false,true,"pseudocode/00550060.c"
"0x005500e0","FUN_005500e0",10,1,"undefined __stdcall FUN_005500e0(uint param_1, int param_2, uint param_3, int param_4)",false,false,true,"pseudocode/005500e0.c"
"0x00550130","FUN_00550130",339,2,"float10 __cdecl FUN_00550130(double param_1)",false,false,true,"pseudocode/00550130.c"
"0x00550150","FUN_00550150",189,1,"float10 __cdecl FUN_00550150(double param_1)",false,false,true,"pseudocode/00550150.c"
"0x0055020d","FUN_0055020d",33,1,"uint __stdcall FUN_0055020d(void)",false,false,true,"pseudocode/0055020d.c"
"0x00550230","FUN_00550230",32,1,"float10 __cdecl FUN_00550230(double param_1)",false,false,true,"pseudocode/00550230.c"
"0x00550250","FUN_00550250",587,1,"uint __cdecl FUN_00550250(int * param_1, byte * param_2, undefined4 * param_3, uint param_4, byte param_5)",false,false,true,"pseudocode/00550250.c"
"0x0055049b","FUN_0055049b",1571,1,"uint __cdecl FUN_0055049b(int * param_1, wchar_t * param_2, undefined4 * param_3, uint param_4, byte param_5)",false,false,true,"pseudocode/0055049b.c"
"0x00550abe","FUN_00550abe",1487,1,"undefined8 __cdecl FUN_00550abe(int * param_1, wchar_t * param_2, int * param_3, uint param_4, byte param_5)",false,false,true,"pseudocode/00550abe.c"
"0x0055108d","FUN_0055108d",63,1,"uint __cdecl FUN_0055108d(wchar_t * param_1)",false,false,true,"pseudocode/0055108d.c"
"0x005510cc","FUN_005510cc",63,1,"uint __cdecl FUN_005510cc(byte * param_1)",false,false,true,"pseudocode/005510cc.c"
"0x0055110b","FUN_0055110b",656,1,"int __cdecl FUN_0055110b(tm * param_1, uint * param_2)",false,false,true,"pseudocode/0055110b.c"
"0x0055139c","FUN_0055139c",11,1,"undefined __cdecl FUN_0055139c(tm * param_1, uint * param_2)",false,false,true,"pseudocode/0055139c.c"
"0x005513b0","FUN_005513b0",70,1,"int __cdecl FUN_005513b0(ushort * param_1, ushort * param_2)",false,false,true,"pseudocode/005513b0.c"
"0x00551400","FUN_00551400",11,1,"undefined __stdcall FUN_00551400(uint param_1, uint param_2)",false,false,true,"pseudocode/00551400.c"
"0x00551410","FUN_00551410",13,1,"uint __cdecl FUN_00551410(undefined4 param_1, uint param_2)",false,false,true,"pseudocode/00551410.c"
"0x00551420","FUN_00551420",13,1,"uint __cdecl FUN_00551420(uint param_1)",false,false,true,"pseudocode/00551420.c"
"0x00551430","FUN_00551430",108,1,"undefined4 __cdecl FUN_00551430(ulonglong * param_1)",false,false,true,"pseudocode/00551430.c"
"0x005514a0","FUN_005514a0",86,1,"uint __cdecl FUN_005514a0(uint * param_1)",false,false,true,"pseudocode/005514a0.c"
"0x005514f6","_localeconv",40,1,"lconv * __cdecl _localeconv(void)",false,false,true,"pseudocode/005514f6.c"
"0x0055151e","FUN_0055151e",105,1,"undefined8 __cdecl FUN_0055151e(longlong * param_1)",false,false,true,"pseudocode/0055151e.c"
"0x00551587","FUN_00551587",127,1,"uint * __cdecl FUN_00551587(uint param_1, int param_2, uint param_3)",false,false,true,"pseudocode/00551587.c"
"0x00551606","FUN_00551606",95,1,"uint __cdecl FUN_00551606(uint param_1)",false,false,true,"pseudocode/00551606.c"
"0x00551665","___acrt_errno_map_os_error",35,1,"undefined __cdecl ___acrt_errno_map_os_error(uint param_1)",false,false,true,"pseudocode/00551665.c"
"0x00551688","FUN_00551688",36,1,"undefined __cdecl FUN_00551688(uint param_1, int param_2)",false,false,true,"pseudocode/00551688.c"
"0x005516ac","FUN_005516ac",21,1,"__acrt_ptd * __stdcall FUN_005516ac(void)",false,false,true,"pseudocode/005516ac.c"
"0x005516c1","FUN_005516c1",21,1,"__acrt_ptd * __stdcall FUN_005516c1(void)",false,false,true,"pseudocode/005516c1.c"
"0x005516d6","FUN_005516d6",70,1,"uint __cdecl FUN_005516d6(undefined4 param_1, undefined4 * param_2, uint param_3)",false,false,true,"pseudocode/005516d6.c"
"0x0055171c","FUN_0055171c",70,1,"uint __cdecl FUN_0055171c(undefined4 param_1, undefined4 * param_2, uint param_3)",false,false,true,"pseudocode/0055171c.c"
"0x00551762","FUN_00551762",76,1,"undefined8 __cdecl FUN_00551762(undefined4 param_1, undefined4 * param_2, uint param_3)",false,false,true,"pseudocode/00551762.c"
"0x005517b0","FUN_005517b0",161,1,"undefined4 __cdecl FUN_005517b0(short * param_1, int param_2, int param_3)",false,false,true,"pseudocode/005517b0.c"
"0x00551965","__lock_file",20,1,"void __cdecl __lock_file(FILE * _File)",false,false,true,"pseudocode/00551965.c"
"0x00551979","__unlock_file",20,1,"void __cdecl __unlock_file(FILE * _File)",false,false,true,"pseudocode/00551979.c"
"0x0055198d","____lc_codepage_func",37,1,"UINT __cdecl ____lc_codepage_func(void)",false,false,true,"pseudocode/0055198d.c"
"0x005519b2","____lc_locale_name_func",39,1,"wchar_t * * __cdecl ____lc_locale_name_func(void)",false,false,true,"pseudocode/005519b2.c"
"0x005519d9","____mb_cur_max_func",37,1,"int __cdecl ____mb_cur_max_func(void)",false,false,true,"pseudocode/005519d9.c"
"0x005519fe","FUN_005519fe",1124,1,"undefined __cdecl FUN_005519fe(int * param_1)",false,false,true,"pseudocode/005519fe.c"
"0x00551ea3","___acrt_lock",23,1,"undefined __cdecl ___acrt_lock(int param_1)",false,false,true,"pseudocode/00551ea3.c"
"0x00551eba","FUN_00551eba",49,1,"undefined4 __stdcall FUN_00551eba(void)",false,false,true,"pseudocode/00551eba.c"
"0x00551eeb","___acrt_unlock",23,1,"undefined __cdecl ___acrt_unlock(int param_1)",false,false,true,"pseudocode/00551eeb.c"
"0x00551f02","__lock_locales",14,1,"undefined __fastcall __lock_locales(void * param_1)",false,false,true,"pseudocode/00551f02.c"
"0x00551f19","operator()<class_<lambda_f5952838e36297a1e2e9d6c748429792>,class_<lambda_2116bde18c9e5f34230805ea4a4660ed>&,class_<lambda_3c7107de1cc98bf330a3031f42c322a3>_>",76,1,"char * __thiscall operator()<class_<lambda_f5952838e36297a1e2e9d6c748429792>,class_<lambda_2116bde18c9e5f34230805ea4a4660ed>&,class_<lambda_3c7107de1cc98bf330a3031f42c322a3>_>(<lambda_f5952838e36297a1e2e9d6c748429792> * param_1, <lambda_2116bde18c9e5f34230805ea4a4660ed> * param_2, <lambda_3c7107de1cc98bf330a3031f42c322a3> * param_3)",false,false,true,"pseudocode/00551f19.c"
"0x00551f68","FUN_00551f68",12,1,"undefined __stdcall FUN_00551f68(void)",false,false,true,"pseudocode/00551f68.c"
"0x00551f74","operator()",350,1,"char * __thiscall operator()(void)",false,false,true,"pseudocode/00551f74.c"
"0x005520d3","FUN_005520d3",154,1,"wchar_t * __cdecl FUN_005520d3(int param_1, byte * param_2)",false,false,true,"pseudocode/005520d3.c"
"0x0055216e","_setlocale",56,1,"char * __cdecl _setlocale(int _Category, char * _Locale)",false,false,true,"pseudocode/0055216e.c"
"0x005521a6","___pctype_func",36,1,"ushort * __cdecl ___pctype_func(void)",false,false,true,"pseudocode/005521a6.c"
"0x005521d0","_islower",132,1,"int __cdecl _islower(int _C)",false,false,true,"pseudocode/005521d0.c"
"0x00552260","_isupper",132,1,"int __cdecl _isupper(int _C)",false,false,true,"pseudocode/00552260.c"
"0x005522f0","FUN_005522f0",100,1,"short * __cdecl FUN_005522f0(short * param_1)",false,false,true,"pseudocode/005522f0.c"
"0x00552355","rand_s",72,1,"undefined4 __cdecl rand_s(undefined4 * param_1)",false,false,true,"pseudocode/00552355.c"
"0x005523a0","FUN_005523a0",270,1,"float10 __cdecl FUN_005523a0(uint param_1, uint param_2, int * param_3)",false,false,true,"pseudocode/005523a0.c"
"0x005524b0","FUN_005524b0",114,1,"undefined4 __cdecl FUN_005524b0(int param_1, uint param_2)",false,false,true,"pseudocode/005524b0.c"
"0x00552530","FUN_00552530",11,1,"undefined __stdcall FUN_00552530(LPVOID param_1, uint param_2)",false,false,true,"pseudocode/00552530.c"
"0x00552540","_strcspn",70,1,"size_t __cdecl _strcspn(char * _Str, char * _Control)",false,false,true,"pseudocode/00552540.c"
"0x00552590","FUN_00552590",30,1,"undefined __cdecl FUN_00552590(char * param_1, int param_2)",false,false,true,"pseudocode/00552590.c"
"0x005525ae","__acrt_convert_wcs_mbs_cp<char,wchar_t,class_<lambda_62f6974d9771e494a5ea317cc32e971c>,struct___crt_win32_buffer_internal_dynamic_resizing>",178,1,"int __cdecl __acrt_convert_wcs_mbs_cp<char,wchar_t,class_<lambda_62f6974d9771e494a5ea317cc32e971c>,struct___crt_win32_buffer_internal_dynamic_resizing>(char * param_1, __crt_win32_buffer<wchar_t,struct___crt_win32_buffer_internal_dynamic_resizing> * param_2, <lambda_62f6974d9771e494a5ea317cc32e971c> * param_3, uint param_4)",false,false,true,"pseudocode/005525ae.c"
"0x00552660","FUN_00552660",194,1,"int __cdecl FUN_00552660(LPCWSTR param_1, int param_2, undefined4 param_3, uint param_4)",false,false,true,"pseudocode/00552660.c"
"0x00552722","__acrt_mbs_to_wcs_cp<struct___crt_win32_buffer_internal_dynamic_resizing>",29,1,"int __cdecl __acrt_mbs_to_wcs_cp<struct___crt_win32_buffer_internal_dynamic_resizing>(char * param_1, __crt_win32_buffer<wchar_t,struct___crt_win32_buffer_internal_dynamic_resizing> * param_2, uint param_3)",false,false,true,"pseudocode/00552722.c"
"0x0055273f","FUN_0055273f",36,1,"undefined __stdcall FUN_0055273f(uint param_1, LPCWSTR param_2, LPSTR param_3, int param_4)",false,false,true,"pseudocode/0055273f.c"
"0x00552763","_deallocate",26,1,"void __thiscall _deallocate(void)",false,false,true,"pseudocode/00552763.c"
"0x0055277d","allocate",39,1,"undefined4 __fastcall allocate(int param_1)",false,false,true,"pseudocode/0055277d.c"
"0x005527a4","allocate",63,1,"int __thiscall allocate(uint param_1)",false,false,true,"pseudocode/005527a4.c"
"0x005527e3","FUN_005527e3",33,1,"undefined4 __cdecl FUN_005527e3(undefined4 * param_1, SIZE_T param_2)",false,false,true,"pseudocode/005527e3.c"
"0x00552804","FUN_00552804",20,1,"undefined __fastcall FUN_00552804(int param_1)",false,false,true,"pseudocode/00552804.c"
"0x00552818","FUN_00552818",67,1,"int __cdecl FUN_00552818(uint param_1)",false,false,true,"pseudocode/00552818.c"
"0x00552860","FUN_00552860",44,1,"bool __cdecl FUN_00552860(undefined4 param_1)",false,false,true,"pseudocode/00552860.c"
"0x005528a0","FUN_005528a0",15,1,"undefined __cdecl FUN_005528a0(undefined4 param_1)",false,false,true,"pseudocode/005528a0.c"
"0x005528c0","FUN_005528c0",75,1,"uint __stdcall FUN_005528c0(void)",false,false,true,"pseudocode/005528c0.c"
"0x0055290e","FUN_0055290e",9,1,"undefined __stdcall FUN_0055290e(void)",false,false,true,"pseudocode/0055290e.c"
"0x00552920","FUN_00552920",89,1,"uint __cdecl FUN_00552920(_func_void_void_ptr_ulong_void_ptr * param_1)",false,false,true,"pseudocode/00552920.c"
"0x0055297c","FUN_0055297c",9,1,"undefined __stdcall FUN_0055297c(void)",false,false,true,"pseudocode/0055297c.c"
"0x0055299d","FUN_0055299d",27,1,"uint __cdecl FUN_0055299d(uint param_1)",false,false,true,"pseudocode/0055299d.c"
"0x005529b8","__crt_fast_encode_pointer<void_(__stdcall*)(void*,unsigned_long,void*)>",31,1,"_func_void_void_ptr_ulong_void_ptr * __cdecl __crt_fast_encode_pointer<void_(__stdcall*)(void*,unsigned_long,void*)>(_func_void_void_ptr_ulong_void_ptr * param_1)",false,false,true,"pseudocode/005529b8.c"
"0x005529d7","FUN_005529d7",326,1,"undefined4 __cdecl FUN_005529d7(uint param_1, undefined4 param_2)",false,false,true,"pseudocode/005529d7.c"
"0x00552b1d","operator()<>",65,1,"undefined __stdcall operator()<>(int * param_1, undefined4 * param_2)",false,false,true,"pseudocode/00552b1d.c"
"0x00552b5e","FUN_00552b5e",12,1,"undefined __stdcall FUN_00552b5e(void)",false,false,true,"pseudocode/00552b5e.c"
"0x00552b6a","FUN_00552b6a",196,1,"undefined __fastcall FUN_00552b6a(undefined4 * param_1)",false,false,true,"pseudocode/00552b6a.c"
"0x00552c52","FUN_00552c52",185,1,"undefined __cdecl FUN_00552c52(UINT param_1, undefined4 param_2, int param_3)",false,false,true,"pseudocode/00552c52.c"
"0x00552d10","FUN_00552d10",45,1,"undefined __stdcall FUN_00552d10(UINT param_1, char param_2)",false,false,true,"pseudocode/00552d10.c"
"0x00552d3e","FUN_00552d3e",125,1,"undefined __cdecl FUN_00552d3e(undefined4 param_1)",false,false,true,"pseudocode/00552d3e.c"
"0x00552dc0","FUN_00552dc0",15,1,"undefined __cdecl FUN_00552dc0(undefined4 param_1)",false,false,true,"pseudocode/00552dc0.c"
"0x00552dde","FUN_00552dde",15,1,"undefined __stdcall FUN_00552dde(void)",false,false,true,"pseudocode/00552dde.c"
"0x00552ded","__exit",22,1,"void __cdecl __exit(int _Code)",false,false,true,"pseudocode/00552ded.c"
"0x00552e03","__register_thread_local_exe_atexit_callback",38,1,"undefined __cdecl __register_thread_local_exe_atexit_callback(_func_void_void_ptr_ulong_void_ptr * param_1)",false,false,true,"pseudocode/00552e03.c"
"0x00552e29","FUN_00552e29",22,1,"undefined __cdecl FUN_00552e29(UINT param_1)",false,false,true,"pseudocode/00552e29.c"
"0x00552e3f","FUN_00552e3f",317,1,"int __cdecl FUN_00552e3f(int param_1)",false,false,true,"pseudocode/00552e3f.c"
"0x00552f7c","FUN_00552f7c",370,1,"undefined __cdecl FUN_00552f7c(byte * param_1, undefined4 * param_2, byte * param_3, int * param_4, int * param_5)",false,false,true,"pseudocode/00552f7c.c"
"0x005530ee","___acrt_allocate_buffer_for_argv",79,1,"LPVOID __cdecl ___acrt_allocate_buffer_for_argv(uint param_1, uint param_2, uint param_3)",false,false,true,"pseudocode/005530ee.c"
"0x0055313d","FUN_0055313d",11,1,"undefined __cdecl FUN_0055313d(int param_1)",false,false,true,"pseudocode/0055313d.c"
"0x00553148","FUN_00553148",44,1,"int __stdcall FUN_00553148(void)",false,false,true,"pseudocode/00553148.c"
"0x00553174","FUN_00553174",90,1,"undefined4 __stdcall FUN_00553174(void)",false,false,true,"pseudocode/00553174.c"
"0x005531ce","FUN_005531ce",85,1,"undefined4 __stdcall FUN_005531ce(void)",false,false,true,"pseudocode/005531ce.c"
"0x00553223","FUN_00553223",228,1,"undefined4 * __cdecl FUN_00553223(char * param_1)",false,false,true,"pseudocode/00553223.c"
"0x00553308","FUN_00553308",290,1,"undefined4 * __cdecl FUN_00553308(short * param_1)",false,false,true,"pseudocode/00553308.c"
"0x0055342b","free_environment<>",47,1,"undefined __cdecl free_environment<>(undefined4 * param_1)",false,false,true,"pseudocode/0055342b.c"
"0x0055345a","FUN_0055345a",129,1,"undefined4 __stdcall FUN_0055345a(void)",false,false,true,"pseudocode/0055345a.c"
"0x005534db","uninitialize_environment_internal<>",27,1,"undefined __cdecl uninitialize_environment_internal<>(undefined4 * param_1)",false,false,true,"pseudocode/005534db.c"
"0x005534f6","uninitialize_environment_internal<>",27,1,"undefined __cdecl uninitialize_environment_internal<>(undefined4 * param_1)",false,false,true,"pseudocode/005534f6.c"
"0x00553511","thunk_FUN_00553148",5,1,"int __stdcall thunk_FUN_00553148(void)",false,true,true,"pseudocode/00553511.c"
"0x00553516","FUN_00553516",76,1,"undefined __stdcall FUN_00553516(void)",false,false,true,"pseudocode/00553516.c"
"0x00553567","thunk_FUN_00553174",5,1,"undefined4 __stdcall thunk_FUN_00553174(void)",false,true,true,"pseudocode/00553567.c"
"0x0055356c","operator()<class_<lambda_69a2805e680e0e292e8ba93315fe43a8>,class_<lambda_f03950bc5685219e0bcd2087efbe011e>&,class_<lambda_03fcd07e894ec930e3f35da366ca99d6>_>",76,1,"int __thiscall operator()<class_<lambda_69a2805e680e0e292e8ba93315fe43a8>,class_<lambda_f03950bc5685219e0bcd2087efbe011e>&,class_<lambda_03fcd07e894ec930e3f35da366ca99d6>_>(<lambda_69a2805e680e0e292e8ba93315fe43a8> * param_1, <lambda_f03950bc5685219e0bcd2087efbe011e> * param_2, <lambda_03fcd07e894ec930e3f35da366ca99d6> * param_3)",false,false,true,"pseudocode/0055356c.c"
"0x005535bb","FUN_005535bb",12,1,"undefined __stdcall FUN_005535bb(void)",false,false,true,"pseudocode/005535bb.c"
"0x005535c7","operator()<class_<lambda_8e746cf0007f6ed984d6f78af1fec997>,class_<lambda_22ebabd17bc4fa466a2aca6d8deb888d>&,class_<lambda_18ed0c0b38a6dc0daf1e7ac6d6adf05e>_>",76,1,"int __thiscall operator()<class_<lambda_8e746cf0007f6ed984d6f78af1fec997>,class_<lambda_22ebabd17bc4fa466a2aca6d8deb888d>&,class_<lambda_18ed0c0b38a6dc0daf1e7ac6d6adf05e>_>(<lambda_8e746cf0007f6ed984d6f78af1fec997> * param_1, <lambda_22ebabd17bc4fa466a2aca6d8deb888d> * param_2, <lambda_18ed0c0b38a6dc0daf1e7ac6d6adf05e> * param_3)",false,false,true,"pseudocode/005535c7.c"
"0x00553616","FUN_00553616",12,1,"undefined __stdcall FUN_00553616(void)",false,false,true,"pseudocode/00553616.c"
"0x00553622","FUN_00553622",275,1,"undefined4 __fastcall FUN_00553622(undefined4 * param_1)",false,false,true,"pseudocode/00553622.c"
"0x00553735","operator()",218,1,"int __thiscall operator()(void)",false,false,true,"pseudocode/00553735.c"
"0x0055380f","FUN_0055380f",22,1,"undefined __stdcall FUN_0055380f(void)",false,false,true,"pseudocode/0055380f.c"
"0x00553825","FUN_00553825",57,1,"undefined __stdcall FUN_00553825(void)",false,false,true,"pseudocode/00553825.c"
"0x00553863","__initialize_onexit_table",41,1,"undefined4 __cdecl __initialize_onexit_table(int * param_1)",false,false,true,"pseudocode/00553863.c"
"0x0055388c","__register_onexit_function",51,1,"undefined __stdcall __register_onexit_function(void)",false,false,true,"pseudocode/0055388c.c"
"0x00553925","uninitialize_allocated_memory",23,1,"undefined1 __cdecl uninitialize_allocated_memory(void)",false,false,true,"pseudocode/00553925.c"
"0x0055398c","operator()",46,1,"void __thiscall operator()(__crt_multibyte_data * * param_1)",false,false,true,"pseudocode/0055398c.c"
"0x005539ba","___acrt_initialize",18,1,"undefined __stdcall ___acrt_initialize(void)",false,false,true,"pseudocode/005539ba.c"
"0x005539cc","___acrt_uninitialize",48,1,"undefined1 __cdecl ___acrt_uninitialize(char param_1)",false,false,true,"pseudocode/005539cc.c"
"0x00553a00","FUN_00553a00",310,1,"undefined __cdecl FUN_00553a00(uint param_1, int param_2, undefined8 param_3, double param_4, uint param_5)",false,false,true,"pseudocode/00553a00.c"
"0x00553b40","FUN_00553b40",809,1,"bool __cdecl FUN_00553b40(uint param_1, double * param_2, uint param_3)",false,false,true,"pseudocode/00553b40.c"
"0x00553e70","FUN_00553e70",35,1,"undefined __cdecl FUN_00553e70(uint * param_1, uint * param_2, uint param_3, int param_4, uint * param_5, uint * param_6)",false,false,true,"pseudocode/00553e70.c"
"0x00553ea0","FUN_00553ea0",785,1,"undefined __cdecl FUN_00553ea0(uint * param_1, uint * param_2, uint param_3, int param_4, uint * param_5, uint * param_6, int param_7)",false,false,true,"pseudocode/00553ea0.c"
"0x005541d0","FUN_005541d0",49,1,"undefined __cdecl FUN_005541d0(int param_1)",false,false,true,"pseudocode/005541d0.c"
"0x00554210","FUN_00554210",255,1,"float10 __cdecl FUN_00554210(int param_1, int param_2, undefined4 param_3, undefined4 param_4, undefined4 param_5, undefined4 param_6, undefined4 param_7, undefined4 param_8)",false,false,true,"pseudocode/00554210.c"
"0x00554310","__aligned_free",26,1,"void __cdecl __aligned_free(void * _Memory)",false,false,true,"pseudocode/00554310.c"
"0x00554330","FUN_00554330",101,1,"uint __cdecl FUN_00554330(uint param_1, uint param_2)",false,false,true,"pseudocode/00554330.c"
"0x005543a0","FUN_005543a0",137,1,"int __cdecl FUN_005543a0(uint param_1, uint param_2, uint param_3)",false,false,true,"pseudocode/005543a0.c"
"0x00554430","FUN_00554430",74,1,"int __cdecl FUN_00554430(uint param_1, uint param_2, int param_3)",false,false,true,"pseudocode/00554430.c"
"0x00554480","FUN_00554480",508,1,"uint * __cdecl FUN_00554480(uint * param_1, uint param_2, uint param_3, uint param_4)",false,false,true,"pseudocode/00554480.c"
"0x00554690","FUN_00554690",672,1,"uint * __cdecl FUN_00554690(uint * param_1, uint param_2, uint param_3, uint param_4, uint param_5)",false,false,true,"pseudocode/00554690.c"
"0x00554940","FUN_00554940",396,1,"uint * __cdecl FUN_00554940(uint * param_1, uint param_2, uint param_3)",false,false,true,"pseudocode/00554940.c"
"0x00554ae0","FUN_00554ae0",564,1,"uint * __cdecl FUN_00554ae0(uint * param_1, uint param_2, uint param_3, uint param_4)",false,false,true,"pseudocode/00554ae0.c"
"0x00554d20","FUN_00554d20",26,1,"undefined __cdecl FUN_00554d20(uint param_1)",false,false,true,"pseudocode/00554d20.c"
"0x00554d40","FUN_00554d40",101,1,"uint __cdecl FUN_00554d40(uint param_1, uint param_2)",false,false,true,"pseudocode/00554d40.c"
"0x00554db0","FUN_00554db0",74,1,"int __cdecl FUN_00554db0(uint param_1, uint param_2, int param_3)",false,false,true,"pseudocode/00554db0.c"
"0x00554e00","FUN_00554e00",135,1,"int __cdecl FUN_00554e00(uint param_1, uint param_2, uint param_3)",false,false,true,"pseudocode/00554e00.c"
"0x00554e90","FUN_00554e90",513,1,"uint * __cdecl FUN_00554e90(uint * param_1, uint param_2, uint param_3, uint param_4)",false,false,true,"pseudocode/00554e90.c"
"0x005550a0","FUN_005550a0",658,1,"uint * __cdecl FUN_005550a0(uint * param_1, uint param_2, uint param_3, uint param_4, uint param_5)",false,false,true,"pseudocode/005550a0.c"
"0x00555340","FUN_00555340",396,1,"uint * __cdecl FUN_00555340(uint * param_1, uint param_2, uint param_3)",false,false,true,"pseudocode/00555340.c"
"0x005554e0","FUN_005554e0",564,1,"uint * __cdecl FUN_005554e0(uint * param_1, uint param_2, uint param_3, uint param_4)",false,false,true,"pseudocode/005554e0.c"
"0x00555720","FUN_00555720",40,1,"undefined4 __cdecl FUN_00555720(int param_1, int param_2)",false,false,true,"pseudocode/00555720.c"
"0x00555750","FUN_00555750",120,1,"undefined __cdecl FUN_00555750(byte * param_1, byte * param_2)",false,false,true,"pseudocode/00555750.c"
"0x005557d0","FUN_005557d0",288,1,"int __cdecl FUN_005557d0(byte * param_1, byte * param_2, undefined4 * param_3)",false,false,true,"pseudocode/005557d0.c"
"0x005558f0","FUN_005558f0",6,1,"undefined4 __stdcall FUN_005558f0(void)",false,false,true,"pseudocode/005558f0.c"
"0x005558f6","FUN_005558f6",15,1,"undefined __cdecl FUN_005558f6(undefined4 param_1)",false,false,true,"pseudocode/005558f6.c"
"0x00555910","FUN_00555910",29,1,"bool __stdcall FUN_00555910(void)",false,false,true,"pseudocode/00555910.c"
"0x00555930","FUN_00555930",15,1,"undefined __cdecl FUN_00555930(undefined4 param_1)",false,false,true,"pseudocode/00555930.c"
"0x00555940","FUN_00555940",57,1,"undefined4 __cdecl FUN_00555940(undefined4 param_1)",false,false,true,"pseudocode/00555940.c"
"0x00555980","FUN_00555980",38,1,"undefined __cdecl FUN_00555980(uint param_1)",false,false,true,"pseudocode/00555980.c"
"0x005559a6","FUN_005559a6",88,1,"byte * __stdcall FUN_005559a6(void)",false,false,true,"pseudocode/005559a6.c"
"0x005559fe","FUN_005559fe",43,1,"undefined __cdecl FUN_005559fe(undefined4 * param_1, undefined4 * param_2)",false,false,true,"pseudocode/005559fe.c"
"0x00555a29","__initterm_e",46,1,"int __cdecl __initterm_e(undefined4 * param_1, undefined4 * param_2)",false,false,true,"pseudocode/00555a29.c"
"0x00555a57","__set_fmode",61,1,"errno_t __cdecl __set_fmode(int _Mode)",false,false,true,"pseudocode/00555a57.c"
"0x00555a94","operator()<class_<lambda_4fdada1b837b2abbf20876fac97688ad>,class_<lambda_b57350f2640456a0859d250846f69caf>&,class_<lambda_eed5e4f92b5b7d55fa22c48c484aaa54>_>",65,1,"void __thiscall operator()<class_<lambda_4fdada1b837b2abbf20876fac97688ad>,class_<lambda_b57350f2640456a0859d250846f69caf>&,class_<lambda_eed5e4f92b5b7d55fa22c48c484aaa54>_>(<lambda_4fdada1b837b2abbf20876fac97688ad> * param_1, <lambda_b57350f2640456a0859d250846f69caf> * param_2, <lambda_eed5e4f92b5b7d55fa22c48c484aaa54> * param_3)",false,false,true,"pseudocode/00555a94.c"
"0x00555ad5","FUN_00555ad5",12,1,"undefined __stdcall FUN_00555ad5(void)",false,false,true,"pseudocode/00555ad5.c"
"0x00555ae1","operator()<class_<lambda_135d2772fca65dc1248eeaa1b56e886a>,class_<lambda_2a444430fde8c29194d880d93eed5e8f>&,class_<lambda_8dff2cf36a5417162780cd64fa2883ef>&>",54,1,"void __thiscall operator()<class_<lambda_135d2772fca65dc1248eeaa1b56e886a>,class_<lambda_2a444430fde8c29194d880d93eed5e8f>&,class_<lambda_8dff2cf36a5417162780cd64fa2883ef>&>(<lambda_135d2772fca65dc1248eeaa1b56e886a> * param_1, <lambda_2a444430fde8c29194d880d93eed5e8f> * param_2, <lambda_8dff2cf36a5417162780cd64fa2883ef> * param_3)",false,false,true,"pseudocode/00555ae1.c"
"0x00555b17","FUN_00555b17",15,1,"undefined __stdcall FUN_00555b17(void)",false,false,true,"pseudocode/00555b17.c"
"0x00555b26","operator()<class_<lambda_e5124f882df8998aaf41531e079ba474>,class_<lambda_3e16ef9562a7dcce91392c22ab16ea36>&,class_<lambda_e25ca0880e6ef98be67edffd8c599615>_>",98,1,"void __thiscall operator()<class_<lambda_e5124f882df8998aaf41531e079ba474>,class_<lambda_3e16ef9562a7dcce91392c22ab16ea36>&,class_<lambda_e25ca0880e6ef98be67edffd8c599615>_>(<lambda_e5124f882df8998aaf41531e079ba474> * param_1, <lambda_3e16ef9562a7dcce91392c22ab16ea36> * param_2, <lambda_e25ca0880e6ef98be67edffd8c599615> * param_3)",false,false,true,"pseudocode/00555b26.c"
"0x00555b88","FUN_00555b88",12,1,"undefined __stdcall FUN_00555b88(void)",false,false,true,"pseudocode/00555b88.c"
"0x00555b94","_expandlocale_locale_name_cache",73,1,"undefined __thiscall _expandlocale_locale_name_cache(wchar_t * param_1, uint param_2, __crt_qualified_locale_data * param_3)",false,false,true,"pseudocode/00555b94.c"
"0x00555bde","~_expandlocale_locale_name_cache",47,1,"void __thiscall ~_expandlocale_locale_name_cache(void)",false,false,true,"pseudocode/00555bde.c"
"0x00555c0e","operator()",106,1,"undefined __thiscall operator()(void)",false,false,true,"pseudocode/00555c0e.c"
"0x00555c78","operator()",254,1,"void __thiscall operator()(void)",false,false,true,"pseudocode/00555c78.c"
"0x00555d76","commit_locale_name",67,1,"void __thiscall commit_locale_name(wchar_t * param_1, uint param_2)",false,false,true,"pseudocode/00555d76.c"
"0x00555dba","commit_locale_name_cache_already_updated",52,1,"void __thiscall commit_locale_name_cache_already_updated(wchar_t * param_1, uint param_2)",false,false,true,"pseudocode/00555dba.c"
"0x00555def","___acrt_copy_locale_name",95,1,"short * __cdecl ___acrt_copy_locale_name(short * param_1)",false,false,true,"pseudocode/00555def.c"
"0x00555e4f","FUN_00555e4f",11,1,"undefined4 __stdcall FUN_00555e4f(void)",false,false,true,"pseudocode/00555e4f.c"
"0x00555e5a","___acrt_uninitialize_locale",39,1,"undefined __stdcall ___acrt_uninitialize_locale(void)",false,false,true,"pseudocode/00555e5a.c"
"0x00555e81","___lc_lctowcs",111,1,"undefined __cdecl ___lc_lctowcs(short * param_1, int param_2, int param_3)",false,false,true,"pseudocode/00555e81.c"
"0x00555ef1","FUN_00555ef1",316,1,"undefined4 __cdecl FUN_00555ef1(short * param_1, ushort * param_2)",false,false,true,"pseudocode/00555ef1.c"
"0x0055602e","__configthreadlocale",98,1,"int __cdecl __configthreadlocale(int _Flag)",false,false,true,"pseudocode/0055602e.c"
"0x00556090","__copytlocinfo_nolock",47,1,"undefined __cdecl __copytlocinfo_nolock(undefined4 * param_1, undefined4 * param_2)",false,false,true,"pseudocode/00556090.c"
"0x005560bf","FUN_005560bf",981,1,"undefined __cdecl FUN_005560bf(wchar_t * param_1, short * param_2, int param_3, wchar_t * param_4, uint param_5, UINT * param_6)",false,false,true,"pseudocode/005560bf.c"
"0x00556495","__wcscats",64,1,"undefined __cdecl __wcscats(short * param_1, int param_2, int param_3)",false,false,true,"pseudocode/00556495.c"
"0x005564d6","__wsetlocale",131,1,"wchar_t * __cdecl __wsetlocale(int _Category, wchar_t * _Locale)",false,false,true,"pseudocode/005564d6.c"
"0x00556559","FUN_00556559",412,1,"undefined4 * __cdecl FUN_00556559(int param_1)",false,false,true,"pseudocode/00556559.c"
"0x005566f6","__wsetlocale_nolock",751,1,"undefined __cdecl __wsetlocale_nolock(int param_1, int param_2, wchar_t * param_3)",false,false,true,"pseudocode/005566f6.c"
"0x005569e6","FUN_005569e6",944,1,"undefined __cdecl FUN_005569e6(int param_1, int param_2, wchar_t * param_3)",false,false,true,"pseudocode/005569e6.c"
"0x00556d97","get_default_code_page",47,1,"int __cdecl get_default_code_page(ushort * param_1)",false,false,true,"pseudocode/00556d97.c"
"0x00556dc6","FUN_00556dc6",474,1,"undefined __cdecl FUN_00556dc6(short * param_1, ushort * param_2)",false,false,true,"pseudocode/00556dc6.c"
"0x00556fa0","parse_bcp47_code_page",62,1,"undefined4 __cdecl parse_bcp47_code_page(int param_1, int * param_2)",false,false,true,"pseudocode/00556fa0.c"
"0x00556fdf","parse_bcp47_language",113,1,"undefined4 __cdecl parse_bcp47_language(short * param_1, int * param_2)",false,false,true,"pseudocode/00556fdf.c"
"0x00557051","FUN_00557051",189,1,"undefined4 __cdecl FUN_00557051(int param_1, int * param_2)",false,false,true,"pseudocode/00557051.c"
"0x0055710f","parse_bcp47_script",111,1,"undefined4 __cdecl parse_bcp47_script(int param_1, int * param_2)",false,false,true,"pseudocode/0055710f.c"
"0x0055717f","FUN_0055717f",63,1,"undefined4 __cdecl FUN_0055717f(int param_1, uint param_2)",false,false,true,"pseudocode/0055717f.c"
"0x005571c0","FUN_005571c0",7,1,"undefined4 __stdcall FUN_005571c0(void)",false,false,true,"pseudocode/005571c0.c"
"0x005571d0","__set_new_mode",47,1,"undefined4 __cdecl __set_new_mode(int param_1)",false,false,true,"pseudocode/005571d0.c"
"0x005571ff","FUN_005571ff",6,1,"undefined * __stdcall FUN_005571ff(void)",false,false,true,"pseudocode/005571ff.c"
"0x00557210","FUN_00557210",108,1,"undefined4 __cdecl FUN_00557210(uint * param_1, uint param_2, uint param_3)",false,false,true,"pseudocode/00557210.c"
"0x0055727c","guard_check_icall",6,1,"undefined __cdecl guard_check_icall(void)",false,true,true,"pseudocode/0055727c.c"
"0x00557290","FUN_00557290",67,1,"int __cdecl FUN_00557290(ushort * param_1, ushort * param_2, int param_3)",false,false,true,"pseudocode/00557290.c"
"0x005572d3","FUN_005572d3",89,1,"uint __stdcall FUN_005572d3(int * param_1)",false,false,true,"pseudocode/005572d3.c"
"0x0055732f","FUN_0055732f",12,1,"undefined __stdcall FUN_0055732f(void)",false,false,true,"pseudocode/0055732f.c"
"0x0055733b","get_global_action_nolock",66,1,"_func_void_int * * __cdecl get_global_action_nolock(int param_1)",false,false,true,"pseudocode/0055733b.c"
"0x0055737d","siglookup",40,1,"__crt_signal_action_t * __cdecl siglookup(int param_1, __crt_signal_action_t * param_2)",false,false,true,"pseudocode/0055737d.c"
"0x005573a5","___acrt_get_sigabrt_handler",39,1,"undefined __stdcall ___acrt_get_sigabrt_handler(void)",false,false,true,"pseudocode/005573a5.c"
"0x005573cc","FUN_005573cc",30,1,"undefined __cdecl FUN_005573cc(undefined4 param_1)",false,false,true,"pseudocode/005573cc.c"
"0x005573ea","FUN_005573ea",463,2,"undefined4 __cdecl FUN_005573ea(int param_1)",false,false,true,"pseudocode/005573ea.c"
"0x00557574","FUN_00557574",16,1,"undefined __stdcall FUN_00557574(void)",false,false,true,"pseudocode/00557574.c"
"0x005575dc","operator()<class_<lambda_15ade71b0218206bbe3333a0c9b79046>,class_<lambda_da44e0f8b0f19ba52fefafb335991732>&,class_<lambda_207f2d024fc103971653565357d6cd41>_>",70,1,"void __thiscall operator()<class_<lambda_15ade71b0218206bbe3333a0c9b79046>,class_<lambda_da44e0f8b0f19ba52fefafb335991732>&,class_<lambda_207f2d024fc103971653565357d6cd41>_>(<lambda_15ade71b0218206bbe3333a0c9b79046> * param_1, <lambda_da44e0f8b0f19ba52fefafb335991732> * param_2, <lambda_207f2d024fc103971653565357d6cd41> * param_3)",false,false,true,"pseudocode/005575dc.c"
"0x00557622","FUN_00557622",12,1,"undefined __stdcall FUN_00557622(void)",false,false,true,"pseudocode/00557622.c"
"0x0055762e","operator()<class_<lambda_38edbb1296d33220d7e4dd0ed76b244a>,class_<lambda_5ce1d447e08cb34b2473517608e21441>&,class_<lambda_fb385d3da700c9147fc39e65dd577a8c>_>",95,1,"void __thiscall operator()<class_<lambda_38edbb1296d33220d7e4dd0ed76b244a>,class_<lambda_5ce1d447e08cb34b2473517608e21441>&,class_<lambda_fb385d3da700c9147fc39e65dd577a8c>_>(<lambda_38edbb1296d33220d7e4dd0ed76b244a> * param_1, <lambda_5ce1d447e08cb34b2473517608e21441> * param_2, <lambda_fb385d3da700c9147fc39e65dd577a8c> * param_3)",false,false,true,"pseudocode/0055762e.c"
"0x0055768d","FUN_0055768d",12,1,"undefined __stdcall FUN_0055768d(void)",false,false,true,"pseudocode/0055768d.c"
"0x00557699","operator()<class_<lambda_6affb1475c98b40b75cdec977db92e3c>,class_<lambda_b8d4b9c228a6ecc3f80208dbb4b4a104>&,class_<lambda_608742c3c92a14382c1684fc64f96c88>_>",73,1,"void __thiscall operator()<class_<lambda_6affb1475c98b40b75cdec977db92e3c>,class_<lambda_b8d4b9c228a6ecc3f80208dbb4b4a104>&,class_<lambda_608742c3c92a14382c1684fc64f96c88>_>(<lambda_6affb1475c98b40b75cdec977db92e3c> * param_1, <lambda_b8d4b9c228a6ecc3f80208dbb4b4a104> * param_2, <lambda_608742c3c92a14382c1684fc64f96c88> * param_3)",false,false,true,"pseudocode/00557699.c"
"0x005576e2","FUN_005576e2",12,1,"undefined __stdcall FUN_005576e2(void)",false,false,true,"pseudocode/005576e2.c"
"0x005576ee","operator()<class_<lambda_a7e850c220f1c8d1e6efeecdedd162c6>,class_<lambda_46720907175c18b6c9d2717bc0d2d362>&,class_<lambda_9048902d66e8d99359bc9897bbb930a8>_>",78,1,"void __thiscall operator()<class_<lambda_a7e850c220f1c8d1e6efeecdedd162c6>,class_<lambda_46720907175c18b6c9d2717bc0d2d362>&,class_<lambda_9048902d66e8d99359bc9897bbb930a8>_>(<lambda_a7e850c220f1c8d1e6efeecdedd162c6> * param_1, <lambda_46720907175c18b6c9d2717bc0d2d362> * param_2, <lambda_9048902d66e8d99359bc9897bbb930a8> * param_3)",false,false,true,"pseudocode/005576ee.c"
"0x0055773c","FUN_0055773c",12,1,"undefined __stdcall FUN_0055773c(void)",false,false,true,"pseudocode/0055773c.c"
"0x00557748","construct_ptd",153,1,"void __cdecl construct_ptd(__acrt_ptd * param_1, __crt_locale_data * * param_2)",false,false,true,"pseudocode/00557748.c"
"0x005577e1","destroy_fls",33,1,"void __stdcall destroy_fls(void * param_1)",false,false,true,"pseudocode/005577e1.c"
"0x00557802","destroy_ptd",205,1,"void __cdecl destroy_ptd(__acrt_ptd * param_1)",false,false,true,"pseudocode/00557802.c"
"0x005578cf","FUN_005578cf",168,1,"__acrt_ptd * __stdcall FUN_005578cf(void)",false,false,true,"pseudocode/005578cf.c"
"0x00557977","replace_current_thread_locale_nolock",75,1,"void __cdecl replace_current_thread_locale_nolock(__acrt_ptd * param_1, __crt_locale_data * param_2)",false,false,true,"pseudocode/00557977.c"
"0x005579c2","FUN_005579c2",14,1,"undefined __stdcall FUN_005579c2(void)",false,false,true,"pseudocode/005579c2.c"
"0x005579d0","FUN_005579d0",61,1,"undefined __stdcall FUN_005579d0(void)",false,false,true,"pseudocode/005579d0.c"
"0x00557a13","FUN_00557a13",135,1,"__acrt_ptd * __stdcall FUN_00557a13(void)",false,false,true,"pseudocode/00557a13.c"
"0x00557a9f","FUN_00557a9f",68,1,"__acrt_ptd * __cdecl FUN_00557a9f(undefined4 param_1, int param_2)",false,false,true,"pseudocode/00557a9f.c"
"0x00557b1e","FUN_00557b1e",26,1,"undefined4 __stdcall FUN_00557b1e(void)",false,false,true,"pseudocode/00557b1e.c"
"0x00557b40","FUN_00557b40",96,1,"LPVOID __cdecl FUN_00557b40(uint param_1, uint param_2)",false,false,true,"pseudocode/00557b40.c"
"0x00557ba0","FUN_00557ba0",58,1,"undefined __cdecl FUN_00557ba0(LPVOID param_1)",false,false,true,"pseudocode/00557ba0.c"
"0x00557be6","FUN_00557be6",34,1,"undefined __stdcall FUN_00557be6(undefined4 param_1)",false,false,true,"pseudocode/00557be6.c"
"0x00557c08","FUN_00557c08",100,1,"BOOL __stdcall FUN_00557c08(int * param_1, undefined4 * param_2)",false,false,true,"pseudocode/00557c08.c"
"0x00557c6f","FUN_00557c6f",12,1,"undefined __stdcall FUN_00557c6f(void)",false,false,true,"pseudocode/00557c6f.c"
"0x00557c7b","FUN_00557c7b",42,1,"FARPROC __fastcall FUN_00557c7b(void * param_1)",false,false,true,"pseudocode/00557c7b.c"
"0x00557ca5","FUN_00557ca5",43,1,"FARPROC __fastcall FUN_00557ca5(void * param_1)",false,false,true,"pseudocode/00557ca5.c"
"0x00557cd0","FUN_00557cd0",43,1,"FARPROC __fastcall FUN_00557cd0(void * param_1)",false,false,true,"pseudocode/00557cd0.c"
"0x00557cfb","FUN_00557cfb",43,1,"FARPROC __fastcall FUN_00557cfb(void * param_1)",false,false,true,"pseudocode/00557cfb.c"
"0x00557d26","FUN_00557d26",43,1,"FARPROC __fastcall FUN_00557d26(void * param_1)",false,false,true,"pseudocode/00557d26.c"
"0x00557d51","FUN_00557d51",43,1,"FARPROC __fastcall FUN_00557d51(void * param_1)",false,false,true,"pseudocode/00557d51.c"
"0x00557d7c","FUN_00557d7c",43,1,"FARPROC __fastcall FUN_00557d7c(void * param_1)",false,false,true,"pseudocode/00557d7c.c"
"0x00557da7","FUN_00557da7",43,1,"FARPROC __fastcall FUN_00557da7(void * param_1)",false,false,true,"pseudocode/00557da7.c"
"0x00557dd2","FUN_00557dd2",43,1,"FARPROC __fastcall FUN_00557dd2(void * param_1)",false,false,true,"pseudocode/00557dd2.c"
"0x00557dfd","FUN_00557dfd",43,1,"FARPROC __fastcall FUN_00557dfd(void * param_1)",false,false,true,"pseudocode/00557dfd.c"
"0x00557e28","FUN_00557e28",43,1,"FARPROC __fastcall FUN_00557e28(void * param_1)",false,false,true,"pseudocode/00557e28.c"
"0x00557e53","FUN_00557e53",204,1,"FARPROC __thiscall FUN_00557e53(int param_1, LPCSTR param_2, int * param_3, int * param_4)",false,false,true,"pseudocode/00557e53.c"
"0x00557f20","try_load_library_from_system_directory",99,1,"HINSTANCE__ * __cdecl try_load_library_from_system_directory(wchar_t * param_1)",false,false,true,"pseudocode/00557f20.c"
"0x00557f83","FUN_00557f83",79,1,"int __thiscall FUN_00557f83(undefined4 param_1)",false,false,true,"pseudocode/00557f83.c"
"0x00557fd2","FUN_00557fd2",79,1,"int __thiscall FUN_00557fd2(undefined4 param_1)",false,false,true,"pseudocode/00557fd2.c"
"0x00558021","___acrt_AreFileApisANSI@0",31,1,"int __fastcall ___acrt_AreFileApisANSI@0(void * param_1)",false,false,true,"pseudocode/00558021.c"
"0x00558040","___acrt_CompareStringEx@36",93,1,"undefined __thiscall ___acrt_CompareStringEx@36(ushort * param_1, DWORD param_2, PCNZWCH param_3, int param_4, PCNZWCH param_5, int param_6, undefined4 param_7, undefined4 param_8, undefined4 param_9)",false,false,true,"pseudocode/00558040.c"
"0x0055809d","___acrt_EnumSystemLocalesEx@16",84,1,"undefined __thiscall ___acrt_EnumSystemLocalesEx@16(undefined4 param_1, undefined4 param_2, undefined4 param_3, undefined4 param_4)",false,false,true,"pseudocode/0055809d.c"
"0x005580f1","FUN_005580f1",12,1,"undefined __stdcall FUN_005580f1(void)",false,false,true,"pseudocode/005580f1.c"
"0x005580fd","FUN_005580fd",12,1,"undefined __stdcall FUN_005580fd(DWORD param_1)",false,false,true,"pseudocode/005580fd.c"
"0x00558109","FUN_00558109",13,1,"undefined __stdcall FUN_00558109(void)",false,false,true,"pseudocode/00558109.c"
"0x00558116","FUN_00558116",12,1,"undefined __stdcall FUN_00558116(void)",false,false,true,"pseudocode/00558116.c"
"0x00558122","FUN_00558122",12,1,"undefined __stdcall FUN_00558122(void)",false,false,true,"pseudocode/00558122.c"
"0x0055812e","___acrt_GetLocaleInfoEx@16",63,1,"undefined __thiscall ___acrt_GetLocaleInfoEx@16(ushort * param_1, LCTYPE param_2, LPWSTR param_3, int param_4)",false,false,true,"pseudocode/0055812e.c"
"0x0055816d","___acrt_GetUserDefaultLocaleName@8",60,1,"undefined __thiscall ___acrt_GetUserDefaultLocaleName@8(short * param_1, int param_2)",false,false,true,"pseudocode/0055816d.c"
"0x005581a9","FUN_005581a9",12,1,"undefined __stdcall FUN_005581a9(LPCRITICAL_SECTION param_1, DWORD param_2, DWORD param_3)",false,false,true,"pseudocode/005581a9.c"
"0x005581b5","___acrt_IsValidLocaleName@4",56,1,"undefined __thiscall ___acrt_IsValidLocaleName@4(ushort * param_1)",false,false,true,"pseudocode/005581b5.c"
"0x005581ed","___acrt_LCIDToLocaleName@16",63,1,"undefined __thiscall ___acrt_LCIDToLocaleName@16(int param_1, short * param_2, int param_3, undefined4 param_4)",false,false,true,"pseudocode/005581ed.c"
"0x0055822c","___acrt_LCMapStringEx@36",93,1,"undefined __thiscall ___acrt_LCMapStringEx@36(ushort * param_1, DWORD param_2, LPCWSTR param_3, int param_4, LPWSTR param_5, int param_6, undefined4 param_7, undefined4 param_8, undefined4 param_9)",false,false,true,"pseudocode/0055822c.c"
"0x00558289","___acrt_LocaleNameToLCID@8",49,1,"undefined __thiscall ___acrt_LocaleNameToLCID@8(ushort * param_1, undefined4 param_2)",false,false,true,"pseudocode/00558289.c"
"0x005582ba","FUN_005582ba",74,1,"int __thiscall FUN_005582ba(undefined4 param_1)",false,false,true,"pseudocode/005582ba.c"
"0x00558304","FUN_00558304",61,1,"undefined __fastcall FUN_00558304(void * param_1)",false,false,true,"pseudocode/00558304.c"
"0x00558341","FUN_00558341",78,1,"undefined __thiscall FUN_00558341(undefined4 param_1, undefined4 param_2)",false,false,true,"pseudocode/00558341.c"
"0x00558390","FUN_00558390",11,1,"bool __fastcall FUN_00558390(void * param_1)",false,false,true,"pseudocode/00558390.c"
"0x0055839b","___acrt_eagerly_load_locale_apis",55,1,"undefined __fastcall ___acrt_eagerly_load_locale_apis(void * param_1)",false,false,true,"pseudocode/0055839b.c"
"0x005583d2","FUN_005583d2",35,1,"bool __stdcall FUN_005583d2(void)",false,false,true,"pseudocode/005583d2.c"
"0x005583f5","FUN_005583f5",49,1,"bool __fastcall FUN_005583f5(void * param_1)",false,false,true,"pseudocode/005583f5.c"
"0x00558426","___acrt_uninitialize_winapi_thunks",54,1,"undefined1 __cdecl ___acrt_uninitialize_winapi_thunks(char param_1)",false,false,true,"pseudocode/00558426.c"
"0x0055845c","FUN_0055845c",58,1,"undefined __stdcall FUN_0055845c(void)",false,false,true,"pseudocode/0055845c.c"
"0x00558496","FUN_00558496",39,1,"bool __stdcall FUN_00558496(void)",false,false,true,"pseudocode/00558496.c"
"0x005584c0","FUN_005584c0",81,1,"LPVOID __cdecl FUN_005584c0(SIZE_T param_1)",false,false,true,"pseudocode/005584c0.c"
"0x00558511","___acrt_update_locale_info",45,1,"undefined __cdecl ___acrt_update_locale_info(int param_1, int * param_2)",false,false,true,"pseudocode/00558511.c"
"0x0055853e","FUN_0055853e",49,1,"undefined __cdecl FUN_0055853e(int param_1, int * param_2, int param_3)",false,false,true,"pseudocode/0055853e.c"
"0x0055856f","FUN_0055856f",45,1,"undefined __cdecl FUN_0055856f(int param_1, int * param_2)",false,false,true,"pseudocode/0055856f.c"
"0x0055859c","FUN_0055859c",49,1,"undefined __cdecl FUN_0055859c(int param_1, int * param_2, int param_3)",false,false,true,"pseudocode/0055859c.c"
"0x005585cd","__acrt_fp_classify",98,1,"__acrt_fp_class __cdecl __acrt_fp_classify(double * param_1)",false,false,true,"pseudocode/005585cd.c"
"0x0055862f","FUN_0055862f",178,1,"undefined8 __cdecl FUN_0055862f(uint * param_1, undefined4 param_2, uint param_3, short param_4)",false,false,true,"pseudocode/0055862f.c"
"0x005586e1","FUN_005586e1",828,1,"int __cdecl FUN_005586e1(uint * param_1, undefined1[16] * param_2, uint param_3, char * param_4, int param_5, size_t param_6, byte param_7, int param_8, int param_9, int * param_10)",false,false,true,"pseudocode/005586e1.c"
"0x00558a1d","FUN_00558a1d",144,1,"undefined __cdecl FUN_00558a1d(undefined4 * param_1, char * param_2, uint param_3, char * param_4, int param_5, int param_6, char param_7, int param_8, int param_9, int * param_10)",false,false,true,"pseudocode/00558a1d.c"
"0x00558aad","FUN_00558aad",322,1,"undefined4 __cdecl FUN_00558aad(char * param_1, uint param_2, int param_3, char param_4, int param_5, int * param_6, byte param_7, int * param_8)",false,false,true,"pseudocode/00558aad.c"
"0x00558bf0","FUN_00558bf0",137,1,"undefined __cdecl FUN_00558bf0(undefined4 * param_1, char * param_2, uint param_3, char * param_4, int param_5, size_t param_6, int param_7, int * param_8)",false,false,true,"pseudocode/00558bf0.c"
"0x00558c79","FUN_00558c79",224,1,"undefined4 __cdecl FUN_00558c79(char * param_1, uint param_2, size_t param_3, int * param_4, char param_5, int * param_6)",false,false,true,"pseudocode/00558c79.c"
"0x00558d59","FUN_00558d59",199,1,"undefined __cdecl FUN_00558d59(undefined4 * param_1, char * param_2, uint param_3, char * param_4, int param_5, size_t param_6, char param_7, int param_8, int param_9, int * param_10)",false,false,true,"pseudocode/00558d59.c"
"0x00558e20","fp_format_nan_or_infinity",148,1,"int __cdecl fp_format_nan_or_infinity(__acrt_fp_class param_1, bool param_2, char * param_3, uint param_4, bool param_5)",false,false,true,"pseudocode/00558e20.c"
"0x00558eb5","shift_bytes",52,1,"void __cdecl shift_bytes(char * param_1, uint param_2, char * param_3, int param_4)",false,false,true,"pseudocode/00558eb5.c"
"0x00558ee9","FUN_00558ee9",147,1,"uint __cdecl FUN_00558ee9(uint * param_1, undefined4 param_2, uint param_3, short param_4, int param_5)",false,false,true,"pseudocode/00558ee9.c"
"0x00558f7c","FUN_00558f7c",384,1,"int __cdecl FUN_00558f7c(double * param_1, undefined1[16] * param_2, uint param_3, char * param_4, int param_5, int param_6, size_t param_7, uint param_8, undefined4 param_9, int param_10, int * param_11)",false,false,true,"pseudocode/00558f7c.c"
"0x005590fc","FUN_005590fc",356,1,"int __thiscall FUN_005590fc(int * param_1, byte * param_2, uint param_3, WCHAR param_4, int * param_5)",false,false,true,"pseudocode/005590fc.c"
"0x00559260","FUN_00559260",58,1,"int __cdecl FUN_00559260(int * param_1, byte * param_2, uint param_3, WCHAR param_4)",false,false,true,"pseudocode/00559260.c"
"0x0055929a","FUN_0055929a",304,1,"uint __cdecl FUN_0055929a(LPWSTR param_1, byte * param_2, uint param_3, int * param_4)",false,false,true,"pseudocode/0055929a.c"
"0x005593ca","FUN_005593ca",65,1,"uint __cdecl FUN_005593ca(byte * param_1)",false,false,true,"pseudocode/005593ca.c"
"0x0055940b","FUN_0055940b",441,1,"undefined __cdecl FUN_0055940b(uint * param_1, byte * param_2, uint param_3, uint * param_4, int param_5)",false,false,true,"pseudocode/0055940b.c"
"0x005595c4","FUN_005595c4",171,1,"undefined4 __cdecl FUN_005595c4(byte * param_1, uint param_2, int * param_3, int param_4)",false,false,true,"pseudocode/005595c4.c"
"0x0055966f","FUN_0055966f",44,1,"char __stdcall FUN_0055966f(char * param_1)",false,false,true,"pseudocode/0055966f.c"
"0x0055969b","FUN_0055969b",67,1,"uint __cdecl FUN_0055969b(undefined2 * param_1, byte * param_2, uint param_3, uint * param_4, int param_5)",false,false,true,"pseudocode/0055969b.c"
"0x005596de","FUN_005596de",275,1,"int __thiscall FUN_005596de(ushort * param_1, undefined4 * param_2, uint param_3, uint * param_4, int param_5)",false,false,true,"pseudocode/005596de.c"
"0x005597f1","__fileno",39,1,"int __cdecl __fileno(FILE * _File)",false,false,true,"pseudocode/005597f1.c"
"0x00559818","FUN_00559818",21,1,"bool __stdcall FUN_00559818(void)",false,false,true,"pseudocode/00559818.c"
"0x0055982d","FUN_0055982d",176,1,"undefined __stdcall FUN_0055982d(void)",false,false,true,"pseudocode/0055982d.c"
"0x005598dd","FUN_005598dd",176,1,"undefined __stdcall FUN_005598dd(void)",false,false,true,"pseudocode/005598dd.c"
"0x005599e4","FUN_005599e4",9,1,"undefined __stdcall FUN_005599e4(void)",false,false,true,"pseudocode/005599e4.c"
"0x00559a20","FUN_00559a20",15,1,"undefined __stdcall FUN_00559a20(void)",false,false,true,"pseudocode/00559a20.c"
"0x00559a30","FUN_00559a30",57,1,"uint __cdecl FUN_00559a30(uint param_1)",false,false,true,"pseudocode/00559a30.c"
"0x00559a70","FUN_00559a70",38,1,"uint __cdecl FUN_00559a70(uint param_1)",false,false,true,"pseudocode/00559a70.c"
"0x00559aa0","FUN_00559aa0",471,1,"uint __stdcall FUN_00559aa0(void)",false,false,true,"pseudocode/00559aa0.c"
"0x00559c80","FUN_00559c80",172,1,"uint __stdcall FUN_00559c80(void)",false,false,true,"pseudocode/00559c80.c"
"0x00559d30","FUN_00559d30",578,1,"undefined __cdecl FUN_00559d30(uint param_1)",false,false,true,"pseudocode/00559d30.c"
"0x00559f80","FUN_00559f80",265,1,"undefined __cdecl FUN_00559f80(uint param_1)",false,false,true,"pseudocode/00559f80.c"
"0x0055a089","_iswctype",105,1,"int __cdecl _iswctype(wint_t _C, wctype_t _Type)",false,false,true,"pseudocode/0055a089.c"
"0x0055a0f2","__isctype_l",203,1,"int __cdecl __isctype_l(int _C, int _Type, _locale_t _Locale)",false,false,true,"pseudocode/0055a0f2.c"
"0x0055a2e0","FUN_0055a2e0",24,1,"undefined __stdcall FUN_0055a2e0(void)",false,false,true,"pseudocode/0055a2e0.c"
"0x0055a2f8","FUN_0055a2f8",6,1,"float10 __stdcall FUN_0055a2f8(double param_1)",false,false,true,"pseudocode/0055a2f8.c"
"0x0055a2fe","FUN_0055a2fe",1334,1,"float10 __cdecl FUN_0055a2fe(undefined8 param_1)",false,false,true,"pseudocode/0055a2fe.c"
"0x0055a920","FUN_0055a920",24,1,"undefined __stdcall FUN_0055a920(void)",false,false,true,"pseudocode/0055a920.c"
"0x0055a938","FUN_0055a938",6,1,"float10 __stdcall FUN_0055a938(double param_1)",false,false,true,"pseudocode/0055a938.c"
"0x0055a93e","FUN_0055a93e",681,1,"float10 __cdecl FUN_0055a93e(double param_1)",false,false,true,"pseudocode/0055a93e.c"
"0x0055ac3f","FUN_0055ac3f",147,1,"uint __thiscall FUN_0055ac3f(int param_1, undefined4 param_2)",false,false,true,"pseudocode/0055ac3f.c"
"0x0055ace0","FUN_0055ace0",24,1,"undefined __fastcall FUN_0055ace0(void * param_1)",false,false,true,"pseudocode/0055ace0.c"
"0x0055acf8","FUN_0055acf8",6,1,"float10 __stdcall FUN_0055acf8(double param_1)",false,false,true,"pseudocode/0055acf8.c"
"0x0055acfe","FUN_0055acfe",395,1,"float10 __thiscall FUN_0055acfe(void * param_1, int param_2, undefined4 param_3)",false,false,true,"pseudocode/0055acfe.c"
"0x0055aeb0","__cintrindisp2",80,1,"undefined __fastcall __cintrindisp2(undefined4 param_1, int param_2)",false,false,true,"pseudocode/0055aeb0.c"
"0x0055af00","__cintrindisp1",73,1,"undefined __fastcall __cintrindisp1(undefined4 param_1, int param_2)",false,false,true,"pseudocode/0055af00.c"
"0x0055af49","__ctrandisp2",65,1,"undefined __cdecl __ctrandisp2(uint param_1, int param_2, uint param_3, int param_4)",false,false,true,"pseudocode/0055af49.c"
"0x0055af8a","FUN_0055af8a",7,1,"undefined __stdcall FUN_0055af8a(void)",false,false,true,"pseudocode/0055af8a.c"
"0x0055af91","FUN_0055af91",327,1,"undefined __stdcall FUN_0055af91(void)",false,false,true,"pseudocode/0055af91.c"
"0x0055b0d8","__ctrandisp1",51,1,"undefined __cdecl __ctrandisp1(uint param_1, int param_2)",false,false,true,"pseudocode/0055b0d8.c"
"0x0055b10b","__fload",60,1,"float10 __cdecl __fload(uint param_1, int param_2)",false,false,true,"pseudocode/0055b10b.c"
"0x0055b240","FUN_0055b240",24,1,"undefined __stdcall FUN_0055b240(void)",false,false,true,"pseudocode/0055b240.c"
"0x0055b258","FUN_0055b258",6,1,"undefined * __stdcall FUN_0055b258(int param_1, undefined4 param_2)",false,false,true,"pseudocode/0055b258.c"
"0x0055b25e","FUN_0055b25e",425,1,"undefined * __cdecl FUN_0055b25e(int param_1)",false,false,true,"pseudocode/0055b25e.c"
"0x0055b45f","FUN_0055b45f",151,1,"uint __thiscall FUN_0055b45f(int param_1, undefined4 param_2)",false,false,true,"pseudocode/0055b45f.c"
"0x0055b500","FUN_0055b500",24,1,"undefined __fastcall FUN_0055b500(void * param_1)",false,false,true,"pseudocode/0055b500.c"
"0x0055b518","FUN_0055b518",19,2,"float10 __cdecl FUN_0055b518(double param_1)",false,false,true,"pseudocode/0055b518.c"
"0x0055b51e","FUN_0055b51e",564,1,"float10 __thiscall FUN_0055b51e(void * param_1, int param_2, undefined4 param_3)",false,false,true,"pseudocode/0055b51e.c"
"0x0055b775","FUN_0055b775",23,1,"undefined __stdcall FUN_0055b775(void)",false,false,true,"pseudocode/0055b775.c"
"0x0055b78c","FUN_0055b78c",25,1,"undefined4 __stdcall FUN_0055b78c(void)",false,false,true,"pseudocode/0055b78c.c"
"0x0055b7a5","__fload_withFB",67,1,"uint __fastcall __fload_withFB(undefined4 param_1, int param_2)",false,false,true,"pseudocode/0055b7a5.c"
"0x0055b7e8","FUN_0055b7e8",22,1,"uint __cdecl FUN_0055b7e8(undefined4 param_1, uint param_2)",false,false,true,"pseudocode/0055b7e8.c"
"0x0055b80b","__math_exit",42,1,"undefined __fastcall __math_exit(undefined4 param_1, int param_2, undefined4 param_3, undefined4 param_4, undefined4 param_5)",false,false,true,"pseudocode/0055b80b.c"
"0x0055b8f0","FUN_0055b8f0",20,1,"undefined __stdcall FUN_0055b8f0(void)",false,false,true,"pseudocode/0055b8f0.c"
"0x0055b904","FUN_0055b904",157,1,"uint __cdecl FUN_0055b904(int param_1, uint param_2)",false,false,true,"pseudocode/0055b904.c"
"0x0055ba20","FUN_0055ba20",9,1,"undefined1[10] __stdcall FUN_0055ba20(void)",false,false,true,"pseudocode/0055ba20.c"
"0x0055ba70","FUN_0055ba70",539,1,"undefined __cdecl FUN_0055ba70(undefined8 * param_1, undefined8 * param_2, undefined8 * param_3, int param_4)",false,false,true,"pseudocode/0055ba70.c"
"0x0055be38","FUN_0055be38",6,1,"undefined4 * __stdcall FUN_0055be38(void)",false,false,true,"pseudocode/0055be38.c"
"0x0055be3e","FUN_0055be3e",6,1,"undefined4 * __stdcall FUN_0055be3e(void)",false,false,true,"pseudocode/0055be3e.c"
"0x0055be44","FUN_0055be44",6,1,"undefined4 * __stdcall FUN_0055be44(void)",false,false,true,"pseudocode/0055be44.c"
"0x0055be4a","FUN_0055be4a",6,1,"undefined4 __stdcall FUN_0055be4a(void)",false,false,true,"pseudocode/0055be4a.c"
"0x0055be50","FUN_0055be50",6,1,"undefined4 __stdcall FUN_0055be50(void)",false,false,true,"pseudocode/0055be50.c"
"0x0055be56","FID_conflict:__get_dstbias",44,1,"errno_t __cdecl FID_conflict:__get_dstbias(long * _Timezone)",false,false,true,"pseudocode/0055be56.c"
"0x0055be82","FID_conflict:__get_dstbias",44,1,"errno_t __cdecl FID_conflict:__get_dstbias(long * _Timezone)",false,false,true,"pseudocode/0055be82.c"
"0x0055beae","FID_conflict:__get_dstbias",44,1,"errno_t __cdecl FID_conflict:__get_dstbias(long * _Timezone)",false,false,true,"pseudocode/0055beae.c"
"0x0055beda","__crt_time_elapsed_leap_years<>",58,1,"int __cdecl __crt_time_elapsed_leap_years<>(int param_1)",false,false,true,"pseudocode/0055beda.c"
"0x0055bf14","FUN_0055bf14",331,1,"undefined4 __cdecl FUN_0055bf14(int * param_1, uint * param_2)",false,false,true,"pseudocode/0055bf14.c"
"0x0055c05f","FUN_0055c05f",185,1,"uint __cdecl FUN_0055c05f(uint * param_1, undefined1 * param_2)",false,false,true,"pseudocode/0055c05f.c"
"0x0055c118","FUN_0055c118",11,1,"undefined __cdecl FUN_0055c118(int * param_1, uint * param_2)",false,false,true,"pseudocode/0055c118.c"
"0x0055c123","__acrt_get_utf8_acp_compatibility_codepage",63,1,"uint __cdecl __acrt_get_utf8_acp_compatibility_codepage(void)",false,false,true,"pseudocode/0055c123.c"
"0x0055c162","FUN_0055c162",539,1,"bool __cdecl FUN_0055c162(int * param_1)",false,false,true,"pseudocode/0055c162.c"
"0x0055c37e","FUN_0055c37e",330,1,"undefined __cdecl FUN_0055c37e(int param_1, int param_2, uint param_3, int param_4, int param_5, int param_6, int param_7, int param_8, int param_9, int param_10, int param_11)",false,false,true,"pseudocode/0055c37e.c"
"0x0055c4c9","FUN_0055c4c9",119,1,"short * __cdecl FUN_0055c4c9(short * param_1)",false,false,true,"pseudocode/0055c4c9.c"
"0x0055c540","tzset_env_copy_to_tzname",70,1,"void __cdecl tzset_env_copy_to_tzname(wchar_t * param_1, wchar_t * param_2, char * param_3, uint param_4)",false,false,true,"pseudocode/0055c540.c"
"0x0055c587","FUN_0055c587",658,1,"undefined __cdecl FUN_0055c587(wchar_t * param_1)",false,false,true,"pseudocode/0055c587.c"
"0x0055c81a","tzset_from_system_nolock",345,1,"void __cdecl tzset_from_system_nolock(void)",false,false,true,"pseudocode/0055c81a.c"
"0x0055c974","FUN_0055c974",117,1,"undefined __stdcall FUN_0055c974(void)",false,false,true,"pseudocode/0055c974.c"
"0x0055c9e9","tzset_os_copy_to_tzname",65,1,"void __cdecl tzset_os_copy_to_tzname(wchar_t * param_1, wchar_t * param_2, char * param_3, uint param_4)",false,false,true,"pseudocode/0055c9e9.c"
"0x0055ca2b","___tzset",84,1,"void __cdecl ___tzset(void)",false,false,true,"pseudocode/0055ca2b.c"
"0x0055ca7f","FUN_0055ca7f",9,1,"undefined __stdcall FUN_0055ca7f(void)",false,false,true,"pseudocode/0055ca7f.c"
"0x0055ca88","__isindst",72,1,"int __cdecl __isindst(tm * _Time)",false,false,true,"pseudocode/0055ca88.c"
"0x0055cad3","FUN_0055cad3",9,1,"undefined __stdcall FUN_0055cad3(void)",false,false,true,"pseudocode/0055cad3.c"
"0x0055cadc","FUN_0055cadc",162,1,"int __stdcall FUN_0055cadc(void)",false,false,true,"pseudocode/0055cadc.c"
"0x0055cb7e","FUN_0055cb7e",9,1,"undefined __stdcall FUN_0055cb7e(void)",false,false,true,"pseudocode/0055cb7e.c"
"0x0055cb87","operator()<class_<lambda_2866be3712abc81a800a822484c830d8>,class_<lambda_39ca0ed439415581b5b15c265174cece>&,class_<lambda_2b24c74d71094a6cd0cb82e44167d71b>_>",128,1,"void __thiscall operator()<class_<lambda_2866be3712abc81a800a822484c830d8>,class_<lambda_39ca0ed439415581b5b15c265174cece>&,class_<lambda_2b24c74d71094a6cd0cb82e44167d71b>_>(<lambda_2866be3712abc81a800a822484c830d8> * param_1, <lambda_39ca0ed439415581b5b15c265174cece> * param_2, <lambda_2b24c74d71094a6cd0cb82e44167d71b> * param_3)",false,false,true,"pseudocode/0055cb87.c"
"0x0055cc07","FUN_0055cc07",12,1,"undefined __stdcall FUN_0055cc07(void)",false,false,true,"pseudocode/0055cc07.c"
"0x0055cc13","operator()<class_<lambda_2cc53f568c5a2bb6f192f930a45d44ea>,class_<lambda_ab61a845afdef5b7c387490eaf3616ee>&,class_<lambda_c2ffc0b7726aa6be21d5f0026187e748>_>",160,1,"void __thiscall operator()<class_<lambda_2cc53f568c5a2bb6f192f930a45d44ea>,class_<lambda_ab61a845afdef5b7c387490eaf3616ee>&,class_<lambda_c2ffc0b7726aa6be21d5f0026187e748>_>(<lambda_2cc53f568c5a2bb6f192f930a45d44ea> * param_1, <lambda_ab61a845afdef5b7c387490eaf3616ee> * param_2, <lambda_c2ffc0b7726aa6be21d5f0026187e748> * param_3)",false,false,true,"pseudocode/0055cc13.c"
"0x0055ccb3","FUN_0055ccb3",12,1,"undefined __stdcall FUN_0055ccb3(void)",false,false,true,"pseudocode/0055ccb3.c"
"0x0055ccbf","FUN_0055ccbf",76,1,"undefined4 __cdecl FUN_0055ccbf(char param_1)",false,false,true,"pseudocode/0055ccbf.c"
"0x0055cd0b","FUN_0055cd0b",49,1,"undefined4 __cdecl FUN_0055cd0b(int param_1, int * param_2)",false,false,true,"pseudocode/0055cd0b.c"
"0x0055cd3c","FUN_0055cd3c",35,1,"uint __cdecl FUN_0055cd3c(uint param_1)",false,false,true,"pseudocode/0055cd3c.c"
"0x0055cd5f","FUN_0055cd5f",105,1,"undefined4 __cdecl FUN_0055cd5f(FILE * param_1, int * param_2)",false,false,true,"pseudocode/0055cd5f.c"
"0x0055cdc8","FUN_0055cdc8",101,1,"undefined4 __cdecl FUN_0055cdc8(FILE * param_1)",false,false,true,"pseudocode/0055cdc8.c"
"0x0055ce2d","__flushall",9,1,"int __cdecl __flushall(void)",false,false,true,"pseudocode/0055ce2d.c"
"0x0055ce36","___acrt_stdio_free_buffer_nolock",64,1,"undefined __cdecl ___acrt_stdio_free_buffer_nolock(undefined4 * param_1)",false,false,true,"pseudocode/0055ce36.c"
"0x0055ce76","FUN_0055ce76",224,1,"undefined __cdecl FUN_0055ce76(int * param_1, ushort * param_2, LCTYPE param_3, LPSTR param_4, int param_5)",false,false,true,"pseudocode/0055ce76.c"
"0x0055cf58","___acrt_GetLocaleInfoA",431,1,"undefined __cdecl ___acrt_GetLocaleInfoA(int * param_1, int param_2, ushort * param_3, uint param_4, int * param_5)",false,false,true,"pseudocode/0055cf58.c"
"0x0055d108","FUN_0055d108",254,1,"undefined __cdecl FUN_0055d108(int * param_1, DWORD param_2, LPCSTR param_3, int param_4, LPWORD param_5, uint param_6, int param_7)",false,false,true,"pseudocode/0055d108.c"
"0x0055d206","FUN_0055d206",493,1,"undefined __cdecl FUN_0055d206(int * param_1, ushort * param_2, uint param_3, char * param_4, int param_5, LPWSTR param_6, int param_7, uint param_8, int param_9)",false,false,true,"pseudocode/0055d206.c"
"0x0055d3f3","___acrt_LCMapStringA",73,1,"undefined __cdecl ___acrt_LCMapStringA(int * param_1, ushort * param_2, uint param_3, char * param_4, int param_5, LPWSTR param_6, int param_7, uint param_8, int param_9)",false,false,true,"pseudocode/0055d3f3.c"
"0x0055d43c","FUN_0055d43c",221,1,"int __cdecl FUN_0055d43c(undefined4 * param_1, LPWSTR param_2, byte * param_3, byte * param_4, byte * param_5, int * param_6)",false,false,true,"pseudocode/0055d43c.c"
"0x0055d519","FUN_0055d519",452,1,"byte * __cdecl FUN_0055d519(LPWSTR param_1, byte * param_2, byte * param_3, int * param_4)",false,false,true,"pseudocode/0055d519.c"
"0x0055d6e2","FUN_0055d6e2",61,1,"int __cdecl FUN_0055d6e2(undefined4 * param_1, LPWSTR param_2, byte * param_3, byte * param_4, byte * param_5)",false,false,true,"pseudocode/0055d6e2.c"
"0x0055d71f","FUN_0055d71f",214,1,"int __cdecl FUN_0055d71f(uint * param_1, uint * param_2, uint param_3, LPCWSTR param_4, uint param_5, int * param_6)",false,false,true,"pseudocode/0055d71f.c"
"0x0055d7f5","FUN_0055d7f5",673,1,"undefined __cdecl FUN_0055d7f5(uint * param_1, LPCWSTR param_2, uint param_3, int * param_4)",false,false,true,"pseudocode/0055d7f5.c"
"0x0055da96","FUN_0055da96",62,1,"int __cdecl FUN_0055da96(uint * param_1, uint * param_2, uint param_3, LPCWSTR param_4, uint param_5, undefined4 * param_6)",false,false,true,"pseudocode/0055da96.c"
"0x0055dae0","FUN_0055dae0",146,2,"undefined __cdecl FUN_0055dae0(uint param_1)",false,false,true,"pseudocode/0055dae0.c"
"0x0055dbc0","FUN_0055dbc0",19,1,"int __stdcall FUN_0055dbc0(void)",false,false,true,"pseudocode/0055dbc0.c"
"0x0055dbe0","FUN_0055dbe0",44,1,"int __stdcall FUN_0055dbe0(void)",false,false,true,"pseudocode/0055dbe0.c"
"0x0055dc10","FUN_0055dc10",91,1,"undefined __stdcall FUN_0055dc10(void)",false,false,true,"pseudocode/0055dc10.c"
"0x0055dc70","FUN_0055dc70",18,1,"int __stdcall FUN_0055dc70(void)",false,false,true,"pseudocode/0055dc70.c"
"0x0055dc90","__realloc_base",105,1,"LPVOID __cdecl __realloc_base(LPVOID param_1, uint param_2)",false,false,true,"pseudocode/0055dc90.c"
"0x0055dcf9","FUN_0055dcf9",152,1,"uint __cdecl FUN_0055dcf9(uint param_1, uint param_2)",false,false,true,"pseudocode/0055dcf9.c"
"0x0055dd91","FUN_0055dd91",42,1,"undefined __cdecl FUN_0055dd91(uint param_1, uint param_2, LPCSTR param_3, int param_4, LPWSTR param_5, int param_6)",false,false,true,"pseudocode/0055dd91.c"
"0x0055ddbb","FUN_0055ddbb",144,1,"uint __cdecl FUN_0055ddbb(uint param_1, uint param_2)",false,false,true,"pseudocode/0055ddbb.c"
"0x0055de4b","FUN_0055de4b",106,1,"undefined __cdecl FUN_0055de4b(uint param_1, uint param_2, LPCWSTR param_3, int param_4, LPSTR param_5, int param_6, LPCSTR param_7, LPBOOL param_8)",false,false,true,"pseudocode/0055de4b.c"
"0x0055dec0","FUN_0055dec0",75,1,"undefined __cdecl FUN_0055dec0(ushort * param_1, ushort * param_2)",false,false,true,"pseudocode/0055dec0.c"
"0x0055df10","FUN_0055df10",70,1,"undefined __cdecl FUN_0055df10(ushort * param_1, ushort * param_2)",false,false,true,"pseudocode/0055df10.c"
"0x0055df60","FUN_0055df60",425,1,"int __cdecl FUN_0055df60(ushort * param_1, ushort * param_2, undefined4 * param_3)",false,false,true,"pseudocode/0055df60.c"
"0x0055e109","FUN_0055e109",18,1,"uint __stdcall FUN_0055e109(void)",false,false,true,"pseudocode/0055e109.c"
"0x0055e11b","FUN_0055e11b",19,1,"uint __stdcall FUN_0055e11b(void)",false,false,true,"pseudocode/0055e11b.c"
"0x0055e12e","FUN_0055e12e",24,1,"uint __cdecl FUN_0055e12e(uint param_1, uint param_2)",false,false,true,"pseudocode/0055e12e.c"
"0x0055e146","FUN_0055e146",198,1,"int __cdecl FUN_0055e146(LPCWSTR param_1, __crt_win32_buffer<wchar_t,struct___crt_win32_buffer_internal_dynamic_resizing> * param_2, undefined4 param_3, uint param_4)",false,false,true,"pseudocode/0055e146.c"
"0x0055e20c","FUN_0055e20c",380,1,"int __cdecl FUN_0055e20c(undefined4 * param_1, undefined4 * param_2)",false,false,true,"pseudocode/0055e20c.c"
"0x0055e389","copy_and_add_argument_to_buffer<char>",176,1,"int __cdecl copy_and_add_argument_to_buffer<char>(char * param_1, char * param_2, uint param_3, argument_list<char> * param_4)",false,false,true,"pseudocode/0055e389.c"
"0x0055e43a","FUN_0055e43a",652,1,"undefined __cdecl FUN_0055e43a(uchar * param_1, uchar * param_2, argument_list<char> * param_3)",false,false,true,"pseudocode/0055e43a.c"
"0x0055e6c6","~argument_list<>",37,1,"undefined __fastcall ~argument_list<>(undefined4 * param_1)",false,false,true,"pseudocode/0055e6c6.c"
"0x0055e6eb","allocate",60,1,"int __thiscall allocate(SIZE_T param_1)",false,false,true,"pseudocode/0055e6eb.c"
"0x0055e727","expand_if_necessary",135,1,"int __thiscall expand_if_necessary(void)",false,false,true,"pseudocode/0055e727.c"
"0x0055e7ae","FUN_0055e7ae",11,1,"undefined __cdecl FUN_0055e7ae(undefined4 * param_1, undefined4 * param_2)",false,false,true,"pseudocode/0055e7ae.c"
"0x0055e7b9","___acrt_GetModuleFileNameA",161,1,"undefined __cdecl ___acrt_GetModuleFileNameA(HMODULE param_1, undefined4 param_2, undefined4 param_3)",false,false,true,"pseudocode/0055e7b9.c"
"0x0055e85a","operator()<class_<lambda_ceb1ee4838e85a9d631eb091e2fbe199>,class_<lambda_ae742caa10f662c28703da3d2ea5e57e>&,class_<lambda_cd08b5d6af4937fe54fc07d0c9bf6b37>_>",65,1,"void __thiscall operator()<class_<lambda_ceb1ee4838e85a9d631eb091e2fbe199>,class_<lambda_ae742caa10f662c28703da3d2ea5e57e>&,class_<lambda_cd08b5d6af4937fe54fc07d0c9bf6b37>_>(<lambda_ceb1ee4838e85a9d631eb091e2fbe199> * param_1, <lambda_ae742caa10f662c28703da3d2ea5e57e> * param_2, <lambda_cd08b5d6af4937fe54fc07d0c9bf6b37> * param_3)",false,false,true,"pseudocode/0055e85a.c"
"0x0055e89b","FUN_0055e89b",12,1,"undefined __stdcall FUN_0055e89b(void)",false,false,true,"pseudocode/0055e89b.c"
"0x0055e8a7","operator()",131,1,"void __thiscall operator()(void)",false,false,true,"pseudocode/0055e8a7.c"
"0x0055e92a","CPtoLocaleName",62,1,"wchar_t * __cdecl CPtoLocaleName(int param_1)",false,false,true,"pseudocode/0055e92a.c"
"0x0055e968","getSystemCP",113,1,"int __cdecl getSystemCP(int param_1)",false,false,true,"pseudocode/0055e968.c"
"0x0055e9d9","FUN_0055e9d9",99,1,"undefined __cdecl FUN_0055e9d9(int param_1)",false,false,true,"pseudocode/0055e9d9.c"
"0x0055ea3c","FUN_0055ea3c",421,1,"undefined __cdecl FUN_0055ea3c(int param_1)",false,false,true,"pseudocode/0055ea3c.c"
"0x0055ebe1","FUN_0055ebe1",341,1,"int __cdecl FUN_0055ebe1(int param_1, char param_2, __acrt_ptd * param_3, __crt_multibyte_data * * param_4)",false,false,true,"pseudocode/0055ebe1.c"
"0x0055ed36","update_thread_multibyte_data_internal",129,2,"__crt_multibyte_data * __cdecl update_thread_multibyte_data_internal(__acrt_ptd * param_1, __crt_multibyte_data * * param_2)",false,false,true,"pseudocode/0055ed36.c"
"0x0055edb5","FUN_0055edb5",9,1,"undefined __stdcall FUN_0055edb5(void)",false,false,true,"pseudocode/0055edb5.c"
"0x0055edbe","FUN_0055edbe",18,1,"undefined __stdcall FUN_0055edbe(void)",false,false,true,"pseudocode/0055edbe.c"
"0x0055edd6","___acrt_initialize_multibyte",72,1,"undefined4 __stdcall ___acrt_initialize_multibyte(void)",false,false,true,"pseudocode/0055edd6.c"
"0x0055ee1e","FUN_0055ee1e",19,1,"undefined __stdcall FUN_0055ee1e(void)",false,false,true,"pseudocode/0055ee1e.c"
"0x0055ee31","FUN_0055ee31",517,1,"undefined __cdecl FUN_0055ee31(int param_1, int param_2)",false,false,true,"pseudocode/0055ee31.c"
"0x0055f036","FUN_0055f036",80,1,"undefined4 __cdecl FUN_0055f036(int * param_1, byte param_2, uint param_3, byte param_4)",false,false,true,"pseudocode/0055f036.c"
"0x0055f086","FUN_0055f086",24,1,"undefined __cdecl FUN_0055f086(byte param_1)",false,false,true,"pseudocode/0055f086.c"
"0x0055f0b7","find_end_of_double_null_terminated_sequence",55,1,"wchar_t * __cdecl find_end_of_double_null_terminated_sequence(wchar_t * param_1)",false,false,true,"pseudocode/0055f0b7.c"
"0x0055f0ee","FUN_0055f0ee",160,1,"LPWCH __stdcall FUN_0055f0ee(void)",false,false,true,"pseudocode/0055f0ee.c"
"0x0055f18e","FUN_0055f18e",78,1,"uint * __stdcall FUN_0055f18e(void)",false,false,true,"pseudocode/0055f18e.c"
"0x0055f1dc","FUN_0055f1dc",649,1,"undefined4 __cdecl FUN_0055f1dc(wchar_t * param_1, int param_2)",false,false,true,"pseudocode/0055f1dc.c"
"0x0055f466","copy_environment<wchar_t>",189,1,"wchar_t * * __cdecl copy_environment<wchar_t>(wchar_t * * param_1)",false,false,true,"pseudocode/0055f466.c"
"0x0055f524","ensure_current_environment_is_not_initial_environment_nolock<wchar_t>",26,1,"void __cdecl ensure_current_environment_is_not_initial_environment_nolock<wchar_t>(void)",false,false,true,"pseudocode/0055f524.c"
"0x0055f53e","find_in_environment_nolock<wchar_t>",88,1,"int __cdecl find_in_environment_nolock<wchar_t>(wchar_t * param_1, uint param_2)",false,false,true,"pseudocode/0055f53e.c"
"0x0055f596","FUN_0055f596",11,1,"undefined __cdecl FUN_0055f596(wchar_t * param_1, int param_2)",false,false,true,"pseudocode/0055f596.c"
"0x0055f5b0","__recalloc_base",109,1,"LPVOID __cdecl __recalloc_base(LPCVOID param_1, uint param_2, uint param_3)",false,false,true,"pseudocode/0055f5b0.c"
"0x0055f630","FUN_0055f630",11,1,"undefined __cdecl FUN_0055f630(LPCVOID param_1, uint param_2, uint param_3)",false,false,true,"pseudocode/0055f630.c"
"0x0055f686","___acrt_execute_initializers",104,1,"undefined4 __cdecl ___acrt_execute_initializers(undefined4 * param_1, undefined4 * param_2)",false,false,true,"pseudocode/0055f686.c"
"0x0055f6ee","___acrt_execute_uninitializers",49,1,"undefined1 __cdecl ___acrt_execute_uninitializers(int param_1, int param_2)",false,false,true,"pseudocode/0055f6ee.c"
"0x0055f720","FUN_0055f720",11,1,"undefined __stdcall FUN_0055f720(LPCVOID param_1, uint param_2)",false,false,true,"pseudocode/0055f720.c"
"0x0055f730","FUN_0055f730",151,1,"LPVOID __cdecl FUN_0055f730(LPCVOID param_1, uint param_2)",false,false,true,"pseudocode/0055f730.c"
"0x0055f7d0","is_contraction_possible",62,1,"bool __cdecl is_contraction_possible(uint param_1)",false,false,true,"pseudocode/0055f7d0.c"
"0x0055f810","__msize_base",51,1,"SIZE_T __cdecl __msize_base(LPCVOID param_1)",false,false,true,"pseudocode/0055f810.c"
"0x0055f850","FUN_0055f850",11,1,"undefined __cdecl FUN_0055f850(LPCVOID param_1)",false,false,true,"pseudocode/0055f850.c"
"0x0055f860","FUN_0055f860",254,2,"int __cdecl FUN_0055f860(short * param_1, int param_2, int param_3, int param_4)",false,false,true,"pseudocode/0055f860.c"
"0x0055f967","___acrt_lowio_create_handle_array",123,1,"undefined4 * __stdcall ___acrt_lowio_create_handle_array(void)",false,false,true,"pseudocode/0055f967.c"
"0x0055f9e2","___acrt_lowio_destroy_handle_array",53,1,"undefined __cdecl ___acrt_lowio_destroy_handle_array(LPCRITICAL_SECTION param_1)",false,false,true,"pseudocode/0055f9e2.c"
"0x0055fa17","___acrt_lowio_ensure_fh_exists",146,1,"undefined4 __cdecl ___acrt_lowio_ensure_fh_exists(uint param_1)",false,false,true,"pseudocode/0055fa17.c"
"0x0055faac","FUN_0055faac",9,1,"undefined __stdcall FUN_0055faac(void)",false,false,true,"pseudocode/0055faac.c"
"0x0055fab5","FUN_0055fab5",35,1,"undefined __cdecl FUN_0055fab5(uint param_1)",false,false,true,"pseudocode/0055fab5.c"
"0x0055fad8","___acrt_lowio_unlock_fh",35,1,"undefined __cdecl ___acrt_lowio_unlock_fh(uint param_1)",false,false,true,"pseudocode/0055fad8.c"
"0x0055fafb","FUN_0055fafb",145,1,"undefined4 __cdecl FUN_0055fafb(uint param_1)",false,false,true,"pseudocode/0055fafb.c"
"0x0055fb8c","FUN_0055fb8c",106,1,"undefined4 __cdecl FUN_0055fb8c(uint param_1)",false,false,true,"pseudocode/0055fb8c.c"
"0x0055fc0c","FID_conflict:___acrt_locale_free_monetary",254,1,"undefined __cdecl FID_conflict:___acrt_locale_free_monetary(int param_1)",false,false,true,"pseudocode/0055fc0c.c"
"0x0055fd0a","FUN_0055fd0a",865,1,"undefined4 __cdecl FUN_0055fd0a(int param_1)",false,false,true,"pseudocode/0055fd0a.c"
"0x0056006b","FID_conflict:___free_lconv_num",105,1,"undefined __cdecl FID_conflict:___free_lconv_num(undefined4 * param_1)",false,false,true,"pseudocode/0056006b.c"
"0x005600d4","FUN_005600d4",541,1,"undefined4 __cdecl FUN_005600d4(int param_1)",false,false,true,"pseudocode/005600d4.c"
"0x005602f1","FUN_005602f1",37,1,"undefined __cdecl FUN_005602f1(undefined4 * param_1, int param_2)",false,false,true,"pseudocode/005602f1.c"
"0x00560316","initialize_lc_time",636,1,"bool __cdecl initialize_lc_time(__crt_lc_time_data * param_1, __crt_locale_data * param_2)",false,false,true,"pseudocode/00560316.c"
"0x00560592","___acrt_locale_free_time",228,1,"undefined __cdecl ___acrt_locale_free_time(undefined4 * param_1)",false,false,true,"pseudocode/00560592.c"
"0x00560676","___acrt_locale_initialize_time",123,1,"undefined4 __cdecl ___acrt_locale_initialize_time(__crt_locale_data * param_1)",false,false,true,"pseudocode/00560676.c"
"0x00560700","FUN_00560700",302,1,"int __cdecl FUN_00560700(short * param_1, int param_2, short * param_3, int param_4)",false,false,true,"pseudocode/00560700.c"
"0x00560830","FUN_00560830",71,1,"int __cdecl FUN_00560830(ushort * param_1, ushort * param_2)",false,false,true,"pseudocode/00560830.c"
"0x00560880","FUN_00560880",63,1,"ushort * __cdecl FUN_00560880(ushort * param_1, ushort * param_2)",false,false,true,"pseudocode/00560880.c"
"0x005608bf","FUN_005608bf",125,1,"undefined __cdecl FUN_005608bf(int param_1)",false,false,true,"pseudocode/005608bf.c"
"0x0056093c","FUN_0056093c",328,1,"undefined __cdecl FUN_0056093c(LPVOID param_1)",false,false,true,"pseudocode/0056093c.c"
"0x00560a84","___acrt_locale_add_lc_time_reference",41,1,"undefined * __cdecl ___acrt_locale_add_lc_time_reference(undefined * * param_1)",false,false,true,"pseudocode/00560a84.c"
"0x00560aad","___acrt_locale_free_lc_time_if_unreferenced",49,1,"undefined __cdecl ___acrt_locale_free_lc_time_if_unreferenced(undefined * * param_1)",false,false,true,"pseudocode/00560aad.c"
"0x00560ade","___acrt_locale_release_lc_time_reference",41,1,"undefined * __cdecl ___acrt_locale_release_lc_time_reference(undefined * * param_1)",false,false,true,"pseudocode/00560ade.c"
"0x00560b07","FUN_00560b07",129,1,"undefined __cdecl FUN_00560b07(int param_1)",false,false,true,"pseudocode/00560b07.c"
"0x00560b88","___acrt_update_thread_locale_data",98,2,"int __stdcall ___acrt_update_thread_locale_data(void)",false,false,true,"pseudocode/00560b88.c"
"0x00560be8","FUN_00560be8",9,1,"undefined __stdcall FUN_00560be8(void)",false,false,true,"pseudocode/00560be8.c"
"0x00560bf1","FUN_00560bf1",18,1,"undefined __stdcall FUN_00560bf1(void)",false,false,true,"pseudocode/00560bf1.c"
"0x00560c09","__updatetlocinfoEx_nolock",80,1,"undefined * * __cdecl __updatetlocinfoEx_nolock(undefined4 * param_1, undefined * * param_2)",false,false,true,"pseudocode/00560c09.c"
"0x00560c59","_GetLocaleNameFromDefault",134,1,"undefined __thiscall _GetLocaleNameFromDefault(int param_1)",false,false,true,"pseudocode/00560c59.c"
"0x00560ce0","_GetLocaleNameFromLangCountry",153,1,"undefined __cdecl _GetLocaleNameFromLangCountry(undefined4 * param_1)",false,false,true,"pseudocode/00560ce0.c"
"0x00560d79","_GetLocaleNameFromLanguage",89,1,"undefined __cdecl _GetLocaleNameFromLanguage(undefined4 * param_1)",false,false,true,"pseudocode/00560d79.c"
"0x00560dd2","_GetPrimaryLen",52,1,"int __cdecl _GetPrimaryLen(ushort * param_1)",false,false,true,"pseudocode/00560dd2.c"
"0x00560e06","FUN_00560e06",735,1,"undefined __stdcall FUN_00560e06(ushort * param_1)",false,false,true,"pseudocode/00560e06.c"
"0x005610e6","FUN_005610e6",185,1,"undefined __stdcall FUN_005610e6(ushort * param_1)",false,false,true,"pseudocode/005610e6.c"
"0x005611a0","FUN_005611a0",240,1,"wchar_t * __thiscall FUN_005611a0(wchar_t * param_1, int param_2)",false,false,true,"pseudocode/005611a0.c"
"0x00561290","FUN_00561290",77,1,"undefined __thiscall FUN_00561290(ushort * param_1)",false,false,true,"pseudocode/00561290.c"
"0x005612dd","_TranslateName",109,1,"bool __cdecl _TranslateName(int param_1, int param_2, int * param_3)",false,false,true,"pseudocode/005612dd.c"
"0x0056134a","FUN_0056134a",526,1,"undefined4 __cdecl FUN_0056134a(short * param_1, undefined4 * param_2, LPWSTR param_3)",false,false,true,"pseudocode/0056134a.c"
"0x00561559","FUN_00561559",163,1,"undefined __stdcall FUN_00561559(ushort * param_1)",false,false,true,"pseudocode/00561559.c"
"0x005615fc","_GetLcidFromCountry",75,1,"undefined __cdecl _GetLcidFromCountry(byte * param_1)",false,false,true,"pseudocode/005615fc.c"
"0x00561647","_GetLcidFromLangCountry",155,1,"undefined __cdecl _GetLcidFromLangCountry(uint * param_1)",false,false,true,"pseudocode/00561647.c"
"0x005616e2","_GetLcidFromLanguage",95,1,"undefined __cdecl _GetLcidFromLanguage(byte * param_1)",false,false,true,"pseudocode/005616e2.c"
"0x00561741","_GetPrimaryLen",44,1,"int __cdecl _GetPrimaryLen(ushort * param_1)",false,false,true,"pseudocode/00561741.c"
"0x0056176d","FUN_0056176d",596,1,"undefined __stdcall FUN_0056176d(ushort * param_1)",false,false,true,"pseudocode/0056176d.c"
"0x005619c1","FUN_005619c1",209,1,"undefined __stdcall FUN_005619c1(ushort * param_1)",false,false,true,"pseudocode/005619c1.c"
"0x00561a92","FUN_00561a92",84,1,"int __cdecl FUN_00561a92(ushort * param_1)",false,false,true,"pseudocode/00561a92.c"
"0x00561ae6","_ProcessCodePage",225,1,"UINT __cdecl _ProcessCodePage(wchar_t * param_1, int param_2)",false,false,true,"pseudocode/00561ae6.c"
"0x00561bc7","_TestDefaultCountry",37,1,"undefined4 __cdecl _TestDefaultCountry(short param_1)",false,false,true,"pseudocode/00561bc7.c"
"0x00561bec","FUN_00561bec",117,1,"bool __cdecl FUN_00561bec(uint param_1, int param_2)",false,false,true,"pseudocode/00561bec.c"
"0x00561c61","FUN_00561c61",103,1,"uint __cdecl FUN_00561c61(int param_1, int param_2, int * param_3)",false,false,true,"pseudocode/00561c61.c"
"0x00561cc8","FUN_00561cc8",496,1,"undefined __cdecl FUN_00561cc8(int param_1, UINT * param_2, LPWSTR param_3)",false,false,true,"pseudocode/00561cc8.c"
"0x00561ec0","FUN_00561ec0",199,1,"uint __cdecl FUN_00561ec0(uint param_1)",false,false,true,"pseudocode/00561ec0.c"
"0x00561f90","FUN_00561f90",281,1,"uint __stdcall FUN_00561f90(void)",false,false,true,"pseudocode/00561f90.c"
"0x005620b0","FUN_005620b0",906,1,"uint __cdecl FUN_005620b0(uint param_1, uint param_2)",false,false,true,"pseudocode/005620b0.c"
"0x00562440","FUN_00562440",242,1,"uint __cdecl FUN_00562440(uint param_1)",false,false,true,"pseudocode/00562440.c"
"0x00562532","FUN_00562532",67,1,"int __cdecl FUN_00562532(int param_1)",false,false,true,"pseudocode/00562532.c"
"0x00562575","FUN_00562575",84,1,"undefined4 __cdecl FUN_00562575(ushort * param_1)",false,false,true,"pseudocode/00562575.c"
"0x005625c9","FUN_005625c9",125,1,"int __cdecl FUN_005625c9(int param_1, short * param_2, int param_3)",false,false,true,"pseudocode/005625c9.c"
"0x00562647","___acrt_DownlevelLocaleNameToLCID",44,1,"undefined4 __cdecl ___acrt_DownlevelLocaleNameToLCID(ushort * param_1)",false,false,true,"pseudocode/00562647.c"
"0x00562673","FUN_00562673",35,1,"bool __cdecl FUN_00562673(char * param_1, int param_2)",false,false,true,"pseudocode/00562673.c"
"0x00562696","FUN_00562696",142,1,"bool __cdecl FUN_00562696(int param_1, char * param_2, int param_3, int param_4, int param_5)",false,false,true,"pseudocode/00562696.c"
"0x00562724","FUN_00562724",249,1,"int __cdecl FUN_00562724(uint * param_1, uint param_2, int param_3, int * param_4, int param_5, int param_6, int * param_7)",false,false,true,"pseudocode/00562724.c"
"0x0056281d","FUN_0056281d",5325,1,"undefined __cdecl FUN_0056281d(uint * * * * * param_1, uint param_2, int param_3, int param_4, undefined4 * param_5, char * param_6, int param_7)",false,false,true,"pseudocode/0056281d.c"
"0x00563ceb","FUN_00563ceb",174,1,"undefined4 __cdecl FUN_00563ceb(byte * param_1, uint param_2, undefined4 * param_3, int param_4)",false,false,true,"pseudocode/00563ceb.c"
"0x00563d99","FUN_00563d99",20,1,"undefined4 __cdecl FUN_00563d99(undefined4 param_1, undefined4 * param_2)",false,false,true,"pseudocode/00563d99.c"
"0x00563dad","FUN_00563dad",34,1,"undefined4 __cdecl FUN_00563dad(undefined4 * param_1, int param_2)",false,false,true,"pseudocode/00563dad.c"
"0x00563dcf","FUN_00563dcf",86,1,"byte __cdecl FUN_00563dcf(uint param_1)",false,false,true,"pseudocode/00563dcf.c"
"0x00563e25","___acrt_GetStringTypeW",25,1,"undefined __cdecl ___acrt_GetStringTypeW(DWORD param_1, LPCWSTR param_2, int param_3, LPWORD param_4)",false,false,true,"pseudocode/00563e25.c"
"0x00563e40","__trandisp1",117,1,"undefined __fastcall __trandisp1(undefined4 param_1, int param_2)",false,false,true,"pseudocode/00563e40.c"
"0x00563eb5","__trandisp2",154,1,"undefined __fastcall __trandisp2(undefined4 param_1, int param_2)",false,false,true,"pseudocode/00563eb5.c"
"0x0056408d","FUN_0056408d",7,1,"undefined __stdcall FUN_0056408d(void)",false,false,true,"pseudocode/0056408d.c"
"0x005640a0","FUN_005640a0",23,1,"float10 __fastcall FUN_005640a0(undefined4 param_1, undefined4 param_2, undefined2 param_3, undefined4 param_4, undefined4 param_5, undefined4 param_6, undefined4 param_7, undefined4 param_8)",false,false,true,"pseudocode/005640a0.c"
"0x005640b7","__startOneArgErrorHandling",60,1,"float10 __fastcall __startOneArgErrorHandling(undefined4 param_1, int param_2, ushort param_3, undefined4 param_4, undefined4 param_5, undefined4 param_6)",false,false,true,"pseudocode/005640b7.c"
"0x00564100","FUN_00564100",277,1,"undefined __cdecl FUN_00564100(int param_1, int * param_2, ushort * param_3)",false,false,true,"pseudocode/00564100.c"
"0x00564240","FUN_00564240",23,1,"float10 __cdecl FUN_00564240(double param_1)",false,false,true,"pseudocode/00564240.c"
"0x00564257","common_getenv_nolock<wchar_t>",132,1,"wchar_t * __cdecl common_getenv_nolock<wchar_t>(wchar_t * param_1)",false,false,true,"pseudocode/00564257.c"
"0x005642db","common_getenv_s<>",83,1,"undefined4 __cdecl common_getenv_s<>(uint * param_1, short * param_2, uint param_3, wchar_t * param_4)",false,false,true,"pseudocode/005642db.c"
"0x00564331","FUN_00564331",9,1,"undefined __stdcall FUN_00564331(void)",false,false,true,"pseudocode/00564331.c"
"0x0056433a","FUN_0056433a",173,1,"undefined4 __cdecl FUN_0056433a(uint * param_1, short * param_2, uint param_3, wchar_t * param_4)",false,false,true,"pseudocode/0056433a.c"
"0x005643e8","FUN_005643e8",11,1,"undefined __cdecl FUN_005643e8(uint * param_1, short * param_2, uint param_3, wchar_t * param_4)",false,false,true,"pseudocode/005643e8.c"
"0x005643f3","FUN_005643f3",137,1,"undefined4 __cdecl FUN_005643f3(FILE * param_1, int * param_2)",false,false,true,"pseudocode/005643f3.c"
"0x00564482","FUN_00564482",8,1,"undefined __stdcall FUN_00564482(void)",false,false,true,"pseudocode/00564482.c"
"0x0056448a","FUN_0056448a",142,1,"undefined4 __cdecl FUN_0056448a(FILE * param_1, int * param_2)",false,false,true,"pseudocode/0056448a.c"
"0x00564518","FUN_00564518",48,1,"undefined4 __cdecl FUN_00564518(FILE * param_1)",false,false,true,"pseudocode/00564518.c"
"0x00564548","FUN_00564548",147,1,"undefined4 __stdcall FUN_00564548(uint * param_1, undefined4 * param_2)",false,false,true,"pseudocode/00564548.c"
"0x005645de","FUN_005645de",12,1,"undefined __stdcall FUN_005645de(void)",false,false,true,"pseudocode/005645de.c"
"0x005645ea","__commit",125,1,"int __cdecl __commit(int _FileHandle)",false,false,true,"pseudocode/005645ea.c"
"0x00564667","FUN_00564667",966,1,"undefined __cdecl FUN_00564667(DWORD * param_1, uint param_2, uint * param_3, int param_4, int * param_5)",false,false,true,"pseudocode/00564667.c"
"0x00564a32","write_double_translated_unicode_nolock",104,1,"write_result __cdecl write_double_translated_unicode_nolock(char * param_1, uint param_2)",false,false,true,"pseudocode/00564a32.c"
"0x00564a9a","FUN_00564a9a",125,1,"bool __cdecl FUN_00564a9a(uint param_1, int * param_2)",false,false,true,"pseudocode/00564a9a.c"
"0x00564b17","write_text_ansi_nolock",219,1,"write_result __cdecl write_text_ansi_nolock(int param_1, char * param_2, uint param_3)",false,false,true,"pseudocode/00564b17.c"
"0x00564bf2","write_text_utf16le_nolock",233,1,"write_result __cdecl write_text_utf16le_nolock(int param_1, char * param_2, uint param_3)",false,false,true,"pseudocode/00564bf2.c"
"0x00564cdb","write_text_utf8_nolock",306,1,"write_result __cdecl write_text_utf8_nolock(int param_1, char * param_2, uint param_3)",false,false,true,"pseudocode/00564cdb.c"
"0x00564e0d","FUN_00564e0d",259,1,"int __cdecl FUN_00564e0d(char * param_1, uint * param_2, uint param_3, int * param_4)",false,false,true,"pseudocode/00564e0d.c"
"0x00564f16","FUN_00564f16",8,1,"undefined __stdcall FUN_00564f16(void)",false,false,true,"pseudocode/00564f16.c"
"0x00564f1e","FUN_00564f1e",540,1,"int __cdecl FUN_00564f1e(char * param_1, uint * param_2, uint param_3, int * param_4)",false,false,true,"pseudocode/00564f1e.c"
"0x0056513a","FUN_0056513a",131,1,"undefined8 __cdecl FUN_0056513a(uint param_1, undefined4 param_2, undefined4 param_3, PLARGE_INTEGER param_4, int param_5)",false,false,true,"pseudocode/0056513a.c"
"0x005651bd","FUN_005651bd",30,1,"undefined8 __cdecl FUN_005651bd(uint param_1, undefined4 param_2, undefined4 param_3, PLARGE_INTEGER param_4, int param_5)",false,false,true,"pseudocode/005651bd.c"
"0x005651e0","FUN_005651e0",242,1,"int __cdecl FUN_005651e0(char * param_1, int param_2, int param_3, int param_4)",false,false,true,"pseudocode/005651e0.c"
"0x005652d2","FUN_005652d2",263,1,"undefined __cdecl FUN_005652d2(uint * param_1, undefined4 * param_2, uint param_3, int * param_4, int param_5)",false,false,true,"pseudocode/005652d2.c"
"0x005653d9","FUN_005653d9",212,1,"undefined FUN_005653d9()",false,false,true,"pseudocode/005653d9.c"
"0x005654b0","FUN_005654b0",1084,1,"undefined __cdecl FUN_005654b0(undefined1 * param_1, uint param_2, uint param_3, undefined * param_4)",false,false,true,"pseudocode/005654b0.c"
"0x005658f0","_strpbrk",64,1,"char * __cdecl _strpbrk(char * _Str, char * _Control)",false,false,true,"pseudocode/005658f0.c"
"0x00565930","__mbsdec",23,1,"uchar * __cdecl __mbsdec(uchar * _Start, uchar * _Pos)",false,false,true,"pseudocode/00565930.c"
"0x00565947","__mbsdec_l",141,1,"uchar * __cdecl __mbsdec_l(uchar * _Start, uchar * _Pos, _locale_t _Locale)",false,false,true,"pseudocode/00565947.c"
"0x005659e0","FUN_005659e0",397,1,"int __cdecl FUN_005659e0(PCNZWCH param_1, PCNZWCH param_2, uint param_3)",false,false,true,"pseudocode/005659e0.c"
"0x00565b6d","FUN_00565b6d",178,1,"undefined4 __cdecl FUN_00565b6d(uint param_1, short * param_2, uint param_3, uint param_4, char param_5)",false,false,true,"pseudocode/00565b6d.c"
"0x00565c1f","common_xtox_s<unsigned_long,wchar_t>",114,1,"int __cdecl common_xtox_s<unsigned_long,wchar_t>(ulong param_1, wchar_t * param_2, uint param_3, uint param_4, bool param_5)",false,false,true,"pseudocode/00565c1f.c"
"0x00565c91","FID_conflict:__itow_s",51,1,"errno_t __cdecl FID_conflict:__itow_s(long _Val, wchar_t * _DstBuf, size_t _SizeInWords, int _Radix)",false,false,true,"pseudocode/00565c91.c"
"0x00565cd0","FUN_00565cd0",103,1,"int __cdecl FUN_00565cd0(ushort * param_1, ushort * param_2, int param_3)",false,false,true,"pseudocode/00565cd0.c"
"0x00565d40","FUN_00565d40",73,1,"undefined __cdecl FUN_00565d40(ushort * param_1, ushort * param_2, int param_3)",false,false,true,"pseudocode/00565d40.c"
"0x00565d90","FUN_00565d90",437,1,"int __cdecl FUN_00565d90(ushort * param_1, ushort * param_2, int param_3, undefined4 * param_4)",false,false,true,"pseudocode/00565d90.c"
"0x00565f50","FUN_00565f50",29,1,"undefined4 __cdecl FUN_00565f50(uint * param_1)",false,false,true,"pseudocode/00565f50.c"
"0x00565f70","FUN_00565f70",84,1,"bool __cdecl FUN_00565f70(uint * param_1)",false,false,true,"pseudocode/00565f70.c"
"0x00565fd0","FUN_00565fd0",94,1,"undefined4 __cdecl FUN_00565fd0(uint * param_1)",false,false,true,"pseudocode/00565fd0.c"
"0x00566030","FUN_00566030",675,1,"undefined __fastcall FUN_00566030(void * param_1)",false,false,true,"pseudocode/00566030.c"
"0x00566320","FUN_00566320",339,2,"float10 __cdecl FUN_00566320(double param_1)",false,false,true,"pseudocode/00566320.c"
"0x00566340","FUN_00566340",221,1,"float10 __cdecl FUN_00566340(double param_1)",false,false,true,"pseudocode/00566340.c"
"0x0056641d","FUN_0056641d",130,1,"undefined4 __stdcall FUN_0056641d(uint * param_1, undefined4 * param_2)",false,false,true,"pseudocode/0056641d.c"
"0x005664a2","FUN_005664a2",12,1,"undefined __stdcall FUN_005664a2(void)",false,false,true,"pseudocode/005664a2.c"
"0x005664ae","FUN_005664ae",163,1,"undefined4 __cdecl FUN_005664ae(uint param_1, int * param_2)",false,false,true,"pseudocode/005664ae.c"
"0x00566551","FUN_00566551",160,1,"undefined4 __cdecl FUN_00566551(uint param_1, int param_2)",false,false,true,"pseudocode/00566551.c"
"0x005665f1","__acrt_stdio_free_stream",59,1,"void __cdecl __acrt_stdio_free_stream(__crt_stdio_stream param_1)",false,false,true,"pseudocode/005665f1.c"
"0x0056662c","__putwch_nolock",50,1,"wint_t __cdecl __putwch_nolock(wchar_t _WCh)",false,false,true,"pseudocode/0056662c.c"
"0x0056665e","___acrt_LCMapStringW",62,1,"undefined __thiscall ___acrt_LCMapStringW(ushort * param_1, DWORD param_2, LPCWSTR param_3, void * param_4, LPWSTR param_5, int param_6)",false,false,true,"pseudocode/0056665e.c"
"0x0056669c","FUN_0056669c",102,1,"int __cdecl FUN_0056669c(ushort * param_1, DWORD param_2, PCNZWCH param_3, uint param_4, PCNZWCH param_5, uint param_6)",false,false,true,"pseudocode/0056669c.c"
"0x0056675f","FUN_0056675f",193,1,"uint __thiscall FUN_0056675f(int param_1, uint param_2)",false,false,true,"pseudocode/0056675f.c"
"0x00566913","__dcrt_lowio_initialize_console_output",31,1,"void __cdecl __dcrt_lowio_initialize_console_output(void)",false,false,true,"pseudocode/00566913.c"
"0x00566932","___dcrt_lowio_ensure_console_output_initialized",31,1,"bool __stdcall ___dcrt_lowio_ensure_console_output_initialized(void)",false,false,true,"pseudocode/00566932.c"
"0x00566951","FID_conflict:___dcrt_terminate_console_output",23,1,"undefined __stdcall FID_conflict:___dcrt_terminate_console_output(void)",false,false,true,"pseudocode/00566951.c"
"0x00566968","___dcrt_write_console",85,1,"BOOL __cdecl ___dcrt_write_console(void * param_1, DWORD param_2, LPDWORD param_3)",false,false,true,"pseudocode/00566968.c"
"0x005669c0","___ascii_strnicmp",97,1,"int __cdecl ___ascii_strnicmp(char * _Str1, char * _Str2, size_t _MaxCount)",false,false,true,"pseudocode/005669c0.c"
"0x00566a30","FUN_00566a30",24,1,"undefined __stdcall FUN_00566a30(void)",false,false,true,"pseudocode/00566a30.c"
"0x00566a4e","FUN_00566a4e",614,1,"float10 __cdecl FUN_00566a4e(double param_1)",false,false,true,"pseudocode/00566a4e.c"
"0x00566ed0","FUN_00566ed0",499,1,"undefined4 __cdecl FUN_00566ed0(int param_1, int param_2, int param_3, uint param_4, undefined8 * param_5)",false,false,true,"pseudocode/00566ed0.c"
"0x005670d0","FUN_005670d0",193,1,"undefined4 __cdecl FUN_005670d0(int param_1, uint param_2)",false,false,true,"pseudocode/005670d0.c"
"0x005671a0","__FindPESection",67,1,"PIMAGE_SECTION_HEADER __cdecl __FindPESection(PBYTE pImageBase, DWORD_PTR rva)",false,false,true,"pseudocode/005671a0.c"
"0x005671f0","__IsNonwritableInCurrentImage",164,2,"BOOL __cdecl __IsNonwritableInCurrentImage(PBYTE pTarget)",false,false,true,"pseudocode/005671f0.c"
"0x005672b0","FUN_005672b0",49,1,"bool __cdecl FUN_005672b0(short * param_1)",false,false,true,"pseudocode/005672b0.c"
"0x005672f0","__aulldvrm",149,1,"undefined8 __stdcall __aulldvrm(uint param_1, uint param_2, uint param_3, uint param_4)",false,false,true,"pseudocode/005672f0.c"
"0x00567390","__alldvrm",223,1,"undefined8 __stdcall __alldvrm(uint param_1, uint param_2, uint param_3, uint param_4)",false,false,true,"pseudocode/00567390.c"
"0x0056746f","FUN_0056746f",119,1,"int __cdecl FUN_0056746f(int param_1)",false,false,true,"pseudocode/0056746f.c"
"0x0056b360","FUN_0056b360",16,1,"undefined __stdcall FUN_0056b360(void)",false,false,true,"pseudocode/0056b360.c"
"0x0056b370","`dynamic_atexit_destructor_for_'private:_static_class_std::shared_ptr<class___ExceptionPtr>___ExceptionPtr::m_badAllocExceptionPtr''",16,1,"void __cdecl `dynamic_atexit_destructor_for_'private:_static_class_std::shared_ptr<class___ExceptionPtr>___ExceptionPtr::m_badAllocExceptionPtr''(void)",false,false,true,"pseudocode/0056b370.c"
"0x0056b380","FUN_0056b380",16,1,"undefined __stdcall FUN_0056b380(void)",false,false,true,"pseudocode/0056b380.c"
"0x0056b390","FUN_0056b390",16,1,"undefined __stdcall FUN_0056b390(void)",false,false,true,"pseudocode/0056b390.c"
"0x0056b3a0","FUN_0056b3a0",16,1,"undefined __stdcall FUN_0056b3a0(void)",false,false,true,"pseudocode/0056b3a0.c"
"0x0056b3b0","FUN_0056b3b0",16,1,"undefined __stdcall FUN_0056b3b0(void)",false,false,true,"pseudocode/0056b3b0.c"
"0x0056b3c0","FUN_0056b3c0",16,1,"undefined __stdcall FUN_0056b3c0(void)",false,false,true,"pseudocode/0056b3c0.c"
"0x0056b3d0","FUN_0056b3d0",16,1,"undefined __stdcall FUN_0056b3d0(void)",false,false,true,"pseudocode/0056b3d0.c"
"0x0056b3e0","FUN_0056b3e0",16,1,"undefined __stdcall FUN_0056b3e0(void)",false,false,true,"pseudocode/0056b3e0.c"
"0x0056b3f0","FUN_0056b3f0",16,1,"undefined __stdcall FUN_0056b3f0(void)",false,false,true,"pseudocode/0056b3f0.c"
"0x0056b400","FUN_0056b400",35,1,"undefined __stdcall FUN_0056b400(void)",false,false,true,"pseudocode/0056b400.c"
"0x0056b430","FUN_0056b430",25,1,"undefined __stdcall FUN_0056b430(void)",false,false,true,"pseudocode/0056b430.c"
